0.38059200625	0.035309
0.38068965625	0.035309
0.38078730625	0.035309
0.38088495625	0.035309
0.38098260625	0.0345066
0.38108025625	0.035309
0.38117790625	0.035309
0.38127555625	0.0361115
0.38137320625	0.0345066
0.38147085625	0.0345066
0.38156850625	0.035309
0.38166615625	0.0345066
0.38176380625	0.035309
0.38186145625	0.0345066
0.38195910625	0.035309
0.38205675625	0.035309
0.38215440625	0.035309
0.38225205625	0.035309
0.38234970625	0.0345066
0.38244735625	0.035309
0.38254500625	0.035309
0.38264265625	0.0345066
0.38274030625	0.035309
0.38283795625	0.035309
0.38293560625	0.0345066
0.38303325625	0.0361115
0.38313090625	0.035309
0.38322855625	0.0345066
0.38332620625	0.0345066
0.38342385625	0.035309
0.38352150625	0.035309
0.38361915625	0.0345066
0.38371680625	0.0345066
0.38381445625	0.0345066
0.38391210625	0.035309
0.38400975625	0.0345066
0.38410740625	0.035309
0.38420505625	0.035309
0.38430270625	0.0345066
0.38440035625	0.0345066
0.38449800625	0.0345066
0.38459565625	0.035309
0.38469330625	0.0345066
0.38479095625	0.0361115
0.38488860625	0.035309
0.38498625625	0.035309
0.38508390625	0.0345066
0.38518155625	0.035309
0.38527920625	0.0345066
0.38537685625	0.035309
0.38547450625	0.0345066
0.38557215625	0.0345066
0.38566980625	0.0361115
0.38576745625	0.035309
0.38586510625	0.035309
0.38596275625	0.0345066
0.38606040625	0.0361115
0.38615805625	0.035309
0.38625570625	0.0361115
0.38635335625	0.035309
0.38645100625	0.0345066
0.38654865625	0.0361115
0.38664630625	0.035309
0.38674395625	0.035309
0.38684160625	0.035309
0.38693925625	0.035309
0.38703690625	0.0345066
0.38713455625	0.035309
0.38723220625	0.0345066
0.38732985625	0.035309
0.38742750625	0.0361115
0.38752515625	0.0345066
0.38762280625	0.0345066
0.38772045625	0.0345066
0.38781810625	0.035309
0.38791575625	0.0345066
0.38801340625	0.035309
0.38811105625	0.0345066
0.38820870625	0.035309
0.38830635625	0.0361115
0.38840400625	0.0345066
0.38850165625	0.0345066
0.38859930625	0.0345066
0.38869695625	0.035309
0.38879460625	0.035309
0.38889225625	0.035309
0.38898990625	0.0345066
0.38908755625	0.035309
0.38918520625	0.0361115
0.38928285625	0.0345066
0.38938050625	0.035309
0.38947815625	0.035309
0.38957580625	0.0345066
0.38967345625	0.0361115
0.38977110625	0.0345066
0.38986875625	0.035309
0.38996640625	0.035309
0.39006405625	0.0361115
0.39016170625	0.0345066
0.39025935625	0.035309
0.39035700625	0.035309
0.39045465625	0.0345066
0.39055230625	0.035309
0.39064995625	0.035309
0.39074760625	0.035309
0.39084525625	0.0345066
0.39094290625	0.036914
0.39104055625	0.035309
0.39113820625	0.035309
0.39123585625	0.035309
0.39133350625	0.035309
0.39143115625	0.035309
0.39152880625	0.0345066
0.39162645625	0.035309
0.39172410625	0.035309
0.39182175625	0.035309
0.39191940625	0.035309
0.39201705625	0.0345066
0.39211470625	0.0345066
0.39221235625	0.0345066
0.39231000625	0.035309
0.39240765625	0.035309
0.39250530625	0.035309
0.39260295625	0.035309
0.39270060625	0.0345066
0.39279825625	0.035309
0.39289590625	0.035309
0.39299355625	0.035309
0.39309120625	0.035309
0.39318885625	0.035309
0.39328650625	0.0345066
0.39338415625	0.035309
0.39348180625	0.0345066
0.39357945625	0.0361115
0.39367710625	0.035309
0.39377475625	0.035309
0.39387240625	0.0345066
0.39397005625	0.0345066
0.39406770625	0.0345066
0.39416535625	0.035309
0.39426300625	0.035309
0.39436065625	0.035309
0.39445830625	0.0361115
0.39455595625	0.0345066
0.39465360625	0.0345066
0.39475125625	0.035309
0.39484890625	0.035309
0.39494655625	0.0345066
0.39504420625	0.035309
0.39514185625	0.0345066
0.39523950625	0.035309
0.39533715625	0.035309
0.39543480625	0.0361115
0.39553245625	0.0345066
0.39563010625	0.035309
0.39572775625	0.0345066
0.39582540625	0.0345066
0.39592305625	0.035309
0.39602070625	0.0345066
0.39611835625	0.0345066
0.39621600625	0.0361115
0.39631365625	0.0345066
0.39641130625	0.0345066
0.39650895625	0.0345066
0.39660660625	0.0345066
0.39670425625	0.035309
0.39680190625	0.035309
0.39689955625	0.035309
0.39699720625	0.035309
0.39709485625	0.0361115
0.39719250625	0.035309
0.39729015625	0.0345066
0.39738780625	0.0361115
0.39748545625	0.035309
0.39758310625	0.0345066
0.39768075625	0.035309
0.39777840625	0.0361115
0.39787605625	0.035309
0.39797370625	0.0361115
0.39807135625	0.035309
0.39816900625	0.035309
0.39826665625	0.0361115
0.39836430625	0.0345066
0.39846195625	0.0361115
0.39855960625	0.0345066
0.39865725625	0.0345066
0.39875490625	0.035309
0.39885255625	0.0361115
0.39895020625	0.0345066
0.39904785625	0.035309
0.39914550625	0.035309
0.39924315625	0.035309
0.39934080625	0.035309
0.39943845625	0.0361115
0.39953610625	0.035309
0.39963375625	0.035309
0.39973140625	0.035309
0.39982905625	0.0361115
0.39992670625	0.035309
0.40002435625	0.0345066
0.40012200625	0.0345066
0.40021965625	0.0345066
0.40031730625	0.0345066
0.40041495625	0.0345066
0.40051260625	0.0345066
0.40061025625	0.0345066
0.40070790625	0.0361115
0.40080555625	0.035309
0.40090320625	0.035309
0.40100085625	0.0345066
0.40109850625	0.0345066
0.40119615625	0.035309
0.40129380625	0.035309
0.40139145625	0.035309
0.40148910625	0.0345066
0.40158675625	0.0361115
0.40168440625	0.0345066
0.40178205625	0.035309
0.40187970625	0.0345066
0.40197735625	0.035309
0.40207500625	0.0345066
0.40217265625	0.0345066
0.40227030625	0.035309
0.40236795625	0.035309
0.40246560625	0.0361115
0.40256325625	0.035309
0.40266090625	0.035309
0.40275855625	0.035309
0.40285620625	0.035309
0.40295385625	0.035309
0.40305150625	0.035309
0.40314915625	0.035309
0.40324680625	0.035309
0.40334445625	0.0361115
0.40344210625	0.0337041
0.40353975625	0.035309
0.40363740625	0.035309
0.40373505625	0.035309
0.40383270625	0.0345066
0.40393035625	0.035309
0.40402800625	0.0345066
0.40412565625	0.0345066
0.40422330625	0.035309
0.40432095625	0.0345066
0.40441860625	0.0361115
0.40451625625	0.0345066
0.40461390625	0.035309
0.40471155625	0.035309
0.40480920625	0.035309
0.40490685625	0.035309
0.40500450625	0.035309
0.40510215625	0.0345066
0.40519980625	0.0345066
0.40529745625	0.0345066
0.40539510625	0.035309
0.40549275625	0.0345066
0.40559040625	0.035309
0.40568805625	0.035309
0.40578570625	0.0345066
0.40588335625	0.035309
0.40598100625	0.035309
0.40607865625	0.0345066
0.40617630625	0.0345066
0.40627395625	0.035309
0.40637160625	0.0345066
0.40646925625	0.0345066
0.40656690625	0.0345066
0.40666455625	0.035309
0.40676220625	0.0345066
0.40685985625	0.035309
0.40695750625	0.0345066
0.40705515625	0.0345066
0.40715280625	0.0345066
0.40725045625	0.0345066
0.40734810625	0.0345066
0.40744575625	0.0345066
0.40754340625	0.0361115
0.40764105625	0.0345066
0.40773870625	0.0361115
0.40783635625	0.035309
0.40793400625	0.0345066
0.40803165625	0.0337041
0.40812930625	0.035309
0.40822695625	0.035309
0.40832460625	0.035309
0.40842225625	0.035309
0.40851990625	0.035309
0.40861755625	0.0361115
0.40871520625	0.035309
0.40881285625	0.0361115
0.40891050625	0.0345066
0.40900815625	0.035309
0.40910580625	0.035309
0.40920345625	0.0337041
0.40930110625	0.035309
0.40939875625	0.035309
0.40949640625	0.035309
0.40959405625	0.035309
0.40969170625	0.0345066
0.40978935625	0.035309
0.40988700625	0.035309
0.40998465625	0.0345066
0.41008230625	0.035309
0.41017995625	0.035309
0.41027760625	0.035309
0.41037525625	0.0361115
0.41047290625	0.035309
0.41057055625	0.035309
0.41066820625	0.035309
0.41076585625	0.0345066
0.41086350625	0.0345066
0.41096115625	0.0345066
0.41105880625	0.0345066
0.41115645625	0.0345066
0.41125410625	0.035309
0.41135175625	0.0345066
0.41144940625	0.0345066
0.41154705625	0.035309
0.41164470625	0.0345066
0.41174235625	0.0345066
0.41184000625	0.0337041
0.41193765625	0.035309
0.41203530625	0.0345066
0.41213295625	0.0345066
0.41223060625	0.035309
0.41232825625	0.035309
0.41242590625	0.0345066
0.41252355625	0.0345066
0.41262120625	0.0345066
0.41271885625	0.0345066
0.41281650625	0.035309
0.41291415625	0.0345066
0.41301180625	0.0361115
0.41310945625	0.035309
0.41320710625	0.0345066
0.41330475625	0.035309
0.41340240625	0.035309
0.41350005625	0.035309
0.41359770625	0.0345066
0.41369535625	0.035309
0.41379300625	0.035309
0.41389065625	0.0361115
0.41398830625	0.0337041
0.41408595625	0.035309
0.41418360625	0.0345066
0.41428125625	0.035309
0.41437890625	0.0345066
0.41447655625	0.035309
0.41457420625	0.035309
0.41467185625	0.0345066
0.41476950625	0.035309
0.41486715625	0.0345066
0.41496480625	0.0345066
0.41506245625	0.0345066
0.41516010625	0.035309
0.41525775625	0.035309
0.41535540625	0.035309
0.41545305625	0.0345066
0.41555070625	0.0337041
0.41564835625	0.0345066
0.41574600625	0.0361115
0.41584365625	0.0345066
0.41594130625	0.0345066
0.41603895625	0.035309
0.41613660625	0.0337041
0.41623425625	0.0345066
0.41633190625	0.0345066
0.41642955625	0.0345066
0.41652720625	0.035309
0.41662485625	0.035309
0.41672250625	0.0345066
0.41682015625	0.035309
0.41691780625	0.0345066
0.41701545625	0.0361115
0.41711310625	0.0345066
0.41721075625	0.0345066
0.41730840625	0.035309
0.41740605625	0.035309
0.41750370625	0.035309
0.41760135625	0.035309
0.41769900625	0.0345066
0.41779665625	0.035309
0.41789430625	0.035309
0.41799195625	0.0345066
0.41808960625	0.0345066
0.41818725625	0.0345066
0.41828490625	0.0345066
0.41838255625	0.0361115
0.41848020625	0.035309
0.41857785625	0.035309
0.41867550625	0.035309
0.41877315625	0.0345066
0.41887080625	0.0345066
0.41896845625	0.0345066
0.41906610625	0.035309
0.41916375625	0.035309
0.41926140625	0.0361115
0.41935905625	0.035309
0.41945670625	0.035309
0.41955435625	0.035309
0.41965200625	0.035309
0.41974965625	0.0345066
0.41984730625	0.035309
0.41994495625	0.035309
0.42004260625	0.0345066
0.42014025625	0.0361115
0.42023790625	0.0345066
0.42033555625	0.035309
0.42043320625	0.035309
0.42053085625	0.035309
0.42062850625	0.035309
0.42072615625	0.035309
0.42082380625	0.035309
0.42092145625	0.0345066
0.42101910625	0.0361115
0.42111675625	0.035309
0.42121440625	0.0361115
0.42131205625	0.0361115
0.42140970625	0.035309
0.42150735625	0.035309
0.42160500625	0.0345066
0.42170265625	0.035309
0.42180030625	0.035309
0.42189795625	0.035309
0.42199560625	0.0345066
0.42209325625	0.0345066
0.42219090625	0.035309
0.42228855625	0.0345066
0.42238620625	0.035309
0.42248385625	0.035309
0.42258150625	0.035309
0.42267915625	0.035309
0.42277680625	0.0345066
0.42287445625	0.035309
0.42297210625	0.035309
0.42306975625	0.035309
0.42316740625	0.0345066
0.42326505625	0.035309
0.42336270625	0.035309
0.42346035625	0.035309
0.42355800625	0.035309
0.42365565625	0.035309
0.42375330625	0.035309
0.42385095625	0.0337041
0.42394860625	0.035309
0.42404625625	0.0345066
0.42414390625	0.035309
0.42424155625	0.035309
0.42433920625	0.035309
0.42443685625	0.0345066
0.42453450625	0.0345066
0.42463215625	0.035309
0.42472980625	0.035309
0.42482745625	0.035309
0.42492510625	0.0345066
0.42502275625	0.035309
0.42512040625	0.0345066
0.42521805625	0.035309
0.42531570625	0.0345066
0.42541335625	0.0345066
0.42551100625	0.035309
0.42560865625	0.035309
0.42570630625	0.035309
0.42580395625	0.0345066
0.42590160625	0.0345066
0.42599925625	0.0345066
0.42609690625	0.035309
0.42619455625	0.035309
0.42629220625	0.035309
0.42638985625	0.035309
0.42648750625	0.0345066
0.42658515625	0.035309
0.42668280625	0.035309
0.42678045625	0.035309
0.42687810625	0.035309
0.42697575625	0.0345066
0.42707340625	0.035309
0.42717105625	0.0345066
0.42726870625	0.0361115
0.42736635625	0.035309
0.42746400625	0.0345066
0.42756165625	0.035309
0.42765930625	0.035309
0.42775695625	0.0361115
0.42785460625	0.035309
0.42795225625	0.035309
0.42804990625	0.035309
0.42814755625	0.0361115
0.42824520625	0.035309
0.42834285625	0.035309
0.42844050625	0.035309
0.42853815625	0.035309
0.42863580625	0.035309
0.42873345625	0.035309
0.42883110625	0.0345066
0.42892875625	0.035309
0.42902640625	0.0361115
0.42912405625	0.035309
0.42922170625	0.035309
0.42931935625	0.0361115
0.42941700625	0.035309
0.42951465625	0.035309
0.42961230625	0.035309
0.42970995625	0.0345066
0.42980760625	0.035309
0.42990525625	0.035309
0.43000290625	0.0361115
0.43010055625	0.035309
0.43019820625	0.035309
0.43029585625	0.0345066
0.43039350625	0.035309
0.43049115625	0.035309
0.43058880625	0.035309
0.43068645625	0.035309
0.43078410625	0.0361115
0.43088175625	0.035309
0.43097940625	0.0361115
0.43107705625	0.035309
0.43117470625	0.035309
0.43127235625	0.0361115
0.43137000625	0.035309
0.43146765625	0.0345066
0.43156530625	0.035309
0.43166295625	0.0361115
0.43176060625	0.0361115
0.43185825625	0.035309
0.43195590625	0.0361115
0.43205355625	0.0345066
0.43215120625	0.035309
0.43224885625	0.035309
0.43234650625	0.035309
0.43244415625	0.0361115
0.43254180625	0.0361115
0.43263945625	0.035309
0.43273710625	0.035309
0.43283475625	0.035309
0.43293240625	0.035309
0.43303005625	0.0361115
0.43312770625	0.035309
0.43322535625	0.0361115
0.43332300625	0.035309
0.43342065625	0.0361115
0.43351830625	0.0345066
0.43361595625	0.035309
0.43371360625	0.0361115
0.43381125625	0.035309
0.43390890625	0.035309
0.43400655625	0.035309
0.43410420625	0.0361115
0.43420185625	0.035309
0.43429950625	0.035309
0.43439715625	0.0361115
0.43449480625	0.035309
0.43459245625	0.0361115
0.43469010625	0.0361115
0.43478775625	0.035309
0.43488540625	0.0345066
0.43498305625	0.035309
0.43508070625	0.035309
0.43517835625	0.0361115
0.43527600625	0.0361115
0.43537365625	0.035309
0.43547130625	0.035309
0.43556895625	0.0361115
0.43566660625	0.0345066
0.43576425625	0.035309
0.43586190625	0.035309
0.43595955625	0.035309
0.43605720625	0.0361115
0.43615485625	0.035309
0.43625250625	0.035309
0.43635015625	0.0345066
0.43644780625	0.035309
0.43654545625	0.0361115
0.43664310625	0.035309
0.43674075625	0.035309
0.43683840625	0.035309
0.43693605625	0.035309
0.43703370625	0.035309
0.43713135625	0.0345066
0.43722900625	0.035309
0.43732665625	0.035309
0.43742430625	0.035309
0.43752195625	0.035309
0.43761960625	0.0345066
0.43771725625	0.0345066
0.43781490625	0.035309
0.43791255625	0.035309
0.43801020625	0.035309
0.43810785625	0.035309
0.43820550625	0.035309
0.43830315625	0.035309
0.43840080625	0.035309
0.43849845625	0.0345066
0.43859610625	0.0361115
0.43869375625	0.035309
0.43879140625	0.0361115
0.43888905625	0.035309
0.43898670625	0.0345066
0.43908435625	0.0345066
0.43918200625	0.035309
0.43927965625	0.0345066
0.43937730625	0.035309
0.43947495625	0.035309
0.43957260625	0.035309
0.43967025625	0.0361115
0.43976790625	0.035309
0.43986555625	0.0345066
0.43996320625	0.035309
0.44006085625	0.0345066
0.44015850625	0.0345066
0.44025615625	0.035309
0.44035380625	0.0345066
0.44045145625	0.035309
0.44054910625	0.035309
0.44064675625	0.0345066
0.44074440625	0.0345066
0.44084205625	0.035309
0.44093970625	0.035309
0.44103735625	0.035309
0.44113500625	0.035309
0.44123265625	0.0345066
0.44133030625	0.0345066
0.44142795625	0.0361115
0.44152560625	0.035309
0.44162325625	0.035309
0.44172090625	0.035309
0.44181855625	0.0345066
0.44191620625	0.0345066
0.44201385625	0.0345066
0.44211150625	0.0361115
0.44220915625	0.0345066
0.44230680625	0.035309
0.44240445625	0.035309
0.44250210625	0.035309
0.44259975625	0.035309
0.44269740625	0.0345066
0.44279505625	0.0345066
0.44289270625	0.035309
0.44299035625	0.035309
0.44308800625	0.035309
0.44318565625	0.0361115
0.44328330625	0.0345066
0.44338095625	0.0345066
0.44347860625	0.035309
0.44357625625	0.035309
0.44367390625	0.035309
0.44377155625	0.035309
0.44386920625	0.0345066
0.44396685625	0.035309
0.44406450625	0.0345066
0.44416215625	0.0345066
0.44425980625	0.035309
0.44435745625	0.035309
0.44445510625	0.035309
0.44455275625	0.0345066
0.44465040625	0.0345066
0.44474805625	0.0345066
0.44484570625	0.035309
0.44494335625	0.0361115
0.44504100625	0.0345066
0.44513865625	0.035309
0.44523630625	0.035309
0.44533395625	0.035309
0.44543160625	0.035309
0.44552925625	0.035309
0.44562690625	0.035309
0.44572455625	0.0345066
0.44582220625	0.0361115
0.44591985625	0.0345066
0.44601750625	0.035309
0.44611515625	0.035309
0.44621280625	0.035309
0.44631045625	0.035309
0.44640810625	0.035309
0.44650575625	0.035309
0.44660340625	0.0345066
0.44670105625	0.0361115
0.44679870625	0.035309
0.44689635625	0.035309
0.44699400625	0.0345066
0.44709165625	0.035309
0.44718930625	0.0345066
0.44728695625	0.035309
0.44738460625	0.035309
0.44748225625	0.0345066
0.44757990625	0.0345066
0.44767755625	0.035309
0.44777520625	0.0361115
0.44787285625	0.035309
0.44797050625	0.0345066
0.44806815625	0.035309
0.44816580625	0.035309
0.44826345625	0.0345066
0.44836110625	0.0345066
0.44845875625	0.035309
0.44855640625	0.035309
0.44865405625	0.0345066
0.44875170625	0.035309
0.44884935625	0.035309
0.44894700625	0.035309
0.44904465625	0.0345066
0.44914230625	0.0345066
0.44923995625	0.035309
0.44933760625	0.0345066
0.44943525625	0.035309
0.44953290625	0.035309
0.44963055625	0.0345066
0.44972820625	0.0345066
0.44982585625	0.0345066
0.44992350625	0.035309
0.45002115625	0.035309
0.45011880625	0.035309
0.45021645625	0.035309
0.45031410625	0.035309
0.45041175625	0.035309
0.45050940625	0.035309
0.45060705625	0.0345066
0.45070470625	0.035309
0.45080235625	0.035309
0.45090000625	0.035309
0.45099765625	0.035309
0.45109530625	0.035309
0.45119295625	0.035309
0.45129060625	0.035309
0.45138825625	0.035309
0.45148590625	0.035309
0.45158355625	0.0345066
0.45168120625	0.035309
0.45177885625	0.0345066
0.45187650625	0.035309
0.45197415625	0.035309
0.45207180625	0.035309
0.45216945625	0.0345066
0.45226710625	0.035309
0.45236475625	0.0361115
0.45246240625	0.035309
0.45256005625	0.035309
0.45265770625	0.035309
0.45275535625	0.0361115
0.45285300625	0.0361115
0.45295065625	0.035309
0.45304830625	0.035309
0.45314595625	0.0345066
0.45324360625	0.035309
0.45334125625	0.035309
0.45343890625	0.035309
0.45353655625	0.035309
0.45363420625	0.035309
0.45373185625	0.0361115
0.45382950625	0.035309
0.45392715625	0.035309
0.45402480625	0.035309
0.45412245625	0.035309
0.45422010625	0.0345066
0.45431775625	0.035309
0.45441540625	0.0345066
0.45451305625	0.035309
0.45461070625	0.035309
0.45470835625	0.035309
0.45480600625	0.0345066
0.45490365625	0.035309
0.45500130625	0.035309
0.45509895625	0.035309
0.45519660625	0.035309
0.45529425625	0.035309
0.45539190625	0.035309
0.45548955625	0.035309
0.45558720625	0.0361115
0.45568485625	0.0345066
0.45578250625	0.035309
0.45588015625	0.0345066
0.45597780625	0.0345066
0.45607545625	0.0345066
0.45617310625	0.0345066
0.45627075625	0.0345066
0.45636840625	0.035309
0.45646605625	0.0345066
0.45656370625	0.035309
0.45666135625	0.0345066
0.45675900625	0.035309
0.45685665625	0.0345066
0.45695430625	0.035309
0.45705195625	0.035309
0.45714960625	0.0345066
0.45724725625	0.0345066
0.45734490625	0.035309
0.45744255625	0.035309
0.45754020625	0.0361115
0.45763785625	0.035309
0.45773550625	0.0345066
0.45783315625	0.0345066
0.45793080625	0.035309
0.45802845625	0.035309
0.45812610625	0.0345066
0.45822375625	0.0361115
0.45832140625	0.0345066
0.45841905625	0.035309
0.45851670625	0.0345066
0.45861435625	0.0345066
0.45871200625	0.035309
0.45880965625	0.0345066
0.45890730625	0.0345066
0.45900495625	0.035309
0.45910260625	0.035309
0.45920025625	0.035309
0.45929790625	0.035309
0.45939555625	0.0345066
0.45949320625	0.0345066
0.45959085625	0.0345066
0.45968850625	0.035309
0.45978615625	0.035309
0.45988380625	0.0337041
0.45998145625	0.035309
0.46007910625	0.0345066
0.46017675625	0.035309
0.46027440625	0.0345066
0.46037205625	0.035309
0.46046970625	0.0345066
0.46056735625	0.0361115
0.46066500625	0.0345066
0.46076265625	0.035309
0.46086030625	0.035309
0.46095795625	0.0345066
0.46105560625	0.035309
0.46115325625	0.0345066
0.46125090625	0.035309
0.46134855625	0.0345066
0.46144620625	0.0345066
0.46154385625	0.0345066
0.46164150625	0.0345066
0.46173915625	0.0361115
0.46183680625	0.0345066
0.46193445625	0.0345066
0.46203210625	0.035309
0.46212975625	0.0345066
0.46222740625	0.0345066
0.46232505625	0.035309
0.46242270625	0.0345066
0.46252035625	0.0345066
0.46261800625	0.035309
0.46271565625	0.035309
0.46281330625	0.0345066
0.46291095625	0.0361115
0.46300860625	0.0345066
0.46310625625	0.0345066
0.46320390625	0.0345066
0.46330155625	0.0345066
0.46339920625	0.035309
0.46349685625	0.0345066
0.46359450625	0.035309
0.46369215625	0.0345066
0.46378980625	0.035309
0.46388745625	0.0345066
0.46398510625	0.035309
0.46408275625	0.035309
0.46418040625	0.035309
0.46427805625	0.035309
0.46437570625	0.0345066
0.46447335625	0.035309
0.46457100625	0.0345066
0.46466865625	0.0345066
0.46476630625	0.035309
0.46486395625	0.0345066
0.46496160625	0.0345066
0.46505925625	0.035309
0.46515690625	0.0345066
0.46525455625	0.035309
0.46535220625	0.0361115
0.46544985625	0.035309
0.46554750625	0.0345066
0.46564515625	0.0345066
0.46574280625	0.0345066
0.46584045625	0.035309
0.46593810625	0.035309
0.46603575625	0.035309
0.46613340625	0.035309
0.46623105625	0.035309
0.46632870625	0.035309
0.46642635625	0.0345066
0.46652400625	0.035309
0.46662165625	0.0345066
0.46671930625	0.035309
0.46681695625	0.035309
0.46691460625	0.035309
0.46701225625	0.0345066
0.46710990625	0.035309
0.46720755625	0.035309
0.46730520625	0.0345066
0.46740285625	0.035309
0.46750050625	0.0345066
0.46759815625	0.035309
0.46769580625	0.0345066
0.46779345625	0.0345066
0.46789110625	0.0345066
0.46798875625	0.035309
0.46808640625	0.0345066
0.46818405625	0.0345066
0.46828170625	0.0345066
0.46837935625	0.035309
0.46847700625	0.0345066
0.46857465625	0.0345066
0.46867230625	0.035309
0.46876995625	0.0345066
0.46886760625	0.035309
0.46896525625	0.035309
0.46906290625	0.0345066
0.46916055625	0.035309
0.46925820625	0.0345066
0.46935585625	0.035309
0.46945350625	0.035309
0.46955115625	0.0345066
0.46964880625	0.035309
0.46974645625	0.035309
0.46984410625	0.0345066
0.46994175625	0.035309
0.47003940625	0.035309
0.47013705625	0.0361115
0.47023470625	0.035309
0.47033235625	0.035309
0.47043000625	0.0345066
0.47052765625	0.035309
0.47062530625	0.035309
0.47072295625	0.035309
0.47082060625	0.0361115
0.47091825625	0.035309
0.47101590625	0.0345066
0.47111355625	0.035309
0.47121120625	0.035309
0.47130885625	0.035309
0.47140650625	0.0345066
0.47150415625	0.035309
0.47160180625	0.035309
0.47169945625	0.035309
0.47179710625	0.035309
0.47189475625	0.0361115
0.47199240625	0.035309
0.47209005625	0.035309
0.47218770625	0.0345066
0.47228535625	0.035309
0.47238300625	0.035309
0.47248065625	0.035309
0.47257830625	0.035309
0.47267595625	0.0361115
0.47277360625	0.0345066
0.47287125625	0.035309
0.47296890625	0.0345066
0.47306655625	0.035309
0.47316420625	0.0345066
0.47326185625	0.0345066
0.47335950625	0.035309
0.47345715625	0.035309
0.47355480625	0.0345066
0.47365245625	0.035309
0.47375010625	0.0345066
0.47384775625	0.0345066
0.47394540625	0.0345066
0.47404305625	0.0345066
0.47414070625	0.035309
0.47423835625	0.035309
0.47433600625	0.035309
0.47443365625	0.0345066
0.47453130625	0.035309
0.47462895625	0.035309
0.47472660625	0.0345066
0.47482425625	0.0345066
0.47492190625	0.035309
0.47501955625	0.035309
0.47511720625	0.035309
0.47521485625	0.035309
0.47531250625	0.0345066
0.47541015625	0.0345066
0.47550780625	0.035309
0.47560545625	0.035309
0.47570310625	0.0361115
0.47580075625	0.0345066
0.47589840625	0.035309
0.47599605625	0.035309
0.47609370625	0.035309
0.47619135625	0.035309
0.47628900625	0.035309
0.47638665625	0.035309
0.47648430625	0.035309
0.47658195625	0.035309
0.47667960625	0.035309
0.47677725625	0.035309
0.47687490625	0.0345066
0.47697255625	0.0345066
0.47707020625	0.035309
0.47716785625	0.035309
0.47726550625	0.035309
0.47736315625	0.0345066
0.47746080625	0.035309
0.47755845625	0.035309
0.47765610625	0.035309
0.47775375625	0.0345066
0.47785140625	0.035309
0.47794905625	0.035309
0.47804670625	0.0345066
0.47814435625	0.035309
0.47824200625	0.0337041
0.47833965625	0.035309
0.47843730625	0.0345066
0.47853495625	0.035309
0.47863260625	0.0361115
0.47873025625	0.035309
0.47882790625	0.035309
0.47892555625	0.0345066
0.47902320625	0.035309
0.47912085625	0.035309
0.47921850625	0.035309
0.47931615625	0.0345066
0.47941380625	0.035309
0.47951145625	0.0361115
0.47960910625	0.0345066
0.47970675625	0.0345066
0.47980440625	0.0345066
0.47990205625	0.035309
0.47999970625	0.0345066
0.48009735625	0.035309
0.48019500625	0.035309
0.48029265625	0.035309
0.48039030625	0.035309
0.48048795625	0.035309
0.48058560625	0.035309
0.48068325625	0.035309
0.48078090625	0.035309
0.48087855625	0.0361115
0.48097620625	0.035309
0.48107385625	0.0345066
0.48117150625	0.0361115
0.48126915625	0.0361115
0.48136680625	0.035309
0.48146445625	0.035309
0.48156210625	0.0345066
0.48165975625	0.035309
0.48175740625	0.035309
0.48185505625	0.0361115
0.48195270625	0.035309
0.48205035625	0.0345066
0.48214800625	0.0361115
0.48224565625	0.035309
0.48234330625	0.035309
0.48244095625	0.0345066
0.48253860625	0.0345066
0.48263625625	0.035309
0.48273390625	0.035309
0.48283155625	0.0361115
0.48292920625	0.035309
0.48302685625	0.0361115
0.48312450625	0.035309
0.48322215625	0.035309
0.48331980625	0.035309
0.48341745625	0.035309
0.48351510625	0.0345066
0.48361275625	0.035309
0.48371040625	0.0345066
0.48380805625	0.035309
0.48390570625	0.035309
0.48400335625	0.035309
0.48410100625	0.0345066
0.48419865625	0.035309
0.48429630625	0.0361115
0.48439395625	0.035309
0.48449160625	0.0345066
0.48458925625	0.035309
0.48468690625	0.035309
0.48478455625	0.035309
0.48488220625	0.0345066
0.48497985625	0.035309
0.48507750625	0.0345066
0.48517515625	0.035309
0.48527280625	0.0345066
0.48537045625	0.035309
0.48546810625	0.0345066
0.48556575625	0.0345066
0.48566340625	0.0361115
0.48576105625	0.035309
0.48585870625	0.035309
0.48595635625	0.0345066
0.48605400625	0.035309
0.48615165625	0.0345066
0.48624930625	0.035309
0.48634695625	0.035309
0.48644460625	0.035309
0.48654225625	0.035309
0.48663990625	0.035309
0.48673755625	0.0345066
0.48683520625	0.035309
0.48693285625	0.035309
0.48703050625	0.0345066
0.48712815625	0.035309
0.48722580625	0.035309
0.48732345625	0.035309
0.48742110625	0.035309
0.48751875625	0.035309
0.48761640625	0.035309
0.48771405625	0.035309
0.48781170625	0.0361115
0.48790935625	0.035309
0.48800700625	0.0345066
0.48810465625	0.035309
0.48820230625	0.035309
0.48829995625	0.035309
0.48839760625	0.035309
0.48849525625	0.035309
0.48859290625	0.035309
0.48869055625	0.035309
0.48878820625	0.0345066
0.48888585625	0.0345066
0.48898350625	0.035309
0.48908115625	0.035309
0.48917880625	0.0361115
0.48927645625	0.035309
0.48937410625	0.035309
0.48947175625	0.0345066
0.48956940625	0.035309
0.48966705625	0.035309
0.48976470625	0.035309
0.48986235625	0.035309
0.48996000625	0.035309
0.49005765625	0.035309
0.49015530625	0.035309
0.49025295625	0.0345066
0.49035060625	0.035309
0.49044825625	0.035309
0.49054590625	0.035309
0.49064355625	0.035309
0.49074120625	0.035309
0.49083885625	0.035309
0.49093650625	0.035309
0.49103415625	0.0361115
0.49113180625	0.035309
0.49122945625	0.0345066
0.49132710625	0.035309
0.49142475625	0.0345066
0.49152240625	0.035309
0.49162005625	0.035309
0.49171770625	0.035309
0.49181535625	0.035309
0.49191300625	0.0345066
0.49201065625	0.035309
0.49210830625	0.035309
0.49220595625	0.035309
0.49230360625	0.035309
0.49240125625	0.0345066
0.49249890625	0.035309
0.49259655625	0.035309
0.49269420625	0.035309
0.49279185625	0.035309
0.49288950625	0.0345066
0.49298715625	0.0361115
0.49308480625	0.035309
0.49318245625	0.035309
0.49328010625	0.035309
0.49337775625	0.0345066
0.49347540625	0.035309
0.49357305625	0.0361115
0.49367070625	0.035309
0.49376835625	0.035309
0.49386600625	0.035309
0.49396365625	0.035309
0.49406130625	0.0345066
0.49415895625	0.035309
0.49425660625	0.035309
0.49435425625	0.0345066
0.49445190625	0.0361115
0.49454955625	0.0345066
0.49464720625	0.035309
0.49474485625	0.0345066
0.49484250625	0.035309
0.49494015625	0.0345066
0.49503780625	0.035309
0.49513545625	0.0345066
0.49523310625	0.0345066
0.49533075625	0.0361115
0.49542840625	0.035309
0.49552605625	0.035309
0.49562370625	0.0345066
0.49572135625	0.035309
0.49581900625	0.035309
0.49591665625	0.0345066
0.49601430625	0.035309
0.49611195625	0.035309
0.49620960625	0.035309
0.49630725625	0.0345066
0.49640490625	0.035309
0.49650255625	0.035309
0.49660020625	0.0345066
0.49669785625	0.035309
0.49679550625	0.035309
0.49689315625	0.0345066
0.49699080625	0.035309
0.49708845625	0.0361115
0.49718610625	0.035309
0.49728375625	0.0345066
0.49738140625	0.0345066
0.49747905625	0.0345066
0.49757670625	0.035309
0.49767435625	0.035309
0.49777200625	0.035309
0.49786965625	0.035309
0.49796730625	0.035309
0.49806495625	0.0345066
0.49816260625	0.0345066
0.49826025625	0.035309
0.49835790625	0.035309
0.49845555625	0.035309
0.49855320625	0.035309
0.49865085625	0.035309
0.49874850625	0.035309
0.49884615625	0.035309
0.49894380625	0.035309
0.49904145625	0.035309
0.49913910625	0.035309
0.49923675625	0.035309
0.49933440625	0.035309
0.49943205625	0.0345066
0.49952970625	0.035309
0.49962735625	0.035309
0.49972500625	0.035309
0.49982265625	0.0361115
0.49992030625	0.035309
0.50001795625	0.0345066
0.50011560625	0.0345066
0.50021325625	0.035309
0.50031090625	0.035309
0.50040855625	0.035309
0.50050620625	0.0345066
0.50060385625	0.035309
0.50070150625	0.035309
0.50079915625	0.0345066
0.50089680625	0.035309
0.50099445625	0.035309
0.50109210625	0.035309
0.50118975625	0.035309
0.50128740625	0.0345066
0.50138505625	0.035309
0.50148270625	0.0361115
0.50158035625	0.035309
0.50167800625	0.035309
0.50177565625	0.035309
0.50187330625	0.035309
0.50197095625	0.0345066
0.50206860625	0.035309
0.50216625625	0.0345066
0.50226390625	0.035309
0.50236155625	0.035309
0.50245920625	0.035309
0.50255685625	0.035309
0.50265450625	0.035309
0.50275215625	0.0345066
0.50284980625	0.0337041
0.50294745625	0.0345066
0.50304510625	0.0345066
0.50314275625	0.0345066
0.50324040625	0.035309
0.50333805625	0.035309
0.50343570625	0.035309
0.50353335625	0.0345066
0.50363100625	0.035309
0.50372865625	0.0345066
0.50382630625	0.035309
0.50392395625	0.0345066
0.50402160625	0.0345066
0.50411925625	0.035309
0.50421690625	0.035309
0.50431455625	0.035309
0.50441220625	0.0345066
0.50450985625	0.0345066
0.50460750625	0.0361115
0.50470515625	0.035309
0.50480280625	0.0345066
0.50490045625	0.035309
0.50499810625	0.035309
0.50509575625	0.035309
0.50519340625	0.035309
0.50529105625	0.0345066
0.50538870625	0.035309
0.50548635625	0.035309
0.50558400625	0.035309
0.50568165625	0.035309
0.50577930625	0.0345066
0.50587695625	0.0345066
0.50597460625	0.0361115
0.50607225625	0.035309
0.50616990625	0.035309
0.50626755625	0.035309
0.50636520625	0.0337041
0.50646285625	0.0345066
0.50656050625	0.0345066
0.50665815625	0.035309
0.50675580625	0.0345066
0.50685345625	0.035309
0.50695110625	0.0345066
0.50704875625	0.0345066
0.50714640625	0.035309
0.50724405625	0.035309
0.50734170625	0.035309
0.50743935625	0.035309
0.50753700625	0.035309
0.50763465625	0.035309
0.50773230625	0.035309
0.50782995625	0.0345066
0.50792760625	0.0345066
0.50802525625	0.035309
0.50812290625	0.035309
0.50822055625	0.035309
0.50831820625	0.035309
0.50841585625	0.0345066
0.50851350625	0.035309
0.50861115625	0.035309
0.50870880625	0.0361115
0.50880645625	0.035309
0.50890410625	0.035309
0.50900175625	0.0345066
0.50909940625	0.035309
0.50919705625	0.035309
0.50929470625	0.0345066
0.50939235625	0.035309
0.50949000625	0.035309
0.50958765625	0.0361115
0.50968530625	0.0345066
0.50978295625	0.035309
0.50988060625	0.0345066
0.50997825625	0.0345066
0.51007590625	0.035309
0.51017355625	0.035309
0.51027120625	0.035309
0.51036885625	0.035309
0.51046650625	0.035309
0.51056415625	0.035309
0.51066180625	0.035309
0.51075945625	0.035309
0.51085710625	0.035309
0.51095475625	0.035309
0.51105240625	0.0345066
0.51115005625	0.035309
0.51124770625	0.035309
0.51134535625	0.035309
0.51144300625	0.0345066
0.51154065625	0.035309
0.51163830625	0.035309
0.51173595625	0.035309
0.51183360625	0.0345066
0.51193125625	0.0345066
0.51202890625	0.035309
0.51212655625	0.0345066
0.51222420625	0.0361115
0.51232185625	0.035309
0.51241950625	0.035309
0.51251715625	0.035309
0.51261480625	0.0345066
0.51271245625	0.0345066
0.51281010625	0.0345066
0.51290775625	0.0345066
0.51300540625	0.0361115
0.51310305625	0.035309
0.51320070625	0.035309
0.51329835625	0.035309
0.51339600625	0.035309
0.51349365625	0.0345066
0.51359130625	0.035309
0.51368895625	0.035309
0.51378660625	0.0345066
0.51388425625	0.035309
0.51398190625	0.035309
0.51407955625	0.035309
0.51417720625	0.035309
0.51427485625	0.0345066
0.51437250625	0.035309
0.51447015625	0.035309
0.51456780625	0.0345066
0.51466545625	0.0345066
0.51476310625	0.0345066
0.51486075625	0.035309
0.51495840625	0.0345066
0.51505605625	0.0345066
0.51515370625	0.035309
0.51525135625	0.0345066
0.51534900625	0.035309
0.51544665625	0.035309
0.51554430625	0.0345066
0.51564195625	0.035309
0.51573960625	0.0361115
0.51583725625	0.035309
0.51593490625	0.035309
0.51603255625	0.0345066
0.51613020625	0.035309
0.51622785625	0.0345066
0.51632550625	0.035309
0.51642315625	0.0345066
0.51652080625	0.035309
0.51661845625	0.035309
0.51671610625	0.0345066
0.51681375625	0.035309
0.51691140625	0.035309
0.51700905625	0.0345066
0.51710670625	0.035309
0.51720435625	0.035309
0.51730200625	0.035309
0.51739965625	0.035309
0.51749730625	0.035309
0.51759495625	0.0345066
0.51769260625	0.0345066
0.51779025625	0.035309
0.51788790625	0.035309
0.51798555625	0.035309
0.51808320625	0.035309
0.51818085625	0.035309
0.51827850625	0.0345066
0.51837615625	0.0361115
0.51847380625	0.0345066
0.51857145625	0.0345066
0.51866910625	0.035309
0.51876675625	0.035309
0.51886440625	0.035309
0.51896205625	0.0345066
0.51905970625	0.0345066
0.51915735625	0.0345066
0.51925500625	0.035309
0.51935265625	0.035309
0.51945030625	0.0345066
0.51954795625	0.0345066
0.51964560625	0.0345066
0.51974325625	0.0345066
0.51984090625	0.0345066
0.51993855625	0.0337041
0.52003620625	0.035309
0.52013385625	0.035309
0.52023150625	0.0345066
0.52032915625	0.0345066
0.52042680625	0.035309
0.52052445625	0.035309
0.52062210625	0.0345066
0.52071975625	0.035309
0.52081740625	0.035309
0.52091505625	0.035309
0.52101270625	0.0345066
0.52111035625	0.0345066
0.52120800625	0.035309
0.52130565625	0.0345066
0.52140330625	0.0345066
0.52150095625	0.035309
0.52159860625	0.035309
0.52169625625	0.035309
0.52179390625	0.035309
0.52189155625	0.035309
0.52198920625	0.0345066
0.52208685625	0.0345066
0.52218450625	0.0345066
0.52228215625	0.0345066
0.52237980625	0.0345066
0.52247745625	0.035309
0.52257510625	0.035309
0.52267275625	0.035309
0.52277040625	0.035309
0.52286805625	0.035309
0.52296570625	0.035309
0.52306335625	0.0345066
0.52316100625	0.0345066
0.52325865625	0.0345066
0.52335630625	0.035309
0.52345395625	0.0337041
0.52355160625	0.035309
0.52364925625	0.0345066
0.52374690625	0.035309
0.52384455625	0.0345066
0.52394220625	0.0345066
0.52403985625	0.0345066
0.52413750625	0.035309
0.52423515625	0.035309
0.52433280625	0.035309
0.52443045625	0.0345066
0.52452810625	0.035309
0.52462575625	0.0337041
0.52472340625	0.035309
0.52482105625	0.035309
0.52491870625	0.035309
0.52501635625	0.035309
0.52511400625	0.035309
0.52521165625	0.0345066
0.52530930625	0.0361115
0.52540695625	0.035309
0.52550460625	0.035309
0.52560225625	0.035309
0.52569990625	0.035309
0.52579755625	0.0361115
0.52589520625	0.035309
0.52599285625	0.035309
0.52609050625	0.035309
0.52618815625	0.035309
0.52628580625	0.035309
0.52638345625	0.035309
0.52648110625	0.035309
0.52657875625	0.0345066
0.52667640625	0.035309
0.52677405625	0.0345066
0.52687170625	0.035309
0.52696935625	0.035309
0.52706700625	0.0361115
0.52716465625	0.035309
0.52726230625	0.0345066
0.52735995625	0.0345066
0.52745760625	0.0345066
0.52755525625	0.035309
0.52765290625	0.035309
0.52775055625	0.035309
0.52784820625	0.035309
0.52794585625	0.0345066
0.52804350625	0.035309
0.52814115625	0.0345066
0.52823880625	0.0345066
0.52833645625	0.0345066
0.52843410625	0.035309
0.52853175625	0.035309
0.52862940625	0.035309
0.52872705625	0.035309
0.52882470625	0.035309
0.52892235625	0.0361115
0.52902000625	0.035309
0.52911765625	0.035309
0.52921530625	0.035309
0.52931295625	0.035309
0.52941060625	0.035309
0.52950825625	0.035309
0.52960590625	0.0345066
0.52970355625	0.035309
0.52980120625	0.0361115
0.52989885625	0.035309
0.52999650625	0.0345066
0.53009415625	0.035309
0.53019180625	0.035309
0.53028945625	0.035309
0.53038710625	0.0345066
0.53048475625	0.0361115
0.53058240625	0.035309
0.53068005625	0.0361115
0.53077770625	0.0345066
0.53087535625	0.035309
0.53097300625	0.035309
0.53107065625	0.0337041
0.53116830625	0.035309
0.53126595625	0.035309
0.53136360625	0.035309
0.53146125625	0.035309
0.53155890625	0.0361115
0.53165655625	0.0345066
0.53175420625	0.035309
0.53185185625	0.035309
0.53194950625	0.035309
0.53204715625	0.035309
0.53214480625	0.035309
0.53224245625	0.0361115
0.53234010625	0.0345066
0.53243775625	0.035309
0.53253540625	0.035309
0.53263305625	0.0345066
0.53273070625	0.035309
0.53282835625	0.035309
0.53292600625	0.035309
0.53302365625	0.035309
0.53312130625	0.035309
0.53321895625	0.035309
0.53331660625	0.0361115
0.53341425625	0.035309
0.53351190625	0.035309
0.53360955625	0.0345066
0.53370720625	0.0361115
0.53380485625	0.0361115
0.53390250625	0.035309
0.53400015625	0.0361115
0.53409780625	0.035309
0.53419545625	0.035309
0.53429310625	0.0361115
0.53439075625	0.035309
0.53448840625	0.0361115
0.53458605625	0.0345066
0.53468370625	0.0345066
0.53478135625	0.035309
0.53487900625	0.0345066
0.53497665625	0.0345066
0.53507430625	0.035309
0.53517195625	0.0345066
0.53526960625	0.035309
0.53536725625	0.035309
0.53546490625	0.035309
0.53556255625	0.035309
0.53566020625	0.0345066
0.53575785625	0.0345066
0.53585550625	0.035309
0.53595315625	0.0345066
0.53605080625	0.035309
0.53614845625	0.0345066
0.53624610625	0.0345066
0.53634375625	0.0345066
0.53644140625	0.035309
0.53653905625	0.0345066
0.53663670625	0.035309
0.53673435625	0.0345066
0.53683200625	0.0361115
0.53692965625	0.0361115
0.53702730625	0.0345066
0.53712495625	0.035309
0.53722260625	0.0345066
0.53732025625	0.0345066
0.53741790625	0.0345066
0.53751555625	0.035309
0.53761320625	0.035309
0.53771085625	0.0345066
0.53780850625	0.0361115
0.53790615625	0.035309
0.53800380625	0.035309
0.53810145625	0.035309
0.53819910625	0.035309
0.53829675625	0.035309
0.53839440625	0.0361115
0.53849205625	0.035309
0.53858970625	0.0361115
0.53868735625	0.0345066
0.53878500625	0.035309
0.53888265625	0.0361115
0.53898030625	0.035309
0.53907795625	0.035309
0.53917560625	0.035309
0.53927325625	0.035309
0.53937090625	0.0345066
0.53946855625	0.035309
0.53956620625	0.035309
0.53966385625	0.0361115
0.53976150625	0.0345066
0.53985915625	0.0345066
0.53995680625	0.035309
0.54005445625	0.0345066
0.54015210625	0.035309
0.54024975625	0.035309
0.54034740625	0.0361115
0.54044505625	0.0345066
0.54054270625	0.0345066
0.54064035625	0.035309
0.54073800625	0.035309
0.54083565625	0.0345066
0.54093330625	0.035309
0.54103095625	0.035309
0.54112860625	0.0345066
0.54122625625	0.035309
0.54132390625	0.0361115
0.54142155625	0.0345066
0.54151920625	0.035309
0.54161685625	0.0345066
0.54171450625	0.035309
0.54181215625	0.0345066
0.54190980625	0.035309
0.54200745625	0.035309
0.54210510625	0.0345066
0.54220275625	0.035309
0.54230040625	0.0345066
0.54239805625	0.0345066
0.54249570625	0.035309
0.54259335625	0.0345066
0.54269100625	0.035309
0.54278865625	0.0345066
0.54288630625	0.035309
0.54298395625	0.035309
0.54308160625	0.035309
0.54317925625	0.035309
0.54327690625	0.035309
0.54337455625	0.035309
0.54347220625	0.0345066
0.54356985625	0.0345066
0.54366750625	0.035309
0.54376515625	0.035309
0.54386280625	0.035309
0.54396045625	0.0361115
0.54405810625	0.0345066
0.54415575625	0.035309
0.54425340625	0.035309
0.54435105625	0.035309
0.54444870625	0.035309
0.54454635625	0.035309
0.54464400625	0.035309
0.54474165625	0.035309
0.54483930625	0.035309
0.54493695625	0.0345066
0.54503460625	0.035309
0.54513225625	0.035309
0.54522990625	0.035309
0.54532755625	0.035309
0.54542520625	0.035309
0.54552285625	0.035309
0.54562050625	0.035309
0.54571815625	0.0361115
0.54581580625	0.035309
0.54591345625	0.035309
0.54601110625	0.035309
0.54610875625	0.0345066
0.54620640625	0.0345066
0.54630405625	0.035309
0.54640170625	0.0345066
0.54649935625	0.035309
0.54659700625	0.0361115
0.54669465625	0.0345066
0.54679230625	0.035309
0.54688995625	0.0345066
0.54698760625	0.035309
0.54708525625	0.035309
0.54718290625	0.0345066
0.54728055625	0.035309
0.54737820625	0.0345066
0.54747585625	0.0361115
0.54757350625	0.035309
0.54767115625	0.0345066
0.54776880625	0.035309
0.54786645625	0.035309
0.54796410625	0.035309
0.54806175625	0.035309
0.54815940625	0.035309
0.54825705625	0.035309
0.54835470625	0.035309
0.54845235625	0.0345066
0.54855000625	0.0345066
0.54864765625	0.0345066
0.54874530625	0.0345066
0.54884295625	0.0345066
0.54894060625	0.035309
0.54903825625	0.0345066
0.54913590625	0.0345066
0.54923355625	0.035309
0.54933120625	0.0345066
0.54942885625	0.0361115
0.54952650625	0.0345066
0.54962415625	0.0345066
0.54972180625	0.0345066
0.54981945625	0.035309
0.54991710625	0.0345066
0.55001475625	0.0345066
0.55011240625	0.0361115
0.55021005625	0.0345066
0.55030770625	0.035309
0.55040535625	0.035309
0.55050300625	0.0337041
0.55060065625	0.0345066
0.55069830625	0.0345066
0.55079595625	0.0345066
0.55089360625	0.035309
0.55099125625	0.0345066
0.55108890625	0.0337041
0.55118655625	0.0345066
0.55128420625	0.0345066
0.55138185625	0.0345066
0.55147950625	0.035309
0.55157715625	0.035309
0.55167480625	0.035309
0.55177245625	0.035309
0.55187010625	0.0345066
0.55196775625	0.035309
0.55206540625	0.0345066
0.55216305625	0.0345066
0.55226070625	0.0345066
0.55235835625	0.0345066
0.55245600625	0.035309
0.55255365625	0.0345066
0.55265130625	0.0345066
0.55274895625	0.0361115
0.55284660625	0.035309
0.55294425625	0.035309
0.55304190625	0.035309
0.55313955625	0.0345066
0.55323720625	0.0345066
0.55333485625	0.035309
0.55343250625	0.035309
0.55353015625	0.035309
0.55362780625	0.035309
0.55372545625	0.0345066
0.55382310625	0.035309
0.55392075625	0.035309
0.55401840625	0.0361115
0.55411605625	0.0345066
0.55421370625	0.0345066
0.55431135625	0.035309
0.55440900625	0.035309
0.55450665625	0.035309
0.55460430625	0.035309
0.55470195625	0.0345066
0.55479960625	0.0337041
0.55489725625	0.0345066
0.55499490625	0.0345066
0.55509255625	0.0345066
0.55519020625	0.035309
0.55528785625	0.0345066
0.55538550625	0.0361115
0.55548315625	0.035309
0.55558080625	0.035309
0.55567845625	0.035309
0.55577610625	0.0345066
0.55587375625	0.035309
0.55597140625	0.0345066
0.55606905625	0.0345066
0.55616670625	0.035309
0.55626435625	0.0361115
0.55636200625	0.035309
0.55645965625	0.035309
0.55655730625	0.035309
0.55665495625	0.0345066
0.55675260625	0.035309
0.55685025625	0.0345066
0.55694790625	0.0345066
0.55704555625	0.0345066
0.55714320625	0.0361115
0.55724085625	0.035309
0.55733850625	0.035309
0.55743615625	0.035309
0.55753380625	0.035309
0.55763145625	0.0345066
0.55772910625	0.035309
0.55782675625	0.035309
0.55792440625	0.035309
0.55802205625	0.035309
0.55811970625	0.035309
0.55821735625	0.035309
0.55831500625	0.035309
0.55841265625	0.035309
0.55851030625	0.035309
0.55860795625	0.035309
0.55870560625	0.035309
0.55880325625	0.035309
0.55890090625	0.035309
0.55899855625	0.035309
0.55909620625	0.0345066
0.55919385625	0.035309
0.55929150625	0.0345066
0.55938915625	0.0345066
0.55948680625	0.0345066
0.55958445625	0.0345066
0.55968210625	0.0361115
0.55977975625	0.0345066
0.55987740625	0.0361115
0.55997505625	0.0345066
0.56007270625	0.035309
0.56017035625	0.0345066
0.56026800625	0.0361115
0.56036565625	0.035309
0.56046330625	0.035309
0.56056095625	0.035309
0.56065860625	0.035309
0.56075625625	0.0361115
0.56085390625	0.035309
0.56095155625	0.0345066
0.56104920625	0.035309
0.56114685625	0.035309
0.56124450625	0.0345066
0.56134215625	0.035309
0.56143980625	0.0345066
0.56153745625	0.035309
0.56163510625	0.0361115
0.56173275625	0.035309
0.56183040625	0.035309
0.56192805625	0.035309
0.56202570625	0.035309
0.56212335625	0.035309
0.56222100625	0.035309
0.56231865625	0.035309
0.56241630625	0.0345066
0.56251395625	0.0361115
0.56261160625	0.035309
0.56270925625	0.035309
0.56280690625	0.035309
0.56290455625	0.0345066
0.56300220625	0.035309
0.56309985625	0.035309
0.56319750625	0.035309
0.56329515625	0.0345066
0.56339280625	0.035309
0.56349045625	0.0345066
0.56358810625	0.0345066
0.56368575625	0.035309
0.56378340625	0.0345066
0.56388105625	0.035309
0.56397870625	0.0345066
0.56407635625	0.035309
0.56417400625	0.0345066
0.56427165625	0.035309
0.56436930625	0.035309
0.56446695625	0.035309
0.56456460625	0.0361115
0.56466225625	0.0345066
0.56475990625	0.035309
0.56485755625	0.035309
0.56495520625	0.0361115
0.56505285625	0.0345066
0.56515050625	0.0361115
0.56524815625	0.0345066
0.56534580625	0.035309
0.56544345625	0.035309
0.56554110625	0.035309
0.56563875625	0.0345066
0.56573640625	0.0345066
0.56583405625	0.035309
0.56593170625	0.0345066
0.56602935625	0.035309
0.56612700625	0.0361115
0.56622465625	0.035309
0.56632230625	0.035309
0.56641995625	0.0345066
0.56651760625	0.0361115
0.56661525625	0.035309
0.56671290625	0.035309
0.56681055625	0.035309
0.56690820625	0.035309
0.56700585625	0.035309
0.56710350625	0.0345066
0.56720115625	0.0345066
0.56729880625	0.0345066
0.56739645625	0.035309
0.56749410625	0.035309
0.56759175625	0.0345066
0.56768940625	0.035309
0.56778705625	0.035309
0.56788470625	0.0361115
0.56798235625	0.0345066
0.56808000625	0.035309
0.56817765625	0.0345066
0.56827530625	0.035309
0.56837295625	0.0345066
0.56847060625	0.0345066
0.56856825625	0.0345066
0.56866590625	0.0345066
0.56876355625	0.035309
0.56886120625	0.035309
0.56895885625	0.035309
0.56905650625	0.035309
0.56915415625	0.0345066
0.56925180625	0.0345066
0.56934945625	0.035309
0.56944710625	0.0345066
0.56954475625	0.035309
0.56964240625	0.0361115
0.56974005625	0.035309
0.56983770625	0.035309
0.56993535625	0.035309
0.57003300625	0.0345066
0.57013065625	0.0345066
0.57022830625	0.035309
0.57032595625	0.035309
0.57042360625	0.0345066
0.57052125625	0.035309
0.57061890625	0.035309
0.57071655625	0.035309
0.57081420625	0.0345066
0.57091185625	0.035309
0.57100950625	0.0345066
0.57110715625	0.0345066
0.57120480625	0.0345066
0.57130245625	0.035309
0.57140010625	0.035309
0.57149775625	0.035309
0.57159540625	0.035309
0.57169305625	0.035309
0.57179070625	0.035309
0.57188835625	0.0361115
0.57198600625	0.0345066
0.57208365625	0.035309
0.57218130625	0.035309
0.57227895625	0.035309
0.57237660625	0.0361115
0.57247425625	0.035309
0.57257190625	0.0345066
0.57266955625	0.035309
0.57276720625	0.035309
0.57286485625	0.035309
0.57296250625	0.035309
0.57306015625	0.035309
0.57315780625	0.035309
0.57325545625	0.0345066
0.57335310625	0.035309
0.57345075625	0.035309
0.57354840625	0.035309
0.57364605625	0.035309
0.57374370625	0.035309
0.57384135625	0.035309
0.57393900625	0.0345066
0.57403665625	0.035309
0.57413430625	0.035309
0.57423195625	0.0361115
0.57432960625	0.0345066
0.57442725625	0.035309
0.57452490625	0.035309
0.57462255625	0.0345066
0.57472020625	0.035309
0.57481785625	0.0345066
0.57491550625	0.035309
0.57501315625	0.035309
0.57511080625	0.0345066
0.57520845625	0.0345066
0.57530610625	0.035309
0.57540375625	0.0345066
0.57550140625	0.035309
0.57559905625	0.035309
0.57569670625	0.0361115
0.57579435625	0.035309
0.57589200625	0.035309
0.57598965625	0.0345066
0.57608730625	0.035309
0.57618495625	0.0345066
0.57628260625	0.035309
0.57638025625	0.035309
0.57647790625	0.035309
0.57657555625	0.035309
0.57667320625	0.0345066
0.57677085625	0.035309
0.57686850625	0.035309
0.57696615625	0.035309
0.57706380625	0.035309
0.57716145625	0.035309
0.57725910625	0.035309
0.57735675625	0.035309
0.57745440625	0.035309
0.57755205625	0.035309
0.57764970625	0.035309
0.57774735625	0.035309
0.57784500625	0.035309
0.57794265625	0.035309
0.57804030625	0.035309
0.57813795625	0.035309
0.57823560625	0.035309
0.57833325625	0.035309
0.57843090625	0.035309
0.57852855625	0.0361115
0.57862620625	0.035309
0.57872385625	0.035309
0.57882150625	0.0345066
0.57891915625	0.0345066
0.57901680625	0.035309
0.57911445625	0.035309
0.57921210625	0.035309
0.57930975625	0.035309
0.57940740625	0.035309
0.57950505625	0.0345066
0.57960270625	0.035309
0.57970035625	0.035309
0.57979800625	0.0345066
0.57989565625	0.0345066
0.57999330625	0.035309
0.58009095625	0.0345066
0.58018860625	0.035309
0.58028625625	0.035309
0.58038390625	0.035309
0.58048155625	0.035309
0.58057920625	0.0345066
0.58067685625	0.035309
0.58077450625	0.035309
0.58087215625	0.035309
0.58096980625	0.0345066
0.58106745625	0.0345066
0.58116510625	0.035309
0.58126275625	0.035309
0.58136040625	0.035309
0.58145805625	0.0345066
0.58155570625	0.035309
0.58165335625	0.035309
0.58175100625	0.035309
0.58184865625	0.0345066
0.58194630625	0.0345066
0.58204395625	0.035309
0.58214160625	0.0345066
0.58223925625	0.035309
0.58233690625	0.0345066
0.58243455625	0.0345066
0.58253220625	0.035309
0.58262985625	0.0345066
0.58272750625	0.035309
0.58282515625	0.035309
0.58292280625	0.0361115
0.58302045625	0.0345066
0.58311810625	0.0345066
0.58321575625	0.035309
0.58331340625	0.0345066
0.58341105625	0.035309
0.58350870625	0.035309
0.58360635625	0.035309
0.58370400625	0.035309
0.58380165625	0.035309
0.58389930625	0.035309
0.58399695625	0.0345066
0.58409460625	0.035309
0.58419225625	0.035309
0.58428990625	0.035309
0.58438755625	0.0361115
0.58448520625	0.0345066
0.58458285625	0.035309
0.58468050625	0.0361115
0.58477815625	0.035309
0.58487580625	0.035309
0.58497345625	0.035309
0.58507110625	0.035309
0.58516875625	0.0345066
0.58526640625	0.035309
0.58536405625	0.035309
0.58546170625	0.035309
0.58555935625	0.0361115
0.58565700625	0.0345066
0.58575465625	0.035309
0.58585230625	0.035309
0.58594995625	0.035309
0.58604760625	0.0345066
0.58614525625	0.035309
0.58624290625	0.035309
0.58634055625	0.035309
0.58643820625	0.0361115
0.58653585625	0.0337041
0.58663350625	0.035309
0.58673115625	0.0345066
0.58682880625	0.0361115
0.58692645625	0.0345066
0.58702410625	0.035309
0.58712175625	0.035309
0.58721940625	0.0345066
0.58731705625	0.035309
0.58741470625	0.0345066
0.58751235625	0.035309
0.58761000625	0.0345066
0.58770765625	0.035309
0.58780530625	0.0345066
0.58790295625	0.0345066
0.58800060625	0.035309
0.58809825625	0.0345066
0.58819590625	0.0361115
0.58829355625	0.0345066
0.58839120625	0.035309
0.58848885625	0.035309
0.58858650625	0.0345066
0.58868415625	0.035309
0.58878180625	0.0345066
0.58887945625	0.0345066
0.58897710625	0.035309
0.58907475625	0.0361115
0.58917240625	0.035309
0.58927005625	0.035309
0.58936770625	0.035309
0.58946535625	0.0345066
0.58956300625	0.035309
0.58966065625	0.035309
0.58975830625	0.035309
0.58985595625	0.035309
0.58995360625	0.0361115
0.59005125625	0.0345066
0.59014890625	0.035309
0.59024655625	0.035309
0.59034420625	0.0345066
0.59044185625	0.0345066
0.59053950625	0.035309
0.59063715625	0.0345066
0.59073480625	0.0345066
0.59083245625	0.0361115
0.59093010625	0.0345066
0.59102775625	0.035309
0.59112540625	0.035309
0.59122305625	0.0345066
0.59132070625	0.0345066
0.59141835625	0.0345066
0.59151600625	0.0361115
0.59161365625	0.035309
0.59171130625	0.035309
0.59180895625	0.035309
0.59190660625	0.0361115
0.59200425625	0.0345066
0.59210190625	0.0345066
0.59219955625	0.0345066
0.59229720625	0.035309
0.59239485625	0.0345066
0.59249250625	0.0345066
0.59259015625	0.0361115
0.59268780625	0.0345066
0.59278545625	0.035309
0.59288310625	0.035309
0.59298075625	0.0345066
0.59307840625	0.0345066
0.59317605625	0.035309
0.59327370625	0.035309
0.59337135625	0.0361115
0.59346900625	0.035309
0.59356665625	0.035309
0.59366430625	0.035309
0.59376195625	0.0345066
0.59385960625	0.035309
0.59395725625	0.035309
0.59405490625	0.035309
0.59415255625	0.035309
0.59425020625	0.035309
0.59434785625	0.035309
0.59444550625	0.035309
0.59454315625	0.0345066
0.59464080625	0.035309
0.59473845625	0.035309
0.59483610625	0.035309
0.59493375625	0.0345066
0.59503140625	0.0361115
0.59512905625	0.0345066
0.59522670625	0.0345066
0.59532435625	0.035309
0.59542200625	0.035309
0.59551965625	0.035309
0.59561730625	0.0345066
0.59571495625	0.035309
0.59581260625	0.035309
0.59591025625	0.035309
0.59600790625	0.0345066
0.59610555625	0.035309
0.59620320625	0.035309
0.59630085625	0.0361115
0.59639850625	0.035309
0.59649615625	0.035309
0.59659380625	0.0345066
0.59669145625	0.0345066
0.59678910625	0.0345066
0.59688675625	0.0345066
0.59698440625	0.035309
0.59708205625	0.0361115
0.59717970625	0.0345066
0.59727735625	0.035309
0.59737500625	0.0345066
0.59747265625	0.0345066
0.59757030625	0.0345066
0.59766795625	0.0345066
0.59776560625	0.0345066
0.59786325625	0.0345066
0.59796090625	0.0345066
0.59805855625	0.0345066
0.59815620625	0.0345066
0.59825385625	0.035309
0.59835150625	0.035309
0.59844915625	0.0345066
0.59854680625	0.035309
0.59864445625	0.0345066
0.59874210625	0.0345066
0.59883975625	0.0361115
0.59893740625	0.035309
0.59903505625	0.035309
0.59913270625	0.035309
0.59923035625	0.0345066
0.59932800625	0.035309
0.59942565625	0.0361115
0.59952330625	0.035309
0.59962095625	0.0345066
0.59971860625	0.0345066
0.59981625625	0.035309
0.59991390625	0.035309
0.60001155625	0.0345066
0.60010920625	0.0345066
0.60020685625	0.035309
0.60030450625	0.035309
0.60040215625	0.0345066
0.60049980625	0.035309
0.60059745625	0.035309
0.60069510625	0.035309
0.60079275625	0.0345066
0.60089040625	0.0345066
0.60098805625	0.0345066
0.60108570625	0.035309
0.60118335625	0.0345066
0.60128100625	0.035309
0.60137865625	0.0345066
0.60147630625	0.035309
0.60157395625	0.0345066
0.60167160625	0.035309
0.60176925625	0.0345066
0.60186690625	0.035309
0.60196455625	0.0345066
0.60206220625	0.0345066
0.60215985625	0.035309
0.60225750625	0.035309
0.60235515625	0.035309
0.60245280625	0.035309
0.60255045625	0.035309
0.60264810625	0.035309
0.60274575625	0.035309
0.60284340625	0.0345066
0.60294105625	0.035309
0.60303870625	0.035309
0.60313635625	0.0345066
0.60323400625	0.0361115
0.60333165625	0.0345066
0.60342930625	0.0345066
0.60352695625	0.035309
0.60362460625	0.0345066
0.60372225625	0.0345066
0.60381990625	0.035309
0.60391755625	0.035309
0.60401520625	0.035309
0.60411285625	0.0361115
0.60421050625	0.0345066
0.60430815625	0.035309
0.60440580625	0.035309
0.60450345625	0.035309
0.60460110625	0.0345066
0.60469875625	0.035309
0.60479640625	0.035309
0.60489405625	0.035309
0.60499170625	0.0361115
0.60508935625	0.0345066
0.60518700625	0.0345066
0.60528465625	0.0345066
0.60538230625	0.035309
0.60547995625	0.035309
0.60557760625	0.0345066
0.60567525625	0.0345066
0.60577290625	0.035309
0.60587055625	0.035309
0.60596820625	0.0345066
0.60606585625	0.035309
0.60616350625	0.0361115
0.60626115625	0.0345066
0.60635880625	0.0345066
0.60645645625	0.035309
0.60655410625	0.0345066
0.60665175625	0.0337041
0.60674940625	0.0361115
0.60684705625	0.0345066
0.60694470625	0.0345066
0.60704235625	0.0345066
0.60714000625	0.0345066
0.60723765625	0.035309
0.60733530625	0.0345066
0.60743295625	0.035309
0.60753060625	0.035309
0.60762825625	0.035309
0.60772590625	0.0345066
0.60782355625	0.035309
0.60792120625	0.035309
0.60801885625	0.0345066
0.60811650625	0.0345066
0.60821415625	0.0345066
0.60831180625	0.0345066
0.60840945625	0.0345066
0.60850710625	0.0345066
0.60860475625	0.035309
0.60870240625	0.0345066
0.60880005625	0.035309
0.60889770625	0.0345066
0.60899535625	0.0345066
0.60909300625	0.0345066
0.60919065625	0.035309
0.60928830625	0.035309
0.60938595625	0.035309
0.60948360625	0.0345066
0.60958125625	0.0345066
0.60967890625	0.0345066
0.60977655625	0.0345066
0.60987420625	0.0345066
0.60997185625	0.035309
0.61006950625	0.0345066
0.61016715625	0.0345066
0.61026480625	0.0361115
0.61036245625	0.0345066
0.61046010625	0.0345066
0.61055775625	0.0345066
0.61065540625	0.0345066
0.61075305625	0.035309
0.61085070625	0.0345066
0.61094835625	0.035309
0.61104600625	0.0345066
0.61114365625	0.0361115
0.61124130625	0.035309
0.61133895625	0.035309
0.61143660625	0.035309
0.61153425625	0.035309
0.61163190625	0.0345066
0.61172955625	0.035309
0.61182720625	0.0345066
0.61192485625	0.0345066
0.61202250625	0.035309
0.61212015625	0.0361115
0.61221780625	0.035309
0.61231545625	0.035309
0.61241310625	0.035309
0.61251075625	0.035309
0.61260840625	0.0345066
0.61270605625	0.0345066
0.61280370625	0.035309
0.61290135625	0.035309
0.61299900625	0.0361115
0.61309665625	0.0345066
0.61319430625	0.035309
0.61329195625	0.0345066
0.61338960625	0.035309
0.61348725625	0.035309
0.61358490625	0.0345066
0.61368255625	0.035309
0.61378020625	0.035309
0.61387785625	0.0345066
0.61397550625	0.035309
0.61407315625	0.035309
0.61417080625	0.035309
0.61426845625	0.035309
0.61436610625	0.0345066
0.61446375625	0.035309
0.61456140625	0.035309
0.61465905625	0.0345066
0.61475670625	0.0361115
0.61485435625	0.035309
0.61495200625	0.035309
0.61504965625	0.0345066
0.61514730625	0.035309
0.61524495625	0.035309
0.61534260625	0.0345066
0.61544025625	0.035309
0.61553790625	0.0345066
0.61563555625	0.035309
0.61573320625	0.0345066
0.61583085625	0.0345066
0.61592850625	0.035309
0.61602615625	0.035309
0.61612380625	0.0345066
0.61622145625	0.0345066
0.61631910625	0.035309
0.61641675625	0.035309
0.61651440625	0.035309
0.61661205625	0.0345066
0.61670970625	0.0345066
0.61680735625	0.0345066
0.61690500625	0.035309
0.61700265625	0.035309
0.61710030625	0.0345066
0.61719795625	0.035309
0.61729560625	0.035309
0.61739325625	0.035309
0.61749090625	0.035309
0.61758855625	0.035309
0.61768620625	0.035309
0.61778385625	0.035309
0.61788150625	0.035309
0.61797915625	0.0345066
0.61807680625	0.0345066
0.61817445625	0.0345066
0.61827210625	0.035309
0.61836975625	0.0345066
0.61846740625	0.035309
0.61856505625	0.035309
0.61866270625	0.035309
0.61876035625	0.035309
0.61885800625	0.0345066
0.61895565625	0.0345066
0.61905330625	0.035309
0.61915095625	0.0361115
0.61924860625	0.035309
0.61934625625	0.035309
0.61944390625	0.035309
0.61954155625	0.035309
0.61963920625	0.035309
0.61973685625	0.035309
0.61983450625	0.0345066
0.61993215625	0.035309
0.62002980625	0.035309
0.62012745625	0.035309
0.62022510625	0.035309
0.62032275625	0.035309
0.62042040625	0.035309
0.62051805625	0.0345066
0.62061570625	0.0345066
0.62071335625	0.0345066
0.62081100625	0.0345066
0.62090865625	0.035309
0.62100630625	0.035309
0.62110395625	0.0345066
0.62120160625	0.0345066
0.62129925625	0.035309
0.62139690625	0.0345066
0.62149455625	0.0345066
0.62159220625	0.035309
0.62168985625	0.035309
0.62178750625	0.035309
0.62188515625	0.0345066
0.62198280625	0.035309
0.62208045625	0.0345066
0.62217810625	0.035309
0.62227575625	0.0345066
0.62237340625	0.035309
0.62247105625	0.0345066
0.62256870625	0.035309
0.62266635625	0.035309
0.62276400625	0.0345066
0.62286165625	0.035309
0.62295930625	0.0345066
0.62305695625	0.0345066
0.62315460625	0.0345066
0.62325225625	0.0337041
0.62334990625	0.0345066
0.62344755625	0.035309
0.62354520625	0.0345066
0.62364285625	0.035309
0.62374050625	0.0345066
0.62383815625	0.0345066
0.62393580625	0.0345066
0.62403345625	0.0345066
0.62413110625	0.0345066
0.62422875625	0.0345066
0.62432640625	0.035309
0.62442405625	0.0345066
0.62452170625	0.0345066
0.62461935625	0.0337041
0.62471700625	0.035309
0.62481465625	0.035309
0.62491230625	0.0345066
0.62500995625	0.0345066
0.62510760625	0.0345066
0.62520525625	0.0345066
0.62530290625	0.035309
0.62540055625	0.035309
0.62549820625	0.0345066
0.62559585625	0.035309
0.62569350625	0.0345066
0.62579115625	0.0345066
0.62588880625	0.0345066
0.62598645625	0.0345066
0.62608410625	0.0345066
0.62618175625	0.035309
0.62627940625	0.035309
0.62637705625	0.035309
0.62647470625	0.0337041
0.62657235625	0.0345066
0.62667000625	0.035309
0.62676765625	0.0345066
0.62686530625	0.0345066
0.62696295625	0.035309
0.62706060625	0.035309
0.62715825625	0.035309
0.62725590625	0.0345066
0.62735355625	0.035309
0.62745120625	0.035309
0.62754885625	0.0337041
0.62764650625	0.0345066
0.62774415625	0.0345066
0.62784180625	0.0345066
0.62793945625	0.035309
0.62803710625	0.0345066
0.62813475625	0.0345066
0.62823240625	0.0345066
0.62833005625	0.0345066
0.62842770625	0.035309
0.62852535625	0.0345066
0.62862300625	0.035309
0.62872065625	0.0337041
0.62881830625	0.0345066
0.62891595625	0.0345066
0.62901360625	0.035309
0.62911125625	0.0345066
0.62920890625	0.0345066
0.62930655625	0.035309
0.62940420625	0.0345066
0.62950185625	0.0345066
0.62959950625	0.0345066
0.62969715625	0.035309
0.62979480625	0.0345066
0.62989245625	0.0345066
0.62999010625	0.035309
0.63008775625	0.0345066
0.63018540625	0.0345066
0.63028305625	0.0345066
0.63038070625	0.0345066
0.63047835625	0.035309
0.63057600625	0.0361115
0.63067365625	0.0345066
0.63077130625	0.035309
0.63086895625	0.035309
0.63096660625	0.035309
0.63106425625	0.0337041
0.63116190625	0.035309
0.63125955625	0.0345066
0.63135720625	0.0345066
0.63145485625	0.035309
0.63155250625	0.0345066
0.63165015625	0.035309
0.63174780625	0.0345066
0.63184545625	0.0345066
0.63194310625	0.0345066
0.63204075625	0.0345066
0.63213840625	0.0345066
0.63223605625	0.0337041
0.63233370625	0.035309
0.63243135625	0.035309
0.63252900625	0.035309
0.63262665625	0.0345066
0.63272430625	0.0345066
0.63282195625	0.0345066
0.63291960625	0.0345066
0.63301725625	0.0345066
0.63311490625	0.035309
0.63321255625	0.0361115
0.63331020625	0.0345066
0.63340785625	0.035309
0.63350550625	0.0345066
0.63360315625	0.0345066
0.63370080625	0.0345066
0.63379845625	0.035309
0.63389610625	0.035309
0.63399375625	0.0345066
0.63409140625	0.035309
0.63418905625	0.0345066
0.63428670625	0.0345066
0.63438435625	0.0345066
0.63448200625	0.035309
0.63457965625	0.0345066
0.63467730625	0.0345066
0.63477495625	0.0337041
0.63487260625	0.0345066
0.63497025625	0.035309
0.63506790625	0.0337041
0.63516555625	0.035309
0.63526320625	0.0361115
0.63536085625	0.035309
0.63545850625	0.0345066
0.63555615625	0.0345066
0.63565380625	0.0345066
0.63575145625	0.0345066
0.63584910625	0.035309
0.63594675625	0.0345066
0.63604440625	0.035309
0.63614205625	0.035309
0.63623970625	0.035309
0.63633735625	0.035309
0.63643500625	0.035309
0.63653265625	0.0345066
0.63663030625	0.0345066
0.63672795625	0.035309
0.63682560625	0.035309
0.63692325625	0.035309
0.63702090625	0.0345066
0.63711855625	0.0345066
0.63721620625	0.0345066
0.63731385625	0.0345066
0.63741150625	0.035309
0.63750915625	0.035309
0.63760680625	0.0361115
0.63770445625	0.0345066
0.63780210625	0.0345066
0.63789975625	0.0345066
0.63799740625	0.0345066
0.63809505625	0.0345066
0.63819270625	0.0345066
0.63829035625	0.035309
0.63838800625	0.035309
0.63848565625	0.035309
0.63858330625	0.035309
0.63868095625	0.035309
0.63877860625	0.035309
0.63887625625	0.035309
0.63897390625	0.035309
0.63907155625	0.035309
0.63916920625	0.0345066
0.63926685625	0.035309
0.63936450625	0.035309
0.63946215625	0.035309
0.63955980625	0.035309
0.63965745625	0.0345066
0.63975510625	0.0345066
0.63985275625	0.0345066
0.63995040625	0.0345066
0.64004805625	0.0345066
0.64014570625	0.0345066
0.64024335625	0.0361115
0.64034100625	0.0345066
0.64043865625	0.035309
0.64053630625	0.0345066
0.64063395625	0.035309
0.64073160625	0.0345066
0.64082925625	0.035309
0.64092690625	0.035309
0.64102455625	0.035309
0.64112220625	0.0361115
0.64121985625	0.0345066
0.64131750625	0.0345066
0.64141515625	0.0361115
0.64151280625	0.0345066
0.64161045625	0.035309
0.64170810625	0.035309
0.64180575625	0.035309
0.64190340625	0.035309
0.64200105625	0.035309
0.64209870625	0.035309
0.64219635625	0.0345066
0.64229400625	0.0345066
0.64239165625	0.0345066
0.64248930625	0.035309
0.64258695625	0.035309
0.64268460625	0.035309
0.64278225625	0.035309
0.64287990625	0.035309
0.64297755625	0.0345066
0.64307520625	0.035309
0.64317285625	0.035309
0.64327050625	0.0345066
0.64336815625	0.0345066
0.64346580625	0.035309
0.64356345625	0.035309
0.64366110625	0.035309
0.64375875625	0.035309
0.64385640625	0.035309
0.64395405625	0.035309
0.64405170625	0.0345066
0.64414935625	0.035309
0.64424700625	0.0361115
0.64434465625	0.035309
0.64444230625	0.035309
0.64453995625	0.0345066
0.64463760625	0.0361115
0.64473525625	0.0345066
0.64483290625	0.035309
0.64493055625	0.0345066
0.64502820625	0.035309
0.64512585625	0.035309
0.64522350625	0.0345066
0.64532115625	0.035309
0.64541880625	0.0345066
0.64551645625	0.0361115
0.64561410625	0.0345066
0.64571175625	0.0345066
0.64580940625	0.0345066
0.64590705625	0.035309
0.64600470625	0.035309
0.64610235625	0.0345066
0.64620000625	0.0345066
0.64629765625	0.0345066
0.64639530625	0.035309
0.64649295625	0.0345066
0.64659060625	0.035309
0.64668825625	0.0345066
0.64678590625	0.035309
0.64688355625	0.0345066
0.64698120625	0.0345066
0.64707885625	0.0345066
0.64717650625	0.0345066
0.64727415625	0.035309
0.64737180625	0.0345066
0.64746945625	0.0345066
0.64756710625	0.0345066
0.64766475625	0.035309
0.64776240625	0.0345066
0.64786005625	0.035309
0.64795770625	0.0345066
0.64805535625	0.035309
0.64815300625	0.035309
0.64825065625	0.035309
0.64834830625	0.035309
0.64844595625	0.035309
0.64854360625	0.035309
0.64864125625	0.035309
0.64873890625	0.035309
0.64883655625	0.035309
0.64893420625	0.035309
0.64903185625	0.0361115
0.64912950625	0.0345066
0.64922715625	0.035309
0.64932480625	0.0345066
0.64942245625	0.035309
0.64952010625	0.035309
0.64961775625	0.0345066
0.64971540625	0.0345066
0.64981305625	0.0345066
0.64991070625	0.035309
0.65000835625	0.035309
0.65010600625	0.0345066
0.65020365625	0.035309
0.65030130625	0.035309
0.65039895625	0.035309
0.65049660625	0.035309
0.65059425625	0.035309
0.65069190625	0.035309
0.65078955625	0.0345066
0.65088720625	0.0361115
0.65098485625	0.035309
0.65108250625	0.0345066
0.65118015625	0.035309
0.65127780625	0.035309
0.65137545625	0.035309
0.65147310625	0.035309
0.65157075625	0.035309
0.65166840625	0.035309
0.65176605625	0.0361115
0.65186370625	0.0345066
0.65196135625	0.0345066
0.65205900625	0.0345066
0.65215665625	0.035309
0.65225430625	0.035309
0.65235195625	0.0345066
0.65244960625	0.0345066
0.65254725625	0.035309
0.65264490625	0.035309
0.65274255625	0.0345066
0.65284020625	0.035309
0.65293785625	0.035309
0.65303550625	0.0345066
0.65313315625	0.035309
0.65323080625	0.0345066
0.65332845625	0.035309
0.65342610625	0.0345066
0.65352375625	0.035309
0.65362140625	0.035309
0.65371905625	0.035309
0.65381670625	0.0345066
0.65391435625	0.0345066
0.65401200625	0.0345066
0.65410965625	0.035309
0.65420730625	0.035309
0.65430495625	0.0345066
0.65440260625	0.0361115
0.65450025625	0.0345066
0.65459790625	0.035309
0.65469555625	0.035309
0.65479320625	0.035309
0.65489085625	0.035309
0.65498850625	0.035309
0.65508615625	0.035309
0.65518380625	0.035309
0.65528145625	0.035309
0.65537910625	0.035309
0.65547675625	0.035309
0.65557440625	0.035309
0.65567205625	0.035309
0.65576970625	0.0361115
0.65586735625	0.035309
0.65596500625	0.0345066
0.65606265625	0.035309
0.65616030625	0.035309
0.65625795625	0.035309
0.65635560625	0.035309
0.65645325625	0.0345066
0.65655090625	0.035309
0.65664855625	0.0345066
0.65674620625	0.035309
0.65684385625	0.035309
0.65694150625	0.0361115
0.65703915625	0.0361115
0.65713680625	0.035309
0.65723445625	0.035309
0.65733210625	0.0345066
0.65742975625	0.0345066
0.65752740625	0.0345066
0.65762505625	0.0345066
0.65772270625	0.0345066
0.65782035625	0.035309
0.65791800625	0.035309
0.65801565625	0.035309
0.65811330625	0.0345066
0.65821095625	0.035309
0.65830860625	0.035309
0.65840625625	0.0345066
0.65850390625	0.035309
0.65860155625	0.035309
0.65869920625	0.0345066
0.65879685625	0.035309
0.65889450625	0.0345066
0.65899215625	0.035309
0.65908980625	0.035309
0.65918745625	0.035309
0.65928510625	0.0345066
0.65938275625	0.035309
0.65948040625	0.0345066
0.65957805625	0.0345066
0.65967570625	0.035309
0.65977335625	0.035309
0.65987100625	0.0345066
0.65996865625	0.035309
0.66006630625	0.035309
0.66016395625	0.035309
0.66026160625	0.035309
0.66035925625	0.035309
0.66045690625	0.035309
0.66055455625	0.0345066
0.66065220625	0.035309
0.66074985625	0.035309
0.66084750625	0.035309
0.66094515625	0.035309
0.66104280625	0.0345066
0.66114045625	0.035309
0.66123810625	0.035309
0.66133575625	0.0345066
0.66143340625	0.0361115
0.66153105625	0.035309
0.66162870625	0.035309
0.66172635625	0.035309
0.66182400625	0.035309
0.66192165625	0.035309
0.66201930625	0.035309
0.66211695625	0.035309
0.66221460625	0.0345066
0.66231225625	0.035309
0.66240990625	0.0345066
0.66250755625	0.0345066
0.66260520625	0.0345066
0.66270285625	0.035309
0.66280050625	0.035309
0.66289815625	0.035309
0.66299580625	0.0345066
0.66309345625	0.0345066
0.66319110625	0.0345066
0.66328875625	0.035309
0.66338640625	0.035309
0.66348405625	0.035309
0.66358170625	0.035309
0.66367935625	0.0345066
0.66377700625	0.0345066
0.66387465625	0.0345066
0.66397230625	0.035309
0.66406995625	0.0345066
0.66416760625	0.035309
0.66426525625	0.035309
0.66436290625	0.0345066
0.66446055625	0.035309
0.66455820625	0.0345066
0.66465585625	0.0345066
0.66475350625	0.0345066
0.66485115625	0.035309
0.66494880625	0.035309
0.66504645625	0.0345066
0.66514410625	0.0345066
0.66524175625	0.035309
0.66533940625	0.0345066
0.66543705625	0.035309
0.66553470625	0.035309
0.66563235625	0.035309
0.66573000625	0.0345066
0.66582765625	0.035309
0.66592530625	0.0345066
0.66602295625	0.0345066
0.66612060625	0.035309
0.66621825625	0.0361115
0.66631590625	0.0345066
0.66641355625	0.035309
0.66651120625	0.035309
0.66660885625	0.035309
0.66670650625	0.0345066
0.66680415625	0.0361115
0.66690180625	0.0345066
0.66699945625	0.035309
0.66709710625	0.035309
0.66719475625	0.035309
0.66729240625	0.0345066
0.66739005625	0.0345066
0.66748770625	0.0345066
0.66758535625	0.035309
0.66768300625	0.035309
0.66778065625	0.035309
0.66787830625	0.0345066
0.66797595625	0.0345066
0.66807360625	0.035309
0.66817125625	0.035309
0.66826890625	0.035309
0.66836655625	0.035309
0.66846420625	0.035309
0.66856185625	0.035309
0.66865950625	0.0345066
0.66875715625	0.0345066
0.66885480625	0.035309
0.66895245625	0.0345066
0.66905010625	0.0345066
0.66914775625	0.0361115
0.66924540625	0.0345066
0.66934305625	0.0345066
0.66944070625	0.035309
0.66953835625	0.035309
0.66963600625	0.0345066
0.66973365625	0.0345066
0.66983130625	0.035309
0.66992895625	0.035309
0.67002660625	0.035309
0.67012425625	0.035309
0.67022190625	0.0345066
0.67031955625	0.0361115
0.67041720625	0.0345066
0.67051485625	0.0345066
0.67061250625	0.035309
0.67071015625	0.035309
0.67080780625	0.035309
0.67090545625	0.0345066
0.67100310625	0.035309
0.67110075625	0.035309
0.67119840625	0.0361115
0.67129605625	0.0345066
0.67139370625	0.0337041
0.67149135625	0.035309
0.67158900625	0.035309
0.67168665625	0.035309
0.67178430625	0.0345066
0.67188195625	0.035309
0.67197960625	0.0345066
0.67207725625	0.035309
0.67217490625	0.035309
0.67227255625	0.0345066
0.67237020625	0.0345066
0.67246785625	0.035309
0.67256550625	0.0345066
0.67266315625	0.035309
0.67276080625	0.035309
0.67285845625	0.0345066
0.67295610625	0.035309
0.67305375625	0.035309
0.67315140625	0.0345066
0.67324905625	0.035309
0.67334670625	0.035309
0.67344435625	0.0345066
0.67354200625	0.035309
0.67363965625	0.035309
0.67373730625	0.0345066
0.67383495625	0.035309
0.67393260625	0.035309
0.67403025625	0.035309
0.67412790625	0.035309
0.67422555625	0.035309
0.67432320625	0.0337041
0.67442085625	0.0345066
0.67451850625	0.0345066
0.67461615625	0.0345066
0.67471380625	0.0361115
0.67481145625	0.035309
0.67490910625	0.0345066
0.67500675625	0.035309
0.67510440625	0.035309
0.67520205625	0.0345066
0.67529970625	0.035309
0.67539735625	0.035309
0.67549500625	0.035309
0.67559265625	0.035309
0.67569030625	0.035309
0.67578795625	0.0337041
0.67588560625	0.035309
0.67598325625	0.0345066
0.67608090625	0.035309
0.67617855625	0.035309
0.67627620625	0.035309
0.67637385625	0.035309
0.67647150625	0.035309
0.67656915625	0.0345066
0.67666680625	0.035309
0.67676445625	0.0345066
0.67686210625	0.035309
0.67695975625	0.035309
0.67705740625	0.0345066
0.67715505625	0.0345066
0.67725270625	0.0345066
0.67735035625	0.035309
0.67744800625	0.0345066
0.67754565625	0.0345066
0.67764330625	0.035309
0.67774095625	0.035309
0.67783860625	0.0345066
0.67793625625	0.0345066
0.67803390625	0.035309
0.67813155625	0.035309
0.67822920625	0.035309
0.67832685625	0.036914
0.67842450625	0.035309
0.67852215625	0.0345066
0.67861980625	0.035309
0.67871745625	0.0345066
0.67881510625	0.0345066
0.67891275625	0.0345066
0.67901040625	0.035309
0.67910805625	0.0361115
0.67920570625	0.0345066
0.67930335625	0.035309
0.67940100625	0.035309
0.67949865625	0.0345066
0.67959630625	0.035309
0.67969395625	0.035309
0.67979160625	0.035309
0.67988925625	0.035309
0.67998690625	0.0345066
0.68008455625	0.035309
0.68018220625	0.0345066
0.68027985625	0.0345066
0.68037750625	0.0345066
0.68047515625	0.035309
0.68057280625	0.035309
0.68067045625	0.0345066
0.68076810625	0.0345066
0.68086575625	0.035309
0.68096340625	0.035309
0.68106105625	0.0345066
0.68115870625	0.035309
0.68125635625	0.035309
0.68135400625	0.035309
0.68145165625	0.0345066
0.68154930625	0.0345066
0.68164695625	0.035309
0.68174460625	0.035309
0.68184225625	0.035309
0.68193990625	0.0345066
0.68203755625	0.035309
0.68213520625	0.0345066
0.68223285625	0.0345066
0.68233050625	0.035309
0.68242815625	0.035309
0.68252580625	0.035309
0.68262345625	0.035309
0.68272110625	0.035309
0.68281875625	0.0345066
0.68291640625	0.0345066
0.68301405625	0.035309
0.68311170625	0.035309
0.68320935625	0.035309
0.68330700625	0.0345066
0.68340465625	0.0345066
0.68350230625	0.0345066
0.68359995625	0.035309
0.68369760625	0.0345066
0.68379525625	0.0345066
0.68389290625	0.0345066
0.68399055625	0.035309
0.68408820625	0.0345066
0.68418585625	0.035309
0.68428350625	0.0345066
0.68438115625	0.035309
0.68447880625	0.035309
0.68457645625	0.0361115
0.68467410625	0.0345066
0.68477175625	0.0345066
0.68486940625	0.0345066
0.68496705625	0.0345066
0.68506470625	0.0345066
0.68516235625	0.035309
0.68526000625	0.0345066
0.68535765625	0.035309
0.68545530625	0.035309
0.68555295625	0.035309
0.68565060625	0.0345066
0.68574825625	0.0337041
0.68584590625	0.0345066
0.68594355625	0.035309
0.68604120625	0.0345066
0.68613885625	0.0345066
0.68623650625	0.035309
0.68633415625	0.0345066
0.68643180625	0.0337041
0.68652945625	0.0345066
0.68662710625	0.0345066
0.68672475625	0.035309
0.68682240625	0.0345066
0.68692005625	0.035309
0.68701770625	0.0345066
0.68711535625	0.035309
0.68721300625	0.0345066
0.68731065625	0.0345066
0.68740830625	0.0345066
0.68750595625	0.035309
0.68760360625	0.035309
0.68770125625	0.0345066
0.68779890625	0.0345066
0.68789655625	0.0345066
0.68799420625	0.035309
0.68809185625	0.0345066
0.68818950625	0.0345066
0.68828715625	0.035309
0.68838480625	0.035309
0.68848245625	0.035309
0.68858010625	0.0345066
0.68867775625	0.0345066
0.68877540625	0.0345066
0.68887305625	0.0361115
0.68897070625	0.035309
0.68906835625	0.035309
0.68916600625	0.0345066
0.68926365625	0.0345066
0.68936130625	0.0345066
0.68945895625	0.0345066
0.68955660625	0.0345066
0.68965425625	0.035309
0.68975190625	0.035309
0.68984955625	0.0345066
0.68994720625	0.0345066
0.69004485625	0.035309
0.69014250625	0.0345066
0.69024015625	0.0345066
0.69033780625	0.035309
0.69043545625	0.035309
0.69053310625	0.035309
0.69063075625	0.035309
0.69072840625	0.035309
0.69082605625	0.035309
0.69092370625	0.035309
0.69102135625	0.035309
0.69111900625	0.0345066
0.69121665625	0.0345066
0.69131430625	0.035309
0.69141195625	0.035309
0.69150960625	0.035309
0.69160725625	0.0345066
0.69170490625	0.035309
0.69180255625	0.0345066
0.69190020625	0.0345066
0.69199785625	0.035309
0.69209550625	0.035309
0.69219315625	0.035309
0.69229080625	0.0345066
0.69238845625	0.0361115
0.69248610625	0.0345066
0.69258375625	0.0345066
0.69268140625	0.035309
0.69277905625	0.035309
0.69287670625	0.035309
0.69297435625	0.035309
0.69307200625	0.035309
0.69316965625	0.035309
0.69326730625	0.035309
0.69336495625	0.0361115
0.69346260625	0.035309
0.69356025625	0.0345066
0.69365790625	0.035309
0.69375555625	0.0345066
0.69385320625	0.035309
0.69395085625	0.035309
0.69404850625	0.0345066
0.69414615625	0.035309
0.69424380625	0.035309
0.69434145625	0.0345066
0.69443910625	0.0345066
0.69453675625	0.035309
0.69463440625	0.035309
0.69473205625	0.0345066
0.69482970625	0.0345066
0.69492735625	0.0345066
0.69502500625	0.0361115
0.69512265625	0.0345066
0.69522030625	0.035309
0.69531795625	0.0345066
0.69541560625	0.0345066
0.69551325625	0.0345066
0.69561090625	0.035309
0.69570855625	0.0345066
0.69580620625	0.035309
0.69590385625	0.035309
0.69600150625	0.0345066
0.69609915625	0.035309
0.69619680625	0.035309
0.69629445625	0.0345066
0.69639210625	0.035309
0.69648975625	0.0345066
0.69658740625	0.035309
0.69668505625	0.035309
0.69678270625	0.035309
0.69688035625	0.0345066
0.69697800625	0.035309
0.69707565625	0.035309
0.69717330625	0.0345066
0.69727095625	0.035309
0.69736860625	0.0345066
0.69746625625	0.0345066
0.69756390625	0.0345066
0.69766155625	0.0361115
0.69775920625	0.0345066
0.69785685625	0.0345066
0.69795450625	0.0345066
0.69805215625	0.035309
0.69814980625	0.0345066
0.69824745625	0.035309
0.69834510625	0.035309
0.69844275625	0.035309
0.69854040625	0.0361115
0.69863805625	0.0337041
0.69873570625	0.035309
0.69883335625	0.0345066
0.69893100625	0.0345066
0.69902865625	0.0345066
0.69912630625	0.035309
0.69922395625	0.0345066
0.69932160625	0.0345066
0.69941925625	0.0345066
0.69951690625	0.0345066
0.69961455625	0.0345066
0.69971220625	0.0345066
0.69980985625	0.035309
0.69990750625	0.035309
0.70000515625	0.035309
0.70010280625	0.035309
0.70020045625	0.0345066
0.70029810625	0.0345066
0.70039575625	0.035309
0.70049340625	0.0345066
0.70059105625	0.0345066
0.70068870625	0.035309
0.70078635625	0.0345066
0.70088400625	0.0345066
0.70098165625	0.0345066
0.70107930625	0.0337041
0.70117695625	0.0345066
0.70127460625	0.035309
0.70137225625	0.035309
0.70146990625	0.035309
0.70156755625	0.035309
0.70166520625	0.035309
0.70176285625	0.0345066
0.70186050625	0.0345066
0.70195815625	0.035309
0.70205580625	0.0345066
0.70215345625	0.0361115
0.70225110625	0.035309
0.70234875625	0.035309
0.70244640625	0.035309
0.70254405625	0.035309
0.70264170625	0.0345066
0.70273935625	0.035309
0.70283700625	0.0345066
0.70293465625	0.035309
0.70303230625	0.035309
0.70312995625	0.035309
0.70322760625	0.0345066
0.70332525625	0.0345066
0.70342290625	0.035309
0.70352055625	0.035309
0.70361820625	0.035309
0.70371585625	0.0345066
0.70381350625	0.035309
0.70391115625	0.035309
0.70400880625	0.0345066
0.70410645625	0.035309
0.70420410625	0.0345066
0.70430175625	0.035309
0.70439940625	0.035309
0.70449705625	0.0345066
0.70459470625	0.0345066
0.70469235625	0.0345066
0.70479000625	0.035309
0.70488765625	0.0345066
0.70498530625	0.035309
0.70508295625	0.035309
0.70518060625	0.0345066
0.70527825625	0.0345066
0.70537590625	0.035309
0.70547355625	0.0345066
0.70557120625	0.0345066
0.70566885625	0.035309
0.70576650625	0.0345066
0.70586415625	0.0345066
0.70596180625	0.0345066
0.70605945625	0.035309
0.70615710625	0.0345066
0.70625475625	0.035309
0.70635240625	0.035309
0.70645005625	0.0345066
0.70654770625	0.0361115
0.70664535625	0.0337041
0.70674300625	0.0345066
0.70684065625	0.0345066
0.70693830625	0.035309
0.70703595625	0.035309
0.70713360625	0.0345066
0.70723125625	0.0345066
0.70732890625	0.0345066
0.70742655625	0.0361115
0.70752420625	0.035309
0.70762185625	0.0345066
0.70771950625	0.035309
0.70781715625	0.035309
0.70791480625	0.0345066
0.70801245625	0.035309
0.70811010625	0.035309
0.70820775625	0.035309
0.70830540625	0.035309
0.70840305625	0.035309
0.70850070625	0.035309
0.70859835625	0.0345066
0.70869600625	0.035309
0.70879365625	0.0345066
0.70889130625	0.035309
0.70898895625	0.035309
0.70908660625	0.035309
0.70918425625	0.036914
0.70928190625	0.0345066
0.70937955625	0.0345066
0.70947720625	0.0345066
0.70957485625	0.0345066
0.70967250625	0.035309
0.70977015625	0.035309
0.70986780625	0.035309
0.70996545625	0.0345066
0.71006310625	0.035309
0.71016075625	0.0361115
0.71025840625	0.0345066
0.71035605625	0.0345066
0.71045370625	0.0345066
0.71055135625	0.035309
0.71064900625	0.035309
0.71074665625	0.035309
0.71084430625	0.0345066
0.71094195625	0.035309
0.71103960625	0.035309
0.71113725625	0.0361115
0.71123490625	0.035309
0.71133255625	0.0345066
0.71143020625	0.0345066
0.71152785625	0.0337041
0.71162550625	0.035309
0.71172315625	0.0345066
0.71182080625	0.035309
0.71191845625	0.035309
0.71201610625	0.035309
0.71211375625	0.035309
0.71221140625	0.0345066
0.71230905625	0.0345066
0.71240670625	0.035309
0.71250435625	0.035309
0.71260200625	0.035309
0.71269965625	0.035309
0.71279730625	0.035309
0.71289495625	0.0345066
0.71299260625	0.035309
0.71309025625	0.035309
0.71318790625	0.035309
0.71328555625	0.035309
0.71338320625	0.035309
0.71348085625	0.035309
0.71357850625	0.035309
0.71367615625	0.035309
0.71377380625	0.0345066
0.71387145625	0.035309
0.71396910625	0.035309
0.71406675625	0.035309
0.71416440625	0.035309
0.71426205625	0.035309
0.71435970625	0.0345066
0.71445735625	0.035309
0.71455500625	0.0361115
0.71465265625	0.035309
0.71475030625	0.035309
0.71484795625	0.035309
0.71494560625	0.0345066
0.71504325625	0.035309
0.71514090625	0.0345066
0.71523855625	0.0345066
0.71533620625	0.035309
0.71543385625	0.0361115
0.71553150625	0.035309
0.71562915625	0.035309
0.71572680625	0.035309
0.71582445625	0.035309
0.71592210625	0.035309
0.71601975625	0.035309
0.71611740625	0.035309
0.71621505625	0.035309
0.71631270625	0.035309
0.71641035625	0.035309
0.71650800625	0.035309
0.71660565625	0.035309
0.71670330625	0.035309
0.71680095625	0.035309
0.71689860625	0.0345066
0.71699625625	0.035309
0.71709390625	0.035309
0.71719155625	0.035309
0.71728920625	0.035309
0.71738685625	0.035309
0.71748450625	0.0345066
0.71758215625	0.035309
0.71767980625	0.035309
0.71777745625	0.0345066
0.71787510625	0.035309
0.71797275625	0.035309
0.71807040625	0.0361115
0.71816805625	0.035309
0.71826570625	0.035309
0.71836335625	0.035309
0.71846100625	0.035309
0.71855865625	0.035309
0.71865630625	0.035309
0.71875395625	0.0361115
0.71885160625	0.0345066
0.71894925625	0.035309
0.71904690625	0.035309
0.71914455625	0.0345066
0.71924220625	0.035309
0.71933985625	0.0345066
0.71943750625	0.0345066
0.71953515625	0.0345066
0.71963280625	0.0345066
0.71973045625	0.035309
0.71982810625	0.0361115
0.71992575625	0.0337041
0.72002340625	0.035309
0.72012105625	0.0345066
0.72021870625	0.0361115
0.72031635625	0.0345066
0.72041400625	0.035309
0.72051165625	0.035309
0.72060930625	0.035309
0.72070695625	0.035309
0.72080460625	0.035309
0.72090225625	0.035309
0.72099990625	0.035309
0.72109755625	0.035309
0.72119520625	0.035309
0.72129285625	0.035309
0.72139050625	0.0345066
0.72148815625	0.035309
0.72158580625	0.035309
0.72168345625	0.0345066
0.72178110625	0.035309
0.72187875625	0.035309
0.72197640625	0.035309
0.72207405625	0.035309
0.72217170625	0.0345066
0.72226935625	0.035309
0.72236700625	0.035309
0.72246465625	0.0345066
0.72256230625	0.0361115
0.72265995625	0.035309
0.72275760625	0.0345066
0.72285525625	0.0345066
0.72295290625	0.0345066
0.72305055625	0.0345066
0.72314820625	0.0345066
0.72324585625	0.035309
0.72334350625	0.035309
0.72344115625	0.035309
0.72353880625	0.035309
0.72363645625	0.0345066
0.72373410625	0.0345066
0.72383175625	0.035309
0.72392940625	0.035309
0.72402705625	0.035309
0.72412470625	0.035309
0.72422235625	0.0345066
0.72432000625	0.035309
0.72441765625	0.0345066
0.72451530625	0.0345066
0.72461295625	0.0345066
0.72471060625	0.035309
0.72480825625	0.0345066
0.72490590625	0.035309
0.72500355625	0.035309
0.72510120625	0.0345066
0.72519885625	0.035309
0.72529650625	0.0345066
0.72539415625	0.035309
0.72549180625	0.0345066
0.72558945625	0.035309
0.72568710625	0.0345066
0.72578475625	0.035309
0.72588240625	0.0345066
0.72598005625	0.0345066
0.72607770625	0.0361115
0.72617535625	0.035309
0.72627300625	0.035309
0.72637065625	0.035309
0.72646830625	0.035309
0.72656595625	0.035309
0.72666360625	0.0345066
0.72676125625	0.035309
0.72685890625	0.0345066
0.72695655625	0.035309
0.72705420625	0.0345066
0.72715185625	0.035309
0.72724950625	0.035309
0.72734715625	0.0345066
0.72744480625	0.0345066
0.72754245625	0.035309
0.72764010625	0.035309
0.72773775625	0.035309
0.72783540625	0.035309
0.72793305625	0.035309
0.72803070625	0.035309
0.72812835625	0.0345066
0.72822600625	0.035309
0.72832365625	0.0345066
0.72842130625	0.0345066
0.72851895625	0.035309
0.72861660625	0.035309
0.72871425625	0.035309
0.72881190625	0.035309
0.72890955625	0.035309
0.72900720625	0.035309
0.72910485625	0.0345066
0.72920250625	0.0345066
0.72930015625	0.0345066
0.72939780625	0.0345066
0.72949545625	0.0345066
0.72959310625	0.0361115
0.72969075625	0.035309
0.72978840625	0.035309
0.72988605625	0.0345066
0.72998370625	0.035309
0.73008135625	0.035309
0.73017900625	0.035309
0.73027665625	0.035309
0.73037430625	0.035309
0.73047195625	0.0361115
0.73056960625	0.0345066
0.73066725625	0.035309
0.73076490625	0.035309
0.73086255625	0.035309
0.73096020625	0.035309
0.73105785625	0.035309
0.73115550625	0.0361115
0.73125315625	0.035309
0.73135080625	0.0361115
0.73144845625	0.0345066
0.73154610625	0.0345066
0.73164375625	0.035309
0.73174140625	0.0361115
0.73183905625	0.035309
0.73193670625	0.035309
0.73203435625	0.0345066
0.73213200625	0.035309
0.73222965625	0.0361115
0.73232730625	0.035309
0.73242495625	0.035309
0.73252260625	0.035309
0.73262025625	0.035309
0.73271790625	0.0361115
0.73281555625	0.035309
0.73291320625	0.0345066
0.73301085625	0.0345066
0.73310850625	0.0361115
0.73320615625	0.035309
0.73330380625	0.035309
0.73340145625	0.035309
0.73349910625	0.0345066
0.73359675625	0.035309
0.73369440625	0.0345066
0.73379205625	0.035309
0.73388970625	0.035309
0.73398735625	0.0361115
0.73408500625	0.0345066
0.73418265625	0.0345066
0.73428030625	0.035309
0.73437795625	0.0345066
0.73447560625	0.035309
0.73457325625	0.0345066
0.73467090625	0.0345066
0.73476855625	0.0345066
0.73486620625	0.035309
0.73496385625	0.0345066
0.73506150625	0.035309
0.73515915625	0.035309
0.73525680625	0.0345066
0.73535445625	0.0361115
0.73545210625	0.0345066
0.73554975625	0.0345066
0.73564740625	0.035309
0.73574505625	0.0345066
0.73584270625	0.035309
0.73594035625	0.0345066
0.73603800625	0.035309
0.73613565625	0.0345066
0.73623330625	0.035309
0.73633095625	0.0345066
0.73642860625	0.0345066
0.73652625625	0.0345066
0.73662390625	0.0345066
0.73672155625	0.035309
0.73681920625	0.0345066
0.73691685625	0.035309
0.73701450625	0.0345066
0.73711215625	0.0345066
0.73720980625	0.035309
0.73730745625	0.0345066
0.73740510625	0.035309
0.73750275625	0.035309
0.73760040625	0.035309
0.73769805625	0.0345066
0.73779570625	0.035309
0.73789335625	0.035309
0.73799100625	0.035309
0.73808865625	0.035309
0.73818630625	0.0345066
0.73828395625	0.035309
0.73838160625	0.0345066
0.73847925625	0.0361115
0.73857690625	0.0345066
0.73867455625	0.035309
0.73877220625	0.035309
0.73886985625	0.0345066
0.73896750625	0.035309
0.73906515625	0.0345066
0.73916280625	0.0345066
0.73926045625	0.035309
0.73935810625	0.0345066
0.73945575625	0.0345066
0.73955340625	0.035309
0.73965105625	0.0345066
0.73974870625	0.035309
0.73984635625	0.035309
0.73994400625	0.0345066
0.74004165625	0.035309
0.74013930625	0.035309
0.74023695625	0.0361115
0.74033460625	0.035309
0.74043225625	0.035309
0.74052990625	0.035309
0.74062755625	0.035309
0.74072520625	0.0345066
0.74082285625	0.0345066
0.74092050625	0.0337041
0.74101815625	0.035309
0.74111580625	0.035309
0.74121345625	0.0345066
0.74131110625	0.0345066
0.74140875625	0.035309
0.74150640625	0.035309
0.74160405625	0.0345066
0.74170170625	0.035309
0.74179935625	0.035309
0.74189700625	0.0345066
0.74199465625	0.0361115
0.74209230625	0.0345066
0.74218995625	0.035309
0.74228760625	0.035309
0.74238525625	0.035309
0.74248290625	0.035309
0.74258055625	0.0345066
0.74267820625	0.0345066
0.74277585625	0.0345066
0.74287350625	0.035309
0.74297115625	0.035309
0.74306880625	0.0345066
0.74316645625	0.0345066
0.74326410625	0.035309
0.74336175625	0.0345066
0.74345940625	0.0345066
0.74355705625	0.035309
0.74365470625	0.035309
0.74375235625	0.0361115
0.74385000625	0.035309
0.74394765625	0.0345066
0.74404530625	0.0345066
0.74414295625	0.0345066
0.74424060625	0.0345066
0.74433825625	0.0345066
0.74443590625	0.035309
0.74453355625	0.0361115
0.74463120625	0.035309
0.74472885625	0.0337041
0.74482650625	0.0345066
0.74492415625	0.0345066
0.74502180625	0.0345066
0.74511945625	0.0345066
0.74521710625	0.035309
0.74531475625	0.0345066
0.74541240625	0.035309
0.74551005625	0.0345066
0.74560770625	0.0345066
0.74570535625	0.0337041
0.74580300625	0.035309
0.74590065625	0.035309
0.74599830625	0.035309
0.74609595625	0.0361115
0.74619360625	0.0345066
0.74629125625	0.0345066
0.74638890625	0.0361115
0.74648655625	0.0337041
0.74658420625	0.035309
0.74668185625	0.0345066
0.74677950625	0.035309
0.74687715625	0.035309
0.74697480625	0.0345066
0.74707245625	0.0345066
0.74717010625	0.0345066
0.74726775625	0.0345066
0.74736540625	0.0337041
0.74746305625	0.0345066
0.74756070625	0.0345066
0.74765835625	0.035309
0.74775600625	0.035309
0.74785365625	0.035309
0.74795130625	0.035309
0.74804895625	0.0361115
0.74814660625	0.0361115
0.74824425625	0.035309
0.74834190625	0.0345066
0.74843955625	0.035309
0.74853720625	0.0345066
0.74863485625	0.035309
0.74873250625	0.035309
0.74883015625	0.035309
0.74892780625	0.035309
0.74902545625	0.035309
0.74912310625	0.0345066
0.74922075625	0.035309
0.74931840625	0.035309
0.74941605625	0.035309
0.74951370625	0.035309
0.74961135625	0.035309
0.74970900625	0.035309
0.74980665625	0.0345066
0.74990430625	0.035309
0.75000195625	0.035309
0.75009960625	0.035309
0.75019725625	0.035309
0.75029490625	0.035309
0.75039255625	0.0345066
0.75049020625	0.0345066
0.75058785625	0.035309
0.75068550625	0.035309
0.75078315625	0.035309
0.75088080625	0.0345066
0.75097845625	0.0345066
0.75107610625	0.0345066
0.75117375625	0.0337041
0.75127140625	0.0361115
0.75136905625	0.035309
0.75146670625	0.0345066
0.75156435625	0.035309
0.75166200625	0.035309
0.75175965625	0.035309
0.75185730625	0.0345066
0.75195495625	0.0345066
0.75205260625	0.0337041
0.75215025625	0.0345066
0.75224790625	0.0345066
0.75234555625	0.035309
0.75244320625	0.035309
0.75254085625	0.035309
0.75263850625	0.0345066
0.75273615625	0.035309
0.75283380625	0.035309
0.75293145625	0.0345066
0.75302910625	0.0337041
0.75312675625	0.0345066
0.75322440625	0.035309
0.75332205625	0.0345066
0.75341970625	0.0361115
0.75351735625	0.035309
0.75361500625	0.0345066
0.75371265625	0.035309
0.75381030625	0.0345066
0.75390795625	0.035309
0.75400560625	0.035309
0.75410325625	0.0345066
0.75420090625	0.035309
0.75429855625	0.035309
0.75439620625	0.0345066
0.75449385625	0.035309
0.75459150625	0.0345066
0.75468915625	0.035309
0.75478680625	0.0345066
0.75488445625	0.035309
0.75498210625	0.035309
0.75507975625	0.0345066
0.75517740625	0.035309
0.75527505625	0.035309
0.75537270625	0.035309
0.75547035625	0.035309
0.75556800625	0.0345066
0.75566565625	0.035309
0.75576330625	0.0345066
0.75586095625	0.035309
0.75595860625	0.0345066
0.75605625625	0.0361115
0.75615390625	0.035309
0.75625155625	0.0345066
0.75634920625	0.035309
0.75644685625	0.0345066
0.75654450625	0.035309
0.75664215625	0.035309
0.75673980625	0.035309
0.75683745625	0.0345066
0.75693510625	0.0361115
0.75703275625	0.035309
0.75713040625	0.035309
0.75722805625	0.0345066
0.75732570625	0.035309
0.75742335625	0.035309
0.75752100625	0.0345066
0.75761865625	0.0345066
0.75771630625	0.035309
0.75781395625	0.0361115
0.75791160625	0.035309
0.75800925625	0.035309
0.75810690625	0.035309
0.75820455625	0.035309
0.75830220625	0.035309
0.75839985625	0.035309
0.75849750625	0.035309
0.75859515625	0.0345066
0.75869280625	0.035309
0.75879045625	0.035309
0.75888810625	0.035309
0.75898575625	0.0345066
0.75908340625	0.0345066
0.75918105625	0.0345066
0.75927870625	0.035309
0.75937635625	0.035309
0.75947400625	0.0345066
0.75957165625	0.0361115
0.75966930625	0.0361115
0.75976695625	0.035309
0.75986460625	0.0345066
0.75996225625	0.035309
0.76005990625	0.035309
0.76015755625	0.035309
0.76025520625	0.0345066
0.76035285625	0.035309
0.76045050625	0.0345066
0.76054815625	0.035309
0.76064580625	0.0345066
0.76074345625	0.0345066
0.76084110625	0.035309
0.76093875625	0.0345066
0.76103640625	0.0345066
0.76113405625	0.035309
0.76123170625	0.0345066
0.76132935625	0.0345066
0.76142700625	0.035309
0.76152465625	0.035309
0.76162230625	0.0345066
0.76171995625	0.035309
0.76181760625	0.035309
0.76191525625	0.0345066
0.76201290625	0.035309
0.76211055625	0.035309
0.76220820625	0.035309
0.76230585625	0.035309
0.76240350625	0.035309
0.76250115625	0.035309
0.76259880625	0.035309
0.76269645625	0.035309
0.76279410625	0.0345066
0.76289175625	0.035309
0.76298940625	0.035309
0.76308705625	0.035309
0.76318470625	0.035309
0.76328235625	0.035309
0.76338000625	0.035309
0.76347765625	0.035309
0.76357530625	0.035309
0.76367295625	0.035309
0.76377060625	0.035309
0.76386825625	0.035309
0.76396590625	0.0345066
0.76406355625	0.0361115
0.76416120625	0.0345066
0.76425885625	0.035309
0.76435650625	0.035309
0.76445415625	0.035309
0.76455180625	0.035309
0.76464945625	0.035309
0.76474710625	0.035309
0.76484475625	0.0361115
0.76494240625	0.035309
0.76504005625	0.0361115
0.76513770625	0.035309
0.76523535625	0.0345066
0.76533300625	0.0361115
0.76543065625	0.0361115
0.76552830625	0.0345066
0.76562595625	0.035309
0.76572360625	0.035309
0.76582125625	0.0345066
0.76591890625	0.0361115
0.76601655625	0.035309
0.76611420625	0.0345066
0.76621185625	0.035309
0.76630950625	0.0345066
0.76640715625	0.0345066
0.76650480625	0.035309
0.76660245625	0.035309
0.76670010625	0.035309
0.76679775625	0.035309
0.76689540625	0.035309
0.76699305625	0.0345066
0.76709070625	0.0345066
0.76718835625	0.035309
0.76728600625	0.035309
0.76738365625	0.0345066
0.76748130625	0.035309
0.76757895625	0.0361115
0.76767660625	0.0361115
0.76777425625	0.035309
0.76787190625	0.035309
0.76796955625	0.035309
0.76806720625	0.0361115
0.76816485625	0.035309
0.76826250625	0.035309
0.76836015625	0.035309
0.76845780625	0.0345066
0.76855545625	0.035309
0.76865310625	0.0345066
0.76875075625	0.0345066
0.76884840625	0.035309
0.76894605625	0.035309
0.76904370625	0.035309
0.76914135625	0.035309
0.76923900625	0.035309
0.76933665625	0.035309
0.76943430625	0.035309
0.76953195625	0.035309
0.76962960625	0.035309
0.76972725625	0.035309
0.76982490625	0.035309
0.76992255625	0.035309
0.77002020625	0.035309
0.77011785625	0.035309
0.77021550625	0.035309
0.77031315625	0.035309
0.77041080625	0.035309
0.77050845625	0.035309
0.77060610625	0.035309
0.77070375625	0.0345066
0.77080140625	0.035309
0.77089905625	0.0361115
0.77099670625	0.0345066
0.77109435625	0.035309
0.77119200625	0.035309
0.77128965625	0.035309
0.77138730625	0.035309
0.77148495625	0.0345066
0.77158260625	0.035309
0.77168025625	0.035309
0.77177790625	0.035309
0.77187555625	0.035309
0.77197320625	0.0345066
0.77207085625	0.035309
0.77216850625	0.035309
0.77226615625	0.0345066
0.77236380625	0.035309
0.77246145625	0.0361115
0.77255910625	0.035309
0.77265675625	0.0345066
0.77275440625	0.0345066
0.77285205625	0.035309
0.77294970625	0.0345066
0.77304735625	0.0345066
0.77314500625	0.0361115
0.77324265625	0.0345066
0.77334030625	0.035309
0.77343795625	0.035309
0.77353560625	0.035309
0.77363325625	0.0345066
0.77373090625	0.0361115
0.77382855625	0.035309
0.77392620625	0.035309
0.77402385625	0.0345066
0.77412150625	0.035309
0.77421915625	0.035309
0.77431680625	0.035309
0.77441445625	0.0345066
0.77451210625	0.035309
0.77460975625	0.0361115
0.77470740625	0.0337041
0.77480505625	0.035309
0.77490270625	0.035309
0.77500035625	0.0345066
0.77509800625	0.0361115
0.77519565625	0.035309
0.77529330625	0.035309
0.77539095625	0.035309
0.77548860625	0.035309
0.77558625625	0.035309
0.77568390625	0.0345066
0.77578155625	0.0345066
0.77587920625	0.035309
0.77597685625	0.035309
0.77607450625	0.035309
0.77617215625	0.0345066
0.77626980625	0.0337041
0.77636745625	0.035309
0.77646510625	0.035309
0.77656275625	0.035309
0.77666040625	0.035309
0.77675805625	0.035309
0.77685570625	0.0345066
0.77695335625	0.0345066
0.77705100625	0.0345066
0.77714865625	0.035309
0.77724630625	0.035309
0.77734395625	0.035309
0.77744160625	0.035309
0.77753925625	0.0345066
0.77763690625	0.035309
0.77773455625	0.035309
0.77783220625	0.0345066
0.77792985625	0.035309
0.77802750625	0.0345066
0.77812515625	0.035309
0.77822280625	0.035309
0.77832045625	0.035309
0.77841810625	0.035309
0.77851575625	0.035309
0.77861340625	0.035309
0.77871105625	0.035309
0.77880870625	0.0345066
0.77890635625	0.035309
0.77900400625	0.035309
0.77910165625	0.0345066
0.77919930625	0.035309
0.77929695625	0.035309
0.77939460625	0.0345066
0.77949225625	0.0345066
0.77958990625	0.035309
0.77968755625	0.035309
0.77978520625	0.035309
0.77988285625	0.035309
0.77998050625	0.0361115
0.78007815625	0.035309
0.78017580625	0.035309
0.78027345625	0.0345066
0.78037110625	0.035309
0.78046875625	0.0345066
0.78056640625	0.035309
0.78066405625	0.0345066
0.78076170625	0.0361115
0.78085935625	0.035309
0.78095700625	0.035309
0.78105465625	0.035309
0.78115230625	0.035309
0.78124995625	0.0345066
0.78134760625	0.0345066
0.78144525625	0.0345066
0.78154290625	0.035309
0.78164055625	0.035309
0.78173820625	0.035309
0.78183585625	0.035309
0.78193350625	0.0345066
0.78203115625	0.0345066
0.78212880625	0.035309
0.78222645625	0.0345066
0.78232410625	0.0345066
0.78242175625	0.035309
0.78251940625	0.035309
0.78261705625	0.0345066
0.78271470625	0.0345066
0.78281235625	0.0345066
0.78291000625	0.035309
0.78300765625	0.035309
0.78310530625	0.035309
0.78320295625	0.035309
0.78330060625	0.0361115
0.78339825625	0.0361115
0.78349590625	0.0345066
0.78359355625	0.035309
0.78369120625	0.0361115
0.78378885625	0.035309
0.78388650625	0.035309
0.78398415625	0.035309
0.78408180625	0.0345066
0.78417945625	0.035309
0.78427710625	0.0345066
0.78437475625	0.035309
0.78447240625	0.035309
0.78457005625	0.0345066
0.78466770625	0.035309
0.78476535625	0.0345066
0.78486300625	0.0345066
0.78496065625	0.035309
0.78505830625	0.0345066
0.78515595625	0.0345066
0.78525360625	0.0361115
0.78535125625	0.035309
0.78544890625	0.0345066
0.78554655625	0.035309
0.78564420625	0.035309
0.78574185625	0.035309
0.78583950625	0.0345066
0.78593715625	0.035309
0.78603480625	0.0345066
0.78613245625	0.035309
0.78623010625	0.0345066
0.78632775625	0.0345066
0.78642540625	0.0345066
0.78652305625	0.035309
0.78662070625	0.035309
0.78671835625	0.0345066
0.78681600625	0.035309
0.78691365625	0.0345066
0.78701130625	0.0345066
0.78710895625	0.035309
0.78720660625	0.035309
0.78730425625	0.035309
0.78740190625	0.0345066
0.78749955625	0.035309
0.78759720625	0.035309
0.78769485625	0.035309
0.78779250625	0.035309
0.78789015625	0.035309
0.78798780625	0.0345066
0.78808545625	0.0345066
0.78818310625	0.0345066
0.78828075625	0.035309
0.78837840625	0.0345066
0.78847605625	0.035309
0.78857370625	0.035309
0.78867135625	0.035309
0.78876900625	0.0361115
0.78886665625	0.035309
0.78896430625	0.035309
0.78906195625	0.035309
0.78915960625	0.0345066
0.78925725625	0.0345066
0.78935490625	0.035309
0.78945255625	0.0345066
0.78955020625	0.035309
0.78964785625	0.035309
0.78974550625	0.035309
0.78984315625	0.0345066
0.78994080625	0.035309
0.79003845625	0.035309
0.79013610625	0.0345066
0.79023375625	0.035309
0.79033140625	0.0345066
0.79042905625	0.035309
0.79052670625	0.035309
0.79062435625	0.035309
0.79072200625	0.035309
0.79081965625	0.035309
0.79091730625	0.035309
0.79101495625	0.035309
0.79111260625	0.0345066
0.79121025625	0.035309
0.79130790625	0.0345066
0.79140555625	0.0361115
0.79150320625	0.0345066
0.79160085625	0.035309
0.79169850625	0.035309
0.79179615625	0.0345066
0.79189380625	0.0345066
0.79199145625	0.035309
0.79208910625	0.0345066
0.79218675625	0.0345066
0.79228440625	0.0361115
0.79238205625	0.0361115
0.79247970625	0.035309
0.79257735625	0.0345066
0.79267500625	0.0345066
0.79277265625	0.035309
0.79287030625	0.035309
0.79296795625	0.035309
0.79306560625	0.035309
0.79316325625	0.0345066
0.79326090625	0.0361115
0.79335855625	0.035309
0.79345620625	0.035309
0.79355385625	0.035309
0.79365150625	0.035309
0.79374915625	0.035309
0.79384680625	0.035309
0.79394445625	0.035309
0.79404210625	0.035309
0.79413975625	0.035309
0.79423740625	0.035309
0.79433505625	0.035309
0.79443270625	0.035309
0.79453035625	0.0361115
0.79462800625	0.0345066
0.79472565625	0.035309
0.79482330625	0.035309
0.79492095625	0.035309
0.79501860625	0.035309
0.79511625625	0.035309
0.79521390625	0.035309
0.79531155625	0.035309
0.79540920625	0.035309
0.79550685625	0.035309
0.79560450625	0.035309
0.79570215625	0.0345066
0.79579980625	0.0345066
0.79589745625	0.0361115
0.79599510625	0.0345066
0.79609275625	0.035309
0.79619040625	0.035309
0.79628805625	0.035309
0.79638570625	0.0345066
0.79648335625	0.035309
0.79658100625	0.035309
0.79667865625	0.035309
0.79677630625	0.0361115
0.79687395625	0.035309
0.79697160625	0.035309
0.79706925625	0.0345066
0.79716690625	0.0345066
0.79726455625	0.035309
0.79736220625	0.0361115
0.79745985625	0.0361115
0.79755750625	0.0361115
0.79765515625	0.0345066
0.79775280625	0.0345066
0.79785045625	0.035309
0.79794810625	0.035309
0.79804575625	0.0345066
0.79814340625	0.035309
0.79824105625	0.0345066
0.79833870625	0.035309
0.79843635625	0.035309
0.79853400625	0.035309
0.79863165625	0.0345066
0.79872930625	0.035309
0.79882695625	0.035309
0.79892460625	0.0361115
0.79902225625	0.035309
0.79911990625	0.035309
0.79921755625	0.0345066
0.79931520625	0.035309
0.79941285625	0.0361115
0.79951050625	0.035309
0.79960815625	0.035309
0.79970580625	0.035309
0.79980345625	0.035309
0.79990110625	0.035309
0.79999875625	0.0345066
0.80009640625	0.035309
0.80019405625	0.035309
0.80029170625	0.035309
0.80038935625	0.035309
0.80048700625	0.035309
0.80058465625	0.0345066
0.80068230625	0.0345066
0.80077995625	0.035309
0.80087760625	0.035309
0.80097525625	0.035309
0.80107290625	0.0345066
0.80117055625	0.0361115
0.80126820625	0.035309
0.80136585625	0.035309
0.80146350625	0.0345066
0.80156115625	0.035309
0.80165880625	0.035309
0.80175645625	0.035309
0.80185410625	0.0345066
0.80195175625	0.035309
0.80204940625	0.035309
0.80214705625	0.035309
0.80224470625	0.0345066
0.80234235625	0.0361115
0.80244000625	0.035309
0.80253765625	0.035309
0.80263530625	0.0345066
0.80273295625	0.035309
0.80283060625	0.035309
0.80292825625	0.0361115
0.80302590625	0.0345066
0.80312355625	0.035309
0.80322120625	0.035309
0.80331885625	0.035309
0.80341650625	0.0345066
0.80351415625	0.035309
0.80361180625	0.035309
0.80370945625	0.035309
0.80380710625	0.0361115
0.80390475625	0.035309
0.80400240625	0.035309
0.80410005625	0.035309
0.80419770625	0.0345066
0.80429535625	0.035309
0.80439300625	0.035309
0.80449065625	0.035309
0.80458830625	0.0361115
0.80468595625	0.0361115
0.80478360625	0.0345066
0.80488125625	0.035309
0.80497890625	0.035309
0.80507655625	0.0345066
0.80517420625	0.035309
0.80527185625	0.035309
0.80536950625	0.0345066
0.80546715625	0.0345066
0.80556480625	0.0361115
0.80566245625	0.0345066
0.80576010625	0.035309
0.80585775625	0.035309
0.80595540625	0.035309
0.80605305625	0.035309
0.80615070625	0.035309
0.80624835625	0.0345066
0.80634600625	0.035309
0.80644365625	0.035309
0.80654130625	0.035309
0.80663895625	0.0345066
0.80673660625	0.035309
0.80683425625	0.0345066
0.80693190625	0.035309
0.80702955625	0.0345066
0.80712720625	0.0345066
0.80722485625	0.035309
0.80732250625	0.0361115
0.80742015625	0.0345066
0.80751780625	0.035309
0.80761545625	0.035309
0.80771310625	0.0345066
0.80781075625	0.035309
0.80790840625	0.035309
0.80800605625	0.035309
0.80810370625	0.0345066
0.80820135625	0.0361115
0.80829900625	0.0345066
0.80839665625	0.035309
0.80849430625	0.035309
0.80859195625	0.035309
0.80868960625	0.035309
0.80878725625	0.035309
0.80888490625	0.035309
0.80898255625	0.035309
0.80908020625	0.035309
0.80917785625	0.035309
0.80927550625	0.035309
0.80937315625	0.035309
0.80947080625	0.0345066
0.80956845625	0.0345066
0.80966610625	0.0361115
0.80976375625	0.035309
0.80986140625	0.035309
0.80995905625	0.0361115
0.81005670625	0.035309
0.81015435625	0.035309
0.81025200625	0.035309
0.81034965625	0.0361115
0.81044730625	0.035309
0.81054495625	0.035309
0.81064260625	0.035309
0.81074025625	0.035309
0.81083790625	0.0361115
0.81093555625	0.035309
0.81103320625	0.035309
0.81113085625	0.0345066
0.81122850625	0.0345066
0.81132615625	0.0345066
0.81142380625	0.035309
0.81152145625	0.035309
0.81161910625	0.035309
0.81171675625	0.035309
0.81181440625	0.0345066
0.81191205625	0.035309
0.81200970625	0.0345066
0.81210735625	0.035309
0.81220500625	0.035309
0.81230265625	0.0345066
0.81240030625	0.035309
0.81249795625	0.035309
0.81259560625	0.035309
0.81269325625	0.0345066
0.81279090625	0.035309
0.81288855625	0.0361115
0.81298620625	0.0345066
0.81308385625	0.0345066
0.81318150625	0.035309
0.81327915625	0.0345066
0.81337680625	0.0345066
0.81347445625	0.035309
0.81357210625	0.0361115
0.81366975625	0.0345066
0.81376740625	0.035309
0.81386505625	0.0345066
0.81396270625	0.0345066
0.81406035625	0.035309
0.81415800625	0.0345066
0.81425565625	0.0345066
0.81435330625	0.0345066
0.81445095625	0.035309
0.81454860625	0.035309
0.81464625625	0.0345066
0.81474390625	0.035309
0.81484155625	0.0345066
0.81493920625	0.035309
0.81503685625	0.035309
0.81513450625	0.0345066
0.81523215625	0.0345066
0.81532980625	0.035309
0.81542745625	0.0345066
0.81552510625	0.035309
0.81562275625	0.035309
0.81572040625	0.0345066
0.81581805625	0.0345066
0.81591570625	0.0345066
0.81601335625	0.035309
0.81611100625	0.035309
0.81620865625	0.035309
0.81630630625	0.0361115
0.81640395625	0.0345066
0.81650160625	0.0345066
0.81659925625	0.035309
0.81669690625	0.0361115
0.81679455625	0.035309
0.81689220625	0.035309
0.81698985625	0.035309
0.81708750625	0.035309
0.81718515625	0.035309
0.81728280625	0.0361115
0.81738045625	0.035309
0.81747810625	0.035309
0.81757575625	0.0345066
0.81767340625	0.0345066
0.81777105625	0.035309
0.81786870625	0.035309
0.81796635625	0.035309
0.81806400625	0.035309
0.81816165625	0.0345066
0.81825930625	0.035309
0.81835695625	0.0345066
0.81845460625	0.0361115
0.81855225625	0.0345066
0.81864990625	0.0345066
0.81874755625	0.035309
0.81884520625	0.035309
0.81894285625	0.035309
0.81904050625	0.035309
0.81913815625	0.035309
0.81923580625	0.035309
0.81933345625	0.035309
0.81943110625	0.035309
0.81952875625	0.035309
0.81962640625	0.035309
0.81972405625	0.0361115
0.81982170625	0.035309
0.81991935625	0.035309
0.82001700625	0.035309
0.82011465625	0.035309
0.82021230625	0.035309
0.82030995625	0.0345066
0.82040760625	0.035309
0.82050525625	0.035309
0.82060290625	0.035309
0.82070055625	0.035309
0.82079820625	0.0345066
0.82089585625	0.0361115
0.82099350625	0.035309
0.82109115625	0.035309
0.82118880625	0.0361115
0.82128645625	0.035309
0.82138410625	0.035309
0.82148175625	0.035309
0.82157940625	0.035309
0.82167705625	0.0345066
0.82177470625	0.035309
0.82187235625	0.0345066
0.82197000625	0.035309
0.82206765625	0.0361115
0.82216530625	0.035309
0.82226295625	0.035309
0.82236060625	0.035309
0.82245825625	0.035309
0.82255590625	0.035309
0.82265355625	0.0345066
0.82275120625	0.035309
0.82284885625	0.0345066
0.82294650625	0.035309
0.82304415625	0.035309
0.82314180625	0.035309
0.82323945625	0.035309
0.82333710625	0.035309
0.82343475625	0.0345066
0.82353240625	0.035309
0.82363005625	0.035309
0.82372770625	0.0345066
0.82382535625	0.035309
0.82392300625	0.035309
0.82402065625	0.0345066
0.82411830625	0.035309
0.82421595625	0.0345066
0.82431360625	0.035309
0.82441125625	0.035309
0.82450890625	0.035309
0.82460655625	0.035309
0.82470420625	0.035309
0.82480185625	0.0345066
0.82489950625	0.035309
0.82499715625	0.035309
0.82509480625	0.035309
0.82519245625	0.0345066
0.82529010625	0.0345066
0.82538775625	0.035309
0.82548540625	0.0345066
0.82558305625	0.0345066
0.82568070625	0.0345066
0.82577835625	0.035309
0.82587600625	0.035309
0.82597365625	0.0337041
0.82607130625	0.0345066
0.82616895625	0.0345066
0.82626660625	0.035309
0.82636425625	0.0345066
0.82646190625	0.035309
0.82655955625	0.0345066
0.82665720625	0.0345066
0.82675485625	0.0361115
0.82685250625	0.035309
0.82695015625	0.035309
0.82704780625	0.0345066
0.82714545625	0.035309
0.82724310625	0.0345066
0.82734075625	0.035309
0.82743840625	0.0345066
0.82753605625	0.0345066
0.82763370625	0.035309
0.82773135625	0.0345066
0.82782900625	0.035309
0.82792665625	0.0345066
0.82802430625	0.035309
0.82812195625	0.0345066
0.82821960625	0.035309
0.82831725625	0.035309
0.82841490625	0.035309
0.82851255625	0.035309
0.82861020625	0.0345066
0.82870785625	0.0345066
0.82880550625	0.035309
0.82890315625	0.035309
0.82900080625	0.0345066
0.82909845625	0.035309
0.82919610625	0.0345066
0.82929375625	0.035309
0.82939140625	0.0345066
0.82948905625	0.0345066
0.82958670625	0.035309
0.82968435625	0.035309
0.82978200625	0.0345066
0.82987965625	0.0345066
0.82997730625	0.035309
0.83007495625	0.035309
0.83017260625	0.0345066
0.83027025625	0.035309
0.83036790625	0.0345066
0.83046555625	0.035309
0.83056320625	0.0345066
0.83066085625	0.0345066
0.83075850625	0.0337041
0.83085615625	0.0345066
0.83095380625	0.0345066
0.83105145625	0.0345066
0.83114910625	0.035309
0.83124675625	0.0345066
0.83134440625	0.0345066
0.83144205625	0.0345066
0.83153970625	0.035309
0.83163735625	0.0345066
0.83173500625	0.0345066
0.83183265625	0.0345066
0.83193030625	0.0345066
0.83202795625	0.035309
0.83212560625	0.0345066
0.83222325625	0.0345066
0.83232090625	0.0345066
0.83241855625	0.0345066
0.83251620625	0.0345066
0.83261385625	0.0345066
0.83271150625	0.0345066
0.83280915625	0.0345066
0.83290680625	0.035309
0.83300445625	0.0345066
0.83310210625	0.0345066
0.83319975625	0.0345066
0.83329740625	0.0345066
0.83339505625	0.0345066
0.83349270625	0.0345066
0.83359035625	0.0337041
0.83368800625	0.0345066
0.83378565625	0.0361115
0.83388330625	0.0345066
0.83398095625	0.0345066
0.83407860625	0.0345066
0.83417625625	0.0345066
0.83427390625	0.0345066
0.83437155625	0.0337041
0.83446920625	0.0337041
0.83456685625	0.035309
0.83466450625	0.035309
0.83476215625	0.0345066
0.83485980625	0.035309
0.83495745625	0.0345066
0.83505510625	0.035309
0.83515275625	0.035309
0.83525040625	0.0345066
0.83534805625	0.035309
0.83544570625	0.035309
0.83554335625	0.0345066
0.83564100625	0.035309
0.83573865625	0.0345066
0.83583630625	0.0345066
0.83593395625	0.035309
0.83603160625	0.0345066
0.83612925625	0.0361115
0.83622690625	0.0345066
0.83632455625	0.035309
0.83642220625	0.0345066
0.83651985625	0.035309
0.83661750625	0.035309
0.83671515625	0.0337041
0.83681280625	0.035309
0.83691045625	0.0345066
0.83700810625	0.035309
0.83710575625	0.0345066
0.83720340625	0.035309
0.83730105625	0.0337041
0.83739870625	0.035309
0.83749635625	0.035309
0.83759400625	0.035309
0.83769165625	0.035309
0.83778930625	0.035309
0.83788695625	0.0345066
0.83798460625	0.035309
0.83808225625	0.035309
0.83817990625	0.035309
0.83827755625	0.035309
0.83837520625	0.0345066
0.83847285625	0.035309
0.83857050625	0.035309
0.83866815625	0.035309
0.83876580625	0.0345066
0.83886345625	0.0345066
0.83896110625	0.0345066
0.83905875625	0.0345066
0.83915640625	0.035309
0.83925405625	0.0345066
0.83935170625	0.0337041
0.83944935625	0.0345066
0.83954700625	0.035309
0.83964465625	0.035309
0.83974230625	0.035309
0.83983995625	0.0345066
0.83993760625	0.035309
0.84003525625	0.035309
0.84013290625	0.0345066
0.84023055625	0.035309
0.84032820625	0.0345066
0.84042585625	0.035309
0.84052350625	0.0345066
0.84062115625	0.035309
0.84071880625	0.0337041
0.84081645625	0.0345066
0.84091410625	0.035309
0.84101175625	0.035309
0.84110940625	0.035309
0.84120705625	0.0361115
0.84130470625	0.035309
0.84140235625	0.035309
0.84150000625	0.035309
0.84159765625	0.0345066
0.84169530625	0.0345066
0.84179295625	0.0361115
0.84189060625	0.035309
0.84198825625	0.035309
0.84208590625	0.0345066
0.84218355625	0.0345066
0.84228120625	0.0345066
0.84237885625	0.0345066
0.84247650625	0.0345066
0.84257415625	0.0345066
0.84267180625	0.0345066
0.84276945625	0.0361115
0.84286710625	0.0345066
0.84296475625	0.0345066
0.84306240625	0.0345066
0.84316005625	0.0345066
0.84325770625	0.0345066
0.84335535625	0.035309
0.84345300625	0.035309
0.84355065625	0.0345066
0.84364830625	0.0345066
0.84374595625	0.0345066
0.84384360625	0.0345066
0.84394125625	0.0345066
0.84403890625	0.0345066
0.84413655625	0.0345066
0.84423420625	0.035309
0.84433185625	0.0345066
0.84442950625	0.0345066
0.84452715625	0.0345066
0.84462480625	0.035309
0.84472245625	0.0337041
0.84482010625	0.0345066
0.84491775625	0.0345066
0.84501540625	0.0345066
0.84511305625	0.0345066
0.84521070625	0.035309
0.84530835625	0.035309
0.84540600625	0.0361115
0.84550365625	0.0345066
0.84560130625	0.0345066
0.84569895625	0.0345066
0.84579660625	0.0345066
0.84589425625	0.0345066
0.84599190625	0.0345066
0.84608955625	0.035309
0.84618720625	0.035309
0.84628485625	0.035309
0.84638250625	0.035309
0.84648015625	0.0345066
0.84657780625	0.035309
0.84667545625	0.0345066
0.84677310625	0.035309
0.84687075625	0.035309
0.84696840625	0.0345066
0.84706605625	0.0345066
0.84716370625	0.035309
0.84726135625	0.0345066
0.84735900625	0.0345066
0.84745665625	0.0345066
0.84755430625	0.035309
0.84765195625	0.0345066
0.84774960625	0.0345066
0.84784725625	0.0345066
0.84794490625	0.0337041
0.84804255625	0.035309
0.84814020625	0.0361115
0.84823785625	0.0345066
0.84833550625	0.0345066
0.84843315625	0.0337041
0.84853080625	0.035309
0.84862845625	0.0345066
0.84872610625	0.0345066
0.84882375625	0.035309
0.84892140625	0.035309
0.84901905625	0.0361115
0.84911670625	0.035309
0.84921435625	0.0345066
0.84931200625	0.0345066
0.84940965625	0.0345066
0.84950730625	0.035309
0.84960495625	0.035309
0.84970260625	0.035309
0.84980025625	0.0345066
0.84989790625	0.035309
0.84999555625	0.0345066
0.85009320625	0.0345066
0.85019085625	0.035309
0.85028850625	0.035309
0.85038615625	0.035309
0.85048380625	0.0337041
0.85058145625	0.035309
0.85067910625	0.035309
0.85077675625	0.0345066
0.85087440625	0.035309
0.85097205625	0.035309
0.85106970625	0.035309
0.85116735625	0.035309
0.85126500625	0.035309
0.85136265625	0.035309
0.85146030625	0.0345066
0.85155795625	0.035309
0.85165560625	0.035309
0.85175325625	0.035309
0.85185090625	0.0345066
0.85194855625	0.035309
0.85204620625	0.0345066
0.85214385625	0.0345066
0.85224150625	0.0345066
0.85233915625	0.0345066
0.85243680625	0.035309
0.85253445625	0.0345066
0.85263210625	0.035309
0.85272975625	0.0345066
0.85282740625	0.0345066
0.85292505625	0.035309
0.85302270625	0.035309
0.85312035625	0.035309
0.85321800625	0.035309
0.85331565625	0.035309
0.85341330625	0.0345066
0.85351095625	0.035309
0.85360860625	0.0345066
0.85370625625	0.035309
0.85380390625	0.0345066
0.85390155625	0.0345066
0.85399920625	0.035309
0.85409685625	0.035309
0.85419450625	0.0345066
0.85429215625	0.0345066
0.85438980625	0.035309
0.85448745625	0.0345066
0.85458510625	0.035309
0.85468275625	0.035309
0.85478040625	0.0345066
0.85487805625	0.0345066
0.85497570625	0.0337041
0.85507335625	0.035309
0.85517100625	0.0345066
0.85526865625	0.035309
0.85536630625	0.0345066
0.85546395625	0.0345066
0.85556160625	0.0345066
0.85565925625	0.0345066
0.85575690625	0.0345066
0.85585455625	0.0345066
0.85595220625	0.0345066
0.85604985625	0.035309
0.85614750625	0.035309
0.85624515625	0.0345066
0.85634280625	0.035309
0.85644045625	0.0345066
0.85653810625	0.035309
0.85663575625	0.0345066
0.85673340625	0.035309
0.85683105625	0.035309
0.85692870625	0.035309
0.85702635625	0.035309
0.85712400625	0.0345066
0.85722165625	0.0345066
0.85731930625	0.0345066
0.85741695625	0.035309
0.85751460625	0.035309
0.85761225625	0.0345066
0.85770990625	0.0345066
0.85780755625	0.035309
0.85790520625	0.035309
0.85800285625	0.0337041
0.85810050625	0.0345066
0.85819815625	0.035309
0.85829580625	0.0345066
0.85839345625	0.035309
0.85849110625	0.0345066
0.85858875625	0.0345066
0.85868640625	0.035309
0.85878405625	0.035309
0.85888170625	0.0345066
0.85897935625	0.035309
0.85907700625	0.0337041
0.85917465625	0.0345066
0.85927230625	0.0345066
0.85936995625	0.035309
0.85946760625	0.035309
0.85956525625	0.035309
0.85966290625	0.035309
0.85976055625	0.035309
0.85985820625	0.0345066
0.85995585625	0.0345066
0.86005350625	0.035309
0.86015115625	0.0345066
0.86024880625	0.035309
0.86034645625	0.0345066
0.86044410625	0.035309
0.86054175625	0.0345066
0.86063940625	0.035309
0.86073705625	0.0345066
0.86083470625	0.035309
0.86093235625	0.0345066
0.86103000625	0.0345066
0.86112765625	0.035309
0.86122530625	0.0345066
0.86132295625	0.035309
0.86142060625	0.035309
0.86151825625	0.0345066
0.86161590625	0.035309
0.86171355625	0.035309
0.86181120625	0.0345066
0.86190885625	0.0345066
0.86200650625	0.0345066
0.86210415625	0.0345066
0.86220180625	0.035309
0.86229945625	0.0345066
0.86239710625	0.0345066
0.86249475625	0.0345066
0.86259240625	0.035309
0.86269005625	0.0345066
0.86278770625	0.0345066
0.86288535625	0.035309
0.86298300625	0.035309
0.86308065625	0.035309
0.86317830625	0.0361115
0.86327595625	0.035309
0.86337360625	0.035309
0.86347125625	0.035309
0.86356890625	0.035309
0.86366655625	0.0345066
0.86376420625	0.0345066
0.86386185625	0.035309
0.86395950625	0.0345066
0.86405715625	0.0345066
0.86415480625	0.0345066
0.86425245625	0.035309
0.86435010625	0.0345066
0.86444775625	0.035309
0.86454540625	0.0345066
0.86464305625	0.0345066
0.86474070625	0.0345066
0.86483835625	0.035309
0.86493600625	0.0345066
0.86503365625	0.0345066
0.86513130625	0.035309
0.86522895625	0.0345066
0.86532660625	0.035309
0.86542425625	0.0345066
0.86552190625	0.0345066
0.86561955625	0.035309
0.86571720625	0.0345066
0.86581485625	0.0345066
0.86591250625	0.035309
0.86601015625	0.035309
0.86610780625	0.035309
0.86620545625	0.0345066
0.86630310625	0.035309
0.86640075625	0.035309
0.86649840625	0.0361115
0.86659605625	0.035309
0.86669370625	0.035309
0.86679135625	0.0345066
0.86688900625	0.0345066
0.86698665625	0.035309
0.86708430625	0.0345066
0.86718195625	0.0345066
0.86727960625	0.0345066
0.86737725625	0.035309
0.86747490625	0.035309
0.86757255625	0.0345066
0.86767020625	0.0345066
0.86776785625	0.0345066
0.86786550625	0.035309
0.86796315625	0.035309
0.86806080625	0.0345066
0.86815845625	0.035309
0.86825610625	0.0345066
0.86835375625	0.0361115
0.86845140625	0.0345066
0.86854905625	0.035309
0.86864670625	0.0345066
0.86874435625	0.0345066
0.86884200625	0.035309
0.86893965625	0.0345066
0.86903730625	0.0345066
0.86913495625	0.035309
0.86923260625	0.035309
0.86933025625	0.035309
0.86942790625	0.035309
0.86952555625	0.035309
0.86962320625	0.035309
0.86972085625	0.0345066
0.86981850625	0.035309
0.86991615625	0.035309
0.87001380625	0.035309
0.87011145625	0.035309
0.87020910625	0.035309
0.87030675625	0.0361115
0.87040440625	0.0345066
0.87050205625	0.035309
0.87059970625	0.0345066
0.87069735625	0.035309
0.87079500625	0.035309
0.87089265625	0.035309
0.87099030625	0.0361115
0.87108795625	0.035309
0.87118560625	0.035309
0.87128325625	0.035309
0.87138090625	0.035309
0.87147855625	0.0345066
0.87157620625	0.035309
0.87167385625	0.035309
0.87177150625	0.035309
0.87186915625	0.0361115
0.87196680625	0.0345066
0.87206445625	0.035309
0.87216210625	0.035309
0.87225975625	0.035309
0.87235740625	0.0345066
0.87245505625	0.035309
0.87255270625	0.0345066
0.87265035625	0.035309
0.87274800625	0.035309
0.87284565625	0.035309
0.87294330625	0.035309
0.87304095625	0.035309
0.87313860625	0.035309
0.87323625625	0.0361115
0.87333390625	0.0345066
0.87343155625	0.035309
0.87352920625	0.035309
0.87362685625	0.035309
0.87372450625	0.035309
0.87382215625	0.0345066
0.87391980625	0.0345066
0.87401745625	0.035309
0.87411510625	0.035309
0.87421275625	0.0345066
0.87431040625	0.0345066
0.87440805625	0.035309
0.87450570625	0.035309
0.87460335625	0.0361115
0.87470100625	0.035309
0.87479865625	0.035309
0.87489630625	0.035309
0.87499395625	0.0361115
0.87509160625	0.035309
0.87518925625	0.035309
0.87528690625	0.035309
0.87538455625	0.0361115
0.87548220625	0.0345066
0.87557985625	0.035309
0.87567750625	0.0345066
0.87577515625	0.035309
0.87587280625	0.035309
0.87597045625	0.035309
0.87606810625	0.0345066
0.87616575625	0.0345066
0.87626340625	0.035309
0.87636105625	0.0345066
0.87645870625	0.035309
0.87655635625	0.035309
0.87665400625	0.0345066
0.87675165625	0.0345066
0.87684930625	0.035309
0.87694695625	0.0345066
0.87704460625	0.0345066
0.87714225625	0.035309
0.87723990625	0.0345066
0.87733755625	0.035309
0.87743520625	0.035309
0.87753285625	0.035309
0.87763050625	0.0345066
0.87772815625	0.035309
0.87782580625	0.035309
0.87792345625	0.0345066
0.87802110625	0.035309
0.87811875625	0.035309
0.87821640625	0.035309
0.87831405625	0.0345066
0.87841170625	0.035309
0.87850935625	0.0345066
0.87860700625	0.035309
0.87870465625	0.035309
0.87880230625	0.035309
0.87889995625	0.0361115
0.87899760625	0.0345066
0.87909525625	0.0345066
0.87919290625	0.035309
0.87929055625	0.035309
0.87938820625	0.0345066
0.87948585625	0.035309
0.87958350625	0.035309
0.87968115625	0.0345066
0.87977880625	0.035309
0.87987645625	0.035309
0.87997410625	0.0361115
0.88007175625	0.035309
0.88016940625	0.035309
0.88026705625	0.035309
0.88036470625	0.0345066
0.88046235625	0.035309
0.88056000625	0.035309
0.88065765625	0.035309
0.88075530625	0.035309
0.88085295625	0.035309
0.88095060625	0.035309
0.88104825625	0.035309
0.88114590625	0.035309
0.88124355625	0.0345066
0.88134120625	0.035309
0.88143885625	0.035309
0.88153650625	0.035309
0.88163415625	0.0361115
0.88173180625	0.035309
0.88182945625	0.035309
0.88192710625	0.035309
0.88202475625	0.035309
0.88212240625	0.035309
0.88222005625	0.0361115
0.88231770625	0.0345066
0.88241535625	0.0345066
0.88251300625	0.035309
0.88261065625	0.035309
0.88270830625	0.035309
0.88280595625	0.0361115
0.88290360625	0.035309
0.88300125625	0.0361115
0.88309890625	0.035309
0.88319655625	0.035309
0.88329420625	0.035309
0.88339185625	0.035309
0.88348950625	0.035309
0.88358715625	0.035309
0.88368480625	0.0361115
0.88378245625	0.035309
0.88388010625	0.035309
0.88397775625	0.0345066
0.88407540625	0.035309
0.88417305625	0.035309
0.88427070625	0.035309
0.88436835625	0.035309
0.88446600625	0.035309
0.88456365625	0.0361115
0.88466130625	0.035309
0.88475895625	0.035309
0.88485660625	0.035309
0.88495425625	0.035309
0.88505190625	0.0361115
0.88514955625	0.035309
0.88524720625	0.035309
0.88534485625	0.035309
0.88544250625	0.035309
0.88554015625	0.0345066
0.88563780625	0.035309
0.88573545625	0.035309
0.88583310625	0.0361115
0.88593075625	0.035309
0.88602840625	0.035309
0.88612605625	0.035309
0.88622370625	0.035309
0.88632135625	0.035309
0.88641900625	0.035309
0.88651665625	0.035309
0.88661430625	0.035309
0.88671195625	0.035309
0.88680960625	0.035309
0.88690725625	0.0361115
0.88700490625	0.035309
0.88710255625	0.035309
0.88720020625	0.0345066
0.88729785625	0.0345066
0.88739550625	0.0345066
0.88749315625	0.035309
0.88759080625	0.0361115
0.88768845625	0.0345066
0.88778610625	0.035309
0.88788375625	0.035309
0.88798140625	0.0361115
0.88807905625	0.035309
0.88817670625	0.035309
0.88827435625	0.035309
0.88837200625	0.0345066
0.88846965625	0.035309
0.88856730625	0.035309
0.88866495625	0.036914
0.88876260625	0.035309
0.88886025625	0.0345066
0.88895790625	0.035309
0.88905555625	0.035309
0.88915320625	0.035309
0.88925085625	0.0361115
0.88934850625	0.0345066
0.88944615625	0.0345066
0.88954380625	0.035309
0.88964145625	0.035309
0.88973910625	0.035309
0.88983675625	0.035309
0.88993440625	0.035309
0.89003205625	0.035309
0.89012970625	0.035309
0.89022735625	0.035309
0.89032500625	0.035309
0.89042265625	0.0361115
0.89052030625	0.035309
0.89061795625	0.035309
0.89071560625	0.035309
0.89081325625	0.035309
0.89091090625	0.035309
0.89100855625	0.035309
0.89110620625	0.0345066
0.89120385625	0.035309
0.89130150625	0.035309
0.89139915625	0.0345066
0.89149680625	0.0345066
0.89159445625	0.035309
0.89169210625	0.0345066
0.89178975625	0.035309
0.89188740625	0.035309
0.89198505625	0.035309
0.89208270625	0.035309
0.89218035625	0.035309
0.89227800625	0.035309
0.89237565625	0.0345066
0.89247330625	0.035309
0.89257095625	0.0337041
0.89266860625	0.0345066
0.89276625625	0.0345066
0.89286390625	0.035309
0.89296155625	0.035309
0.89305920625	0.035309
0.89315685625	0.0345066
0.89325450625	0.0345066
0.89335215625	0.035309
0.89344980625	0.035309
0.89354745625	0.035309
0.89364510625	0.0345066
0.89374275625	0.035309
0.89384040625	0.0345066
0.89393805625	0.036914
0.89403570625	0.0345066
0.89413335625	0.0345066
0.89423100625	0.035309
0.89432865625	0.035309
0.89442630625	0.0345066
0.89452395625	0.035309
0.89462160625	0.035309
0.89471925625	0.0345066
0.89481690625	0.0345066
0.89491455625	0.035309
0.89501220625	0.035309
0.89510985625	0.0345066
0.89520750625	0.0345066
0.89530515625	0.0345066
0.89540280625	0.0345066
0.89550045625	0.035309
0.89559810625	0.035309
0.89569575625	0.035309
0.89579340625	0.035309
0.89589105625	0.035309
0.89598870625	0.0345066
0.89608635625	0.0345066
0.89618400625	0.0345066
0.89628165625	0.0345066
0.89637930625	0.0345066
0.89647695625	0.0345066
0.89657460625	0.035309
0.89667225625	0.0345066
0.89676990625	0.0345066
0.89686755625	0.0345066
0.89696520625	0.0345066
0.89706285625	0.0345066
0.89716050625	0.0345066
0.89725815625	0.035309
0.89735580625	0.0345066
0.89745345625	0.035309
0.89755110625	0.0345066
0.89764875625	0.0345066
0.89774640625	0.035309
0.89784405625	0.035309
0.89794170625	0.035309
0.89803935625	0.0345066
0.89813700625	0.0345066
0.89823465625	0.0345066
0.89833230625	0.035309
0.89842995625	0.0345066
0.89852760625	0.0345066
0.89862525625	0.035309
0.89872290625	0.035309
0.89882055625	0.0345066
0.89891820625	0.0345066
0.89901585625	0.035309
0.89911350625	0.0345066
0.89921115625	0.035309
0.89930880625	0.035309
0.89940645625	0.0345066
0.89950410625	0.0345066
0.89960175625	0.0345066
0.89969940625	0.0345066
0.89979705625	0.0345066
0.89989470625	0.035309
0.89999235625	0.0345066
0.90009000625	0.035309
0.90018765625	0.0345066
0.90028530625	0.035309
0.90038295625	0.0345066
0.90048060625	0.0345066
0.90057825625	0.0345066
0.90067590625	0.0345066
0.90077355625	0.035309
0.90087120625	0.035309
0.90096885625	0.035309
0.90106650625	0.0345066
0.90116415625	0.0345066
0.90126180625	0.0361115
0.90135945625	0.035309
0.90145710625	0.0361115
0.90155475625	0.035309
0.90165240625	0.035309
0.90175005625	0.0345066
0.90184770625	0.035309
0.90194535625	0.0337041
0.90204300625	0.035309
0.90214065625	0.035309
0.90223830625	0.035309
0.90233595625	0.0345066
0.90243360625	0.035309
0.90253125625	0.035309
0.90262890625	0.035309
0.90272655625	0.035309
0.90282420625	0.035309
0.90292185625	0.035309
0.90301950625	0.035309
0.90311715625	0.0345066
0.90321480625	0.0345066
0.90331245625	0.0345066
0.90341010625	0.0345066
0.90350775625	0.0345066
0.90360540625	0.0361115
0.90370305625	0.0345066
0.90380070625	0.035309
0.90389835625	0.035309
0.90399600625	0.0337041
0.90409365625	0.0345066
0.90419130625	0.0345066
0.90428895625	0.035309
0.90438660625	0.035309
0.90448425625	0.0345066
0.90458190625	0.035309
0.90467955625	0.0345066
0.90477720625	0.0345066
0.90487485625	0.0345066
0.90497250625	0.035309
0.90507015625	0.035309
0.90516780625	0.0345066
0.90526545625	0.0345066
0.90536310625	0.035309
0.90546075625	0.035309
0.90555840625	0.0345066
0.90565605625	0.0345066
0.90575370625	0.035309
0.90585135625	0.035309
0.90594900625	0.0345066
0.90604665625	0.035309
0.90614430625	0.0337041
0.90624195625	0.035309
0.90633960625	0.0345066
0.90643725625	0.0345066
0.90653490625	0.035309
0.90663255625	0.035309
0.90673020625	0.0345066
0.90682785625	0.0345066
0.90692550625	0.0345066
0.90702315625	0.035309
0.90712080625	0.0361115
0.90721845625	0.035309
0.90731610625	0.0345066
0.90741375625	0.0345066
0.90751140625	0.035309
0.90760905625	0.0345066
0.90770670625	0.035309
0.90780435625	0.0345066
0.90790200625	0.0345066
0.90799965625	0.0361115
0.90809730625	0.035309
0.90819495625	0.035309
0.90829260625	0.035309
0.90839025625	0.035309
0.90848790625	0.035309
0.90858555625	0.035309
0.90868320625	0.0345066
0.90878085625	0.0345066
0.90887850625	0.035309
0.90897615625	0.0361115
0.90907380625	0.035309
0.90917145625	0.0361115
0.90926910625	0.0345066
0.90936675625	0.035309
0.90946440625	0.035309
0.90956205625	0.0345066
0.90965970625	0.035309
0.90975735625	0.0345066
0.90985500625	0.035309
0.90995265625	0.035309
0.91005030625	0.035309
0.91014795625	0.035309
0.91024560625	0.035309
0.91034325625	0.0345066
0.91044090625	0.0345066
0.91053855625	0.035309
0.91063620625	0.0345066
0.91073385625	0.035309
0.91083150625	0.035309
0.91092915625	0.0345066
0.91102680625	0.0345066
0.91112445625	0.035309
0.91122210625	0.0345066
0.91131975625	0.0345066
0.91141740625	0.035309
0.91151505625	0.035309
0.91161270625	0.035309
0.91171035625	0.0345066
0.91180800625	0.035309
0.91190565625	0.0345066
0.91200330625	0.035309
0.91210095625	0.035309
0.91219860625	0.0345066
0.91229625625	0.0345066
0.91239390625	0.0345066
0.91249155625	0.035309
0.91258920625	0.0345066
0.91268685625	0.035309
0.91278450625	0.0345066
0.91288215625	0.035309
0.91297980625	0.035309
0.91307745625	0.035309
0.91317510625	0.0345066
0.91327275625	0.0345066
0.91337040625	0.035309
0.91346805625	0.035309
0.91356570625	0.035309
0.91366335625	0.0345066
0.91376100625	0.035309
0.91385865625	0.0345066
0.91395630625	0.0345066
0.91405395625	0.035309
0.91415160625	0.0345066
0.91424925625	0.035309
0.91434690625	0.0345066
0.91444455625	0.035309
0.91454220625	0.035309
0.91463985625	0.035309
0.91473750625	0.0345066
0.91483515625	0.035309
0.91493280625	0.035309
0.91503045625	0.035309
0.91512810625	0.035309
0.91522575625	0.0345066
0.91532340625	0.035309
0.91542105625	0.035309
0.91551870625	0.035309
0.91561635625	0.035309
0.91571400625	0.035309
0.91581165625	0.0345066
0.91590930625	0.035309
0.91600695625	0.0361115
0.91610460625	0.035309
0.91620225625	0.035309
0.91629990625	0.035309
0.91639755625	0.035309
0.91649520625	0.0345066
0.91659285625	0.0345066
0.91669050625	0.0345066
0.91678815625	0.0345066
0.91688580625	0.0361115
0.91698345625	0.035309
0.91708110625	0.035309
0.91717875625	0.035309
0.91727640625	0.0345066
0.91737405625	0.035309
0.91747170625	0.035309
0.91756935625	0.0345066
0.91766700625	0.0345066
0.91776465625	0.0361115
0.91786230625	0.0345066
0.91795995625	0.0345066
0.91805760625	0.0345066
0.91815525625	0.0345066
0.91825290625	0.035309
0.91835055625	0.0345066
0.91844820625	0.0345066
0.91854585625	0.0345066
0.91864350625	0.035309
0.91874115625	0.035309
0.91883880625	0.035309
0.91893645625	0.0345066
0.91903410625	0.0345066
0.91913175625	0.035309
0.91922940625	0.0345066
0.91932705625	0.035309
0.91942470625	0.035309
0.91952235625	0.035309
0.91962000625	0.0361115
0.91971765625	0.035309
0.91981530625	0.0361115
0.91991295625	0.035309
0.92001060625	0.035309
0.92010825625	0.0345066
0.92020590625	0.035309
0.92030355625	0.0345066
0.92040120625	0.035309
0.92049885625	0.0361115
0.92059650625	0.035309
0.92069415625	0.035309
0.92079180625	0.035309
0.92088945625	0.0345066
0.92098710625	0.035309
0.92108475625	0.035309
0.92118240625	0.035309
0.92128005625	0.036914
0.92137770625	0.035309
0.92147535625	0.035309
0.92157300625	0.0345066
0.92167065625	0.035309
0.92176830625	0.035309
0.92186595625	0.035309
0.92196360625	0.035309
0.92206125625	0.0345066
0.92215890625	0.035309
0.92225655625	0.035309
0.92235420625	0.0345066
0.92245185625	0.035309
0.92254950625	0.035309
0.92264715625	0.0345066
0.92274480625	0.035309
0.92284245625	0.035309
0.92294010625	0.0345066
0.92303775625	0.0345066
0.92313540625	0.035309
0.92323305625	0.035309
0.92333070625	0.035309
0.92342835625	0.035309
0.92352600625	0.0345066
0.92362365625	0.035309
0.92372130625	0.0345066
0.92381895625	0.035309
0.92391660625	0.035309
0.92401425625	0.035309
0.92411190625	0.035309
0.92420955625	0.035309
0.92430720625	0.0345066
0.92440485625	0.0361115
0.92450250625	0.0345066
0.92460015625	0.035309
0.92469780625	0.0345066
0.92479545625	0.0361115
0.92489310625	0.035309
0.92499075625	0.035309
0.92508840625	0.0345066
0.92518605625	0.035309
0.92528370625	0.0345066
0.92538135625	0.0345066
0.92547900625	0.0361115
0.92557665625	0.0345066
0.92567430625	0.035309
0.92577195625	0.035309
0.92586960625	0.0345066
0.92596725625	0.035309
0.92606490625	0.0345066
0.92616255625	0.035309
0.92626020625	0.0345066
0.92635785625	0.035309
0.92645550625	0.0345066
0.92655315625	0.0337041
0.92665080625	0.035309
0.92674845625	0.0345066
0.92684610625	0.035309
0.92694375625	0.0345066
0.92704140625	0.0345066
0.92713905625	0.0345066
0.92723670625	0.035309
0.92733435625	0.035309
0.92743200625	0.035309
0.92752965625	0.0361115
0.92762730625	0.0361115
0.92772495625	0.0345066
0.92782260625	0.035309
0.92792025625	0.035309
0.92801790625	0.035309
0.92811555625	0.035309
0.92821320625	0.035309
0.92831085625	0.035309
0.92840850625	0.035309
0.92850615625	0.035309
0.92860380625	0.0345066
0.92870145625	0.035309
0.92879910625	0.035309
0.92889675625	0.0345066
0.92899440625	0.0345066
0.92909205625	0.035309
0.92918970625	0.0361115
0.92928735625	0.035309
0.92938500625	0.035309
0.92948265625	0.035309
0.92958030625	0.035309
0.92967795625	0.035309
0.92977560625	0.035309
0.92987325625	0.0361115
0.92997090625	0.035309
0.93006855625	0.035309
0.93016620625	0.0361115
0.93026385625	0.0345066
0.93036150625	0.035309
0.93045915625	0.035309
0.93055680625	0.0345066
0.93065445625	0.035309
0.93075210625	0.0345066
0.93084975625	0.035309
0.93094740625	0.035309
0.93104505625	0.0361115
0.93114270625	0.035309
0.93124035625	0.035309
0.93133800625	0.0361115
0.93143565625	0.0361115
0.93153330625	0.035309
0.93163095625	0.035309
0.93172860625	0.035309
0.93182625625	0.0361115
0.93192390625	0.035309
0.93202155625	0.035309
0.93211920625	0.035309
0.93221685625	0.0345066
0.93231450625	0.035309
0.93241215625	0.0361115
0.93250980625	0.035309
0.93260745625	0.035309
0.93270510625	0.0345066
0.93280275625	0.0361115
0.93290040625	0.035309
0.93299805625	0.0361115
0.93309570625	0.035309
0.93319335625	0.035309
0.93329100625	0.035309
0.93338865625	0.0345066
0.93348630625	0.035309
0.93358395625	0.035309
0.93368160625	0.0361115
0.93377925625	0.035309
0.93387690625	0.035309
0.93397455625	0.035309
0.93407220625	0.035309
0.93416985625	0.035309
0.93426750625	0.035309
0.93436515625	0.0345066
0.93446280625	0.0361115
0.93456045625	0.0361115
0.93465810625	0.035309
0.93475575625	0.035309
0.93485340625	0.035309
0.93495105625	0.035309
0.93504870625	0.035309
0.93514635625	0.035309
0.93524400625	0.035309
0.93534165625	0.035309
0.93543930625	0.0345066
0.93553695625	0.035309
0.93563460625	0.035309
0.93573225625	0.035309
0.93582990625	0.035309
0.93592755625	0.035309
0.93602520625	0.035309
0.93612285625	0.035309
0.93622050625	0.035309
0.93631815625	0.0345066
0.93641580625	0.035309
0.93651345625	0.0361115
0.93661110625	0.035309
0.93670875625	0.035309
0.93680640625	0.035309
0.93690405625	0.035309
0.93700170625	0.035309
0.93709935625	0.0361115
0.93719700625	0.035309
0.93729465625	0.035309
0.93739230625	0.035309
0.93748995625	0.035309
0.93758760625	0.035309
0.93768525625	0.035309
0.93778290625	0.0345066
0.93788055625	0.0345066
0.93797820625	0.035309
0.93807585625	0.035309
0.93817350625	0.035309
0.93827115625	0.035309
0.93836880625	0.0345066
0.93846645625	0.0345066
0.93856410625	0.035309
0.93866175625	0.035309
0.93875940625	0.0345066
0.93885705625	0.0361115
0.93895470625	0.035309
0.93905235625	0.0345066
0.93915000625	0.0345066
0.93924765625	0.035309
0.93934530625	0.035309
0.93944295625	0.035309
0.93954060625	0.035309
0.93963825625	0.035309
0.93973590625	0.035309
0.93983355625	0.0345066
0.93993120625	0.035309
0.94002885625	0.035309
0.94012650625	0.0345066
0.94022415625	0.035309
0.94032180625	0.035309
0.94041945625	0.035309
0.94051710625	0.0345066
0.94061475625	0.035309
0.94071240625	0.0361115
0.94081005625	0.035309
0.94090770625	0.035309
0.94100535625	0.035309
0.94110300625	0.035309
0.94120065625	0.035309
0.94129830625	0.0345066
0.94139595625	0.035309
0.94149360625	0.035309
0.94159125625	0.0361115
0.94168890625	0.0361115
0.94178655625	0.035309
0.94188420625	0.035309
0.94198185625	0.0345066
0.94207950625	0.035309
0.94217715625	0.0345066
0.94227480625	0.0361115
0.94237245625	0.035309
0.94247010625	0.0361115
0.94256775625	0.0345066
0.94266540625	0.035309
0.94276305625	0.0345066
0.94286070625	0.035309
0.94295835625	0.035309
0.94305600625	0.035309
0.94315365625	0.0361115
0.94325130625	0.035309
0.94334895625	0.0361115
0.94344660625	0.0361115
0.94354425625	0.035309
0.94364190625	0.0361115
0.94373955625	0.0345066
0.94383720625	0.0361115
0.94393485625	0.035309
0.94403250625	0.035309
0.94413015625	0.035309
0.94422780625	0.035309
0.94432545625	0.035309
0.94442310625	0.035309
0.94452075625	0.0361115
0.94461840625	0.035309
0.94471605625	0.035309
0.94481370625	0.035309
0.94491135625	0.035309
0.94500900625	0.035309
0.94510665625	0.035309
0.94520430625	0.035309
0.94530195625	0.035309
0.94539960625	0.0345066
0.94549725625	0.035309
0.94559490625	0.035309
0.94569255625	0.0345066
0.94579020625	0.035309
0.94588785625	0.035309
0.94598550625	0.035309
0.94608315625	0.035309
0.94618080625	0.035309
0.94627845625	0.035309
0.94637610625	0.035309
0.94647375625	0.035309
0.94657140625	0.035309
0.94666905625	0.035309
0.94676670625	0.0361115
0.94686435625	0.035309
0.94696200625	0.035309
0.94705965625	0.035309
0.94715730625	0.035309
0.94725495625	0.035309
0.94735260625	0.035309
0.94745025625	0.035309
0.94754790625	0.0361115
0.94764555625	0.035309
0.94774320625	0.036914
0.94784085625	0.035309
0.94793850625	0.035309
0.94803615625	0.035309
0.94813380625	0.035309
0.94823145625	0.035309
0.94832910625	0.035309
0.94842675625	0.035309
0.94852440625	0.035309
0.94862205625	0.0361115
0.94871970625	0.035309
0.94881735625	0.035309
0.94891500625	0.035309
0.94901265625	0.035309
0.94911030625	0.035309
0.94920795625	0.0345066
0.94930560625	0.035309
0.94940325625	0.0345066
0.94950090625	0.035309
0.94959855625	0.035309
0.94969620625	0.0361115
0.94979385625	0.035309
0.94989150625	0.035309
0.94998915625	0.035309
0.95008680625	0.0345066
0.95018445625	0.035309
0.95028210625	0.035309
0.95037975625	0.035309
0.95047740625	0.035309
0.95057505625	0.0345066
0.95067270625	0.0361115
0.95077035625	0.035309
0.95086800625	0.0361115
0.95096565625	0.0361115
0.95106330625	0.0345066
0.95116095625	0.035309
0.95125860625	0.035309
0.95135625625	0.0345066
0.95145390625	0.0345066
0.95155155625	0.035309
0.95164920625	0.0361115
0.95174685625	0.035309
0.95184450625	0.0361115
0.95194215625	0.0345066
0.95203980625	0.035309
0.95213745625	0.035309
0.95223510625	0.035309
0.95233275625	0.035309
0.95243040625	0.0345066
0.95252805625	0.035309
0.95262570625	0.035309
0.95272335625	0.035309
0.95282100625	0.0345066
0.95291865625	0.0361115
0.95301630625	0.035309
0.95311395625	0.0345066
0.95321160625	0.035309
0.95330925625	0.035309
0.95340690625	0.0345066
0.95350455625	0.035309
0.95360220625	0.035309
0.95369985625	0.035309
0.95379750625	0.0345066
0.95389515625	0.035309
0.95399280625	0.0345066
0.95409045625	0.0345066
0.95418810625	0.035309
0.95428575625	0.035309
0.95438340625	0.035309
0.95448105625	0.035309
0.95457870625	0.0345066
0.95467635625	0.035309
0.95477400625	0.0361115
0.95487165625	0.035309
0.95496930625	0.035309
0.95506695625	0.0345066
0.95516460625	0.035309
0.95526225625	0.035309
0.95535990625	0.035309
0.95545755625	0.035309
0.95555520625	0.035309
0.95565285625	0.0361115
0.95575050625	0.0345066
0.95584815625	0.035309
0.95594580625	0.035309
0.95604345625	0.0345066
0.95614110625	0.0345066
0.95623875625	0.035309
0.95633640625	0.0361115
0.95643405625	0.035309
0.95653170625	0.035309
0.95662935625	0.0345066
0.95672700625	0.035309
0.95682465625	0.0345066
0.95692230625	0.035309
0.95701995625	0.035309
0.95711760625	0.035309
0.95721525625	0.0345066
0.95731290625	0.035309
0.95741055625	0.035309
0.95750820625	0.0361115
0.95760585625	0.035309
0.95770350625	0.035309
0.95780115625	0.035309
0.95789880625	0.0345066
0.95799645625	0.035309
0.95809410625	0.0345066
0.95819175625	0.0345066
0.95828940625	0.035309
0.95838705625	0.035309
0.95848470625	0.035309
0.95858235625	0.035309
0.95868000625	0.0345066
0.95877765625	0.035309
0.95887530625	0.035309
0.95897295625	0.0345066
0.95907060625	0.035309
0.95916825625	0.035309
0.95926590625	0.0345066
0.95936355625	0.035309
0.95946120625	0.035309
0.95955885625	0.0345066
0.95965650625	0.035309
0.95975415625	0.0345066
0.95985180625	0.035309
0.95994945625	0.0345066
0.96004710625	0.035309
0.96014475625	0.035309
0.96024240625	0.035309
0.96034005625	0.0345066
0.96043770625	0.0345066
0.96053535625	0.0345066
0.96063300625	0.0345066
0.96073065625	0.0345066
0.96082830625	0.035309
0.96092595625	0.0345066
0.96102360625	0.035309
0.96112125625	0.0345066
0.96121890625	0.0345066
0.96131655625	0.035309
0.96141420625	0.035309
0.96151185625	0.035309
0.96160950625	0.035309
0.96170715625	0.035309
0.96180480625	0.035309
0.96190245625	0.035309
0.96200010625	0.035309
0.96209775625	0.035309
0.96219540625	0.035309
0.96229305625	0.0345066
0.96239070625	0.035309
0.96248835625	0.035309
0.96258600625	0.035309
0.96268365625	0.0345066
0.96278130625	0.035309
0.96287895625	0.0345066
0.96297660625	0.035309
0.96307425625	0.035309
0.96317190625	0.0345066
0.96326955625	0.035309
0.96336720625	0.0345066
0.96346485625	0.035309
0.96356250625	0.035309
0.96366015625	0.0345066
0.96375780625	0.035309
0.96385545625	0.035309
0.96395310625	0.0345066
0.96405075625	0.035309
0.96414840625	0.035309
0.96424605625	0.0345066
0.96434370625	0.0345066
0.96444135625	0.035309
0.96453900625	0.0345066
0.96463665625	0.035309
0.96473430625	0.035309
0.96483195625	0.035309
0.96492960625	0.035309
0.96502725625	0.035309
0.96512490625	0.035309
0.96522255625	0.035309
0.96532020625	0.0361115
0.96541785625	0.035309
0.96551550625	0.035309
0.96561315625	0.035309
0.96571080625	0.035309
0.96580845625	0.035309
0.96590610625	0.035309
0.96600375625	0.0345066
0.96610140625	0.035309
0.96619905625	0.0361115
0.96629670625	0.035309
0.96639435625	0.035309
0.96649200625	0.0345066
0.96658965625	0.035309
0.96668730625	0.0345066
0.96678495625	0.035309
0.96688260625	0.035309
0.96698025625	0.0345066
0.96707790625	0.035309
0.96717555625	0.035309
0.96727320625	0.035309
0.96737085625	0.0345066
0.96746850625	0.035309
0.96756615625	0.035309
0.96766380625	0.035309
0.96776145625	0.035309
0.96785910625	0.035309
0.96795675625	0.035309
0.96805440625	0.035309
0.96815205625	0.035309
0.96824970625	0.035309
0.96834735625	0.035309
0.96844500625	0.0345066
0.96854265625	0.0345066
0.96864030625	0.035309
0.96873795625	0.035309
0.96883560625	0.035309
0.96893325625	0.035309
0.96903090625	0.035309
0.96912855625	0.035309
0.96922620625	0.0345066
0.96932385625	0.035309
0.96942150625	0.035309
0.96951915625	0.0345066
0.96961680625	0.035309
0.96971445625	0.0361115
0.96981210625	0.035309
0.96990975625	0.035309
0.97000740625	0.035309
0.97010505625	0.035309
0.97020270625	0.0345066
0.97030035625	0.035309
0.97039800625	0.035309
0.97049565625	0.035309
0.97059330625	0.035309
0.97069095625	0.035309
0.97078860625	0.0345066
0.97088625625	0.035309
0.97098390625	0.035309
0.97108155625	0.035309
0.97117920625	0.035309
0.97127685625	0.035309
0.97137450625	0.035309
0.97147215625	0.036914
0.97156980625	0.0345066
0.97166745625	0.035309
0.97176510625	0.035309
0.97186275625	0.0345066
0.97196040625	0.0345066
0.97205805625	0.0345066
0.97215570625	0.0345066
0.97225335625	0.0345066
0.97235100625	0.0361115
0.97244865625	0.035309
0.97254630625	0.035309
0.97264395625	0.035309
0.97274160625	0.035309
0.97283925625	0.0345066
0.97293690625	0.035309
0.97303455625	0.0345066
0.97313220625	0.035309
0.97322985625	0.0361115
0.97332750625	0.035309
0.97342515625	0.035309
0.97352280625	0.0345066
0.97362045625	0.0345066
0.97371810625	0.0345066
0.97381575625	0.035309
0.97391340625	0.0345066
0.97401105625	0.035309
0.97410870625	0.035309
0.97420635625	0.0345066
0.97430400625	0.0345066
0.97440165625	0.0345066
0.97449930625	0.035309
0.97459695625	0.035309
0.97469460625	0.0345066
0.97479225625	0.0337041
0.97488990625	0.0345066
0.97498755625	0.0361115
0.97508520625	0.035309
0.97518285625	0.035309
0.97528050625	0.035309
0.97537815625	0.0345066
0.97547580625	0.0345066
0.97557345625	0.035309
0.97567110625	0.035309
0.97576875625	0.0345066
0.97586640625	0.0345066
0.97596405625	0.035309
0.97606170625	0.035309
0.97615935625	0.0345066
0.97625700625	0.0345066
0.97635465625	0.0345066
0.97645230625	0.0345066
0.97654995625	0.0345066
0.97664760625	0.035309
0.97674525625	0.0361115
0.97684290625	0.0345066
0.97694055625	0.0345066
0.97703820625	0.035309
0.97713585625	0.0345066
0.97723350625	0.035309
0.97733115625	0.035309
0.97742880625	0.035309
0.97752645625	0.035309
0.97762410625	0.035309
0.97772175625	0.0345066
0.97781940625	0.035309
0.97791705625	0.0345066
0.97801470625	0.035309
0.97811235625	0.0345066
0.97821000625	0.035309
0.97830765625	0.035309
0.97840530625	0.0345066
0.97850295625	0.035309
0.97860060625	0.0345066
0.97869825625	0.035309
0.97879590625	0.035309
0.97889355625	0.035309
0.97899120625	0.035309
0.97908885625	0.035309
0.97918650625	0.035309
0.97928415625	0.035309
0.97938180625	0.0361115
0.97947945625	0.0361115
0.97957710625	0.035309
0.97967475625	0.035309
0.97977240625	0.035309
0.97987005625	0.035309
0.97996770625	0.0361115
0.98006535625	0.035309
0.98016300625	0.035309
0.98026065625	0.035309
0.98035830625	0.0345066
0.98045595625	0.0345066
0.98055360625	0.035309
0.98065125625	0.035309
0.98074890625	0.0345066
0.98084655625	0.0345066
0.98094420625	0.035309
0.98104185625	0.0345066
0.98113950625	0.035309
0.98123715625	0.0345066
0.98133480625	0.0345066
0.98143245625	0.0345066
0.98153010625	0.035309
0.98162775625	0.0345066
0.98172540625	0.0345066
0.98182305625	0.0345066
0.98192070625	0.0337041
0.98201835625	0.035309
0.98211600625	0.0345066
0.98221365625	0.0345066
0.98231130625	0.0345066
0.98240895625	0.035309
0.98250660625	0.035309
0.98260425625	0.0345066
0.98270190625	0.035309
0.98279955625	0.0345066
0.98289720625	0.0361115
0.98299485625	0.0345066
0.98309250625	0.0345066
0.98319015625	0.035309
0.98328780625	0.035309
0.98338545625	0.0345066
0.98348310625	0.035309
0.98358075625	0.035309
0.98367840625	0.0345066
0.98377605625	0.0361115
0.98387370625	0.0345066
0.98397135625	0.0345066
0.98406900625	0.0345066
0.98416665625	0.0345066
0.98426430625	0.035309
0.98436195625	0.0345066
0.98445960625	0.0345066
0.98455725625	0.035309
0.98465490625	0.0361115
0.98475255625	0.035309
0.98485020625	0.0337041
0.98494785625	0.035309
0.98504550625	0.0345066
0.98514315625	0.0345066
0.98524080625	0.0345066
0.98533845625	0.035309
0.98543610625	0.035309
0.98553375625	0.0345066
0.98563140625	0.0345066
0.98572905625	0.0345066
0.98582670625	0.0345066
0.98592435625	0.0345066
0.98602200625	0.0361115
0.98611965625	0.035309
0.98621730625	0.035309
0.98631495625	0.035309
0.98641260625	0.035309
0.98651025625	0.0345066
0.98660790625	0.035309
0.98670555625	0.0345066
0.98680320625	0.035309
0.98690085625	0.035309
0.98699850625	0.035309
0.98709615625	0.035309
0.98719380625	0.035309
0.98729145625	0.0361115
0.98738910625	0.035309
0.98748675625	0.035309
0.98758440625	0.035309
0.98768205625	0.035309
0.98777970625	0.035309
0.98787735625	0.035309
0.98797500625	0.0345066
0.98807265625	0.0345066
0.98817030625	0.0345066
0.98826795625	0.035309
0.98836560625	0.0345066
0.98846325625	0.035309
0.98856090625	0.035309
0.98865855625	0.0345066
0.98875620625	0.035309
0.98885385625	0.0345066
0.98895150625	0.0345066
0.98904915625	0.035309
0.98914680625	0.0345066
0.98924445625	0.0345066
0.98934210625	0.0345066
0.98943975625	0.035309
0.98953740625	0.0361115
0.98963505625	0.0345066
0.98973270625	0.035309
0.98983035625	0.0345066
0.98992800625	0.035309
0.99002565625	0.035309
0.99012330625	0.035309
0.99022095625	0.0345066
0.99031860625	0.0345066
0.99041625625	0.0345066
0.99051390625	0.035309
0.99061155625	0.0345066
0.99070920625	0.0345066
0.99080685625	0.035309
0.99090450625	0.0345066
0.99100215625	0.0345066
0.99109980625	0.0345066
0.99119745625	0.0345066
0.99129510625	0.035309
0.99139275625	0.035309
0.99149040625	0.035309
0.99158805625	0.0337041
0.99168570625	0.035309
0.99178335625	0.0345066
0.99188100625	0.0345066
0.99197865625	0.035309
0.99207630625	0.035309
0.99217395625	0.0345066
0.99227160625	0.0345066
0.99236925625	0.035309
0.99246690625	0.0345066
0.99256455625	0.035309
0.99266220625	0.0337041
0.99275985625	0.0345066
0.99285750625	0.0345066
0.99295515625	0.0345066
0.99305280625	0.0345066
0.99315045625	0.0345066
0.99324810625	0.0345066
0.99334575625	0.0345066
0.99344340625	0.035309
0.99354105625	0.035309
0.99363870625	0.0345066
0.99373635625	0.0345066
0.99383400625	0.0345066
0.99393165625	0.035309
0.99402930625	0.035309
0.99412695625	0.035309
0.99422460625	0.0345066
0.99432225625	0.035309
0.99441990625	0.0345066
0.99451755625	0.0345066
0.99461520625	0.035309
0.99471285625	0.0345066
0.99481050625	0.035309
0.99490815625	0.035309
0.99500580625	0.035309
0.99510345625	0.035309
0.99520110625	0.0361115
0.99529875625	0.0345066
0.99539640625	0.035309
0.99549405625	0.0345066
0.99559170625	0.035309
0.99568935625	0.0345066
0.99578700625	0.0337041
0.99588465625	0.035309
0.99598230625	0.0345066
0.99607995625	0.035309
0.99617760625	0.035309
0.99627525625	0.0345066
0.99637290625	0.035309
0.99647055625	0.035309
0.99656820625	0.035309
0.99666585625	0.035309
0.99676350625	0.035309
0.99686115625	0.035309
0.99695880625	0.035309
0.99705645625	0.0345066
0.99715410625	0.0345066
0.99725175625	0.0345066
0.99734940625	0.035309
0.99744705625	0.035309
0.99754470625	0.035309
0.99764235625	0.035309
0.99774000625	0.0345066
0.99783765625	0.035309
0.99793530625	0.0345066
0.99803295625	0.035309
0.99813060625	0.035309
0.99822825625	0.0345066
0.99832590625	0.035309
0.99842355625	0.035309
0.99852120625	0.0345066
0.99861885625	0.0345066
0.99871650625	0.0345066
0.99881415625	0.0345066
0.99891180625	0.035309
0.99900945625	0.0345066
0.99910710625	0.0345066
0.99920475625	0.035309
0.99930240625	0.0345066
0.99940005625	0.035309
0.99949770625	0.0345066
0.99959535625	0.0361115
0.99969300625	0.035309
0.99979065625	0.0345066
0.99988830625	0.035309
0.99998595625	0.035309
1.00008360625	0.035309
1.00018125625	0.0345066
1.00027890625	0.035309
1.00037655625	0.0345066
1.00047420625	0.0361115
1.00057185625	0.035309
1.00066950625	0.0345066
1.00076715625	0.0361115
1.00086480625	0.0345066
1.00096245625	0.035309
1.00106010625	0.035309
1.00115775625	0.035309
1.00125540625	0.0345066
1.00135305625	0.0361115
1.00145070625	0.035309
1.00154835625	0.035309
1.00164600625	0.035309
1.00174365625	0.035309
1.00184130625	0.0345066
1.00193895625	0.035309
1.00203660625	0.0345066
1.00213425625	0.035309
1.00223190625	0.035309
1.00232955625	0.0345066
1.00242720625	0.0345066
1.00252485625	0.0345066
1.00262250625	0.035309
1.00272015625	0.0345066
1.00281780625	0.0345066
1.00291545625	0.0345066
1.00301310625	0.0345066
1.00311075625	0.035309
1.00320840625	0.0345066
1.00330605625	0.035309
1.00340370625	0.035309
1.00350135625	0.035309
1.00359900625	0.035309
1.00369665625	0.0345066
1.00379430625	0.0345066
1.00389195625	0.0345066
1.00398960625	0.035309
1.00408725625	0.0345066
1.00418490625	0.0345066
1.00428255625	0.0345066
1.00438020625	0.035309
1.00447785625	0.035309
1.00457550625	0.035309
1.00467315625	0.035309
1.00477080625	0.0345066
1.00486845625	0.0361115
1.00496610625	0.035309
1.00506375625	0.035309
1.00516140625	0.0361115
1.00525905625	0.0345066
1.00535670625	0.0361115
1.00545435625	0.035309
1.00555200625	0.035309
1.00564965625	0.0345066
1.00574730625	0.0361115
1.00584495625	0.035309
1.00594260625	0.0361115
1.00604025625	0.0361115
1.00613790625	0.035309
1.00623555625	0.035309
1.00633320625	0.0345066
1.00643085625	0.035309
1.00652850625	0.035309
1.00662615625	0.035309
1.00672380625	0.035309
1.00682145625	0.0345066
1.00691910625	0.035309
1.00701675625	0.035309
1.00711440625	0.035309
1.00721205625	0.0345066
1.00730970625	0.035309
1.00740735625	0.035309
1.00750500625	0.035309
1.00760265625	0.035309
1.00770030625	0.035309
1.00779795625	0.035309
1.00789560625	0.035309
1.00799325625	0.0345066
1.00809090625	0.035309
1.00818855625	0.035309
1.00828620625	0.0345066
1.00838385625	0.035309
1.00848150625	0.035309
1.00857915625	0.0345066
1.00867680625	0.035309
1.00877445625	0.0345066
1.00887210625	0.035309
1.00896975625	0.0345066
1.00906740625	0.035309
1.00916505625	0.035309
1.00926270625	0.035309
1.00936035625	0.035309
1.00945800625	0.035309
1.00955565625	0.035309
1.00965330625	0.0345066
1.00975095625	0.0345066
1.00984860625	0.0345066
1.00994625625	0.035309
1.01004390625	0.035309
1.01014155625	0.035309
1.01023920625	0.035309
1.01033685625	0.0345066
1.01043450625	0.0337041
1.01053215625	0.035309
1.01062980625	0.0345066
1.01072745625	0.035309
1.01082510625	0.035309
1.01092275625	0.0345066
1.01102040625	0.035309
1.01111805625	0.035309
1.01121570625	0.0345066
1.01131335625	0.035309
1.01141100625	0.035309
1.01150865625	0.035309
1.01160630625	0.035309
1.01170395625	0.035309
1.01180160625	0.0345066
1.01189925625	0.035309
1.01199690625	0.035309
1.01209455625	0.035309
1.01219220625	0.0345066
1.01228985625	0.035309
1.01238750625	0.0345066
1.01248515625	0.0345066
1.01258280625	0.0345066
1.01268045625	0.035309
1.01277810625	0.035309
1.01287575625	0.035309
1.01297340625	0.0345066
1.01307105625	0.035309
1.01316870625	0.035309
1.01326635625	0.035309
1.01336400625	0.035309
1.01346165625	0.035309
1.01355930625	0.035309
1.01365695625	0.0361115
1.01375460625	0.035309
1.01385225625	0.0345066
1.01394990625	0.035309
1.01404755625	0.035309
1.01414520625	0.0345066
1.01424285625	0.0361115
1.01434050625	0.035309
1.01443815625	0.035309
1.01453580625	0.035309
1.01463345625	0.035309
1.01473110625	0.035309
1.01482875625	0.035309
1.01492640625	0.035309
1.01502405625	0.035309
1.01512170625	0.0361115
1.01521935625	0.035309
1.01531700625	0.035309
1.01541465625	0.035309
1.01551230625	0.035309
1.01560995625	0.035309
1.01570760625	0.0361115
1.01580525625	0.035309
1.01590290625	0.0345066
1.01600055625	0.035309
1.01609820625	0.035309
1.01619585625	0.035309
1.01629350625	0.035309
1.01639115625	0.035309
1.01648880625	0.035309
1.01658645625	0.035309
1.01668410625	0.035309
1.01678175625	0.0345066
1.01687940625	0.035309
1.01697705625	0.035309
1.01707470625	0.035309
1.01717235625	0.0361115
1.01727000625	0.0345066
1.01736765625	0.035309
1.01746530625	0.035309
1.01756295625	0.035309
1.01766060625	0.035309
1.01775825625	0.035309
1.01785590625	0.0345066
1.01795355625	0.035309
1.01805120625	0.0361115
1.01814885625	0.035309
1.01824650625	0.035309
1.01834415625	0.035309
1.01844180625	0.035309
1.01853945625	0.035309
1.01863710625	0.035309
1.01873475625	0.035309
1.01883240625	0.035309
1.01893005625	0.035309
1.01902770625	0.035309
1.01912535625	0.035309
1.01922300625	0.035309
1.01932065625	0.035309
1.01941830625	0.035309
1.01951595625	0.0361115
1.01961360625	0.035309
1.01971125625	0.036914
1.01980890625	0.0361115
1.01990655625	0.035309
1.02000420625	0.0361115
1.02010185625	0.035309
1.02019950625	0.035309
1.02029715625	0.0337041
1.02039480625	0.0345066
1.02049245625	0.035309
1.02059010625	0.035309
1.02068775625	0.0361115
1.02078540625	0.035309
1.02088305625	0.035309
1.02098070625	0.0345066
1.02107835625	0.0361115
1.02117600625	0.035309
1.02127365625	0.035309
1.02137130625	0.0361115
1.02146895625	0.035309
1.02156660625	0.035309
1.02166425625	0.035309
1.02176190625	0.0345066
1.02185955625	0.035309
1.02195720625	0.035309
1.02205485625	0.035309
1.02215250625	0.035309
1.02225015625	0.0345066
1.02234780625	0.0345066
1.02244545625	0.0361115
1.02254310625	0.0361115
1.02264075625	0.035309
1.02273840625	0.035309
1.02283605625	0.0361115
1.02293370625	0.035309
1.02303135625	0.035309
1.02312900625	0.035309
1.02322665625	0.0361115
1.02332430625	0.035309
1.02342195625	0.035309
1.02351960625	0.035309
1.02361725625	0.035309
1.02371490625	0.035309
1.02381255625	0.035309
1.02391020625	0.035309
1.02400785625	0.035309
1.02410550625	0.0361115
1.02420315625	0.0361115
1.02430080625	0.035309
1.02439845625	0.035309
1.02449610625	0.0361115
1.02459375625	0.035309
1.02469140625	0.035309
1.02478905625	0.0361115
1.02488670625	0.0345066
1.02498435625	0.035309
1.02508200625	0.0361115
1.02517965625	0.0345066
1.02527730625	0.0345066
1.02537495625	0.0345066
1.02547260625	0.0361115
1.02557025625	0.0345066
1.02566790625	0.035309
1.02576555625	0.035309
1.02586320625	0.035309
1.02596085625	0.0361115
1.02605850625	0.035309
1.02615615625	0.035309
1.02625380625	0.035309
1.02635145625	0.035309
1.02644910625	0.035309
1.02654675625	0.035309
1.02664440625	0.035309
1.02674205625	0.0345066
1.02683970625	0.0361115
1.02693735625	0.0345066
1.02703500625	0.0361115
1.02713265625	0.035309
1.02723030625	0.035309
1.02732795625	0.035309
1.02742560625	0.035309
1.02752325625	0.035309
1.02762090625	0.035309
1.02771855625	0.035309
1.02781620625	0.0345066
1.02791385625	0.0361115
1.02801150625	0.035309
1.02810915625	0.035309
1.02820680625	0.035309
1.02830445625	0.035309
1.02840210625	0.035309
1.02849975625	0.035309
1.02859740625	0.035309
1.02869505625	0.0345066
1.02879270625	0.0345066
1.02889035625	0.035309
1.02898800625	0.035309
1.02908565625	0.035309
1.02918330625	0.035309
1.02928095625	0.0361115
1.02937860625	0.035309
1.02947625625	0.0361115
1.02957390625	0.035309
1.02967155625	0.035309
1.02976920625	0.035309
1.02986685625	0.035309
1.02996450625	0.035309
1.03006215625	0.035309
1.03015980625	0.035309
1.03025745625	0.035309
1.03035510625	0.0361115
1.03045275625	0.035309
1.03055040625	0.035309
1.03064805625	0.035309
1.03074570625	0.0361115
1.03084335625	0.035309
1.03094100625	0.035309
1.03103865625	0.0361115
1.03113630625	0.0345066
1.03123395625	0.036914
1.03133160625	0.0345066
1.03142925625	0.035309
1.03152690625	0.035309
1.03162455625	0.035309
1.03172220625	0.035309
1.03181985625	0.035309
1.03191750625	0.035309
1.03201515625	0.0361115
1.03211280625	0.035309
1.03221045625	0.0345066
1.03230810625	0.035309
1.03240575625	0.035309
1.03250340625	0.0361115
1.03260105625	0.035309
1.03269870625	0.035309
1.03279635625	0.0345066
1.03289400625	0.0345066
1.03299165625	0.035309
1.03308930625	0.0361115
1.03318695625	0.035309
1.03328460625	0.035309
1.03338225625	0.0345066
1.03347990625	0.0345066
1.03357755625	0.035309
1.03367520625	0.035309
1.03377285625	0.035309
1.03387050625	0.035309
1.03396815625	0.035309
1.03406580625	0.035309
1.03416345625	0.035309
1.03426110625	0.035309
1.03435875625	0.0361115
1.03445640625	0.035309
1.03455405625	0.035309
1.03465170625	0.035309
1.03474935625	0.0361115
1.03484700625	0.035309
1.03494465625	0.0345066
1.03504230625	0.0345066
1.03513995625	0.0345066
1.03523760625	0.0345066
1.03533525625	0.035309
1.03543290625	0.035309
1.03553055625	0.035309
1.03562820625	0.0361115
1.03572585625	0.0345066
1.03582350625	0.035309
1.03592115625	0.035309
1.03601880625	0.0345066
1.03611645625	0.035309
1.03621410625	0.0345066
1.03631175625	0.035309
1.03640940625	0.035309
1.03650705625	0.0361115
1.03660470625	0.035309
1.03670235625	0.035309
1.03680000625	0.035309
1.03689765625	0.035309
1.03699530625	0.035309
1.03709295625	0.035309
1.03719060625	0.0345066
1.03728825625	0.0361115
1.03738590625	0.035309
1.03748355625	0.035309
1.03758120625	0.035309
1.03767885625	0.035309
1.03777650625	0.0345066
1.03787415625	0.0345066
1.03797180625	0.035309
1.03806945625	0.035309
1.03816710625	0.035309
1.03826475625	0.0361115
1.03836240625	0.035309
1.03846005625	0.0345066
1.03855770625	0.035309
1.03865535625	0.035309
1.03875300625	0.035309
1.03885065625	0.035309
1.03894830625	0.035309
1.03904595625	0.035309
1.03914360625	0.035309
1.03924125625	0.0361115
1.03933890625	0.035309
1.03943655625	0.035309
1.03953420625	0.0361115
1.03963185625	0.035309
1.03972950625	0.0361115
1.03982715625	0.0345066
1.03992480625	0.035309
1.04002245625	0.035309
1.04012010625	0.0361115
1.04021775625	0.0361115
1.04031540625	0.035309
1.04041305625	0.0345066
1.04051070625	0.035309
1.04060835625	0.035309
1.04070600625	0.035309
1.04080365625	0.0361115
1.04090130625	0.035309
1.04099895625	0.0361115
1.04109660625	0.035309
1.04119425625	0.035309
1.04129190625	0.035309
1.04138955625	0.035309
1.04148720625	0.0345066
1.04158485625	0.035309
1.04168250625	0.035309
1.04178015625	0.035309
1.04187780625	0.0361115
1.04197545625	0.035309
1.04207310625	0.035309
1.04217075625	0.035309
1.04226840625	0.035309
1.04236605625	0.035309
1.04246370625	0.035309
1.04256135625	0.035309
1.04265900625	0.035309
1.04275665625	0.035309
1.04285430625	0.0345066
1.04295195625	0.035309
1.04304960625	0.0345066
1.04314725625	0.0345066
1.04324490625	0.035309
1.04334255625	0.035309
1.04344020625	0.035309
1.04353785625	0.035309
1.04363550625	0.035309
1.04373315625	0.035309
1.04383080625	0.035309
1.04392845625	0.035309
1.04402610625	0.035309
1.04412375625	0.0345066
1.04422140625	0.035309
1.04431905625	0.035309
1.04441670625	0.0361115
1.04451435625	0.035309
1.04461200625	0.035309
1.04470965625	0.035309
1.04480730625	0.035309
1.04490495625	0.0361115
1.04500260625	0.035309
1.04510025625	0.0345066
1.04519790625	0.035309
1.04529555625	0.035309
1.04539320625	0.035309
1.04549085625	0.035309
1.04558850625	0.035309
1.04568615625	0.035309
1.04578380625	0.035309
1.04588145625	0.0361115
1.04597910625	0.035309
1.04607675625	0.035309
1.04617440625	0.035309
1.04627205625	0.0361115
1.04636970625	0.035309
1.04646735625	0.035309
1.04656500625	0.0361115
1.04666265625	0.035309
1.04676030625	0.035309
1.04685795625	0.035309
1.04695560625	0.035309
1.04705325625	0.035309
1.04715090625	0.035309
1.04724855625	0.0361115
1.04734620625	0.035309
1.04744385625	0.035309
1.04754150625	0.035309
1.04763915625	0.035309
1.04773680625	0.035309
1.04783445625	0.035309
1.04793210625	0.035309
1.04802975625	0.0361115
1.04812740625	0.035309
1.04822505625	0.035309
1.04832270625	0.0345066
1.04842035625	0.035309
1.04851800625	0.0361115
1.04861565625	0.035309
1.04871330625	0.035309
1.04881095625	0.035309
1.04890860625	0.035309
1.04900625625	0.0361115
1.04910390625	0.0345066
1.04920155625	0.035309
1.04929920625	0.0361115
1.04939685625	0.035309
1.04949450625	0.0361115
1.04959215625	0.035309
1.04968980625	0.035309
1.04978745625	0.0361115
1.04988510625	0.0345066
1.04998275625	0.035309
1.05008040625	0.0345066
1.05017805625	0.035309
1.05027570625	0.0345066
1.05037335625	0.035309
1.05047100625	0.0345066
1.05056865625	0.035309
1.05066630625	0.035309
1.05076395625	0.035309
1.05086160625	0.0345066
1.05095925625	0.035309
1.05105690625	0.035309
1.05115455625	0.035309
1.05125220625	0.035309
1.05134985625	0.035309
1.05144750625	0.035309
1.05154515625	0.0361115
1.05164280625	0.0345066
1.05174045625	0.035309
1.05183810625	0.035309
1.05193575625	0.0361115
1.05203340625	0.0361115
1.05213105625	0.035309
1.05222870625	0.035309
1.05232635625	0.035309
1.05242400625	0.035309
1.05252165625	0.035309
1.05261930625	0.035309
1.05271695625	0.035309
1.05281460625	0.035309
1.05291225625	0.035309
1.05300990625	0.035309
1.05310755625	0.035309
1.05320520625	0.035309
1.05330285625	0.0361115
1.05340050625	0.035309
1.05349815625	0.0361115
1.05359580625	0.035309
1.05369345625	0.035309
1.05379110625	0.035309
1.05388875625	0.035309
1.05398640625	0.0361115
1.05408405625	0.035309
1.05418170625	0.0361115
1.05427935625	0.0345066
1.05437700625	0.035309
1.05447465625	0.035309
1.05457230625	0.035309
1.05466995625	0.035309
1.05476760625	0.0361115
1.05486525625	0.035309
1.05496290625	0.035309
1.05506055625	0.0361115
1.05515820625	0.0345066
1.05525585625	0.035309
1.05535350625	0.035309
1.05545115625	0.0361115
1.05554880625	0.035309
1.05564645625	0.035309
1.05574410625	0.035309
1.05584175625	0.035309
1.05593940625	0.0361115
1.05603705625	0.035309
1.05613470625	0.035309
1.05623235625	0.035309
1.05633000625	0.035309
1.05642765625	0.035309
1.05652530625	0.0345066
1.05662295625	0.035309
1.05672060625	0.035309
1.05681825625	0.035309
1.05691590625	0.0361115
1.05701355625	0.0361115
1.05711120625	0.035309
1.05720885625	0.0345066
1.05730650625	0.035309
1.05740415625	0.035309
1.05750180625	0.0345066
1.05759945625	0.035309
1.05769710625	0.0361115
1.05779475625	0.035309
1.05789240625	0.035309
1.05799005625	0.035309
1.05808770625	0.0361115
1.05818535625	0.035309
1.05828300625	0.035309
1.05838065625	0.0361115
1.05847830625	0.035309
1.05857595625	0.0361115
1.05867360625	0.0345066
1.05877125625	0.035309
1.05886890625	0.035309
1.05896655625	0.035309
1.05906420625	0.035309
1.05916185625	0.0361115
1.05925950625	0.035309
1.05935715625	0.0345066
1.05945480625	0.035309
1.05955245625	0.0361115
1.05965010625	0.0345066
1.05974775625	0.035309
1.05984540625	0.0361115
1.05994305625	0.035309
1.06004070625	0.035309
1.06013835625	0.035309
1.06023600625	0.035309
1.06033365625	0.0361115
1.06043130625	0.035309
1.06052895625	0.0345066
1.06062660625	0.035309
1.06072425625	0.035309
1.06082190625	0.035309
1.06091955625	0.035309
1.06101720625	0.035309
1.06111485625	0.035309
1.06121250625	0.035309
1.06131015625	0.035309
1.06140780625	0.035309
1.06150545625	0.035309
1.06160310625	0.035309
1.06170075625	0.035309
1.06179840625	0.0361115
1.06189605625	0.035309
1.06199370625	0.035309
1.06209135625	0.035309
1.06218900625	0.035309
1.06228665625	0.0345066
1.06238430625	0.0361115
1.06248195625	0.035309
1.06257960625	0.035309
1.06267725625	0.0345066
1.06277490625	0.035309
1.06287255625	0.035309
1.06297020625	0.035309
1.06306785625	0.035309
1.06316550625	0.035309
1.06326315625	0.035309
1.06336080625	0.035309
1.06345845625	0.035309
1.06355610625	0.035309
1.06365375625	0.0345066
1.06375140625	0.035309
1.06384905625	0.035309
1.06394670625	0.0361115
1.06404435625	0.035309
1.06414200625	0.035309
1.06423965625	0.0361115
1.06433730625	0.035309
1.06443495625	0.035309
1.06453260625	0.035309
1.06463025625	0.035309
1.06472790625	0.0345066
1.06482555625	0.035309
1.06492320625	0.0345066
1.06502085625	0.0345066
1.06511850625	0.035309
1.06521615625	0.035309
1.06531380625	0.035309
1.06541145625	0.035309
1.06550910625	0.035309
1.06560675625	0.035309
1.06570440625	0.0361115
1.06580205625	0.035309
1.06589970625	0.035309
1.06599735625	0.0361115
1.06609500625	0.035309
1.06619265625	0.035309
1.06629030625	0.035309
1.06638795625	0.035309
1.06648560625	0.0361115
1.06658325625	0.0361115
1.06668090625	0.035309
1.06677855625	0.035309
1.06687620625	0.035309
1.06697385625	0.035309
1.06707150625	0.035309
1.06716915625	0.035309
1.06726680625	0.035309
1.06736445625	0.0361115
1.06746210625	0.0361115
1.06755975625	0.0361115
1.06765740625	0.0361115
1.06775505625	0.035309
1.06785270625	0.035309
1.06795035625	0.0361115
1.06804800625	0.035309
1.06814565625	0.035309
1.06824330625	0.035309
1.06834095625	0.0361115
1.06843860625	0.0361115
1.06853625625	0.0361115
1.06863390625	0.0361115
1.06873155625	0.035309
1.06882920625	0.035309
1.06892685625	0.035309
1.06902450625	0.0345066
1.06912215625	0.0361115
1.06921980625	0.035309
1.06931745625	0.035309
1.06941510625	0.035309
1.06951275625	0.035309
1.06961040625	0.035309
1.06970805625	0.035309
1.06980570625	0.035309
1.06990335625	0.035309
1.07000100625	0.0345066
1.07009865625	0.0361115
1.07019630625	0.035309
1.07029395625	0.035309
1.07039160625	0.0361115
1.07048925625	0.035309
1.07058690625	0.0345066
1.07068455625	0.0361115
1.07078220625	0.0345066
1.07087985625	0.035309
1.07097750625	0.035309
1.07107515625	0.0345066
1.07117280625	0.035309
1.07127045625	0.035309
1.07136810625	0.0345066
1.07146575625	0.035309
1.07156340625	0.035309
1.07166105625	0.0345066
1.07175870625	0.0361115
1.07185635625	0.035309
1.07195400625	0.035309
1.07205165625	0.035309
1.07214930625	0.035309
1.07224695625	0.035309
1.07234460625	0.035309
1.07244225625	0.0345066
1.07253990625	0.0361115
1.07263755625	0.035309
1.07273520625	0.035309
1.07283285625	0.035309
1.07293050625	0.035309
1.07302815625	0.035309
1.07312580625	0.035309
1.07322345625	0.035309
1.07332110625	0.0345066
1.07341875625	0.0345066
1.07351640625	0.035309
1.07361405625	0.035309
1.07371170625	0.035309
1.07380935625	0.035309
1.07390700625	0.035309
1.07400465625	0.035309
1.07410230625	0.035309
1.07419995625	0.0345066
1.07429760625	0.035309
1.07439525625	0.0361115
1.07449290625	0.0361115
1.07459055625	0.035309
1.07468820625	0.035309
1.07478585625	0.035309
1.07488350625	0.0345066
1.07498115625	0.035309
1.07507880625	0.035309
1.07517645625	0.0345066
1.07527410625	0.0345066
1.07537175625	0.035309
1.07546940625	0.035309
1.07556705625	0.0361115
1.07566470625	0.035309
1.07576235625	0.0361115
1.07586000625	0.035309
1.07595765625	0.035309
1.07605530625	0.035309
1.07615295625	0.035309
1.07625060625	0.0361115
1.07634825625	0.035309
1.07644590625	0.0361115
1.07654355625	0.0361115
1.07664120625	0.035309
1.07673885625	0.035309
1.07683650625	0.035309
1.07693415625	0.035309
1.07703180625	0.0361115
1.07712945625	0.035309
1.07722710625	0.035309
1.07732475625	0.035309
1.07742240625	0.035309
1.07752005625	0.0345066
1.07761770625	0.035309
1.07771535625	0.0361115
1.07781300625	0.0361115
1.07791065625	0.0361115
1.07800830625	0.0361115
1.07810595625	0.035309
1.07820360625	0.035309
1.07830125625	0.035309
1.07839890625	0.0361115
1.07849655625	0.035309
1.07859420625	0.0361115
1.07869185625	0.0361115
1.07878950625	0.035309
1.07888715625	0.0361115
1.07898480625	0.0361115
1.07908245625	0.035309
1.07918010625	0.035309
1.07927775625	0.0361115
1.07937540625	0.0361115
1.07947305625	0.0361115
1.07957070625	0.035309
1.07966835625	0.035309
1.07976600625	0.0361115
1.07986365625	0.035309
1.07996130625	0.035309
1.08005895625	0.035309
1.08015660625	0.0361115
1.08025425625	0.035309
1.08035190625	0.035309
1.08044955625	0.0345066
1.08054720625	0.035309
1.08064485625	0.0361115
1.08074250625	0.0345066
1.08084015625	0.035309
1.08093780625	0.035309
1.08103545625	0.0361115
1.08113310625	0.035309
1.08123075625	0.035309
1.08132840625	0.0345066
1.08142605625	0.035309
1.08152370625	0.035309
1.08162135625	0.035309
1.08171900625	0.035309
1.08181665625	0.0345066
1.08191430625	0.035309
1.08201195625	0.035309
1.08210960625	0.035309
1.08220725625	0.035309
1.08230490625	0.0345066
1.08240255625	0.035309
1.08250020625	0.035309
1.08259785625	0.0345066
1.08269550625	0.035309
1.08279315625	0.0361115
1.08289080625	0.035309
1.08298845625	0.035309
1.08308610625	0.035309
1.08318375625	0.0345066
1.08328140625	0.0361115
1.08337905625	0.0345066
1.08347670625	0.035309
1.08357435625	0.0345066
1.08367200625	0.035309
1.08376965625	0.035309
1.08386730625	0.035309
1.08396495625	0.0345066
1.08406260625	0.035309
1.08416025625	0.035309
1.08425790625	0.0361115
1.08435555625	0.035309
1.08445320625	0.035309
1.08455085625	0.0361115
1.08464850625	0.0361115
1.08474615625	0.035309
1.08484380625	0.0361115
1.08494145625	0.035309
1.08503910625	0.035309
1.08513675625	0.035309
1.08523440625	0.0345066
1.08533205625	0.0345066
1.08542970625	0.035309
1.08552735625	0.035309
1.08562500625	0.0345066
1.08572265625	0.035309
1.08582030625	0.035309
1.08591795625	0.0361115
1.08601560625	0.0345066
1.08611325625	0.035309
1.08621090625	0.0361115
1.08630855625	0.035309
1.08640620625	0.0361115
1.08650385625	0.035309
1.08660150625	0.035309
1.08669915625	0.0345066
1.08679680625	0.0361115
1.08689445625	0.0361115
1.08699210625	0.0361115
1.08708975625	0.0361115
1.08718740625	0.035309
1.08728505625	0.0345066
1.08738270625	0.035309
1.08748035625	0.035309
1.08757800625	0.035309
1.08767565625	0.0361115
1.08777330625	0.0361115
1.08787095625	0.0361115
1.08796860625	0.0345066
1.08806625625	0.035309
1.08816390625	0.035309
1.08826155625	0.0361115
1.08835920625	0.035309
1.08845685625	0.0361115
1.08855450625	0.0345066
1.08865215625	0.0361115
1.08874980625	0.0345066
1.08884745625	0.035309
1.08894510625	0.035309
1.08904275625	0.035309
1.08914040625	0.035309
1.08923805625	0.0361115
1.08933570625	0.035309
1.08943335625	0.035309
1.08953100625	0.035309
1.08962865625	0.035309
1.08972630625	0.0361115
1.08982395625	0.0345066
1.08992160625	0.035309
1.09001925625	0.035309
1.09011690625	0.035309
1.09021455625	0.035309
1.09031220625	0.035309
1.09040985625	0.0361115
1.09050750625	0.035309
1.09060515625	0.035309
1.09070280625	0.035309
1.09080045625	0.035309
1.09089810625	0.035309
1.09099575625	0.035309
1.09109340625	0.035309
1.09119105625	0.0361115
1.09128870625	0.035309
1.09138635625	0.035309
1.09148400625	0.0361115
1.09158165625	0.035309
1.09167930625	0.035309
1.09177695625	0.035309
1.09187460625	0.035309
1.09197225625	0.035309
1.09206990625	0.035309
1.09216755625	0.036914
1.09226520625	0.035309
1.09236285625	0.035309
1.09246050625	0.0361115
1.09255815625	0.035309
1.09265580625	0.0361115
1.09275345625	0.035309
1.09285110625	0.035309
1.09294875625	0.035309
1.09304640625	0.035309
1.09314405625	0.035309
1.09324170625	0.035309
1.09333935625	0.035309
1.09343700625	0.0345066
1.09353465625	0.035309
1.09363230625	0.035309
1.09372995625	0.0361115
1.09382760625	0.0345066
1.09392525625	0.0361115
1.09402290625	0.035309
1.09412055625	0.035309
1.09421820625	0.035309
1.09431585625	0.035309
1.09441350625	0.035309
1.09451115625	0.035309
1.09460880625	0.035309
1.09470645625	0.0345066
1.09480410625	0.035309
1.09490175625	0.035309
1.09499940625	0.035309
1.09509705625	0.035309
1.09519470625	0.035309
1.09529235625	0.035309
1.09539000625	0.035309
1.09548765625	0.0345066
1.09558530625	0.035309
1.09568295625	0.0361115
1.09578060625	0.035309
1.09587825625	0.0361115
1.09597590625	0.0345066
1.09607355625	0.035309
1.09617120625	0.0345066
1.09626885625	0.035309
1.09636650625	0.0345066
1.09646415625	0.035309
1.09656180625	0.035309
1.09665945625	0.035309
1.09675710625	0.0345066
1.09685475625	0.035309
1.09695240625	0.035309
1.09705005625	0.035309
1.09714770625	0.0345066
1.09724535625	0.035309
1.09734300625	0.035309
1.09744065625	0.035309
1.09753830625	0.0345066
1.09763595625	0.0345066
1.09773360625	0.035309
1.09783125625	0.0345066
1.09792890625	0.035309
1.09802655625	0.0345066
1.09812420625	0.0345066
1.09822185625	0.035309
1.09831950625	0.0345066
1.09841715625	0.0361115
1.09851480625	0.035309
1.09861245625	0.0345066
1.09871010625	0.035309
1.09880775625	0.035309
1.09890540625	0.0345066
1.09900305625	0.035309
1.09910070625	0.0345066
1.09919835625	0.035309
1.09929600625	0.035309
1.09939365625	0.035309
1.09949130625	0.0345066
1.09958895625	0.0345066
1.09968660625	0.035309
1.09978425625	0.0345066
1.09988190625	0.0345066
1.09997955625	0.0345066
1.10007720625	0.035309
1.10017485625	0.0345066
1.10027250625	0.035309
1.10037015625	0.035309
1.10046780625	0.0345066
1.10056545625	0.035309
1.10066310625	0.0345066
1.10076075625	0.035309
1.10085840625	0.035309
1.10095605625	0.0345066
1.10105370625	0.0361115
1.10115135625	0.0345066
1.10124900625	0.035309
1.10134665625	0.035309
1.10144430625	0.035309
1.10154195625	0.0345066
1.10163960625	0.035309
1.10173725625	0.035309
1.10183490625	0.035309
1.10193255625	0.035309
1.10203020625	0.0345066
1.10212785625	0.0345066
1.10222550625	0.035309
1.10232315625	0.035309
1.10242080625	0.035309
1.10251845625	0.0345066
1.10261610625	0.0345066
1.10271375625	0.0361115
1.10281140625	0.035309
1.10290905625	0.035309
1.10300670625	0.035309
1.10310435625	0.0345066
1.10320200625	0.0345066
1.10329965625	0.035309
1.10339730625	0.0345066
1.10349495625	0.0345066
1.10359260625	0.036914
1.10369025625	0.035309
1.10378790625	0.035309
1.10388555625	0.0345066
1.10398320625	0.0345066
1.10408085625	0.0361115
1.10417850625	0.035309
1.10427615625	0.035309
1.10437380625	0.0345066
1.10447145625	0.035309
1.10456910625	0.0361115
1.10466675625	0.035309
1.10476440625	0.0361115
1.10486205625	0.035309
1.10495970625	0.035309
1.10505735625	0.035309
1.10515500625	0.035309
1.10525265625	0.0361115
1.10535030625	0.035309
1.10544795625	0.035309
1.10554560625	0.0345066
1.10564325625	0.035309
1.10574090625	0.0345066
1.10583855625	0.0361115
1.10593620625	0.0345066
1.10603385625	0.035309
1.10613150625	0.035309
1.10622915625	0.035309
1.10632680625	0.035309
1.10642445625	0.035309
1.10652210625	0.035309
1.10661975625	0.035309
1.10671740625	0.035309
1.10681505625	0.035309
1.10691270625	0.035309
1.10701035625	0.0361115
1.10710800625	0.035309
1.10720565625	0.0361115
1.10730330625	0.035309
1.10740095625	0.0361115
1.10749860625	0.035309
1.10759625625	0.035309
1.10769390625	0.0345066
1.10779155625	0.035309
1.10788920625	0.0345066
1.10798685625	0.035309
1.10808450625	0.0361115
1.10818215625	0.035309
1.10827980625	0.035309
1.10837745625	0.035309
1.10847510625	0.035309
1.10857275625	0.035309
1.10867040625	0.035309
1.10876805625	0.0361115
1.10886570625	0.035309
1.10896335625	0.035309
1.10906100625	0.035309
1.10915865625	0.035309
1.10925630625	0.035309
1.10935395625	0.035309
1.10945160625	0.035309
1.10954925625	0.035309
1.10964690625	0.0361115
1.10974455625	0.035309
1.10984220625	0.0361115
1.10993985625	0.035309
1.11003750625	0.035309
1.11013515625	0.035309
1.11023280625	0.035309
1.11033045625	0.0361115
1.11042810625	0.035309
1.11052575625	0.035309
1.11062340625	0.035309
1.11072105625	0.0361115
1.11081870625	0.035309
1.11091635625	0.0361115
1.11101400625	0.035309
1.11111165625	0.035309
1.11120930625	0.0345066
1.11130695625	0.0345066
1.11140460625	0.035309
1.11150225625	0.035309
1.11159990625	0.0361115
1.11169755625	0.0345066
1.11179520625	0.0345066
1.11189285625	0.035309
1.11199050625	0.0345066
1.11208815625	0.035309
1.11218580625	0.035309
1.11228345625	0.035309
1.11238110625	0.035309
1.11247875625	0.0361115
1.11257640625	0.035309
1.11267405625	0.0361115
1.11277170625	0.0345066
1.11286935625	0.035309
1.11296700625	0.035309
1.11306465625	0.0345066
1.11316230625	0.035309
1.11325995625	0.0345066
1.11335760625	0.035309
1.11345525625	0.035309
1.11355290625	0.035309
1.11365055625	0.0345066
1.11374820625	0.035309
1.11384585625	0.0345066
1.11394350625	0.035309
1.11404115625	0.035309
1.11413880625	0.035309
1.11423645625	0.035309
1.11433410625	0.035309
1.11443175625	0.035309
1.11452940625	0.035309
1.11462705625	0.035309
1.11472470625	0.0361115
1.11482235625	0.035309
1.11492000625	0.0345066
1.11501765625	0.0345066
1.11511530625	0.0345066
1.11521295625	0.0361115
1.11531060625	0.035309
1.11540825625	0.0345066
1.11550590625	0.035309
1.11560355625	0.035309
1.11570120625	0.035309
1.11579885625	0.035309
1.11589650625	0.035309
1.11599415625	0.035309
1.11609180625	0.035309
1.11618945625	0.0345066
1.11628710625	0.035309
1.11638475625	0.0345066
1.11648240625	0.035309
1.11658005625	0.0345066
1.11667770625	0.0345066
1.11677535625	0.035309
1.11687300625	0.035309
1.11697065625	0.035309
1.11706830625	0.035309
1.11716595625	0.0361115
1.11726360625	0.035309
1.11736125625	0.0361115
1.11745890625	0.035309
1.11755655625	0.0361115
1.11765420625	0.035309
1.11775185625	0.035309
1.11784950625	0.0361115
1.11794715625	0.035309
1.11804480625	0.035309
1.11814245625	0.0345066
1.11824010625	0.0345066
1.11833775625	0.0345066
1.11843540625	0.0345066
1.11853305625	0.035309
1.11863070625	0.035309
1.11872835625	0.035309
1.11882600625	0.0345066
1.11892365625	0.0361115
1.11902130625	0.0345066
1.11911895625	0.035309
1.11921660625	0.0345066
1.11931425625	0.035309
1.11941190625	0.0345066
1.11950955625	0.035309
1.11960720625	0.0361115
1.11970485625	0.0345066
1.11980250625	0.0345066
1.11990015625	0.035309
1.11999780625	0.035309
1.12009545625	0.0361115
1.12019310625	0.035309
1.12029075625	0.0345066
1.12038840625	0.0345066
1.12048605625	0.035309
1.12058370625	0.035309
1.12068135625	0.0345066
1.12077900625	0.035309
1.12087665625	0.035309
1.12097430625	0.035309
1.12107195625	0.0345066
1.12116960625	0.0345066
1.12126725625	0.0345066
1.12136490625	0.0361115
1.12146255625	0.035309
1.12156020625	0.035309
1.12165785625	0.035309
1.12175550625	0.0345066
1.12185315625	0.0345066
1.12195080625	0.0345066
1.12204845625	0.035309
1.12214610625	0.0345066
1.12224375625	0.0361115
1.12234140625	0.035309
1.12243905625	0.035309
1.12253670625	0.0361115
1.12263435625	0.035309
1.12273200625	0.035309
1.12282965625	0.0361115
1.12292730625	0.035309
1.12302495625	0.035309
1.12312260625	0.0361115
1.12322025625	0.035309
1.12331790625	0.035309
1.12341555625	0.035309
1.12351320625	0.035309
1.12361085625	0.035309
1.12370850625	0.035309
1.12380615625	0.035309
1.12390380625	0.0345066
1.12400145625	0.035309
1.12409910625	0.0345066
1.12419675625	0.0345066
1.12429440625	0.0345066
1.12439205625	0.035309
1.12448970625	0.035309
1.12458735625	0.035309
1.12468500625	0.0345066
1.12478265625	0.035309
1.12488030625	0.0361115
1.12497795625	0.0345066
1.12507560625	0.0361115
1.12517325625	0.0345066
1.12527090625	0.0337041
1.12536855625	0.0345066
1.12546620625	0.035309
1.12556385625	0.0345066
1.12566150625	0.035309
1.12575915625	0.0361115
1.12585680625	0.035309
1.12595445625	0.0345066
1.12605210625	0.035309
1.12614975625	0.035309
1.12624740625	0.0345066
1.12634505625	0.035309
1.12644270625	0.035309
1.12654035625	0.035309
1.12663800625	0.035309
1.12673565625	0.0345066
1.12683330625	0.0345066
1.12693095625	0.035309
1.12702860625	0.0345066
1.12712625625	0.035309
1.12722390625	0.0345066
1.12732155625	0.035309
1.12741920625	0.0345066
1.12751685625	0.0345066
1.12761450625	0.035309
1.12771215625	0.035309
1.12780980625	0.035309
1.12790745625	0.035309
1.12800510625	0.035309
1.12810275625	0.035309
1.12820040625	0.035309
1.12829805625	0.035309
1.12839570625	0.035309
1.12849335625	0.0361115
1.12859100625	0.0345066
1.12868865625	0.035309
1.12878630625	0.0345066
1.12888395625	0.035309
1.12898160625	0.035309
1.12907925625	0.0345066
1.12917690625	0.035309
1.12927455625	0.0361115
1.12937220625	0.035309
1.12946985625	0.0345066
1.12956750625	0.035309
1.12966515625	0.0345066
1.12976280625	0.0345066
1.12986045625	0.0345066
1.12995810625	0.035309
1.13005575625	0.0345066
1.13015340625	0.035309
1.13025105625	0.035309
1.13034870625	0.035309
1.13044635625	0.0345066
1.13054400625	0.035309
1.13064165625	0.0345066
1.13073930625	0.0361115
1.13083695625	0.035309
1.13093460625	0.0345066
1.13103225625	0.035309
1.13112990625	0.0361115
1.13122755625	0.035309
1.13132520625	0.035309
1.13142285625	0.0345066
1.13152050625	0.035309
1.13161815625	0.035309
1.13171580625	0.035309
1.13181345625	0.035309
1.13191110625	0.0361115
1.13200875625	0.035309
1.13210640625	0.0361115
1.13220405625	0.0345066
1.13230170625	0.0345066
1.13239935625	0.035309
1.13249700625	0.035309
1.13259465625	0.035309
1.13269230625	0.035309
1.13278995625	0.0361115
1.13288760625	0.0361115
1.13298525625	0.035309
1.13308290625	0.035309
1.13318055625	0.0361115
1.13327820625	0.035309
1.13337585625	0.035309
1.13347350625	0.035309
1.13357115625	0.035309
1.13366880625	0.0361115
1.13376645625	0.035309
1.13386410625	0.035309
1.13396175625	0.035309
1.13405940625	0.035309
1.13415705625	0.035309
1.13425470625	0.035309
1.13435235625	0.035309
1.13445000625	0.035309
1.13454765625	0.0361115
1.13464530625	0.0345066
1.13474295625	0.035309
1.13484060625	0.035309
1.13493825625	0.035309
1.13503590625	0.0345066
1.13513355625	0.035309
1.13523120625	0.035309
1.13532885625	0.035309
1.13542650625	0.0361115
1.13552415625	0.0361115
1.13562180625	0.035309
1.13571945625	0.035309
1.13581710625	0.0345066
1.13591475625	0.0361115
1.13601240625	0.035309
1.13611005625	0.035309
1.13620770625	0.035309
1.13630535625	0.035309
1.13640300625	0.0345066
1.13650065625	0.035309
1.13659830625	0.035309
1.13669595625	0.035309
1.13679360625	0.035309
1.13689125625	0.0345066
1.13698890625	0.0345066
1.13708655625	0.035309
1.13718420625	0.0345066
1.13728185625	0.035309
1.13737950625	0.0345066
1.13747715625	0.0345066
1.13757480625	0.0345066
1.13767245625	0.0345066
1.13777010625	0.035309
1.13786775625	0.0345066
1.13796540625	0.035309
1.13806305625	0.035309
1.13816070625	0.035309
1.13825835625	0.035309
1.13835600625	0.035309
1.13845365625	0.035309
1.13855130625	0.0345066
1.13864895625	0.0345066
1.13874660625	0.035309
1.13884425625	0.035309
1.13894190625	0.035309
1.13903955625	0.0361115
1.13913720625	0.035309
1.13923485625	0.035309
1.13933250625	0.035309
1.13943015625	0.0345066
1.13952780625	0.035309
1.13962545625	0.0345066
1.13972310625	0.0345066
1.13982075625	0.0361115
1.13991840625	0.0361115
1.14001605625	0.035309
1.14011370625	0.0345066
1.14021135625	0.035309
1.14030900625	0.0361115
1.14040665625	0.035309
1.14050430625	0.035309
1.14060195625	0.035309
1.14069960625	0.0361115
1.14079725625	0.035309
1.14089490625	0.035309
1.14099255625	0.035309
1.14109020625	0.035309
1.14118785625	0.0361115
1.14128550625	0.035309
1.14138315625	0.035309
1.14148080625	0.035309
1.14157845625	0.035309
1.14167610625	0.0361115
1.14177375625	0.035309
1.14187140625	0.035309
1.14196905625	0.035309
1.14206670625	0.0345066
1.14216435625	0.0345066
1.14226200625	0.035309
1.14235965625	0.035309
1.14245730625	0.035309
1.14255495625	0.0361115
1.14265260625	0.035309
1.14275025625	0.035309
1.14284790625	0.035309
1.14294555625	0.0345066
1.14304320625	0.035309
1.14314085625	0.035309
1.14323850625	0.035309
1.14333615625	0.035309
1.14343380625	0.0361115
1.14353145625	0.035309
1.14362910625	0.035309
1.14372675625	0.035309
1.14382440625	0.035309
1.14392205625	0.0345066
1.14401970625	0.035309
1.14411735625	0.035309
1.14421500625	0.0345066
1.14431265625	0.035309
1.14441030625	0.035309
1.14450795625	0.035309
1.14460560625	0.035309
1.14470325625	0.035309
1.14480090625	0.035309
1.14489855625	0.035309
1.14499620625	0.0345066
1.14509385625	0.0345066
1.14519150625	0.0345066
1.14528915625	0.0361115
1.14538680625	0.0345066
1.14548445625	0.0345066
1.14558210625	0.035309
1.14567975625	0.035309
1.14577740625	0.035309
1.14587505625	0.035309
1.14597270625	0.035309
1.14607035625	0.0345066
1.14616800625	0.035309
1.14626565625	0.0345066
1.14636330625	0.035309
1.14646095625	0.0345066
1.14655860625	0.035309
1.14665625625	0.035309
1.14675390625	0.035309
1.14685155625	0.035309
1.14694920625	0.0345066
1.14704685625	0.0361115
1.14714450625	0.035309
1.14724215625	0.035309
1.14733980625	0.0345066
1.14743745625	0.035309
1.14753510625	0.0345066
1.14763275625	0.0345066
1.14773040625	0.035309
1.14782805625	0.0361115
1.14792570625	0.0361115
1.14802335625	0.035309
1.14812100625	0.035309
1.14821865625	0.035309
1.14831630625	0.035309
1.14841395625	0.0361115
1.14851160625	0.0345066
1.14860925625	0.035309
1.14870690625	0.035309
1.14880455625	0.0361115
1.14890220625	0.0345066
1.14899985625	0.035309
1.14909750625	0.035309
1.14919515625	0.0361115
1.14929280625	0.035309
1.14939045625	0.035309
1.14948810625	0.035309
1.14958575625	0.035309
1.14968340625	0.035309
1.14978105625	0.035309
1.14987870625	0.035309
1.14997635625	0.035309
1.15007400625	0.0345066
1.15017165625	0.035309
1.15026930625	0.0345066
1.15036695625	0.035309
1.15046460625	0.035309
1.15056225625	0.035309
1.15065990625	0.0345066
1.15075755625	0.035309
1.15085520625	0.035309
1.15095285625	0.035309
1.15105050625	0.0345066
1.15114815625	0.035309
1.15124580625	0.035309
1.15134345625	0.035309
1.15144110625	0.0361115
1.15153875625	0.0345066
1.15163640625	0.035309
1.15173405625	0.035309
1.15183170625	0.035309
1.15192935625	0.035309
1.15202700625	0.035309
1.15212465625	0.0345066
1.15222230625	0.0345066
1.15231995625	0.0361115
1.15241760625	0.035309
1.15251525625	0.0345066
1.15261290625	0.0361115
1.15271055625	0.0345066
1.15280820625	0.035309
1.15290585625	0.035309
1.15300350625	0.035309
1.15310115625	0.0361115
1.15319880625	0.0361115
1.15329645625	0.035309
1.15339410625	0.035309
1.15349175625	0.035309
1.15358940625	0.035309
1.15368705625	0.035309
1.15378470625	0.035309
1.15388235625	0.0361115
1.15398000625	0.035309
1.15407765625	0.035309
1.15417530625	0.035309
1.15427295625	0.035309
1.15437060625	0.0361115
1.15446825625	0.0345066
1.15456590625	0.035309
1.15466355625	0.035309
1.15476120625	0.0345066
1.15485885625	0.035309
1.15495650625	0.035309
1.15505415625	0.035309
1.15515180625	0.0345066
1.15524945625	0.035309
1.15534710625	0.035309
1.15544475625	0.035309
1.15554240625	0.035309
1.15564005625	0.0345066
1.15573770625	0.035309
1.15583535625	0.035309
1.15593300625	0.035309
1.15603065625	0.0345066
1.15612830625	0.035309
1.15622595625	0.035309
1.15632360625	0.035309
1.15642125625	0.035309
1.15651890625	0.0345066
1.15661655625	0.035309
1.15671420625	0.0361115
1.15681185625	0.0345066
1.15690950625	0.035309
1.15700715625	0.0345066
1.15710480625	0.035309
1.15720245625	0.035309
1.15730010625	0.035309
1.15739775625	0.0345066
1.15749540625	0.035309
1.15759305625	0.035309
1.15769070625	0.035309
1.15778835625	0.035309
1.15788600625	0.035309
1.15798365625	0.0345066
1.15808130625	0.035309
1.15817895625	0.035309
1.15827660625	0.035309
1.15837425625	0.035309
1.15847190625	0.035309
1.15856955625	0.0345066
1.15866720625	0.0345066
1.15876485625	0.035309
1.15886250625	0.0345066
1.15896015625	0.0345066
1.15905780625	0.035309
1.15915545625	0.035309
1.15925310625	0.035309
1.15935075625	0.0345066
1.15944840625	0.035309
1.15954605625	0.035309
1.15964370625	0.035309
1.15974135625	0.035309
1.15983900625	0.0345066
1.15993665625	0.035309
1.16003430625	0.035309
1.16013195625	0.035309
1.16022960625	0.035309
1.16032725625	0.035309
1.16042490625	0.0345066
1.16052255625	0.0345066
1.16062020625	0.035309
1.16071785625	0.035309
1.16081550625	0.035309
1.16091315625	0.035309
1.16101080625	0.035309
1.16110845625	0.0361115
1.16120610625	0.0361115
1.16130375625	0.035309
1.16140140625	0.035309
1.16149905625	0.035309
1.16159670625	0.035309
1.16169435625	0.0345066
1.16179200625	0.035309
1.16188965625	0.035309
1.16198730625	0.035309
1.16208495625	0.0345066
1.16218260625	0.0345066
1.16228025625	0.035309
1.16237790625	0.035309
1.16247555625	0.0361115
1.16257320625	0.035309
1.16267085625	0.035309
1.16276850625	0.035309
1.16286615625	0.035309
1.16296380625	0.0345066
1.16306145625	0.035309
1.16315910625	0.035309
1.16325675625	0.035309
1.16335440625	0.035309
1.16345205625	0.035309
1.16354970625	0.035309
1.16364735625	0.035309
1.16374500625	0.0361115
1.16384265625	0.035309
1.16394030625	0.035309
1.16403795625	0.035309
1.16413560625	0.035309
1.16423325625	0.0345066
1.16433090625	0.0345066
1.16442855625	0.035309
1.16452620625	0.0345066
1.16462385625	0.0361115
1.16472150625	0.035309
1.16481915625	0.0345066
1.16491680625	0.035309
1.16501445625	0.035309
1.16511210625	0.0345066
1.16520975625	0.0345066
1.16530740625	0.035309
1.16540505625	0.035309
1.16550270625	0.035309
1.16560035625	0.035309
1.16569800625	0.035309
1.16579565625	0.035309
1.16589330625	0.0361115
1.16599095625	0.0345066
1.16608860625	0.035309
1.16618625625	0.035309
1.16628390625	0.035309
1.16638155625	0.0361115
1.16647920625	0.0345066
1.16657685625	0.0361115
1.16667450625	0.035309
1.16677215625	0.035309
1.16686980625	0.035309
1.16696745625	0.035309
1.16706510625	0.035309
1.16716275625	0.035309
1.16726040625	0.0361115
1.16735805625	0.035309
1.16745570625	0.035309
1.16755335625	0.035309
1.16765100625	0.035309
1.16774865625	0.035309
1.16784630625	0.035309
1.16794395625	0.0345066
1.16804160625	0.035309
1.16813925625	0.035309
1.16823690625	0.0361115
1.16833455625	0.035309
1.16843220625	0.035309
1.16852985625	0.035309
1.16862750625	0.035309
1.16872515625	0.035309
1.16882280625	0.0345066
1.16892045625	0.035309
1.16901810625	0.0361115
1.16911575625	0.035309
1.16921340625	0.035309
1.16931105625	0.035309
1.16940870625	0.035309
1.16950635625	0.035309
1.16960400625	0.0345066
1.16970165625	0.035309
1.16979930625	0.0345066
1.16989695625	0.0361115
1.16999460625	0.035309
1.17009225625	0.035309
1.17018990625	0.035309
1.17028755625	0.035309
1.17038520625	0.0345066
1.17048285625	0.035309
1.17058050625	0.035309
1.17067815625	0.035309
1.17077580625	0.035309
1.17087345625	0.035309
1.17097110625	0.0345066
1.17106875625	0.0345066
1.17116640625	0.0345066
1.17126405625	0.0345066
1.17136170625	0.0345066
1.17145935625	0.035309
1.17155700625	0.035309
1.17165465625	0.035309
1.17175230625	0.036914
1.17184995625	0.0345066
1.17194760625	0.035309
1.17204525625	0.035309
1.17214290625	0.035309
1.17224055625	0.035309
1.17233820625	0.035309
1.17243585625	0.035309
1.17253350625	0.035309
1.17263115625	0.0361115
1.17272880625	0.0345066
1.17282645625	0.0345066
1.17292410625	0.035309
1.17302175625	0.035309
1.17311940625	0.0345066
1.17321705625	0.035309
1.17331470625	0.0345066
1.17341235625	0.0345066
1.17351000625	0.0361115
1.17360765625	0.035309
1.17370530625	0.0345066
1.17380295625	0.0345066
1.17390060625	0.0345066
1.17399825625	0.0345066
1.17409590625	0.0345066
1.17419355625	0.035309
1.17429120625	0.035309
1.17438885625	0.035309
1.17448650625	0.0345066
1.17458415625	0.035309
1.17468180625	0.0345066
1.17477945625	0.035309
1.17487710625	0.0345066
1.17497475625	0.0345066
1.17507240625	0.035309
1.17517005625	0.035309
1.17526770625	0.035309
1.17536535625	0.035309
1.17546300625	0.0345066
1.17556065625	0.0345066
1.17565830625	0.0345066
1.17575595625	0.035309
1.17585360625	0.035309
1.17595125625	0.0345066
1.17604890625	0.035309
1.17614655625	0.035309
1.17624420625	0.035309
1.17634185625	0.035309
1.17643950625	0.0345066
1.17653715625	0.035309
1.17663480625	0.035309
1.17673245625	0.0345066
1.17683010625	0.0345066
1.17692775625	0.0345066
1.17702540625	0.035309
1.17712305625	0.035309
1.17722070625	0.035309
1.17731835625	0.0345066
1.17741600625	0.035309
1.17751365625	0.0345066
1.17761130625	0.035309
1.17770895625	0.035309
1.17780660625	0.035309
1.17790425625	0.035309
1.17800190625	0.035309
1.17809955625	0.035309
1.17819720625	0.035309
1.17829485625	0.0345066
1.17839250625	0.0345066
1.17849015625	0.035309
1.17858780625	0.035309
1.17868545625	0.035309
1.17878310625	0.035309
1.17888075625	0.035309
1.17897840625	0.035309
1.17907605625	0.0345066
1.17917370625	0.035309
1.17927135625	0.035309
1.17936900625	0.035309
1.17946665625	0.035309
1.17956430625	0.035309
1.17966195625	0.0361115
1.17975960625	0.035309
1.17985725625	0.035309
1.17995490625	0.035309
1.18005255625	0.035309
1.18015020625	0.0337041
1.18024785625	0.035309
1.18034550625	0.035309
1.18044315625	0.035309
