2017-10-04 15:53:41;0;1
2017-10-04 15:54:50;0;1
2017-10-04 15:55:59;0;1
2017-10-04 15:57:08;0;1
2017-10-04 15:58:17;0;1
2017-10-04 15:59:26;0;1
2017-10-04 16:00:35;0;1
2017-10-04 16:01:44;0;1
2017-10-04 16:02:53;0;1
2017-10-04 16:04:02;0;1
2017-10-04 16:05:11;0;1
2017-10-04 16:06:20;0;1
2017-10-04 16:07:29;0;1
2017-10-04 16:08:38;0;1
2017-10-04 16:09:47;0;1
2017-10-04 16:10:56;0;1
2017-10-04 16:12:05;0;1
2017-10-04 16:13:14;0;1
2017-10-04 16:14:23;0;1
2017-10-04 16:15:32;0;1
2017-10-04 16:16:41;0;1
2017-10-04 16:17:50;0;1
2017-10-04 16:18:59;0;1
2017-10-04 16:20:08;0;1
2017-10-04 16:21:17;0;1
2017-10-04 16:22:26;0;1
2017-10-04 16:23:35;0;1
2017-10-04 16:24:44;0;1
2017-10-04 16:25:53;0;1
2017-10-04 16:27:02;0;1
2017-10-04 16:28:11;0;1
2017-10-04 16:29:20;0;1
2017-10-04 16:30:29;0;1
2017-10-04 16:31:38;0;1
2017-10-04 16:32:47;0;1
2017-10-04 16:33:56;0;1
2017-10-04 16:35:05;104.354;1
2017-10-04 16:36:14;1408.573;1
2017-10-04 16:37:23;626.078;1
2017-10-04 16:38:32;0;1
2017-10-04 16:39:41;0;1
2017-10-04 16:40:50;0;1
2017-10-04 16:41:59;0;1
2017-10-04 16:43:08;0;1
2017-10-04 16:44:17;0;1
2017-10-04 16:45:26;0;1
2017-10-04 16:46:35;260.847;1
2017-10-04 16:47:44;886.995;1
2017-10-04 16:48:53;730.488;1
2017-10-04 16:50:02;365.207;1
2017-10-04 16:51:11;573.888;1
2017-10-04 16:52:20;313.053;1
2017-10-04 16:53:29;573.93;1
2017-10-04 16:54:38;626.042;1
2017-10-04 16:55:47;991.261;1
2017-10-04 16:56:56;417.391;1
2017-10-04 16:58:05;0;1
2017-10-04 16:59:14;0;1
2017-10-04 17:00:23;1304.461;1
2017-10-04 17:01:32;1565.195;1
2017-10-04 17:02:41;1513.087;1
2017-10-04 17:03:50;1460.827;1
2017-10-04 17:04:59;260.851;1
2017-10-04 17:06:08;0;1
2017-10-04 17:07:17;0;1
2017-10-04 17:08:26;0;1
2017-10-04 17:09:35;0;1
2017-10-04 17:10:44;782.609;1
2017-10-04 17:11:53;1356.482;1
2017-10-04 17:13:02;1356.541;1
2017-10-04 17:14:11;1304.291;1
2017-10-04 17:15:20;1304.405;1
2017-10-04 17:16:29;782.699;1
2017-10-04 17:17:38;0;1
2017-10-04 17:18:47;0;1
2017-10-04 17:19:56;0;1
2017-10-04 17:21:05;0;1
2017-10-04 17:22:14;0;1
2017-10-04 17:23:23;0;1
2017-10-04 17:24:32;0;1
2017-10-04 17:25:41;0;1
2017-10-04 17:26:50;0;1
2017-10-04 17:27:59;0;1
2017-10-04 17:29:08;0;1
2017-10-04 17:30:17;0;1
2017-10-04 17:31:26;0;1
2017-10-04 17:32:35;0;1
2017-10-04 17:33:44;0;1
2017-10-04 17:34:53;1460.87;1
2017-10-04 17:36:02;1825.875;1
2017-10-04 17:37:11;1773.939;1
2017-10-04 17:38:20;417.379;1
2017-10-04 17:39:29;0;1
2017-10-04 17:40:38;0;1
2017-10-04 17:41:47;1095.684;1
2017-10-04 17:42:56;1878.07;1
2017-10-04 17:44:05;1878.506;1
2017-10-04 17:45:14;1878.07;1
2017-10-04 17:46:23;1878.37;1
2017-10-04 17:47:32;1930.211;1
2017-10-04 17:48:41;1930.631;1
2017-10-04 17:49:50;1930.435;1
2017-10-04 17:50:59;1930.491;1
2017-10-04 17:52:08;2034.724;1
2017-10-04 17:53:17;2086.745;1
2017-10-04 17:54:26;2087.199;1
2017-10-04 17:55:35;730.403;1
2017-10-04 17:56:44;208.705;1
2017-10-04 17:57:53;208.687;1
2017-10-04 17:59:02;208.684;1
2017-10-04 18:00:11;260.877;1
2017-10-04 18:01:20;313.057;1
2017-10-04 18:02:29;313.043;1
2017-10-04 18:03:38;313.021;1
2017-10-04 18:04:47;365.239;1
2017-10-04 18:05:56;417.391;1
2017-10-04 18:07:05;365.196;1
2017-10-04 18:08:14;521.769;1
2017-10-04 18:09:23;469.558;1
2017-10-04 18:10:32;469.531;1
2017-10-04 18:11:41;417.409;1
2017-10-04 18:12:50;521.732;1
2017-10-04 18:13:59;521.777;1
2017-10-04 18:15:08;521.671;1
2017-10-04 18:16:17;417.379;1
2017-10-04 18:17:26;469.633;1
2017-10-04 18:18:35;469.511;1
2017-10-04 18:19:44;469.599;1
2017-10-04 18:20:53;469.572;1
2017-10-04 18:22:02;521.732;1
2017-10-04 18:23:11;782.597;1
2017-10-04 18:24:20;3338.888;1
2017-10-04 18:25:29;3339.082;1
2017-10-04 18:26:38;3339.324;1
2017-10-04 18:27:47;3339.179;1
2017-10-04 18:28:56;2817.269;1
2017-10-04 18:30:05;730.456;1
2017-10-04 18:31:14;1199.965;1
2017-10-04 18:32:23;1565.195;1
2017-10-04 18:33:32;1356.443;1
2017-10-04 18:34:41;1460.912;1
2017-10-04 18:35:50;1513.109;1
2017-10-04 18:36:59;1356.502;1
2017-10-04 18:38:08;1513.131;1
2017-10-04 18:39:17;1617.438;1
2017-10-04 18:40:26;1043.297;1
2017-10-04 18:41:35;939.158;1
2017-10-04 18:42:44;834.783;1
2017-10-04 18:43:53;886.969;1
2017-10-04 18:45:02;886.957;1
2017-10-04 18:46:11;886.905;1
2017-10-04 18:47:20;887.008;1
2017-10-04 18:48:29;834.783;1
2017-10-04 18:49:38;939.185;1
2017-10-04 18:50:47;886.892;1
2017-10-04 18:51:56;886.944;1
2017-10-04 18:53:05;939.158;1
2017-10-04 18:54:14;886.918;1
2017-10-04 18:55:23;886.982;1
2017-10-04 18:56:32;886.995;1
2017-10-04 18:57:41;886.892;1
2017-10-04 18:58:50;886.931;1
2017-10-04 18:59:59;886.995;1
2017-10-04 19:01:08;886.918;1
2017-10-04 19:02:17;939.212;1
2017-10-04 19:03:26;939.103;1
2017-10-04 19:04:35;886.982;1
2017-10-04 19:05:44;939.049;1
2017-10-04 19:06:53;939.13;1
2017-10-04 19:08:02;887.021;1
2017-10-04 19:09:11;939.049;1
2017-10-04 19:10:20;939.226;1
2017-10-04 19:11:29;939.185;1
2017-10-04 19:12:38;938.994;1
2017-10-04 19:13:47;939.158;1
2017-10-04 19:14:56;3391.55;1
2017-10-04 19:16:05;3077.681;1
2017-10-04 19:17:14;939.158;1
2017-10-04 19:18:23;886.982;1
2017-10-04 19:19:32;939.253;1
2017-10-04 19:20:41;939.117;1
2017-10-04 19:21:50;939.267;1
2017-10-04 19:22:59;887.059;1
2017-10-04 19:24:08;939.144;1
2017-10-04 19:25:17;939.144;1
2017-10-04 19:26:26;939.13;1
2017-10-04 19:27:35;887.111;1
2017-10-04 19:28:44;939.198;1
2017-10-04 19:29:53;939.253;1
2017-10-04 19:31:02;939.253;1
2017-10-04 19:32:11;939.212;1
2017-10-04 19:33:20;1304.461;1
2017-10-04 19:34:29;1408.777;1
2017-10-04 19:35:38;1304.423;1
2017-10-04 19:36:47;1356.581;1
2017-10-04 19:37:56;1356.64;1
2017-10-04 19:39:05;1356.502;1
2017-10-04 19:40:14;1356.541;1
2017-10-04 19:41:23;1356.6;1
2017-10-04 19:42:32;1304.423;1
2017-10-04 19:43:41;1356.62;1
2017-10-04 19:44:50;1304.405;1
2017-10-04 19:45:59;1304.405;1
2017-10-04 19:47:08;1304.405;1
2017-10-04 19:48:17;1304.367;1
2017-10-04 19:49:26;1304.367;1
2017-10-04 19:50:35;1304.461;1
2017-10-04 19:51:44;1252.119;1
2017-10-04 19:52:53;1200.122;1
2017-10-04 19:54:02;1200.122;1
2017-10-04 19:55:11;1200.122;1
2017-10-04 19:56:20;1200.174;1
2017-10-04 19:57:29;1200;1
2017-10-04 19:58:38;1200.087;1
2017-10-04 19:59:47;1200.087;1
2017-10-04 20:00:56;1200.104;1
2017-10-04 20:02:05;1200.104;1
2017-10-04 20:03:14;1200.087;1
2017-10-04 20:04:23;1200.07;1
2017-10-04 20:05:32;1252.174;1
2017-10-04 20:06:41;1200.104;1
2017-10-04 20:07:50;1147.893;1
2017-10-04 20:08:59;1043.433;1
2017-10-04 20:10:08;939.198;1
2017-10-04 20:11:17;1043.524;1
2017-10-04 20:12:26;991.347;1
2017-10-04 20:13:35;939.253;1
2017-10-04 20:14:44;991.391;1
2017-10-04 20:15:53;939.253;1
2017-10-04 20:17:02;991.347;1
2017-10-04 20:18:11;939.171;1
2017-10-04 20:19:20;939.212;1
2017-10-04 20:20:29;939.239;1
2017-10-04 20:21:38;939.117;1
2017-10-04 20:22:47;939.212;1
2017-10-04 20:23:56;939.226;1
2017-10-04 20:25:05;886.995;1
2017-10-04 20:26:14;939.185;1
2017-10-04 20:27:23;939.253;1
2017-10-04 20:28:32;939.144;1
2017-10-04 20:29:41;939.212;1
2017-10-04 20:30:50;886.982;1
2017-10-04 20:31:59;939.226;1
2017-10-04 20:33:08;939.117;1
2017-10-04 20:34:17;939.212;1
2017-10-04 20:35:26;939.158;1
2017-10-04 20:36:35;939.158;1
2017-10-04 20:37:43;939.212;1
2017-10-04 20:38:52;939.185;1
2017-10-04 20:40:01;939.198;1
2017-10-04 20:41:10;939.212;1
2017-10-04 20:42:19;939.226;1
2017-10-04 20:43:28;939.185;1
2017-10-04 20:44:37;939.226;1
2017-10-04 20:45:46;939.144;1
2017-10-04 20:46:55;939.13;1
2017-10-04 20:48:04;2087.199;1
2017-10-04 20:49:13;3704.67;1
2017-10-04 20:50:22;3704.938;1
2017-10-04 20:51:31;1460.764;1
2017-10-04 20:52:40;939.158;1
2017-10-04 20:53:49;939.226;1
2017-10-04 20:54:58;887.034;1
2017-10-04 20:56:07;991.204;1
2017-10-04 20:57:16;886.905;1
2017-10-04 20:58:25;939.185;1
2017-10-04 20:59:34;939.049;1
2017-10-04 21:00:43;678.281;1
2017-10-04 21:01:52;730.477;1
2017-10-04 21:03:01;730.467;1
2017-10-04 21:04:10;834.758;1
2017-10-04 21:05:19;834.746;1
2017-10-04 21:06:28;991.333;1
2017-10-04 21:07:37;1043.372;1
2017-10-04 21:08:46;991.347;1
2017-10-04 21:09:55;991.276;1
2017-10-04 21:11:04;991.333;1
2017-10-04 21:12:13;991.333;1
2017-10-04 21:13:22;991.276;1
2017-10-04 21:14:31;991.261;1
2017-10-04 21:15:40;991.419;1
2017-10-04 21:16:49;991.218;1
2017-10-04 21:17:58;991.391;1
2017-10-04 21:19:07;991.146;1
2017-10-04 21:20:16;939.185;1
2017-10-04 21:21:25;991.276;1
2017-10-04 21:22:34;991.347;1
2017-10-04 21:23:43;991.304;1
2017-10-04 21:24:52;1095.62;1
2017-10-04 21:26:01;1095.747;1
2017-10-04 21:27:10;1147.726;1
2017-10-04 21:28:19;1200.07;1
2017-10-04 21:29:28;1095.668;1
2017-10-04 21:30:37;1147.76;1
2017-10-04 21:31:46;1095.573;1
2017-10-04 21:32:55;1095.732;1
2017-10-04 21:34:04;1147.809;1
2017-10-04 21:35:13;1147.826;1
2017-10-04 21:36:22;1147.809;1
2017-10-04 21:37:31;1095.589;1
2017-10-04 21:38:40;1147.859;1
2017-10-04 21:39:49;1095.684;1
2017-10-04 21:40:58;1043.463;1
2017-10-04 21:42:07;1095.605;1
2017-10-04 21:43:16;1043.478;1
2017-10-04 21:44:25;1043.478;1
2017-10-04 21:45:34;991.233;1
2017-10-04 21:46:43;1043.584;1
2017-10-04 21:47:52;991.276;1
2017-10-04 21:49:01;1043.554;1
2017-10-04 21:50:10;991.261;1
2017-10-04 21:51:19;991.304;1
2017-10-04 21:52:28;1043.388;1
2017-10-04 21:53:37;1043.478;1
2017-10-04 21:54:46;1043.509;1
2017-10-04 21:55:55;991.276;1
2017-10-04 21:57:04;1043.539;1
2017-10-04 21:58:13;991.218;1
2017-10-04 21:59:22;991.391;1
2017-10-04 22:00:31;1043.448;1
2017-10-04 22:01:40;991.276;1
2017-10-04 22:02:49;991.304;1
2017-10-04 22:03:58;939.158;1
2017-10-04 22:05:07;730.435;1
2017-10-04 22:06:16;0;1
2017-10-04 22:07:25;0;1
2017-10-04 22:08:34;0;1
2017-10-04 22:09:43;0;1
2017-10-04 22:10:52;0;1
2017-10-04 22:12:01;0;1
2017-10-04 22:13:10;0;1
2017-10-04 22:14:19;0;1
2017-10-04 22:15:28;0;1
2017-10-04 22:16:37;0;1
2017-10-04 22:17:46;0;1
2017-10-04 22:18:55;0;1
2017-10-04 22:20:04;0;1
2017-10-04 22:21:13;0;1
2017-10-04 22:22:22;0;1
2017-10-04 22:23:31;0;1
2017-10-04 22:24:40;0;1
2017-10-04 22:25:49;0;1
2017-10-04 22:26:58;0;1
2017-10-04 22:28:07;0;1
2017-10-04 22:29:16;0;1
2017-10-04 22:30:25;0;1
2017-10-04 22:31:34;0;1
2017-10-04 22:32:43;0;1
2017-10-04 22:33:52;0;1
2017-10-04 22:35:01;0;1
2017-10-04 22:36:10;0;1
2017-10-04 22:37:19;0;1
2017-10-04 22:38:28;0;1
2017-10-04 22:39:37;0;1
2017-10-04 22:40:46;0;1
2017-10-04 22:41:55;0;1
2017-10-04 22:43:04;0;1
2017-10-04 22:44:13;0;1
2017-10-04 22:45:22;0;1
2017-10-04 22:46:31;0;1
2017-10-04 22:47:40;0;1
2017-10-04 22:48:49;0;1
2017-10-04 22:49:58;0;1
2017-10-04 22:51:07;0;1
2017-10-04 22:52:16;0;1
2017-10-04 22:53:25;0;1
2017-10-04 22:54:34;0;1
2017-10-04 22:55:43;0;1
2017-10-04 22:56:52;0;1
2017-10-04 22:58:01;0;1
2017-10-04 22:59:10;0;1
2017-10-04 23:00:19;0;1
2017-10-04 23:01:28;0;1
2017-10-04 23:02:37;0;1
2017-10-04 23:03:46;0;1
2017-10-04 23:04:55;0;1
2017-10-04 23:06:04;0;1
2017-10-04 23:07:13;0;1
2017-10-04 23:08:22;0;1
2017-10-04 23:09:31;0;1
2017-10-04 23:10:40;0;1
2017-10-04 23:11:49;0;1
2017-10-04 23:12:58;0;1
2017-10-04 23:14:07;0;1
2017-10-04 23:15:16;0;1
2017-10-04 23:16:25;0;1
2017-10-04 23:17:34;0;1
2017-10-04 23:18:43;0;1
2017-10-04 23:19:52;0;1
2017-10-04 23:21:01;0;1
2017-10-04 23:22:10;0;1
2017-10-04 23:23:19;0;1
2017-10-04 23:24:28;0;1
2017-10-04 23:25:37;0;1
2017-10-04 23:26:46;0;1
2017-10-04 23:27:55;0;1
2017-10-04 23:29:04;0;1
2017-10-04 23:30:13;0;1
2017-10-04 23:31:22;0;1
2017-10-04 23:32:31;0;1
2017-10-04 23:33:40;0;1
2017-10-04 23:34:49;0;1
2017-10-04 23:35:58;0;1
2017-10-04 23:37:07;0;1
2017-10-04 23:38:16;0;1
2017-10-04 23:39:25;0;1
2017-10-04 23:40:34;0;1
2017-10-04 23:41:43;0;1
2017-10-04 23:42:52;0;1
2017-10-04 23:44:01;0;1
2017-10-04 23:45:10;0;1
2017-10-04 23:46:19;0;1
2017-10-04 23:47:28;0;1
2017-10-04 23:48:37;0;1
2017-10-04 23:49:46;0;1
2017-10-04 23:50:55;0;1
2017-10-04 23:52:04;0;1
2017-10-04 23:53:13;0;1
2017-10-04 23:54:22;0;1
2017-10-04 23:55:31;0;1
2017-10-04 23:56:40;0;1
2017-10-04 23:57:49;0;1
2017-10-04 23:58:58;0;1
2017-10-05 00:00:07;0;1
2017-10-05 00:01:16;0;1
2017-10-05 00:02:25;0;1
2017-10-05 00:03:34;0;1
2017-10-05 00:04:43;0;1
2017-10-05 00:05:52;0;1
2017-10-05 00:07:01;0;1
2017-10-05 00:08:10;0;1
2017-10-05 00:09:19;0;1
2017-10-05 00:10:28;0;1
2017-10-05 00:11:37;0;1
2017-10-05 00:12:46;0;1
2017-10-05 00:13:55;0;1
2017-10-05 00:15:04;0;1
2017-10-05 00:16:13;0;1
2017-10-05 00:17:22;0;1
2017-10-05 00:18:31;0;1
2017-10-05 00:19:40;0;1
2017-10-05 00:20:49;0;1
2017-10-05 00:21:58;0;1
2017-10-05 00:23:07;0;1
2017-10-05 00:24:16;0;1
2017-10-05 00:25:25;0;1
2017-10-05 00:26:34;0;1
2017-10-05 00:27:43;0;1
2017-10-05 00:28:52;0;1
2017-10-05 00:30:01;0;1
2017-10-05 00:31:10;0;1
2017-10-05 00:32:19;0;1
2017-10-05 00:33:28;0;1
2017-10-05 00:34:37;0;1
2017-10-05 00:35:46;0;1
2017-10-05 00:36:55;0;1
2017-10-05 00:38:04;0;1
2017-10-05 00:39:13;0;1
2017-10-05 00:40:22;0;1
2017-10-05 00:41:31;0;1
2017-10-05 00:42:40;0;1
2017-10-05 00:43:49;0;1
2017-10-05 00:44:58;0;1
2017-10-05 00:46:07;0;1
2017-10-05 00:47:16;0;1
2017-10-05 00:48:25;0;1
2017-10-05 00:49:34;0;1
2017-10-05 00:50:43;0;1
2017-10-05 00:51:52;0;1
2017-10-05 00:53:01;0;1
2017-10-05 00:54:10;0;1
2017-10-05 00:55:19;0;1
2017-10-05 00:56:28;0;1
2017-10-05 00:57:37;0;1
2017-10-05 00:58:46;0;1
2017-10-05 00:59:55;0;1
2017-10-05 01:01:04;0;1
2017-10-05 01:02:13;0;1
2017-10-05 01:03:22;0;1
2017-10-05 01:04:31;0;1
2017-10-05 01:05:40;0;1
2017-10-05 01:06:49;0;1
2017-10-05 01:07:58;0;1
2017-10-05 01:09:07;0;1
2017-10-05 01:10:16;0;1
2017-10-05 01:11:25;0;1
2017-10-05 01:12:34;0;1
2017-10-05 01:13:43;0;1
2017-10-05 01:14:52;0;1
2017-10-05 01:16:01;0;1
2017-10-05 01:17:10;0;1
2017-10-05 01:18:19;0;1
2017-10-05 01:19:28;0;1
2017-10-05 01:20:37;0;1
2017-10-05 01:21:46;0;1
2017-10-05 01:22:55;0;1
2017-10-05 01:24:04;0;1
2017-10-05 01:25:13;0;1
2017-10-05 01:26:22;0;1
2017-10-05 01:27:31;0;1
2017-10-05 01:28:40;0;1
2017-10-05 01:29:49;0;1
2017-10-05 01:30:58;0;1
2017-10-05 01:32:07;0;1
2017-10-05 01:33:16;0;1
2017-10-05 01:34:25;0;1
2017-10-05 01:35:34;0;1
2017-10-05 01:36:43;0;1
2017-10-05 01:37:52;0;1
2017-10-05 01:39:01;0;1
2017-10-05 01:40:10;0;1
2017-10-05 01:41:19;0;1
2017-10-05 01:42:28;0;1
2017-10-05 01:43:37;0;1
2017-10-05 01:44:46;0;1
2017-10-05 01:45:55;0;1
2017-10-05 01:47:04;0;1
2017-10-05 01:48:13;0;1
2017-10-05 01:49:22;0;1
2017-10-05 01:50:31;0;1
2017-10-05 01:51:40;0;1
2017-10-05 01:52:49;0;1
2017-10-05 01:53:58;0;1
2017-10-05 01:55:07;0;1
2017-10-05 01:56:16;0;1
2017-10-05 01:57:25;0;1
2017-10-05 01:58:34;0;1
2017-10-05 01:59:43;0;1
2017-10-05 02:00:52;0;1
2017-10-05 02:02:01;0;1
2017-10-05 02:03:10;0;1
2017-10-05 02:04:19;0;1
2017-10-05 02:05:28;0;1
2017-10-05 02:06:37;0;1
2017-10-05 02:07:46;0;1
2017-10-05 02:08:55;0;1
2017-10-05 02:10:04;0;1
2017-10-05 02:11:13;0;1
2017-10-05 02:12:22;0;1
2017-10-05 02:13:31;0;1
2017-10-05 02:14:40;0;1
2017-10-05 02:15:49;0;1
2017-10-05 02:16:58;0;1
2017-10-05 02:18:07;0;1
2017-10-05 02:19:16;0;1
2017-10-05 02:20:25;0;1
2017-10-05 02:21:34;0;1
2017-10-05 02:22:43;0;1
2017-10-05 02:23:52;0;1
2017-10-05 02:25:01;0;1
2017-10-05 02:26:10;0;1
2017-10-05 02:27:19;0;1
2017-10-05 02:28:28;0;1
2017-10-05 02:29:37;0;1
2017-10-05 02:30:46;0;1
2017-10-05 02:31:55;0;1
2017-10-05 02:33:04;0;1
2017-10-05 02:34:13;0;1
2017-10-05 02:35:22;0;1
2017-10-05 02:36:31;0;1
2017-10-05 02:37:40;0;1
2017-10-05 02:38:49;0;1
2017-10-05 02:39:58;0;1
2017-10-05 02:41:07;0;1
2017-10-05 02:42:16;0;1
2017-10-05 02:43:25;0;1
2017-10-05 02:44:34;0;1
2017-10-05 02:45:43;0;1
2017-10-05 02:46:52;0;1
2017-10-05 02:48:01;0;1
2017-10-05 02:49:10;0;1
2017-10-05 02:50:19;0;1
2017-10-05 02:51:28;0;1
2017-10-05 02:52:37;0;1
2017-10-05 02:53:46;0;1
2017-10-05 02:54:55;0;1
2017-10-05 02:56:04;0;1
2017-10-05 02:57:13;0;1
2017-10-05 02:58:22;0;1
2017-10-05 02:59:31;0;1
2017-10-05 03:00:40;0;1
2017-10-05 03:01:49;0;1
2017-10-05 03:02:58;0;1
2017-10-05 03:04:07;0;1
2017-10-05 03:05:16;0;1
2017-10-05 03:06:25;0;1
2017-10-05 03:07:34;0;1
2017-10-05 03:08:43;0;1
2017-10-05 03:09:52;0;1
2017-10-05 03:11:01;0;1
2017-10-05 03:12:10;0;1
2017-10-05 03:13:19;0;1
2017-10-05 03:14:28;0;1
2017-10-05 03:15:37;0;1
2017-10-05 03:16:46;0;1
2017-10-05 03:17:55;0;1
2017-10-05 03:19:04;0;1
2017-10-05 03:20:13;0;1
2017-10-05 03:21:22;0;1
2017-10-05 03:22:31;0;1
2017-10-05 03:23:40;0;1
2017-10-05 03:24:49;0;1
2017-10-05 03:25:58;0;1
2017-10-05 03:27:07;0;1
2017-10-05 03:28:16;0;1
2017-10-05 03:29:25;0;1
2017-10-05 03:30:34;0;1
2017-10-05 03:31:43;0;1
2017-10-05 03:32:52;0;1
2017-10-05 03:34:01;0;1
2017-10-05 03:35:10;0;1
2017-10-05 03:36:19;0;1
2017-10-05 03:37:28;0;1
2017-10-05 03:38:37;0;1
2017-10-05 03:39:46;0;1
2017-10-05 03:40:55;0;1
2017-10-05 03:42:04;0;1
2017-10-05 03:43:13;0;1
2017-10-05 03:44:22;0;1
2017-10-05 03:45:31;0;1
2017-10-05 03:46:40;0;1
2017-10-05 03:47:49;0;1
2017-10-05 03:48:58;0;1
2017-10-05 03:50:07;0;1
2017-10-05 03:51:16;0;1
2017-10-05 03:52:25;0;1
2017-10-05 03:53:34;0;1
2017-10-05 03:54:43;0;1
2017-10-05 03:55:52;0;1
2017-10-05 03:57:01;0;1
2017-10-05 03:58:10;0;1
2017-10-05 03:59:19;0;1
2017-10-05 04:00:28;0;1
2017-10-05 04:01:37;0;1
2017-10-05 04:02:46;0;1
2017-10-05 04:03:55;0;1
2017-10-05 04:07:18;0;1
2017-10-05 04:08:33;0;1
2017-10-05 04:09:42;0;1
2017-10-05 04:10:51;0;1
2017-10-05 04:12:00;0;1
2017-10-05 04:13:09;0;1
2017-10-05 04:14:18;0;1
2017-10-05 04:15:27;0;1
2017-10-05 04:16:36;0;1
2017-10-05 04:17:45;0;1
2017-10-05 04:18:54;0;1
2017-10-05 04:20:03;0;1
2017-10-05 04:21:12;0;1
2017-10-05 04:22:21;0;1
2017-10-05 04:23:30;0;1
2017-10-05 04:24:39;0;1
2017-10-05 04:25:48;0;1
2017-10-05 04:26:57;0;1
2017-10-05 04:28:06;0;1
2017-10-05 04:29:15;0;1
2017-10-05 04:30:24;0;1
2017-10-05 04:31:33;0;1
2017-10-05 04:32:42;0;1
2017-10-05 04:33:51;0;1
2017-10-05 04:35:00;0;1
2017-10-05 04:36:09;0;1
2017-10-05 04:37:18;0;1
2017-10-05 04:38:27;0;1
2017-10-05 04:39:36;0;1
2017-10-05 04:40:45;0;1
2017-10-05 04:41:54;0;1
2017-10-05 04:43:03;0;1
2017-10-05 04:44:12;0;1
2017-10-05 04:45:21;0;1
2017-10-05 04:46:30;0;1
2017-10-05 04:47:39;0;1
2017-10-05 04:48:48;0;1
2017-10-05 04:49:57;0;1
2017-10-05 04:51:06;0;1
2017-10-05 04:52:15;0;1
2017-10-05 04:53:24;0;1
2017-10-05 04:54:33;0;1
2017-10-05 04:55:42;0;1
2017-10-05 04:56:51;0;1
2017-10-05 04:58:00;0;1
2017-10-05 04:59:09;0;1
2017-10-05 05:00:18;0;1
2017-10-05 05:01:27;0;1
2017-10-05 05:02:36;0;1
2017-10-05 05:03:45;0;1
2017-10-05 05:04:54;0;1
2017-10-05 05:06:03;0;1
2017-10-05 05:07:12;0;1
2017-10-05 05:08:21;0;1
2017-10-05 05:09:30;0;1
2017-10-05 05:10:39;0;1
2017-10-05 05:11:48;0;1
2017-10-05 05:12:57;0;1
2017-10-05 05:14:06;0;1
2017-10-05 05:15:15;0;1
2017-10-05 05:16:24;0;1
2017-10-05 05:17:33;0;1
2017-10-05 05:18:42;0;1
2017-10-05 05:19:51;0;1
2017-10-05 05:21:00;0;1
2017-10-05 05:22:09;0;1
2017-10-05 05:23:18;0;1
2017-10-05 05:24:27;0;1
2017-10-05 05:25:36;0;1
2017-10-05 05:26:45;0;1
2017-10-05 05:27:54;0;1
2017-10-05 05:29:03;0;1
2017-10-05 05:30:12;0;1
2017-10-05 05:31:21;0;1
2017-10-05 05:32:30;0;1
2017-10-05 05:33:39;0;1
2017-10-05 05:34:48;0;1
2017-10-05 05:35:57;0;1
2017-10-05 05:37:06;0;1
2017-10-05 05:38:15;0;1
2017-10-05 05:39:24;0;1
2017-10-05 05:40:33;0;1
2017-10-05 05:41:42;0;1
2017-10-05 05:42:51;0;1
2017-10-05 05:44:00;0;1
2017-10-05 05:45:09;0;1
2017-10-05 05:46:18;0;1
2017-10-05 05:47:27;0;1
2017-10-05 05:48:36;0;1
2017-10-05 05:49:45;0;1
2017-10-05 05:50:54;0;1
2017-10-05 05:52:03;0;1
2017-10-05 05:53:12;0;1
2017-10-05 05:54:21;0;1
2017-10-05 05:55:30;0;1
2017-10-05 05:56:39;0;1
2017-10-05 05:57:48;0;1
2017-10-05 05:58:57;0;1
2017-10-05 06:00:06;0;1
2017-10-05 06:01:15;0;1
2017-10-05 06:02:24;0;1
2017-10-05 06:03:33;0;1
2017-10-05 06:04:42;0;1
2017-10-05 06:05:51;991.347;1
2017-10-05 06:07:00;1147.809;1
2017-10-05 06:08:09;834.94;1
2017-10-05 06:09:18;782.507;1
2017-10-05 06:10:27;782.541;1
2017-10-05 06:11:36;1356.522;1
2017-10-05 06:12:45;1513.022;1
2017-10-05 06:13:54;887.034;1
2017-10-05 06:15:03;782.62;1
2017-10-05 06:16:12;886.905;1
2017-10-05 06:17:21;991.319;1
2017-10-05 06:18:30;1095.636;1
2017-10-05 06:19:39;1043.493;1
2017-10-05 06:20:48;1043.418;1
2017-10-05 06:21:57;1095.684;1
2017-10-05 06:23:06;1043.478;1
2017-10-05 06:24:15;1043.509;1
2017-10-05 06:25:24;1043.478;1
2017-10-05 06:26:33;1043.509;1
2017-10-05 06:27:42;1825.955;1
2017-10-05 06:28:51;1878.397;1
2017-10-05 06:30:00;1565.263;1
2017-10-05 06:31:09;1826.113;1
2017-10-05 06:32:18;1304.348;1
2017-10-05 06:33:27;1199.965;1
2017-10-05 06:34:36;1669.444;1
2017-10-05 06:35:45;1252.247;1
2017-10-05 06:36:54;1565.217;1
2017-10-05 06:38:03;1408.655;1
2017-10-05 06:39:12;2086.896;1
2017-10-05 06:40:21;2191.146;1
2017-10-05 06:41:30;1617.368;1
2017-10-05 06:42:39;2139.099;1
2017-10-05 06:43:48;2087.078;1
2017-10-05 06:44:57;1774.042;1
2017-10-05 06:46:06;1721.515;1
2017-10-05 06:47:15;1721.864;1
2017-10-05 06:48:24;1617.368;1
2017-10-05 06:49:33;1617.462;1
2017-10-05 06:50:42;1669.347;1
2017-10-05 06:51:51;1617.415;1
2017-10-05 06:53:00;1617.321;1
2017-10-05 06:54:09;1617.555;1
2017-10-05 06:55:18;1617.298;1
2017-10-05 06:56:27;1930.379;1
2017-10-05 06:57:36;1773.887;1
2017-10-05 06:58:45;1721.789;1
2017-10-05 06:59:54;1669.444;1
2017-10-05 07:01:03;1773.939;1
2017-10-05 07:02:12;1826.087;1
2017-10-05 07:03:21;1878.179;1
2017-10-05 07:04:30;1878.206;1
2017-10-05 07:05:39;1930.435;1
2017-10-05 07:06:48;2034.665;1
2017-10-05 07:07:57;1878.315;1
2017-10-05 07:09:06;1878.343;1
2017-10-05 07:10:15;1878.152;1
2017-10-05 07:11:24;1826.06;1
2017-10-05 07:12:33;1669.517;1
2017-10-05 07:13:42;1721.789;1
2017-10-05 07:14:51;1565.285;1
2017-10-05 07:16:00;1565.149;1
2017-10-05 07:17:09;1513.153;1
2017-10-05 07:18:18;1617.485;1
2017-10-05 07:19:27;1774.042;1
2017-10-05 07:20:36;1669.783;1
2017-10-05 07:21:45;1669.686;1
2017-10-05 07:22:54;1565.263;1
2017-10-05 07:24:03;1565.422;1
2017-10-05 07:25:12;1669.759;1
2017-10-05 07:26:21;1565.331;1
2017-10-05 07:27:30;1513.197;1
2017-10-05 07:28:39;1617.509;1
2017-10-05 07:29:48;1565.285;1
2017-10-05 07:30:57;1617.438;1
2017-10-05 07:32:06;1565.331;1
2017-10-05 07:33:15;1461.039;1
2017-10-05 07:34:24;1513.087;1
2017-10-05 07:35:33;1460.997;1
2017-10-05 07:36:42;1460.87;1
2017-10-05 07:37:51;1460.975;1
2017-10-05 07:39:00;1930.603;1
2017-10-05 07:40:09;1460.997;1
2017-10-05 07:41:18;1408.777;1
2017-10-05 07:42:27;1408.859;1
2017-10-05 07:43:36;1356.699;1
2017-10-05 07:44:45;1252.319;1
2017-10-05 07:45:54;1304.405;1
2017-10-05 07:47:03;1356.62;1
2017-10-05 07:48:12;1669.662;1
2017-10-05 07:49:21;1095.859;1
2017-10-05 07:50:30;1043.463;1
2017-10-05 07:51:39;939.253;1
2017-10-05 07:52:48;886.995;1
2017-10-05 07:53:57;939.171;1
2017-10-05 07:55:06;939.212;1
2017-10-05 07:56:15;1043.524;1
2017-10-05 07:57:24;991.405;1
2017-10-05 07:58:33;1095.763;1
2017-10-05 07:59:42;1043.524;1
2017-10-05 08:00:51;886.957;1
2017-10-05 08:02:00;834.867;1
2017-10-05 08:03:09;834.819;1
2017-10-05 08:04:18;782.699;1
2017-10-05 08:05:27;678.271;1
2017-10-05 08:06:36;313.071;1
2017-10-05 08:07:45;260.896;1
2017-10-05 08:08:54;52.175;1
2017-10-05 08:10:03;156.531;1
2017-10-05 08:11:12;208.708;1
2017-10-05 08:12:21;1147.859;1
2017-10-05 08:13:30;1200.035;1
2017-10-05 08:14:39;1200.104;1
2017-10-05 08:15:48;1147.909;1
2017-10-05 08:16:57;208.72;1
2017-10-05 08:18:06;208.708;1
2017-10-05 08:19:15;678.3;1
2017-10-05 08:20:24;0;1
2017-10-05 08:21:33;0;1
2017-10-05 08:22:42;0;1
2017-10-05 08:23:51;0;1
2017-10-05 08:25:00;0;1
2017-10-05 08:26:09;0;1
2017-10-05 08:27:18;0;1
2017-10-05 08:28:27;260.896;1
2017-10-05 08:29:36;0;1
2017-10-05 08:30:45;0;1
2017-10-05 08:31:54;0;1
2017-10-05 08:33:03;52.175;1
2017-10-05 08:34:12;0;1
2017-10-05 08:35:21;0;1
2017-10-05 08:36:30;260.885;1
2017-10-05 08:37:39;0;1
2017-10-05 08:38:48;0;1
2017-10-05 08:39:57;0;1
2017-10-05 08:41:06;0;1
2017-10-05 08:42:15;52.179;1
2017-10-05 08:43:24;0;1
2017-10-05 08:44:33;0;1
2017-10-05 08:45:42;0;1
2017-10-05 08:46:51;0;1
2017-10-05 08:48:00;0;1
2017-10-05 08:49:09;0;1
2017-10-05 08:50:18;0;1
2017-10-05 08:51:27;0;1
2017-10-05 08:52:36;0;1
2017-10-05 08:53:45;260.76;1
2017-10-05 08:54:54;626.096;1
2017-10-05 08:56:03;313.034;1
2017-10-05 08:57:12;782.665;1
2017-10-05 08:58:21;156.535;1
2017-10-05 08:59:30;52.176;1
2017-10-05 09:00:39;208.72;1
2017-10-05 09:01:48;991.376;1
2017-10-05 09:02:57;626.123;1
2017-10-05 09:04:06;52.175;1
2017-10-05 09:05:15;104.345;1
2017-10-05 09:06:24;0;1
2017-10-05 09:07:33;0;1
2017-10-05 09:08:42;0;1
2017-10-05 09:09:51;0;1
2017-10-05 09:11:00;0;1
2017-10-05 09:12:09;0;1
2017-10-05 09:13:18;0;1
2017-10-05 09:14:27;0;1
2017-10-05 09:15:36;0;1
2017-10-05 09:16:45;0;1
2017-10-05 09:17:54;0;1
2017-10-05 09:19:03;0;1
2017-10-05 09:20:12;0;1
2017-10-05 09:21:21;0;1
2017-10-05 09:22:30;0;1
2017-10-05 09:23:39;0;1
2017-10-05 09:24:48;156.506;1
2017-10-05 09:25:57;417.416;1
2017-10-05 09:27:06;52.175;1
2017-10-05 09:28:15;0;1
2017-10-05 09:29:24;0;1
2017-10-05 09:30:33;0;1
2017-10-05 09:31:42;0;1
2017-10-05 09:32:51;0;1
2017-10-05 09:34:00;0;1
2017-10-05 09:35:09;0;1
2017-10-05 09:36:18;0;1
2017-10-05 09:37:27;0;1
2017-10-05 09:38:36;104.345;1
2017-10-05 09:39:45;52.171;1
2017-10-05 09:40:54;0;1
2017-10-05 09:42:03;0;1
2017-10-05 09:43:12;0;1
2017-10-05 09:44:21;0;1
2017-10-05 09:45:30;0;1
2017-10-05 09:46:39;0;1
2017-10-05 09:47:48;0;1
2017-10-05 09:48:57;0;1
2017-10-05 09:50:06;0;1
2017-10-05 09:51:15;0;1
2017-10-05 09:52:24;0;1
2017-10-05 09:53:33;0;1
2017-10-05 09:54:42;0;1
2017-10-05 09:55:51;0;1
2017-10-05 09:57:00;0;1
2017-10-05 09:58:09;0;1
2017-10-05 09:59:18;0;1
2017-10-05 10:00:27;0;1
2017-10-05 10:01:36;0;1
2017-10-05 10:02:45;0;1
2017-10-05 10:03:54;104.366;1
2017-10-05 10:05:03;0;1
2017-10-05 10:06:12;0;1
2017-10-05 10:07:21;0;1
2017-10-05 10:08:30;0;1
2017-10-05 10:09:39;0;1
2017-10-05 10:10:48;0;1
2017-10-05 10:11:57;52.178;1
2017-10-05 10:13:06;52.169;1
2017-10-05 10:14:15;0;1
2017-10-05 10:15:24;0;1
2017-10-05 10:16:33;0;1
2017-10-05 10:17:42;104.348;1
2017-10-05 10:18:51;0;1
2017-10-05 10:20:00;104.348;1
2017-10-05 10:21:09;0;1
2017-10-05 10:22:18;730.35;1
2017-10-05 10:23:27;52.178;1
2017-10-05 10:24:36;52.172;1
2017-10-05 10:25:45;52.135;1
2017-10-05 10:26:54;521.777;1
2017-10-05 10:28:03;0;1
2017-10-05 10:29:12;208.714;1
2017-10-05 10:30:21;52.175;1
2017-10-05 10:31:30;0;1
2017-10-05 10:32:39;0;1
2017-10-05 10:33:48;0;1
2017-10-05 10:34:57;0;1
2017-10-05 10:36:06;0;1
2017-10-05 10:37:15;0;1
2017-10-05 10:38:24;0;1
2017-10-05 10:39:33;104.343;1
2017-10-05 10:40:42;0;1
2017-10-05 10:41:51;0;1
2017-10-05 10:43:00;0;1
2017-10-05 10:44:09;0;1
2017-10-05 10:45:18;0;1
2017-10-05 10:46:27;0;1
2017-10-05 10:47:36;0;1
2017-10-05 10:48:45;0;1
2017-10-05 10:49:54;0;1
2017-10-05 10:51:03;0;1
2017-10-05 10:52:12;0;1
2017-10-05 10:53:21;0;1
2017-10-05 10:54:30;0;1
2017-10-05 10:55:39;0;1
2017-10-05 10:56:48;0;1
2017-10-05 10:57:57;0;1
2017-10-05 10:59:06;0;1
2017-10-05 11:00:15;0;1
2017-10-05 11:01:24;52.175;1
2017-10-05 11:02:33;0;1
2017-10-05 11:03:42;0;1
2017-10-05 11:04:51;0;1
2017-10-05 11:06:00;0;1
2017-10-05 11:07:09;0;1
2017-10-05 11:08:18;0;1
2017-10-05 11:09:27;0;1
2017-10-05 11:10:36;0;1
2017-10-05 11:11:45;0;1
2017-10-05 11:12:54;0;1
2017-10-05 11:14:03;0;1
2017-10-05 11:15:12;0;1
2017-10-05 11:16:21;0;1
2017-10-05 11:17:30;0;1
2017-10-05 11:18:39;0;1
2017-10-05 11:19:48;0;1
2017-10-05 11:20:57;0;1
2017-10-05 11:22:06;0;1
2017-10-05 11:23:15;0;1
2017-10-05 11:24:24;0;1
2017-10-05 11:25:33;0;1
2017-10-05 11:26:42;0;1
2017-10-05 11:27:51;0;1
2017-10-05 11:29:00;0;1
2017-10-05 11:30:09;0;1
2017-10-05 11:31:18;0;1
2017-10-05 11:32:27;0;1
2017-10-05 11:33:36;0;1
2017-10-05 11:34:45;0;1
2017-10-05 11:35:54;0;1
2017-10-05 11:37:03;0;1
2017-10-05 11:38:12;0;1
2017-10-05 11:39:21;0;1
2017-10-05 11:40:30;0;1
2017-10-05 11:41:39;0;1
2017-10-05 11:42:48;0;1
2017-10-05 11:43:57;0;1
2017-10-05 11:45:06;0;1
2017-10-05 11:46:15;0;1
2017-10-05 11:47:24;0;1
2017-10-05 11:48:33;0;1
2017-10-05 11:49:42;0;1
2017-10-05 11:50:51;0;1
2017-10-05 11:52:00;0;1
2017-10-05 11:53:09;0;1
2017-10-05 11:54:18;0;1
2017-10-05 11:55:27;0;1
2017-10-05 11:56:36;0;1
2017-10-05 11:57:45;0;1
2017-10-05 11:58:54;0;1
2017-10-05 12:00:03;0;1
2017-10-05 12:01:12;0;1
2017-10-05 12:02:21;0;1
2017-10-05 12:03:30;0;1
2017-10-05 12:04:39;0;1
2017-10-05 12:05:48;0;1
2017-10-05 12:06:57;0;1
2017-10-05 12:08:06;0;1
2017-10-05 12:09:15;0;1
2017-10-05 12:10:24;0;1
2017-10-05 12:11:33;0;1
2017-10-05 12:12:42;0;1
2017-10-05 12:13:51;0;1
2017-10-05 12:15:00;0;1
2017-10-05 12:16:09;0;1
2017-10-05 12:17:18;0;1
2017-10-05 12:18:27;0;1
2017-10-05 12:19:36;0;1
2017-10-05 12:20:45;0;1
2017-10-05 12:21:54;0;1
2017-10-05 12:23:03;0;1
2017-10-05 12:24:12;52.179;1
2017-10-05 12:25:21;104.348;1
2017-10-05 12:26:30;208.684;1
2017-10-05 12:27:39;156.515;1
2017-10-05 12:28:48;156.529;1
2017-10-05 12:29:57;208.696;1
2017-10-05 12:31:06;0;1
2017-10-05 12:32:15;0;1
2017-10-05 12:33:24;0;1
2017-10-05 12:34:33;0;1
2017-10-05 12:35:42;0;1
2017-10-05 12:36:51;0;1
2017-10-05 12:38:00;0;1
2017-10-05 12:39:09;0;1
2017-10-05 12:40:18;0;1
2017-10-05 12:41:27;0;1
2017-10-05 12:42:36;0;1
2017-10-05 12:43:45;0;1
2017-10-05 12:44:54;0;1
2017-10-05 12:46:03;0;1
2017-10-05 12:47:12;0;1
2017-10-05 12:48:21;0;1
2017-10-05 12:49:30;0;1
2017-10-05 12:50:39;0;1
2017-10-05 12:51:48;0;1
2017-10-05 12:52:57;0;1
2017-10-05 12:54:06;0;1
2017-10-05 12:55:15;0;1
2017-10-05 12:56:24;0;1
2017-10-05 12:57:33;0;1
2017-10-05 12:58:42;0;1
2017-10-05 12:59:51;0;1
2017-10-05 13:01:00;0;1
2017-10-05 13:02:09;0;1
2017-10-05 13:03:18;0;1
2017-10-05 13:04:27;0;1
2017-10-05 13:05:36;0;1
2017-10-05 13:06:45;0;1
2017-10-05 13:07:54;0;1
2017-10-05 13:09:03;0;1
2017-10-05 13:10:12;0;1
2017-10-05 13:11:21;0;1
2017-10-05 13:12:30;0;1
2017-10-05 13:13:39;0;1
2017-10-05 13:14:48;0;1
2017-10-05 13:15:57;0;1
2017-10-05 13:17:06;0;1
2017-10-05 13:18:15;0;1
2017-10-05 13:19:24;0;1
2017-10-05 13:20:33;0;1
2017-10-05 13:21:42;0;1
2017-10-05 13:22:51;0;1
2017-10-05 13:24:00;0;1
2017-10-05 13:25:09;0;1
2017-10-05 13:26:18;0;1
2017-10-05 13:27:27;0;1
2017-10-05 13:28:36;0;1
2017-10-05 13:29:45;0;1
2017-10-05 13:30:54;0;1
2017-10-05 13:32:03;0;1
2017-10-05 13:33:12;0;1
2017-10-05 13:34:21;0;1
2017-10-05 13:35:30;0;1
2017-10-05 13:36:39;0;1
2017-10-05 13:37:48;0;1
2017-10-05 13:38:57;0;1
2017-10-05 13:40:06;0;1
2017-10-05 13:41:15;0;1
2017-10-05 13:42:24;0;1
2017-10-05 13:43:33;0;1
2017-10-05 13:44:42;0;1
2017-10-05 13:45:51;0;1
2017-10-05 13:47:00;0;1
2017-10-05 13:48:09;0;1
2017-10-05 13:49:18;0;1
2017-10-05 13:50:27;0;1
2017-10-05 13:51:36;0;1
2017-10-05 13:52:45;0;1
2017-10-05 13:53:54;0;1
2017-10-05 13:55:03;0;1
2017-10-05 13:56:12;0;1
2017-10-05 13:57:21;0;1
2017-10-05 13:58:30;0;1
2017-10-05 13:59:39;0;1
2017-10-05 14:00:48;0;1
2017-10-05 14:01:57;0;1
2017-10-05 14:03:06;52.175;1
2017-10-05 14:04:15;0;1
2017-10-05 14:05:24;0;1
2017-10-05 14:06:33;0;1
2017-10-05 14:07:42;0;1
2017-10-05 14:08:51;0;1
2017-10-05 14:10:00;0;1
2017-10-05 14:11:09;0;1
2017-10-05 14:12:18;0;1
2017-10-05 14:13:27;0;1
2017-10-05 14:14:36;0;1
2017-10-05 14:15:45;0;1
2017-10-05 14:16:54;0;1
2017-10-05 14:18:03;0;1
2017-10-05 14:19:12;0;1
2017-10-05 14:20:21;0;1
2017-10-05 14:21:30;0;1
2017-10-05 14:22:39;0;1
2017-10-05 14:23:48;52.178;1
2017-10-05 14:24:57;156.517;1
2017-10-05 14:26:06;0;1
2017-10-05 14:27:15;0;1
2017-10-05 14:28:24;0;1
2017-10-05 14:29:33;0;1
2017-10-05 14:30:42;0;1
2017-10-05 14:31:51;0;1
2017-10-05 14:33:00;0;1
2017-10-05 14:34:09;0;1
2017-10-05 14:35:18;0;1
2017-10-05 14:36:27;0;1
2017-10-05 14:37:36;0;1
2017-10-05 14:38:45;0;1
2017-10-05 14:39:54;0;1
2017-10-05 14:41:03;0;1
2017-10-05 14:42:12;0;1
2017-10-05 14:43:21;0;1
2017-10-05 14:44:30;0;1
2017-10-05 14:45:39;0;1
2017-10-05 14:46:48;0;1
2017-10-05 14:47:57;0;1
2017-10-05 14:49:06;0;1
2017-10-05 14:50:15;0;1
2017-10-05 14:51:24;0;1
2017-10-05 14:52:33;0;1
2017-10-05 14:53:42;0;1
2017-10-05 14:54:51;0;1
2017-10-05 14:56:00;0;1
2017-10-05 14:57:09;0;1
2017-10-05 14:58:18;0;1
2017-10-05 14:59:27;0;1
2017-10-05 15:00:36;0;1
2017-10-05 15:01:45;0;1
2017-10-05 15:02:54;0;1
2017-10-05 15:04:03;104.358;1
2017-10-05 15:05:12;52.178;1
2017-10-05 15:06:21;104.354;1
2017-10-05 15:07:30;313.048;1
2017-10-05 15:08:39;0;1
2017-10-05 15:09:48;0;1
2017-10-05 15:10:57;0;1
2017-10-05 15:12:06;0;1
2017-10-05 15:13:15;0;1
2017-10-05 15:14:24;0;1
2017-10-05 15:15:33;0;1
2017-10-05 15:16:42;0;1
2017-10-05 15:17:51;0;1
2017-10-05 15:19:00;0;1
2017-10-05 15:20:09;0;1
2017-10-05 15:21:18;0;1
2017-10-05 15:22:27;0;1
2017-10-05 15:23:36;678.33;1
2017-10-05 15:24:45;1095.7;1
2017-10-05 15:25:53;104.358;1
2017-10-05 15:27:02;0;1
2017-10-05 15:28:11;0;1
2017-10-05 15:29:20;0;1
2017-10-05 15:30:29;0;1
2017-10-05 15:31:38;0;1
2017-10-05 15:32:47;0;1
2017-10-05 15:33:56;0;1
2017-10-05 15:35:05;0;1
2017-10-05 15:36:14;0;1
2017-10-05 15:37:23;0;1
2017-10-05 15:38:32;0;1
2017-10-05 15:39:41;0;1
2017-10-05 15:40:50;0;1
2017-10-05 15:41:59;0;1
2017-10-05 15:43:08;0;1
2017-10-05 15:44:17;0;1
2017-10-05 15:45:26;0;1
2017-10-05 15:46:35;0;1
2017-10-05 15:47:44;0;1
2017-10-05 15:48:53;0;1
2017-10-05 15:50:02;0;1
2017-10-05 15:51:11;0;1
2017-10-05 15:52:20;0;1
2017-10-05 15:53:29;0;1
2017-10-05 15:54:38;0;1
2017-10-05 15:55:47;0;1
2017-10-05 15:56:56;0;1
2017-10-05 15:58:05;0;1
2017-10-05 15:59:14;0;1
2017-10-05 16:00:23;0;1
2017-10-05 16:01:32;0;1
2017-10-05 16:02:41;0;1
2017-10-05 16:03:50;0;1
2017-10-05 16:04:59;0;1
2017-10-05 16:06:08;0;1
2017-10-05 16:07:17;0;1
2017-10-05 16:08:26;0;1
2017-10-05 16:09:35;0;1
2017-10-05 16:10:44;0;1
2017-10-05 16:11:53;0;1
2017-10-05 16:13:02;0;1
2017-10-05 16:14:11;0;1
2017-10-05 16:15:20;0;1
2017-10-05 16:16:29;0;1
2017-10-05 16:17:38;0;1
2017-10-05 16:18:47;0;1
2017-10-05 16:19:56;0;1
2017-10-05 16:21:05;0;1
2017-10-05 16:22:14;0;1
2017-10-05 16:23:23;0;1
2017-10-05 16:24:32;0;1
2017-10-05 16:25:41;0;1
2017-10-05 16:26:50;0;1
2017-10-05 16:27:59;0;1
2017-10-05 16:29:08;0;1
2017-10-05 16:30:17;0;1
2017-10-05 16:31:26;0;1
2017-10-05 16:32:35;0;1
2017-10-05 16:33:44;0;1
2017-10-05 16:34:53;0;1
2017-10-05 16:36:02;0;1
2017-10-05 16:37:11;0;1
2017-10-05 16:38:20;0;1
2017-10-05 16:39:29;0;1
2017-10-05 16:40:38;0;1
2017-10-05 16:41:47;0;1
2017-10-05 16:42:56;0;1
2017-10-05 16:44:05;0;1
2017-10-05 16:45:14;0;1
2017-10-05 16:46:23;0;1
2017-10-05 16:47:32;0;1
2017-10-05 16:48:41;0;1
2017-10-05 16:49:50;0;1
2017-10-05 16:50:59;0;1
2017-10-05 16:52:08;52.176;1
2017-10-05 16:53:17;0;1
2017-10-05 16:54:26;104.36;1
2017-10-05 16:55:35;0;1
2017-10-05 16:56:44;0;1
2017-10-05 16:57:53;0;1
2017-10-05 16:59:02;0;1
2017-10-05 17:00:11;0;1
2017-10-05 17:01:20;0;1
2017-10-05 17:02:29;0;1
2017-10-05 17:03:38;0;1
2017-10-05 17:04:47;0;1
2017-10-05 17:05:56;0;1
2017-10-05 17:07:05;0;1
2017-10-05 17:08:14;0;1
2017-10-05 17:09:23;0;1
2017-10-05 17:10:32;0;1
2017-10-05 17:11:41;0;1
2017-10-05 17:12:50;0;1
2017-10-05 17:13:59;52.181;1
2017-10-05 17:15:08;104.351;1
2017-10-05 17:16:17;156.535;1
2017-10-05 17:17:26;365.223;1
2017-10-05 17:18:35;260.896;1
2017-10-05 17:19:44;0;1
2017-10-05 17:20:53;0;1
2017-10-05 17:22:02;0;1
2017-10-05 17:23:11;0;1
2017-10-05 17:24:20;0;1
2017-10-05 17:25:29;0;1
2017-10-05 17:26:38;0;1
2017-10-05 17:27:47;0;1
2017-10-05 17:28:56;0;1
2017-10-05 17:30:05;0;1
2017-10-05 17:31:14;0;1
2017-10-05 17:32:23;0;1
2017-10-05 17:33:32;0;1
2017-10-05 17:34:41;0;1
2017-10-05 17:35:50;0;1
2017-10-05 17:36:59;0;1
2017-10-05 17:38:08;0;1
2017-10-05 17:39:17;0;1
2017-10-05 17:40:26;0;1
2017-10-05 17:41:35;0;1
2017-10-05 17:42:44;0;1
2017-10-05 17:43:53;0;1
2017-10-05 17:45:02;0;1
2017-10-05 17:46:11;52.177;1
2017-10-05 17:47:20;417.434;1
2017-10-05 17:48:29;365.254;1
2017-10-05 17:49:38;313.066;1
2017-10-05 17:50:47;260.888;1
2017-10-05 17:51:56;417.428;1
2017-10-05 17:53:05;417.409;1
2017-10-05 17:54:14;469.626;1
2017-10-05 17:55:23;1095.732;1
2017-10-05 17:56:32;1356.561;1
2017-10-05 17:57:41;365.244;1
2017-10-05 17:58:50;260.888;1
2017-10-05 17:59:59;2034.93;1
2017-10-05 18:01:08;2869.732;1
2017-10-05 18:02:17;678.31;1
2017-10-05 18:03:26;365.254;1
2017-10-05 18:04:35;417.385;1
2017-10-05 18:05:44;2087.017;1
2017-10-05 18:06:53;3235.158;1
2017-10-05 18:08:02;3235.017;1
2017-10-05 18:09:11;3287.29;1
2017-10-05 18:10:20;3235.017;1
2017-10-05 18:11:29;2086.987;1
2017-10-05 18:12:38;573.971;1
2017-10-05 18:13:47;469.572;1
2017-10-05 18:14:56;469.565;1
2017-10-05 18:16:05;521.769;1
2017-10-05 18:17:14;469.586;1
2017-10-05 18:18:23;469.599;1
2017-10-05 18:19:32;521.747;1
2017-10-05 18:20:41;573.896;1
2017-10-05 18:21:50;521.754;1
2017-10-05 18:22:59;521.769;1
2017-10-05 18:24:08;573.946;1
2017-10-05 18:25:17;573.93;1
2017-10-05 18:26:26;521.724;1
2017-10-05 18:27:35;521.762;1
2017-10-05 18:28:44;573.963;1
2017-10-05 18:29:53;521.769;1
2017-10-05 18:31:02;573.921;1
2017-10-05 18:32:11;521.785;1
2017-10-05 18:33:20;573.946;1
2017-10-05 18:34:29;573.963;1
2017-10-05 18:35:38;626.123;1
2017-10-05 18:36:47;626.105;1
2017-10-05 18:37:56;626.105;1
2017-10-05 18:39:05;626.123;1
2017-10-05 18:40:14;626.141;1
2017-10-05 18:41:23;678.281;1
2017-10-05 18:42:32;678.271;1
2017-10-05 18:43:41;678.31;1
2017-10-05 18:44:50;626.078;1
2017-10-05 18:45:59;730.519;1
2017-10-05 18:47:08;678.31;1
2017-10-05 18:48:17;730.498;1
2017-10-05 18:49:26;730.445;1
2017-10-05 18:50:35;730.477;1
2017-10-05 18:51:44;730.361;1
2017-10-05 18:52:53;730.477;1
2017-10-05 18:54:02;730.445;1
2017-10-05 18:55:11;730.53;1
2017-10-05 18:56:20;730.308;1
2017-10-05 18:57:29;730.477;1
2017-10-05 18:58:38;730.414;1
2017-10-05 18:59:47;730.456;1
2017-10-05 19:00:56;730.456;1
2017-10-05 19:02:05;730.456;1
2017-10-05 19:03:14;782.62;1
2017-10-05 19:04:23;730.382;1
2017-10-05 19:05:32;782.518;1
2017-10-05 19:06:41;730.477;1
2017-10-05 19:07:50;782.541;1
2017-10-05 19:08:59;730.414;1
2017-10-05 19:10:08;730.34;1
2017-10-05 19:11:17;678.241;1
2017-10-05 19:12:26;730.456;1
2017-10-05 19:13:35;730.445;1
2017-10-05 19:14:44;834.807;1
2017-10-05 19:15:53;834.746;1
2017-10-05 19:17:02;834.758;1
2017-10-05 19:18:11;782.654;1
2017-10-05 19:19:20;886.905;1
2017-10-05 19:20:29;886.931;1
2017-10-05 19:21:38;886.995;1
2017-10-05 19:22:47;939.103;1
2017-10-05 19:23:56;1199.93;1
2017-10-05 19:25:05;1617.391;1
2017-10-05 19:26:14;1252.101;1
2017-10-05 19:27:23;1408.696;1
2017-10-05 19:28:32;1982.781;1
2017-10-05 19:29:41;2034.753;1
2017-10-05 19:30:50;3391.255;1
2017-10-05 19:31:59;2713.319;1
2017-10-05 19:33:08;2191.019;1
2017-10-05 19:34:17;2035.019;1
2017-10-05 19:35:26;2086.957;1
2017-10-05 19:36:35;1147.876;1
2017-10-05 19:37:44;886.905;1
2017-10-05 19:38:53;834.722;1
2017-10-05 19:40:02;1826.034;1
2017-10-05 19:41:11;1930.687;1
2017-10-05 19:42:20;1982.551;1
2017-10-05 19:43:29;1982.494;1
2017-10-05 19:44:38;1982.724;1
2017-10-05 19:45:47;1930.323;1
2017-10-05 19:46:56;1982.609;1
2017-10-05 19:48:05;1930.491;1
2017-10-05 19:49:14;1982.551;1
2017-10-05 19:50:23;1982.494;1
2017-10-05 19:51:32;1199.983;1
2017-10-05 19:52:41;886.982;1
2017-10-05 19:53:50;834.819;1
2017-10-05 19:54:59;834.746;1
2017-10-05 19:56:08;886.879;1
2017-10-05 19:57:17;887.047;1
2017-10-05 19:58:26;834.637;1
2017-10-05 19:59:35;834.867;1
2017-10-05 20:00:44;834.783;1
2017-10-05 20:01:53;886.957;1
2017-10-05 20:03:02;834.855;1
2017-10-05 20:04:11;886.879;1
2017-10-05 20:05:20;834.807;1
2017-10-05 20:06:29;886.815;1
2017-10-05 20:07:38;886.995;1
2017-10-05 20:08:47;834.831;1
2017-10-05 20:09:56;834.916;1
2017-10-05 20:11:05;886.867;1
2017-10-05 20:12:14;834.758;1
2017-10-05 20:13:23;887.008;1
2017-10-05 20:14:32;834.758;1
2017-10-05 20:15:41;834.698;1
2017-10-05 20:16:50;886.995;1
2017-10-05 20:17:59;834.795;1
2017-10-05 20:19:08;834.807;1
2017-10-05 20:20:17;886.931;1
2017-10-05 20:21:26;834.71;1
2017-10-05 20:22:35;886.957;1
2017-10-05 20:23:44;834.771;1
2017-10-05 20:24:53;886.969;1
2017-10-05 20:26:02;834.807;1
2017-10-05 20:27:11;886.931;1
2017-10-05 20:28:20;834.746;1
2017-10-05 20:29:29;886.982;1
2017-10-05 20:30:38;834.758;1
2017-10-05 20:31:47;834.807;1
2017-10-05 20:32:56;782.586;1
2017-10-05 20:34:05;834.831;1
2017-10-05 20:35:14;782.575;1
2017-10-05 20:36:23;834.771;1
2017-10-05 20:37:32;782.643;1
2017-10-05 20:38:41;834.819;1
2017-10-05 20:39:50;782.518;1
2017-10-05 20:40:59;834.879;1
2017-10-05 20:42:08;834.734;1
2017-10-05 20:43:17;782.643;1
2017-10-05 20:44:26;834.65;1
2017-10-05 20:45:35;782.654;1
2017-10-05 20:46:44;834.795;1
2017-10-05 20:47:53;782.597;1
2017-10-05 20:49:02;782.665;1
2017-10-05 20:50:11;834.783;1
2017-10-05 20:51:20;782.518;1
2017-10-05 20:52:29;678.32;1
2017-10-05 20:53:38;678.222;1
2017-10-05 20:54:47;678.241;1
2017-10-05 20:55:56;730.445;1
2017-10-05 20:57:05;678.271;1
2017-10-05 20:58:14;730.361;1
2017-10-05 20:59:23;678.29;1
2017-10-05 21:00:32;678.241;1
2017-10-05 21:01:41;678.3;1
2017-10-05 21:02:50;730.392;1
2017-10-05 21:03:59;678.29;1
2017-10-05 21:05:08;730.488;1
2017-10-05 21:06:17;678.261;1
2017-10-05 21:07:26;730.414;1
2017-10-05 21:08:35;678.231;1
2017-10-05 21:09:44;678.222;1
2017-10-05 21:10:53;678.271;1
2017-10-05 21:12:02;678.29;1
2017-10-05 21:13:11;730.498;1
2017-10-05 21:14:20;678.153;1
2017-10-05 21:15:29;678.281;1
2017-10-05 21:16:38;730.488;1
2017-10-05 21:17:47;678.29;1
2017-10-05 21:18:56;730.329;1
2017-10-05 21:20:05;678.222;1
2017-10-05 21:21:14;730.467;1
2017-10-05 21:22:23;782.62;1
2017-10-05 21:23:32;730.445;1
2017-10-05 21:24:41;730.498;1
2017-10-05 21:25:50;730.424;1
2017-10-05 21:26:59;782.518;1
2017-10-05 21:28:08;730.477;1
2017-10-05 21:29:17;730.477;1
2017-10-05 21:30:26;782.541;1
2017-10-05 21:31:35;730.467;1
2017-10-05 21:32:44;730.403;1
2017-10-05 21:33:53;782.597;1
2017-10-05 21:35:02;730.467;1
2017-10-05 21:36:11;730.382;1
2017-10-05 21:37:20;730.424;1
2017-10-05 21:38:29;730.414;1
2017-10-05 21:39:38;730.509;1
2017-10-05 21:40:47;730.371;1
2017-10-05 21:41:56;782.677;1
2017-10-05 21:43:05;886.815;1
2017-10-05 21:44:14;887.072;1
2017-10-05 21:45:23;939.09;1
2017-10-05 21:46:32;834.819;1
2017-10-05 21:47:41;782.597;1
2017-10-05 21:48:50;834.795;1
2017-10-05 21:49:59;834.734;1
2017-10-05 21:51:08;782.631;1
2017-10-05 21:52:17;730.424;1
2017-10-05 21:53:26;730.445;1
2017-10-05 21:54:35;730.477;1
2017-10-05 21:55:44;730.329;1
2017-10-05 21:56:53;730.435;1
2017-10-05 21:58:02;730.403;1
2017-10-05 21:59:11;782.609;1
2017-10-05 22:00:20;834.867;1
2017-10-05 22:01:29;730.392;1
2017-10-05 22:02:38;730.562;1
2017-10-05 22:03:47;782.473;1
2017-10-05 22:04:56;626.114;1
2017-10-05 22:06:05;0;1
2017-10-05 22:07:14;0;1
2017-10-05 22:08:23;0;1
2017-10-05 22:09:32;0;1
2017-10-05 22:10:41;0;1
2017-10-05 22:11:50;0;1
2017-10-05 22:12:59;0;1
2017-10-05 22:14:08;0;1
2017-10-05 22:15:17;0;1
2017-10-05 22:16:26;0;1
2017-10-05 22:17:35;0;1
2017-10-05 22:18:44;0;1
2017-10-05 22:19:53;0;1
2017-10-05 22:21:02;0;1
2017-10-05 22:22:11;0;1
2017-10-05 22:23:20;0;1
2017-10-05 22:24:29;0;1
2017-10-05 22:25:38;0;1
2017-10-05 22:26:47;0;1
2017-10-05 22:27:56;0;1
2017-10-05 22:29:05;0;1
2017-10-05 22:30:14;0;1
2017-10-05 22:31:23;0;1
2017-10-05 22:32:32;0;1
2017-10-05 22:33:41;0;1
2017-10-05 22:34:50;0;1
2017-10-05 22:35:59;0;1
2017-10-05 22:37:08;0;1
2017-10-05 22:38:17;0;1
2017-10-05 22:39:26;0;1
2017-10-05 22:40:35;0;1
2017-10-05 22:41:44;0;1
2017-10-05 22:42:53;0;1
2017-10-05 22:44:02;0;1
2017-10-05 22:45:11;0;1
2017-10-05 22:46:20;0;1
2017-10-05 22:47:29;0;1
2017-10-05 22:48:38;0;1
2017-10-05 22:49:47;0;1
2017-10-05 22:50:56;0;1
2017-10-05 22:52:05;0;1
2017-10-05 22:53:14;0;1
2017-10-05 22:54:23;0;1
2017-10-05 22:55:32;0;1
2017-10-05 22:56:41;0;1
2017-10-05 22:57:50;0;1
2017-10-05 22:58:59;0;1
2017-10-05 23:00:08;0;1
2017-10-05 23:01:17;0;1
2017-10-05 23:02:26;0;1
2017-10-05 23:03:35;0;1
2017-10-05 23:04:44;0;1
2017-10-05 23:05:53;0;1
2017-10-05 23:07:02;0;1
2017-10-05 23:08:11;0;1
2017-10-05 23:09:20;0;1
2017-10-05 23:10:29;0;1
2017-10-05 23:11:38;0;1
2017-10-05 23:12:47;0;1
2017-10-05 23:13:56;0;1
2017-10-05 23:15:05;0;1
2017-10-05 23:16:14;0;1
2017-10-05 23:17:23;0;1
2017-10-05 23:18:32;0;1
2017-10-05 23:19:41;0;1
2017-10-05 23:20:50;0;1
2017-10-05 23:21:59;0;1
2017-10-05 23:23:08;0;1
2017-10-05 23:24:17;0;1
2017-10-05 23:25:26;0;1
2017-10-05 23:26:35;0;1
2017-10-05 23:27:44;0;1
2017-10-05 23:28:53;0;1
2017-10-05 23:30:02;0;1
2017-10-05 23:31:11;0;1
2017-10-05 23:32:20;0;1
2017-10-05 23:33:29;0;1
2017-10-05 23:34:38;0;1
2017-10-05 23:35:47;0;1
2017-10-05 23:36:56;0;1
2017-10-05 23:38:05;0;1
2017-10-05 23:39:14;0;1
2017-10-05 23:40:23;0;1
2017-10-05 23:41:32;0;1
2017-10-05 23:42:41;0;1
2017-10-05 23:43:50;0;1
2017-10-05 23:44:59;0;1
2017-10-05 23:46:08;0;1
2017-10-05 23:47:17;0;1
2017-10-05 23:48:26;0;1
2017-10-05 23:49:35;0;1
2017-10-05 23:50:44;0;1
2017-10-05 23:51:53;0;1
2017-10-05 23:53:02;0;1
2017-10-05 23:54:11;0;1
2017-10-05 23:55:20;0;1
2017-10-05 23:56:29;0;1
2017-10-05 23:57:38;0;1
2017-10-05 23:58:47;0;1
2017-10-05 23:59:56;0;1
2017-10-06 00:01:05;0;1
2017-10-06 00:02:14;0;1
2017-10-06 00:03:23;0;1
2017-10-06 00:04:32;0;1
2017-10-06 00:05:41;0;1
2017-10-06 00:06:50;0;1
2017-10-06 00:07:59;0;1
2017-10-06 00:09:08;0;1
2017-10-06 00:10:17;0;1
2017-10-06 00:11:26;0;1
2017-10-06 00:12:35;0;1
2017-10-06 00:13:44;0;1
2017-10-06 00:14:53;0;1
2017-10-06 00:16:02;0;1
2017-10-06 00:17:11;0;1
2017-10-06 00:18:20;0;1
2017-10-06 00:19:29;0;1
2017-10-06 00:20:38;0;1
2017-10-06 00:21:47;0;1
2017-10-06 00:22:56;0;1
2017-10-06 00:24:05;0;1
2017-10-06 00:25:14;0;1
2017-10-06 00:26:23;0;1
2017-10-06 00:27:32;0;1
2017-10-06 00:28:41;0;1
2017-10-06 00:29:50;0;1
2017-10-06 00:30:59;0;1
2017-10-06 00:32:08;0;1
2017-10-06 00:33:17;0;1
2017-10-06 00:34:26;0;1
2017-10-06 00:35:35;0;1
2017-10-06 00:36:44;0;1
2017-10-06 00:37:53;0;1
2017-10-06 00:39:02;0;1
2017-10-06 00:40:11;0;1
2017-10-06 00:41:20;0;1
2017-10-06 00:42:29;0;1
2017-10-06 00:43:38;0;1
2017-10-06 00:44:47;0;1
2017-10-06 00:45:56;0;1
2017-10-06 00:47:05;0;1
2017-10-06 00:48:14;0;1
2017-10-06 00:49:23;0;1
2017-10-06 00:50:32;0;1
2017-10-06 00:51:41;0;1
2017-10-06 00:52:50;0;1
2017-10-06 00:53:59;0;1
2017-10-06 00:55:08;0;1
2017-10-06 00:56:17;0;1
2017-10-06 00:57:26;0;1
2017-10-06 00:58:35;0;1
2017-10-06 00:59:44;0;1
2017-10-06 01:00:53;0;1
2017-10-06 01:02:02;0;1
2017-10-06 01:03:11;0;1
2017-10-06 01:04:20;0;1
2017-10-06 01:05:29;0;1
2017-10-06 01:06:38;0;1
2017-10-06 01:07:47;0;1
2017-10-06 01:08:56;0;1
2017-10-06 01:10:05;0;1
2017-10-06 01:11:14;0;1
2017-10-06 01:12:23;0;1
2017-10-06 01:13:32;0;1
2017-10-06 01:14:41;0;1
2017-10-06 01:15:50;0;1
2017-10-06 01:16:59;0;1
2017-10-06 01:18:08;0;1
2017-10-06 01:19:17;0;1
2017-10-06 01:20:26;0;1
2017-10-06 01:21:35;0;1
2017-10-06 01:22:44;0;1
2017-10-06 01:23:53;0;1
2017-10-06 01:25:02;0;1
2017-10-06 01:26:11;0;1
2017-10-06 01:27:20;0;1
2017-10-06 01:28:29;0;1
2017-10-06 01:29:38;0;1
2017-10-06 01:30:47;0;1
2017-10-06 01:31:56;0;1
2017-10-06 01:33:05;0;1
2017-10-06 01:34:14;0;1
2017-10-06 01:35:23;0;1
2017-10-06 01:36:32;0;1
2017-10-06 01:37:41;0;1
2017-10-06 01:38:50;0;1
2017-10-06 01:39:59;0;1
2017-10-06 01:41:08;0;1
2017-10-06 01:42:17;0;1
2017-10-06 01:43:26;0;1
2017-10-06 01:44:35;0;1
2017-10-06 01:45:44;0;1
2017-10-06 01:46:53;0;1
2017-10-06 01:48:02;0;1
2017-10-06 01:49:11;0;1
2017-10-06 01:50:20;0;1
2017-10-06 01:51:29;0;1
2017-10-06 01:52:38;0;1
2017-10-06 01:53:47;0;1
2017-10-06 01:54:56;0;1
2017-10-06 01:56:05;0;1
2017-10-06 01:57:14;0;1
2017-10-06 01:58:23;0;1
2017-10-06 01:59:32;0;1
2017-10-06 02:00:41;0;1
2017-10-06 02:01:50;0;1
2017-10-06 02:02:59;0;1
2017-10-06 02:04:08;0;1
2017-10-06 02:05:17;0;1
2017-10-06 02:06:26;0;1
2017-10-06 02:07:35;0;1
2017-10-06 02:08:44;0;1
2017-10-06 02:09:53;0;1
2017-10-06 02:11:02;0;1
2017-10-06 02:12:11;0;1
2017-10-06 02:13:19;0;1
2017-10-06 02:14:28;0;1
2017-10-06 02:15:37;0;1
2017-10-06 02:16:46;0;1
2017-10-06 02:17:55;0;1
2017-10-06 02:19:04;0;1
2017-10-06 02:20:13;0;1
2017-10-06 02:21:22;0;1
2017-10-06 02:22:31;0;1
2017-10-06 02:23:40;0;1
2017-10-06 02:24:49;0;1
2017-10-06 02:25:58;0;1
2017-10-06 02:27:07;0;1
2017-10-06 02:28:16;0;1
2017-10-06 02:29:25;0;1
2017-10-06 02:30:34;0;1
2017-10-06 02:31:43;0;1
2017-10-06 02:32:52;0;1
2017-10-06 02:34:01;0;1
2017-10-06 02:35:10;0;1
2017-10-06 02:36:19;0;1
2017-10-06 02:37:28;0;1
2017-10-06 02:38:37;0;1
2017-10-06 02:39:46;0;1
2017-10-06 02:40:55;0;1
2017-10-06 02:42:04;0;1
2017-10-06 02:43:13;0;1
2017-10-06 02:44:22;0;1
2017-10-06 02:45:31;0;1
2017-10-06 02:46:40;0;1
2017-10-06 02:47:49;0;1
2017-10-06 02:48:58;0;1
2017-10-06 02:50:07;0;1
2017-10-06 02:51:16;0;1
2017-10-06 02:52:25;0;1
2017-10-06 02:53:34;0;1
2017-10-06 02:54:43;0;1
2017-10-06 02:55:52;0;1
2017-10-06 02:57:01;0;1
2017-10-06 02:58:10;0;1
2017-10-06 02:59:19;0;1
2017-10-06 03:00:28;0;1
2017-10-06 03:01:37;0;1
2017-10-06 03:02:46;0;1
2017-10-06 03:03:55;0;1
2017-10-06 03:05:04;0;1
2017-10-06 03:06:13;0;1
2017-10-06 03:07:22;0;1
2017-10-06 03:08:31;0;1
2017-10-06 03:09:40;0;1
2017-10-06 03:10:49;0;1
2017-10-06 03:11:58;0;1
2017-10-06 03:13:07;0;1
2017-10-06 03:14:16;0;1
2017-10-06 03:15:25;0;1
2017-10-06 03:16:34;0;1
2017-10-06 03:17:43;0;1
2017-10-06 03:18:52;0;1
2017-10-06 03:20:01;0;1
2017-10-06 03:21:10;0;1
2017-10-06 03:22:19;0;1
2017-10-06 03:23:28;0;1
2017-10-06 03:24:37;0;1
2017-10-06 03:25:46;0;1
2017-10-06 03:26:55;0;1
2017-10-06 03:28:04;0;1
2017-10-06 03:29:13;0;1
2017-10-06 03:30:22;0;1
2017-10-06 03:31:31;0;1
2017-10-06 03:32:40;0;1
2017-10-06 03:33:49;0;1
2017-10-06 03:34:58;0;1
2017-10-06 03:36:07;0;1
2017-10-06 03:37:16;0;1
2017-10-06 03:38:25;0;1
2017-10-06 03:39:34;0;1
2017-10-06 03:40:43;0;1
2017-10-06 03:41:52;0;1
2017-10-06 03:43:01;0;1
2017-10-06 03:44:10;0;1
2017-10-06 03:45:19;0;1
2017-10-06 03:46:28;0;1
2017-10-06 03:47:37;0;1
2017-10-06 03:48:46;0;1
2017-10-06 03:49:55;0;1
2017-10-06 03:51:04;0;1
2017-10-06 03:52:13;0;1
2017-10-06 03:53:22;0;1
2017-10-06 03:54:31;0;1
2017-10-06 03:55:40;0;1
2017-10-06 03:56:49;0;1
2017-10-06 03:57:58;0;1
2017-10-06 03:59:07;0;1
2017-10-06 04:00:16;0;1
2017-10-06 04:01:25;0;1
2017-10-06 04:02:34;0;1
2017-10-06 04:03:43;0;1
2017-10-06 04:04:52;0;1
2017-10-06 04:07:20;0;1
2017-10-06 04:08:36;0;1
2017-10-06 04:09:45;0;1
2017-10-06 04:10:54;0;1
2017-10-06 04:12:03;0;1
2017-10-06 04:13:12;0;1
2017-10-06 04:14:21;0;1
2017-10-06 04:15:30;0;1
2017-10-06 04:16:39;0;1
2017-10-06 04:17:48;0;1
2017-10-06 04:18:57;0;1
2017-10-06 04:20:06;0;1
2017-10-06 04:21:15;0;1
2017-10-06 04:22:24;0;1
2017-10-06 04:23:33;0;1
2017-10-06 04:24:42;0;1
2017-10-06 04:25:51;0;1
2017-10-06 04:27:00;0;1
2017-10-06 04:28:09;0;1
2017-10-06 04:29:18;0;1
2017-10-06 04:30:27;0;1
2017-10-06 04:31:36;0;1
2017-10-06 04:32:45;0;1
2017-10-06 04:33:54;0;1
2017-10-06 04:35:03;0;1
2017-10-06 04:36:12;0;1
2017-10-06 04:37:21;0;1
2017-10-06 04:38:30;0;1
2017-10-06 04:39:39;0;1
2017-10-06 04:40:48;0;1
2017-10-06 04:41:57;0;1
2017-10-06 04:43:06;0;1
2017-10-06 04:44:15;0;1
2017-10-06 04:45:24;0;1
2017-10-06 04:46:33;0;1
2017-10-06 04:47:42;0;1
2017-10-06 04:48:51;0;1
2017-10-06 04:50:00;0;1
2017-10-06 04:51:09;0;1
2017-10-06 04:52:18;0;1
2017-10-06 04:53:27;0;1
2017-10-06 04:54:36;0;1
2017-10-06 04:55:45;0;1
2017-10-06 04:56:54;0;1
2017-10-06 04:58:03;0;1
2017-10-06 04:59:12;0;1
2017-10-06 05:00:21;0;1
2017-10-06 05:01:30;0;1
2017-10-06 05:02:39;0;1
2017-10-06 05:03:48;0;1
2017-10-06 05:04:57;0;1
2017-10-06 05:06:06;0;1
2017-10-06 05:07:15;0;1
2017-10-06 05:08:24;0;1
2017-10-06 05:09:33;0;1
2017-10-06 05:10:42;0;1
2017-10-06 05:11:51;0;1
2017-10-06 05:13:00;0;1
2017-10-06 05:14:09;0;1
2017-10-06 05:15:18;0;1
2017-10-06 05:16:27;0;1
2017-10-06 05:17:36;0;1
2017-10-06 05:18:45;0;1
2017-10-06 05:19:54;0;1
2017-10-06 05:21:03;0;1
2017-10-06 05:22:12;0;1
2017-10-06 05:23:21;0;1
2017-10-06 05:24:30;0;1
2017-10-06 05:25:39;0;1
2017-10-06 05:26:48;0;1
2017-10-06 05:27:57;0;1
2017-10-06 05:29:06;0;1
2017-10-06 05:30:15;0;1
2017-10-06 05:31:24;0;1
2017-10-06 05:32:33;0;1
2017-10-06 05:33:42;0;1
2017-10-06 05:34:51;0;1
2017-10-06 05:36:00;0;1
2017-10-06 05:37:09;0;1
2017-10-06 05:38:18;0;1
2017-10-06 05:39:27;0;1
2017-10-06 05:40:36;0;1
2017-10-06 05:41:45;0;1
2017-10-06 05:42:54;0;1
2017-10-06 05:44:03;0;1
2017-10-06 05:45:12;0;1
2017-10-06 05:46:21;0;1
2017-10-06 05:47:30;0;1
2017-10-06 05:48:39;0;1
2017-10-06 05:49:48;0;1
2017-10-06 05:50:57;0;1
2017-10-06 05:52:06;0;1
2017-10-06 05:53:15;0;1
2017-10-06 05:54:24;0;1
2017-10-06 05:55:33;0;1
2017-10-06 05:56:42;0;1
2017-10-06 05:57:51;0;1
2017-10-06 05:59:00;0;1
2017-10-06 06:00:09;0;1
2017-10-06 06:01:18;0;1
2017-10-06 06:02:27;0;1
2017-10-06 06:03:36;0;1
2017-10-06 06:04:45;0;1
2017-10-06 06:05:54;1199.861;1
2017-10-06 06:07:03;1200.052;1
2017-10-06 06:08:12;1200.07;1
2017-10-06 06:09:21;1199.791;1
2017-10-06 06:10:30;1147.959;1
2017-10-06 06:11:39;1617.415;1
2017-10-06 06:12:48;1356.404;1
2017-10-06 06:13:57;834.867;1
2017-10-06 06:15:06;834.843;1
2017-10-06 06:16:15;886.841;1
2017-10-06 06:17:24;887.008;1
2017-10-06 06:18:33;1043.418;1
2017-10-06 06:19:42;1095.684;1
2017-10-06 06:20:51;1147.876;1
2017-10-06 06:22:00;1147.643;1
2017-10-06 06:23:09;1095.763;1
2017-10-06 06:24:18;1043.448;1
2017-10-06 06:25:27;1043.569;1
2017-10-06 06:26:36;1147.643;1
2017-10-06 06:27:45;1147.876;1
2017-10-06 06:28:54;1095.795;1
2017-10-06 06:30:03;1147.643;1
2017-10-06 06:31:12;1147.859;1
2017-10-06 06:32:21;1147.909;1
2017-10-06 06:33:30;1147.71;1
2017-10-06 06:34:39;1200.122;1
2017-10-06 06:35:48;1147.859;1
2017-10-06 06:36:57;1930.211;1
2017-10-06 06:38:06;1617.438;1
2017-10-06 06:39:15;1147.776;1
2017-10-06 06:40:24;1147.809;1
2017-10-06 06:41:33;1147.843;1
2017-10-06 06:42:42;1095.747;1
2017-10-06 06:43:51;1252.156;1
2017-10-06 06:45:00;1304.367;1
2017-10-06 06:46:09;1252.228;1
2017-10-06 06:47:18;1199.791;1
2017-10-06 06:48:27;1147.943;1
2017-10-06 06:49:36;1147.71;1
2017-10-06 06:50:45;1095.7;1
2017-10-06 06:51:54;1147.809;1
2017-10-06 06:53:03;1147.976;1
2017-10-06 06:54:12;1095.668;1
2017-10-06 06:55:21;1095.557;1
2017-10-06 06:56:30;1043.448;1
2017-10-06 06:57:39;1147.826;1
2017-10-06 06:58:48;1513.022;1
2017-10-06 06:59:57;2086.987;1
2017-10-06 07:01:06;1513.219;1
2017-10-06 07:02:15;1252.192;1
2017-10-06 07:03:24;1304.291;1
2017-10-06 07:04:33;1304.461;1
2017-10-06 07:05:42;1252.119;1
2017-10-06 07:06:51;1304.518;1
2017-10-06 07:08:00;1304.272;1
2017-10-06 07:09:09;1252.138;1
2017-10-06 07:10:18;1565.104;1
2017-10-06 07:11:27;1826.06;1
2017-10-06 07:12:36;1513;1
2017-10-06 07:13:45;1565.331;1
2017-10-06 07:14:54;1460.721;1
2017-10-06 07:16:03;1460.975;1
2017-10-06 07:17:12;1408.716;1
2017-10-06 07:18:21;1460.912;1
2017-10-06 07:19:30;1460.891;1
2017-10-06 07:20:39;1512.868;1
2017-10-06 07:21:48;1460.912;1
2017-10-06 07:22:57;1408.614;1
2017-10-06 07:24:06;1460.933;1
2017-10-06 07:25:15;1408.736;1
2017-10-06 07:26:24;1460.891;1
2017-10-06 07:27:33;1512.978;1
2017-10-06 07:28:42;1513.065;1
2017-10-06 07:29:51;1512.956;1
2017-10-06 07:31:00;1460.933;1
2017-10-06 07:32:09;1460.975;1
2017-10-06 07:33:18;1408.492;1
2017-10-06 07:34:27;1408.716;1
2017-10-06 07:35:36;1408.757;1
2017-10-06 07:36:45;1930.463;1
2017-10-06 07:37:54;1669.444;1
2017-10-06 07:39:03;2191.495;1
2017-10-06 07:40:12;1356.522;1
2017-10-06 07:41:21;1408.512;1
2017-10-06 07:42:30;1356.561;1
2017-10-06 07:43:39;1408.696;1
2017-10-06 07:44:48;1408.798;1
2017-10-06 07:45:57;1356.384;1
2017-10-06 07:47:06;1356.522;1
2017-10-06 07:48:15;1408.798;1
2017-10-06 07:49:24;1408.675;1
2017-10-06 07:50:33;1356.482;1
2017-10-06 07:51:42;2034.871;1
2017-10-06 07:52:51;1252.119;1
2017-10-06 07:54:00;1252.228;1
2017-10-06 07:55:09;1199.878;1
2017-10-06 07:56:18;1200.017;1
2017-10-06 07:57:27;1304.461;1
2017-10-06 07:58:36;1252.029;1
2017-10-06 07:59:45;1252.119;1
2017-10-06 08:00:54;1200.052;1
2017-10-06 08:02:03;1200.035;1
2017-10-06 08:03:12;1147.826;1
2017-10-06 08:04:21;1199.913;1
2017-10-06 08:05:30;1095.652;1
2017-10-06 08:06:39;1304.348;1
2017-10-06 08:07:48;1617.462;1
2017-10-06 08:08:57;991.233;1
2017-10-06 08:10:06;991.419;1
2017-10-06 08:11:15;1356.522;1
2017-10-06 08:12:24;1304.31;1
2017-10-06 08:13:33;1147.793;1
2017-10-06 08:14:42;1147.776;1
2017-10-06 08:15:51;1147.926;1
2017-10-06 08:17:00;1356.6;1
2017-10-06 08:18:09;1982.264;1
2017-10-06 08:19:18;1147.793;1
2017-10-06 08:20:27;1043.509;1
2017-10-06 08:21:36;939.117;1
2017-10-06 08:22:45;834.758;1
2017-10-06 08:23:54;678.32;1
2017-10-06 08:25:03;730.392;1
2017-10-06 08:26:12;678.261;1
2017-10-06 08:27:21;730.392;1
2017-10-06 08:28:30;730.424;1
2017-10-06 08:29:39;782.609;1
2017-10-06 08:30:48;886.995;1
2017-10-06 08:31:57;834.807;1
2017-10-06 08:33:06;887.072;1
2017-10-06 08:34:15;1408.532;1
2017-10-06 08:35:24;939.185;1
2017-10-06 08:36:33;1095.589;1
2017-10-06 08:37:42;886.918;1
2017-10-06 08:38:51;991.29;1
2017-10-06 08:40:00;104.346;1
2017-10-06 08:41:09;52.177;1
2017-10-06 08:42:18;0;1
2017-10-06 08:43:27;0;1
2017-10-06 08:44:36;0;1
2017-10-06 08:45:45;0;1
2017-10-06 08:46:54;0;1
2017-10-06 08:48:03;0;1
2017-10-06 08:49:12;104.343;1
2017-10-06 08:50:21;365.217;1
2017-10-06 08:51:30;0;1
2017-10-06 08:52:39;365.239;1
2017-10-06 08:53:48;0;1
2017-10-06 08:54:57;521.392;1
2017-10-06 08:56:06;521.754;1
2017-10-06 08:57:15;0;1
2017-10-06 08:58:24;0;1
2017-10-06 08:59:33;0;1
2017-10-06 09:00:42;0;1
2017-10-06 09:01:51;52.173;1
2017-10-06 09:03:00;0;1
2017-10-06 09:04:09;52.175;1
2017-10-06 09:05:18;886.931;1
2017-10-06 09:06:27;886.969;1
2017-10-06 09:07:36;991.247;1
2017-10-06 09:08:45;886.957;1
2017-10-06 09:09:54;730.477;1
2017-10-06 09:11:03;417.391;1
2017-10-06 09:12:12;417.355;1
2017-10-06 09:13:21;521.762;1
2017-10-06 09:14:30;626.078;1
2017-10-06 09:15:39;782.552;1
2017-10-06 09:16:48;834.783;1
2017-10-06 09:17:57;887.021;1
2017-10-06 09:19:06;1147.71;1
2017-10-06 09:20:15;939.158;1
2017-10-06 09:21:24;208.708;1
2017-10-06 09:22:33;0;1
2017-10-06 09:23:42;417.422;1
2017-10-06 09:24:51;0;1
2017-10-06 09:26:00;0;1
2017-10-06 09:27:09;0;1
2017-10-06 09:28:18;0;1
2017-10-06 09:29:27;0;1
2017-10-06 09:30:36;104.351;1
2017-10-06 09:31:45;104.345;1
2017-10-06 09:32:54;0;1
2017-10-06 09:34:03;0;1
2017-10-06 09:35:12;0;1
2017-10-06 09:36:21;0;1
2017-10-06 09:37:30;0;1
2017-10-06 09:38:39;0;1
2017-10-06 09:39:48;52.17;1
2017-10-06 09:40:57;0;1
2017-10-06 09:42:06;0;1
2017-10-06 09:43:15;0;1
2017-10-06 09:44:24;0;1
2017-10-06 09:45:33;0;1
2017-10-06 09:46:42;0;1
2017-10-06 09:47:51;0;1
2017-10-06 09:49:00;0;1
2017-10-06 09:50:09;0;1
2017-10-06 09:51:18;0;1
2017-10-06 09:52:27;0;1
2017-10-06 09:53:36;0;1
2017-10-06 09:54:45;0;1
2017-10-06 09:55:54;0;1
2017-10-06 09:57:03;0;1
2017-10-06 09:58:12;469.592;1
2017-10-06 09:59:21;0;1
2017-10-06 10:00:30;0;1
2017-10-06 10:01:39;0;1
2017-10-06 10:02:48;0;1
2017-10-06 10:03:57;0;1
2017-10-06 10:05:06;0;1
2017-10-06 10:06:15;0;1
2017-10-06 10:07:24;0;1
2017-10-06 10:08:33;0;1
2017-10-06 10:09:42;0;1
2017-10-06 10:10:51;0;1
2017-10-06 10:12:00;0;1
2017-10-06 10:13:09;0;1
2017-10-06 10:14:18;0;1
2017-10-06 10:15:27;0;1
2017-10-06 10:16:36;0;1
2017-10-06 10:17:45;0;1
2017-10-06 10:18:54;0;1
2017-10-06 10:20:03;0;1
2017-10-06 10:21:12;0;1
2017-10-06 10:22:21;0;1
2017-10-06 10:23:30;0;1
2017-10-06 10:24:39;0;1
2017-10-06 10:25:48;0;1
2017-10-06 10:26:57;0;1
2017-10-06 10:28:06;0;1
2017-10-06 10:29:15;0;1
2017-10-06 10:30:24;0;1
2017-10-06 10:31:33;0;1
2017-10-06 10:32:42;0;1
2017-10-06 10:33:51;0;1
2017-10-06 10:35:00;0;1
2017-10-06 10:36:09;0;1
2017-10-06 10:37:18;0;1
2017-10-06 10:38:27;0;1
2017-10-06 10:39:36;0;1
2017-10-06 10:40:45;0;1
2017-10-06 10:41:54;0;1
2017-10-06 10:43:03;0;1
2017-10-06 10:44:12;0;1
2017-10-06 10:45:21;0;1
2017-10-06 10:46:30;0;1
2017-10-06 10:47:39;0;1
2017-10-06 10:48:48;0;1
2017-10-06 10:49:57;0;1
2017-10-06 10:51:06;0;1
2017-10-06 10:52:15;0;1
2017-10-06 10:53:24;0;1
2017-10-06 10:54:33;0;1
2017-10-06 10:55:42;0;1
2017-10-06 10:56:51;0;1
2017-10-06 10:58:00;0;1
2017-10-06 10:59:09;0;1
2017-10-06 11:00:18;0;1
2017-10-06 11:01:27;0;1
2017-10-06 11:02:36;0;1
2017-10-06 11:03:45;0;1
2017-10-06 11:04:54;0;1
2017-10-06 11:06:03;0;1
2017-10-06 11:07:12;0;1
2017-10-06 11:08:21;0;1
2017-10-06 11:09:30;0;1
2017-10-06 11:10:39;0;1
2017-10-06 11:11:48;0;1
2017-10-06 11:12:57;0;1
2017-10-06 11:14:06;0;1
2017-10-06 11:15:15;0;1
2017-10-06 11:16:24;0;1
2017-10-06 11:17:33;0;1
2017-10-06 11:18:42;0;1
2017-10-06 11:19:51;0;1
2017-10-06 11:21:00;0;1
2017-10-06 11:22:09;0;1
2017-10-06 11:23:18;0;1
2017-10-06 11:24:27;0;1
2017-10-06 11:25:36;0;1
2017-10-06 11:26:45;0;1
2017-10-06 11:27:54;0;1
2017-10-06 11:29:03;0;1
2017-10-06 11:30:12;52.172;1
2017-10-06 11:31:21;0;1
2017-10-06 11:32:30;0;1
2017-10-06 11:33:39;0;1
2017-10-06 11:34:48;0;1
2017-10-06 11:35:57;0;1
2017-10-06 11:37:06;0;1
2017-10-06 11:38:15;104.352;1
2017-10-06 11:39:24;0;1
2017-10-06 11:40:33;0;1
2017-10-06 11:41:42;260.881;1
2017-10-06 11:42:51;0;1
2017-10-06 11:44:00;0;1
2017-10-06 11:45:09;0;1
2017-10-06 11:46:18;0;1
2017-10-06 11:47:27;52.175;1
2017-10-06 11:48:36;156.524;1
2017-10-06 11:49:45;208.711;1
2017-10-06 11:50:54;313.08;1
2017-10-06 11:52:03;417.428;1
2017-10-06 11:53:12;521.785;1
2017-10-06 11:54:21;573.938;1
2017-10-06 11:55:30;573.996;1
2017-10-06 11:56:39;573.955;1
2017-10-06 11:57:48;574.005;1
2017-10-06 11:58:57;573.98;1
2017-10-06 12:00:06;678.29;1
2017-10-06 12:01:15;887.047;1
2017-10-06 12:02:24;1408.798;1
2017-10-06 12:03:33;1304.499;1
2017-10-06 12:04:42;1095.763;1
2017-10-06 12:05:51;3808.861;1
2017-10-06 12:07:00;4017.857;1
2017-10-06 12:08:09;3809.027;1
2017-10-06 12:09:18;4122.217;1
2017-10-06 12:10:27;3704.402;1
2017-10-06 12:11:36;3652.544;1
2017-10-06 12:12:45;3861.317;1
2017-10-06 12:13:54;3860.702;1
2017-10-06 12:15:03;3808.916;1
2017-10-06 12:16:12;3600.104;1
2017-10-06 12:17:21;3443.728;1
2017-10-06 12:18:30;3339.324;1
2017-10-06 12:19:39;3287.004;1
2017-10-06 12:20:48;3078.439;1
2017-10-06 12:21:57;2921.951;1
2017-10-06 12:23:06;2869.856;1
2017-10-06 12:24:15;2765.538;1
2017-10-06 12:25:24;2765.378;1
2017-10-06 12:26:33;2817.636;1
2017-10-06 12:27:42;573.955;1
2017-10-06 12:28:51;104.348;1
2017-10-06 12:30:00;2713.24;1
2017-10-06 12:31:09;2713.515;1
2017-10-06 12:32:18;2765.538;1
2017-10-06 12:33:27;2713.358;1
2017-10-06 12:34:36;2713.083;1
2017-10-06 12:35:45;2556.522;1
2017-10-06 12:36:54;156.533;1
2017-10-06 12:38:03;469.613;1
2017-10-06 12:39:12;2608.771;1
2017-10-06 12:40:21;104.361;1
2017-10-06 12:41:30;0;1
2017-10-06 12:42:39;0;1
2017-10-06 12:43:48;887.059;1
2017-10-06 12:44:57;2348.098;1
2017-10-06 12:46:06;2295.852;1
2017-10-06 12:47:15;365.233;1
2017-10-06 12:48:24;0;1
2017-10-06 12:49:33;52.177;1
2017-10-06 12:50:42;0;1
2017-10-06 12:51:51;0;1
2017-10-06 12:53:00;0;1
2017-10-06 12:54:09;104.363;1
2017-10-06 12:55:18;0;1
2017-10-06 12:56:27;0;1
2017-10-06 12:57:36;0;1
2017-10-06 12:58:45;0;1
2017-10-06 12:59:54;0;1
2017-10-06 13:01:03;0;1
2017-10-06 13:02:12;0;1
2017-10-06 13:03:21;0;1
2017-10-06 13:04:30;0;1
2017-10-06 13:05:39;0;1
2017-10-06 13:06:48;0;1
2017-10-06 13:07:57;0;1
2017-10-06 13:09:06;0;1
2017-10-06 13:10:15;0;1
2017-10-06 13:11:24;0;1
2017-10-06 13:12:33;52.182;1
2017-10-06 13:13:42;52.18;1
2017-10-06 13:14:51;1930.603;1
2017-10-06 13:16:00;2869.274;1
2017-10-06 13:17:09;3234.642;1
2017-10-06 13:18:18;1147.859;1
2017-10-06 13:19:27;521.739;1
2017-10-06 13:20:36;573.905;1
2017-10-06 13:21:45;573.946;1
2017-10-06 13:22:54;626.114;1
2017-10-06 13:24:03;626.096;1
2017-10-06 13:25:12;260.862;1
2017-10-06 13:26:21;156.517;1
2017-10-06 13:27:30;260.888;1
2017-10-06 13:28:39;208.674;1
2017-10-06 13:29:48;313.071;1
2017-10-06 13:30:57;156.549;1
2017-10-06 13:32:06;417.434;1
2017-10-06 13:33:15;1252.319;1
2017-10-06 13:34:24;208.708;1
2017-10-06 13:35:33;0;1
2017-10-06 13:36:42;0;1
2017-10-06 13:37:51;0;1
2017-10-06 13:39:00;0;1
2017-10-06 13:40:09;0;1
2017-10-06 13:41:18;0;1
2017-10-06 13:42:27;0;1
2017-10-06 13:43:36;0;1
2017-10-06 13:44:45;0;1
2017-10-06 13:45:54;0;1
2017-10-06 13:47:03;0;1
2017-10-06 13:48:12;0;1
2017-10-06 13:49:21;0;1
2017-10-06 13:50:30;0;1
2017-10-06 13:51:39;0;1
2017-10-06 13:52:48;0;1
2017-10-06 13:53:57;0;1
2017-10-06 13:55:06;0;1
2017-10-06 13:56:15;0;1
2017-10-06 13:57:24;0;1
2017-10-06 13:58:33;0;1
2017-10-06 13:59:42;313.053;1
2017-10-06 14:00:51;730.361;1
2017-10-06 14:02:00;1774.042;1
2017-10-06 14:03:09;2347.792;1
2017-10-06 14:04:18;2399.757;1
2017-10-06 14:05:27;2347.826;1
2017-10-06 14:06:36;2295.685;1
2017-10-06 14:07:45;2556.485;1
2017-10-06 14:08:54;1878.234;1
2017-10-06 14:10:03;1565.422;1
2017-10-06 14:11:12;834.746;1
2017-10-06 14:12:21;104.351;1
2017-10-06 14:13:30;0;1
2017-10-06 14:14:39;0;1
2017-10-06 14:15:48;52.171;1
2017-10-06 14:16:57;678.271;1
2017-10-06 14:18:06;573.971;1
2017-10-06 14:19:15;417.343;1
2017-10-06 14:20:24;260.885;1
2017-10-06 14:21:33;104.357;1
2017-10-06 14:22:42;0;1
2017-10-06 14:23:51;0;1
2017-10-06 14:25:00;0;1
2017-10-06 14:26:09;0;1
2017-10-06 14:27:18;0;1
2017-10-06 14:28:27;0;1
2017-10-06 14:29:36;0;1
2017-10-06 14:30:45;0;1
2017-10-06 14:31:54;0;1
2017-10-06 14:33:03;104.345;1
2017-10-06 14:34:12;208.735;1
2017-10-06 14:35:21;156.531;1
2017-10-06 14:36:30;0;1
2017-10-06 14:37:39;0;1
2017-10-06 14:38:48;0;1
2017-10-06 14:39:57;0;1
2017-10-06 14:41:06;0;1
2017-10-06 14:42:15;0;1
2017-10-06 14:43:24;0;1
2017-10-06 14:44:33;0;1
2017-10-06 14:45:42;0;1
2017-10-06 14:46:50;0;1
2017-10-06 14:47:59;0;1
2017-10-06 14:49:08;0;1
2017-10-06 14:50:17;0;1
2017-10-06 14:51:26;0;1
2017-10-06 14:52:35;0;1
2017-10-06 14:53:44;1408.941;1
2017-10-06 14:54:53;1513.109;1
2017-10-06 14:56:02;1408.736;1
2017-10-06 14:57:11;260.904;1
2017-10-06 14:58:20;0;1
2017-10-06 14:59:29;0;1
2017-10-06 15:00:38;1043.509;1
2017-10-06 15:01:47;1721.789;1
2017-10-06 15:02:56;1721.889;1
2017-10-06 15:04:05;1826.193;1
2017-10-06 15:05:14;1982.781;1
2017-10-06 15:06:23;2087.017;1
2017-10-06 15:07:32;1721.914;1
2017-10-06 15:08:41;2087.229;1
2017-10-06 15:09:50;2399.93;1
2017-10-06 15:10:59;2191.336;1
2017-10-06 15:12:08;2556.707;1
2017-10-06 15:13:17;2191.527;1
2017-10-06 15:14:26;0;1
2017-10-06 15:15:35;678.3;1
2017-10-06 15:16:44;626.114;1
2017-10-06 15:17:53;469.592;1
2017-10-06 15:19:02;313.034;1
2017-10-06 15:20:11;104.349;1
2017-10-06 15:21:20;0;1
2017-10-06 15:22:29;52.181;1
2017-10-06 15:23:38;0;1
2017-10-06 15:24:47;52.178;1
2017-10-06 15:25:56;0;1
2017-10-06 15:27:05;0;1
2017-10-06 15:28:14;0;1
2017-10-06 15:29:23;0;1
2017-10-06 15:30:32;0;1
2017-10-06 15:31:41;0;1
2017-10-06 15:32:50;0;1
2017-10-06 15:33:59;0;1
2017-10-06 15:35:08;0;1
2017-10-06 15:36:17;0;1
2017-10-06 15:37:26;1721.939;1
2017-10-06 15:38:35;260.885;1
2017-10-06 15:39:44;0;1
2017-10-06 15:40:53;0;1
2017-10-06 15:42:02;0;1
2017-10-06 15:43:11;0;1
2017-10-06 15:44:20;0;1
2017-10-06 15:45:29;0;1
2017-10-06 15:46:38;0;1
2017-10-06 15:47:47;0;1
2017-10-06 15:48:56;104.36;1
2017-10-06 15:50:05;260.877;1
2017-10-06 15:51:14;0;1
2017-10-06 15:52:23;0;1
2017-10-06 15:53:32;0;1
2017-10-06 15:54:41;0;1
2017-10-06 15:55:50;0;1
2017-10-06 15:56:59;104.364;1
2017-10-06 15:58:08;208.708;1
2017-10-06 15:59:17;365.175;1
2017-10-06 16:00:26;417.397;1
2017-10-06 16:01:35;939.13;1
2017-10-06 16:02:44;991.261;1
2017-10-06 16:03:53;521.648;1
2017-10-06 16:05:02;521.732;1
2017-10-06 16:06:11;417.422;1
2017-10-06 16:07:20;260.888;1
2017-10-06 16:08:29;52.17;1
2017-10-06 16:09:38;0;1
2017-10-06 16:10:47;0;1
2017-10-06 16:11:56;0;1
2017-10-06 16:13:05;0;1
2017-10-06 16:14:14;0;1
2017-10-06 16:15:23;0;1
2017-10-06 16:16:32;0;1
2017-10-06 16:17:41;0;1
2017-10-06 16:18:50;0;1
2017-10-06 16:19:59;0;1
2017-10-06 16:21:08;0;1
2017-10-06 16:22:17;0;1
2017-10-06 16:23:26;0;1
2017-10-06 16:24:35;156.506;1
2017-10-06 16:25:44;156.538;1
2017-10-06 16:26:53;208.696;1
2017-10-06 16:28:02;156.54;1
2017-10-06 16:29:11;52.178;1
2017-10-06 16:30:20;0;1
2017-10-06 16:31:29;0;1
2017-10-06 16:32:38;0;1
2017-10-06 16:33:47;0;1
2017-10-06 16:34:56;0;1
2017-10-06 16:36:05;0;1
2017-10-06 16:37:14;0;1
2017-10-06 16:38:23;0;1
2017-10-06 16:39:32;0;1
2017-10-06 16:40:41;0;1
2017-10-06 16:41:50;0;1
2017-10-06 16:42:59;0;1
2017-10-06 16:44:08;0;1
2017-10-06 16:45:17;0;1
2017-10-06 16:46:26;0;1
2017-10-06 16:47:35;0;1
2017-10-06 16:48:44;0;1
2017-10-06 16:49:53;0;1
2017-10-06 16:51:02;52.174;1
2017-10-06 16:52:11;0;1
2017-10-06 16:53:20;52.172;1
2017-10-06 16:54:29;52.171;1
2017-10-06 16:55:38;156.531;1
2017-10-06 16:56:47;156.522;1
2017-10-06 16:57:56;208.702;1
2017-10-06 16:59:05;208.678;1
2017-10-06 17:00:14;208.702;1
2017-10-06 17:01:23;365.233;1
2017-10-06 17:02:32;313.057;1
2017-10-06 17:03:41;260.836;1
2017-10-06 17:04:50;52.172;1
2017-10-06 17:05:59;52.175;1
2017-10-06 17:07:08;0;1
2017-10-06 17:08:17;0;1
2017-10-06 17:09:26;0;1
2017-10-06 17:10:35;0;1
2017-10-06 17:11:44;0;1
2017-10-06 17:12:53;0;1
2017-10-06 17:14:02;52.175;1
2017-10-06 17:15:11;52.171;1
2017-10-06 17:16:20;52.169;1
2017-10-06 17:17:29;0;1
2017-10-06 17:18:38;0;1
2017-10-06 17:19:47;0;1
2017-10-06 17:20:56;0;1
2017-10-06 17:22:05;208.681;1
2017-10-06 17:23:14;365.202;1
2017-10-06 17:24:23;469.558;1
2017-10-06 17:25:32;573.938;1
2017-10-06 17:26:41;626.096;1
2017-10-06 17:27:50;730.498;1
2017-10-06 17:28:59;834.71;1
2017-10-06 17:30:08;886.931;1
2017-10-06 17:31:17;939.158;1
2017-10-06 17:32:26;939.144;1
2017-10-06 17:33:35;991.276;1
2017-10-06 17:34:44;991.247;1
2017-10-06 17:35:53;991.29;1
2017-10-06 17:37:02;939.158;1
2017-10-06 17:38:11;991.276;1
2017-10-06 17:39:20;939.185;1
2017-10-06 17:40:29;939.103;1
2017-10-06 17:41:38;939.13;1
2017-10-06 17:42:47;939.13;1
2017-10-06 17:43:56;939.117;1
2017-10-06 17:45:05;939.158;1
2017-10-06 17:46:14;939.035;1
2017-10-06 17:47:23;887.111;1
2017-10-06 17:48:32;886.841;1
2017-10-06 17:49:41;834.771;1
2017-10-06 17:50:50;834.807;1
2017-10-06 17:51:59;782.62;1
2017-10-06 17:53:08;834.722;1
2017-10-06 17:54:17;782.586;1
2017-10-06 17:55:26;782.609;1
2017-10-06 17:56:35;678.271;1
2017-10-06 17:57:44;626.132;1
2017-10-06 17:58:53;678.29;1
2017-10-06 18:00:02;678.231;1
2017-10-06 18:01:11;678.241;1
2017-10-06 18:02:20;626.096;1
2017-10-06 18:03:29;678.231;1
2017-10-06 18:04:38;678.261;1
2017-10-06 18:05:47;678.241;1
2017-10-06 18:06:56;678.3;1
2017-10-06 18:08:05;678.281;1
2017-10-06 18:09:14;678.192;1
2017-10-06 18:10:23;626.132;1
2017-10-06 18:11:32;678.271;1
2017-10-06 18:12:41;626.069;1
2017-10-06 18:13:50;626.051;1
2017-10-06 18:14:59;626.069;1
2017-10-06 18:16:08;626.114;1
2017-10-06 18:17:17;573.988;1
2017-10-06 18:18:26;626.042;1
2017-10-06 18:19:35;626.087;1
2017-10-06 18:20:44;626.06;1
2017-10-06 18:21:53;626.069;1
2017-10-06 18:23:02;626.06;1
2017-10-06 18:24:11;626.087;1
2017-10-06 18:25:20;626.078;1
2017-10-06 18:26:29;573.863;1
2017-10-06 18:27:38;626.132;1
2017-10-06 18:28:47;626.096;1
2017-10-06 18:29:56;678.271;1
2017-10-06 18:31:05;573.938;1
2017-10-06 18:32:14;573.955;1
2017-10-06 18:33:23;573.871;1
2017-10-06 18:34:32;573.863;1
2017-10-06 18:35:41;626.132;1
2017-10-06 18:36:50;626.132;1
2017-10-06 18:37:59;678.212;1
2017-10-06 18:39:08;730.424;1
2017-10-06 18:40:17;678.261;1
2017-10-06 18:41:26;730.392;1
2017-10-06 18:42:35;678.29;1
2017-10-06 18:43:44;834.795;1
2017-10-06 18:44:53;834.783;1
2017-10-06 18:46:02;886.957;1
2017-10-06 18:47:11;939.171;1
2017-10-06 18:48:20;939.09;1
2017-10-06 18:49:29;939.185;1
2017-10-06 18:50:38;939.076;1
2017-10-06 18:51:47;939.185;1
2017-10-06 18:52:56;939.144;1
2017-10-06 18:54:05;939.226;1
2017-10-06 18:55:14;991.347;1
2017-10-06 18:56:23;1095.684;1
2017-10-06 18:57:32;1095.668;1
2017-10-06 18:58:41;1147.959;1
2017-10-06 18:59:50;1043.569;1
2017-10-06 19:00:59;939.158;1
2017-10-06 19:02:08;991.419;1
2017-10-06 19:03:17;991.376;1
2017-10-06 19:04:26;939.185;1
2017-10-06 19:05:35;939.198;1
2017-10-06 19:06:44;939.226;1
2017-10-06 19:07:53;939.226;1
2017-10-06 19:09:02;939.13;1
2017-10-06 19:10:11;939.226;1
2017-10-06 19:11:20;991.405;1
2017-10-06 19:12:29;1043.554;1
2017-10-06 19:13:38;991.405;1
2017-10-06 19:14:47;1095.763;1
2017-10-06 19:15:56;1095.811;1
2017-10-06 19:17:05;1095.7;1
2017-10-06 19:18:14;1147.893;1
2017-10-06 19:19:23;1095.779;1
2017-10-06 19:20:32;1095.795;1
2017-10-06 19:21:41;1147.976;1
2017-10-06 19:22:50;1095.684;1
2017-10-06 19:23:59;1095.763;1
2017-10-06 19:25:08;991.29;1
2017-10-06 19:26:17;991.405;1
2017-10-06 19:27:26;991.462;1
2017-10-06 19:28:35;1043.584;1
2017-10-06 19:29:44;1095.716;1
2017-10-06 19:30:53;1095.763;1
2017-10-06 19:32:02;1043.478;1
2017-10-06 19:33:11;1095.684;1
2017-10-06 19:34:20;991.347;1
2017-10-06 19:35:29;1043.569;1
2017-10-06 19:36:38;1043.569;1
2017-10-06 19:37:47;991.405;1
2017-10-06 19:38:56;991.391;1
2017-10-06 19:40:05;1043.645;1
2017-10-06 19:41:14;991.29;1
2017-10-06 19:42:23;991.391;1
2017-10-06 19:43:32;991.319;1
2017-10-06 19:44:41;991.347;1
2017-10-06 19:45:50;991.333;1
2017-10-06 19:46:59;991.419;1
2017-10-06 19:48:08;991.405;1
2017-10-06 19:49:17;1043.509;1
2017-10-06 19:50:26;991.376;1
2017-10-06 19:51:35;991.391;1
2017-10-06 19:52:44;1043.569;1
2017-10-06 19:53:53;991.362;1
2017-10-06 19:55:02;991.347;1
2017-10-06 19:56:11;991.434;1
2017-10-06 19:57:20;991.276;1
2017-10-06 19:58:29;991.362;1
2017-10-06 19:59:38;991.333;1
2017-10-06 20:00:47;991.405;1
2017-10-06 20:01:56;991.333;1
2017-10-06 20:03:05;991.333;1
2017-10-06 20:04:14;1043.584;1
2017-10-06 20:05:23;1043.509;1
2017-10-06 20:06:32;1043.493;1
2017-10-06 20:07:41;991.391;1
2017-10-06 20:08:50;991.362;1
2017-10-06 20:09:59;1043.554;1
2017-10-06 20:11:08;887.021;1
2017-10-06 20:12:17;887.034;1
2017-10-06 20:13:26;887.047;1
2017-10-06 20:14:35;887.047;1
2017-10-06 20:15:44;939.158;1
2017-10-06 20:16:53;887.047;1
2017-10-06 20:18:02;886.982;1
2017-10-06 20:19:11;887.047;1
2017-10-06 20:20:20;886.982;1
2017-10-06 20:21:29;887.008;1
2017-10-06 20:22:38;887.034;1
2017-10-06 20:23:47;886.995;1
2017-10-06 20:24:56;886.995;1
2017-10-06 20:26:05;887.047;1
2017-10-06 20:27:14;939.185;1
2017-10-06 20:28:23;887.021;1
2017-10-06 20:29:32;886.995;1
2017-10-06 20:30:41;887.008;1
2017-10-06 20:31:50;886.982;1
2017-10-06 20:32:59;887.047;1
2017-10-06 20:34:08;834.819;1
2017-10-06 20:35:17;939.171;1
2017-10-06 20:36:26;834.843;1
2017-10-06 20:37:35;886.995;1
2017-10-06 20:38:44;887.008;1
2017-10-06 20:39:53;886.995;1
2017-10-06 20:41:02;887.021;1
2017-10-06 20:42:11;834.831;1
2017-10-06 20:43:20;887.034;1
2017-10-06 20:44:29;887.059;1
2017-10-06 20:45:38;886.982;1
2017-10-06 20:46:47;887.034;1
2017-10-06 20:47:56;834.867;1
2017-10-06 20:49:05;886.892;1
2017-10-06 20:50:14;887.008;1
2017-10-06 20:51:23;886.918;1
2017-10-06 20:52:32;782.643;1
2017-10-06 20:53:41;730.414;1
2017-10-06 20:54:50;730.477;1
2017-10-06 20:55:59;730.445;1
2017-10-06 20:57:08;678.251;1
2017-10-06 20:58:17;730.424;1
2017-10-06 20:59:26;730.414;1
2017-10-06 21:00:35;678.29;1
2017-10-06 21:01:44;782.541;1
2017-10-06 21:02:53;834.855;1
2017-10-06 21:04:02;834.734;1
2017-10-06 21:05:11;782.643;1
2017-10-06 21:06:20;834.795;1
2017-10-06 21:07:29;834.686;1
2017-10-06 21:08:38;782.654;1
2017-10-06 21:09:47;834.783;1
2017-10-06 21:10:56;782.541;1
2017-10-06 21:12:05;834.807;1
2017-10-06 21:13:14;834.843;1
2017-10-06 21:14:23;782.597;1
2017-10-06 21:15:32;834.783;1
2017-10-06 21:16:41;834.795;1
2017-10-06 21:17:50;782.518;1
2017-10-06 21:18:59;834.807;1
2017-10-06 21:20:08;834.843;1
2017-10-06 21:21:17;782.699;1
2017-10-06 21:22:26;834.819;1
2017-10-06 21:23:35;782.507;1
2017-10-06 21:24:44;834.746;1
2017-10-06 21:25:53;782.552;1
2017-10-06 21:27:02;834.795;1
2017-10-06 21:28:11;834.795;1
2017-10-06 21:29:20;782.631;1
2017-10-06 21:30:29;834.746;1
2017-10-06 21:31:38;834.843;1
2017-10-06 21:32:47;782.552;1
2017-10-06 21:33:56;782.665;1
2017-10-06 21:35:05;834.686;1
2017-10-06 21:36:14;782.631;1
2017-10-06 21:37:23;782.62;1
2017-10-06 21:38:32;782.575;1
2017-10-06 21:39:41;782.62;1
2017-10-06 21:40:50;782.665;1
2017-10-06 21:41:59;782.042;1
2017-10-06 21:43:08;782.654;1
2017-10-06 21:44:17;782.722;1
2017-10-06 21:45:26;834.807;1
2017-10-06 21:46:35;782.699;1
2017-10-06 21:47:44;834.807;1
2017-10-06 21:48:53;782.665;1
2017-10-06 21:50:02;782.631;1
2017-10-06 21:51:11;834.734;1
2017-10-06 21:52:20;834.831;1
2017-10-06 21:53:29;834.783;1
2017-10-06 21:54:38;834.734;1
2017-10-06 21:55:47;834.746;1
2017-10-06 21:56:56;834.819;1
2017-10-06 21:58:05;782.609;1
2017-10-06 21:59:14;834.855;1
2017-10-06 22:00:23;834.71;1
2017-10-06 22:01:32;991.347;1
2017-10-06 22:02:41;991.304;1
2017-10-06 22:03:50;939.158;1
2017-10-06 22:04:59;834.686;1
2017-10-06 22:06:08;0;1
2017-10-06 22:07:17;0;1
2017-10-06 22:08:26;0;1
2017-10-06 22:09:35;0;1
2017-10-06 22:10:44;0;1
2017-10-06 22:11:53;0;1
2017-10-06 22:13:02;0;1
2017-10-06 22:14:11;0;1
2017-10-06 22:15:20;0;1
2017-10-06 22:16:29;0;1
2017-10-06 22:17:38;0;1
2017-10-06 22:18:47;0;1
2017-10-06 22:19:56;0;1
2017-10-06 22:21:05;0;1
2017-10-06 22:22:14;0;1
2017-10-06 22:23:23;0;1
2017-10-06 22:24:32;0;1
2017-10-06 22:25:41;0;1
2017-10-06 22:26:50;0;1
2017-10-06 22:27:59;0;1
2017-10-06 22:29:08;0;1
2017-10-06 22:30:17;0;1
2017-10-06 22:31:26;0;1
2017-10-06 22:32:35;0;1
2017-10-06 22:33:44;0;1
2017-10-06 22:34:53;0;1
2017-10-06 22:36:02;0;1
2017-10-06 22:37:11;0;1
2017-10-06 22:38:20;0;1
2017-10-06 22:39:29;0;1
2017-10-06 22:40:38;0;1
2017-10-06 22:41:47;0;1
2017-10-06 22:42:56;0;1
2017-10-06 22:44:05;0;1
2017-10-06 22:45:14;0;1
2017-10-06 22:46:23;0;1
2017-10-06 22:47:32;0;1
2017-10-06 22:48:41;0;1
2017-10-06 22:49:50;0;1
2017-10-06 22:50:59;0;1
2017-10-06 22:52:08;0;1
2017-10-06 22:53:17;0;1
2017-10-06 22:54:26;0;1
2017-10-06 22:55:35;0;1
2017-10-06 22:56:44;0;1
2017-10-06 22:57:53;0;1
2017-10-06 22:59:02;0;1
2017-10-06 23:00:11;0;1
2017-10-06 23:01:20;0;1
2017-10-06 23:02:29;0;1
2017-10-06 23:03:38;0;1
2017-10-06 23:04:47;0;1
2017-10-06 23:05:56;0;1
2017-10-06 23:07:05;0;1
2017-10-06 23:08:14;0;1
2017-10-06 23:09:23;0;1
2017-10-06 23:10:32;0;1
2017-10-06 23:11:41;0;1
2017-10-06 23:12:50;0;1
2017-10-06 23:13:59;0;1
2017-10-06 23:15:08;0;1
2017-10-06 23:16:17;0;1
2017-10-06 23:17:26;0;1
2017-10-06 23:18:35;0;1
2017-10-06 23:19:44;0;1
2017-10-06 23:20:53;0;1
2017-10-06 23:22:02;0;1
2017-10-06 23:23:11;0;1
2017-10-06 23:24:20;0;1
2017-10-06 23:25:29;0;1
2017-10-06 23:26:38;0;1
2017-10-06 23:27:47;0;1
2017-10-06 23:28:56;0;1
2017-10-06 23:30:05;0;1
2017-10-06 23:31:14;0;1
2017-10-06 23:32:23;0;1
2017-10-06 23:33:32;0;1
2017-10-06 23:34:41;0;1
2017-10-06 23:35:50;0;1
2017-10-06 23:36:59;0;1
2017-10-06 23:38:08;0;1
2017-10-06 23:39:17;0;1
2017-10-06 23:40:26;0;1
2017-10-06 23:41:35;0;1
2017-10-06 23:42:44;0;1
2017-10-06 23:43:53;0;1
2017-10-06 23:45:02;0;1
2017-10-06 23:46:11;0;1
2017-10-06 23:47:20;0;1
2017-10-06 23:48:29;0;1
2017-10-06 23:49:38;0;1
2017-10-06 23:50:47;0;1
2017-10-06 23:51:56;0;1
2017-10-06 23:53:05;0;1
2017-10-06 23:54:14;0;1
2017-10-06 23:55:23;0;1
2017-10-06 23:56:32;0;1
2017-10-06 23:57:41;0;1
2017-10-06 23:58:50;0;1
2017-10-06 23:59:59;0;1
2017-10-07 00:01:08;0;1
2017-10-07 00:02:17;0;1
2017-10-07 00:03:26;0;1
2017-10-07 00:04:35;0;1
2017-10-07 00:05:44;0;1
2017-10-07 00:06:53;0;1
2017-10-07 00:08:02;0;1
2017-10-07 00:09:11;0;1
2017-10-07 00:10:20;0;1
2017-10-07 00:11:29;0;1
2017-10-07 00:12:38;0;1
2017-10-07 00:13:47;0;1
2017-10-07 00:14:56;0;1
2017-10-07 00:16:05;0;1
2017-10-07 00:17:14;0;1
2017-10-07 00:18:23;0;1
2017-10-07 00:19:32;0;1
2017-10-07 00:20:41;0;1
2017-10-07 00:21:50;0;1
2017-10-07 00:22:59;0;1
2017-10-07 00:24:08;0;1
2017-10-07 00:25:17;0;1
2017-10-07 00:26:26;0;1
2017-10-07 00:27:35;0;1
2017-10-07 00:28:44;0;1
2017-10-07 00:29:53;0;1
2017-10-07 00:31:02;0;1
2017-10-07 00:32:11;0;1
2017-10-07 00:33:20;0;1
2017-10-07 00:34:29;0;1
2017-10-07 00:35:38;0;1
2017-10-07 00:36:47;0;1
2017-10-07 00:37:56;0;1
2017-10-07 00:39:05;0;1
2017-10-07 00:40:14;0;1
2017-10-07 00:41:23;0;1
2017-10-07 00:42:32;0;1
2017-10-07 00:43:41;0;1
2017-10-07 00:44:50;0;1
2017-10-07 00:45:59;0;1
2017-10-07 00:47:08;0;1
2017-10-07 00:48:17;0;1
2017-10-07 00:49:26;0;1
2017-10-07 00:50:35;0;1
2017-10-07 00:51:44;0;1
2017-10-07 00:52:53;0;1
2017-10-07 00:54:02;0;1
2017-10-07 00:55:11;0;1
2017-10-07 00:56:20;0;1
2017-10-07 00:57:29;0;1
2017-10-07 00:58:38;0;1
2017-10-07 00:59:47;0;1
2017-10-07 01:00:56;0;1
2017-10-07 01:02:05;0;1
2017-10-07 01:03:14;0;1
2017-10-07 01:04:23;0;1
2017-10-07 01:05:32;0;1
2017-10-07 01:06:41;0;1
2017-10-07 01:07:50;0;1
2017-10-07 01:08:59;0;1
2017-10-07 01:10:08;0;1
2017-10-07 01:11:17;0;1
2017-10-07 01:12:26;0;1
2017-10-07 01:13:35;0;1
2017-10-07 01:14:44;0;1
2017-10-07 01:15:53;0;1
2017-10-07 01:17:02;0;1
2017-10-07 01:18:11;0;1
2017-10-07 01:19:20;0;1
2017-10-07 01:20:29;0;1
2017-10-07 01:21:38;0;1
2017-10-07 01:22:47;0;1
2017-10-07 01:23:56;0;1
2017-10-07 01:25:05;0;1
2017-10-07 01:26:14;0;1
2017-10-07 01:27:23;0;1
2017-10-07 01:28:32;0;1
2017-10-07 01:29:41;0;1
2017-10-07 01:30:50;0;1
2017-10-07 01:31:59;0;1
2017-10-07 01:33:08;0;1
2017-10-07 01:34:17;0;1
2017-10-07 01:35:26;0;1
2017-10-07 01:36:35;0;1
2017-10-07 01:37:44;0;1
2017-10-07 01:38:53;0;1
2017-10-07 01:40:02;0;1
2017-10-07 01:41:11;0;1
2017-10-07 01:42:20;0;1
2017-10-07 01:43:29;0;1
2017-10-07 01:44:38;0;1
2017-10-07 01:45:47;0;1
2017-10-07 01:46:56;0;1
2017-10-07 01:48:05;0;1
2017-10-07 01:49:14;0;1
2017-10-07 01:50:23;0;1
2017-10-07 01:51:32;0;1
2017-10-07 01:52:41;0;1
2017-10-07 01:53:50;0;1
2017-10-07 01:54:59;0;1
2017-10-07 01:56:08;0;1
2017-10-07 01:57:17;0;1
2017-10-07 01:58:26;0;1
2017-10-07 01:59:35;0;1
2017-10-07 02:00:44;0;1
2017-10-07 02:01:53;0;1
2017-10-07 02:03:02;0;1
2017-10-07 02:04:11;0;1
2017-10-07 02:05:20;0;1
2017-10-07 02:06:29;0;1
2017-10-07 02:07:38;0;1
2017-10-07 02:08:47;0;1
2017-10-07 02:09:56;0;1
2017-10-07 02:11:05;0;1
2017-10-07 02:12:14;0;1
2017-10-07 02:13:23;0;1
2017-10-07 02:14:32;0;1
2017-10-07 02:15:41;0;1
2017-10-07 02:16:50;0;1
2017-10-07 02:17:59;0;1
2017-10-07 02:19:08;0;1
2017-10-07 02:20:17;0;1
2017-10-07 02:21:26;0;1
2017-10-07 02:22:35;0;1
2017-10-07 02:23:44;0;1
2017-10-07 02:24:53;0;1
2017-10-07 02:26:02;0;1
2017-10-07 02:27:11;0;1
2017-10-07 02:28:20;0;1
2017-10-07 02:29:29;0;1
2017-10-07 02:30:38;0;1
2017-10-07 02:31:47;0;1
2017-10-07 02:32:55;0;1
2017-10-07 02:34:04;0;1
2017-10-07 02:35:13;0;1
2017-10-07 02:36:22;0;1
2017-10-07 02:37:31;0;1
2017-10-07 02:38:40;0;1
2017-10-07 02:39:49;0;1
2017-10-07 02:40:58;0;1
2017-10-07 02:42:07;0;1
2017-10-07 02:43:16;0;1
2017-10-07 02:44:25;0;1
2017-10-07 02:45:34;0;1
2017-10-07 02:46:43;0;1
2017-10-07 02:47:52;0;1
2017-10-07 02:49:01;0;1
2017-10-07 02:50:10;0;1
2017-10-07 02:51:19;0;1
2017-10-07 02:52:28;0;1
2017-10-07 02:53:37;0;1
2017-10-07 02:54:46;0;1
2017-10-07 02:55:55;0;1
2017-10-07 02:57:04;0;1
2017-10-07 02:58:13;0;1
2017-10-07 02:59:22;0;1
2017-10-07 03:00:31;0;1
2017-10-07 03:01:40;0;1
2017-10-07 03:02:49;0;1
2017-10-07 03:03:58;0;1
2017-10-07 03:05:07;0;1
2017-10-07 03:06:16;0;1
2017-10-07 03:07:25;0;1
2017-10-07 03:08:34;0;1
2017-10-07 03:09:43;0;1
2017-10-07 03:10:52;0;1
2017-10-07 03:12:01;0;1
2017-10-07 03:13:10;0;1
2017-10-07 03:14:19;0;1
2017-10-07 03:15:28;0;1
2017-10-07 03:16:37;0;1
2017-10-07 03:17:46;0;1
2017-10-07 03:18:55;0;1
2017-10-07 03:20:04;0;1
2017-10-07 03:21:13;0;1
2017-10-07 03:22:22;0;1
2017-10-07 03:23:31;0;1
2017-10-07 03:24:40;0;1
2017-10-07 03:25:49;0;1
2017-10-07 03:26:58;0;1
2017-10-07 03:28:07;0;1
2017-10-07 03:29:16;0;1
2017-10-07 03:30:25;0;1
2017-10-07 03:31:34;0;1
2017-10-07 03:32:43;0;1
2017-10-07 03:33:52;0;1
2017-10-07 03:35:01;0;1
2017-10-07 03:36:10;0;1
2017-10-07 03:37:19;0;1
2017-10-07 03:38:28;0;1
2017-10-07 03:39:37;0;1
2017-10-07 03:40:46;0;1
2017-10-07 03:41:55;0;1
2017-10-07 03:43:04;0;1
2017-10-07 03:44:13;0;1
2017-10-07 03:45:22;0;1
2017-10-07 03:46:31;0;1
2017-10-07 03:47:40;0;1
2017-10-07 03:48:49;0;1
2017-10-07 03:49:58;0;1
2017-10-07 03:51:07;0;1
2017-10-07 03:52:16;0;1
2017-10-07 03:53:25;0;1
2017-10-07 03:54:34;0;1
2017-10-07 03:55:43;0;1
2017-10-07 03:56:52;0;1
2017-10-07 03:58:01;0;1
2017-10-07 03:59:10;0;1
2017-10-07 04:00:19;0;1
2017-10-07 04:01:28;0;1
2017-10-07 04:02:37;0;1
2017-10-07 04:03:46;0;1
2017-10-07 04:04:55;0;1
2017-10-07 04:07:16;0;1
2017-10-07 04:08:37;0;1
2017-10-07 04:09:46;0;1
2017-10-07 04:10:55;0;1
2017-10-07 04:12:04;0;1
2017-10-07 04:13:13;0;1
2017-10-07 04:14:22;0;1
2017-10-07 04:15:31;0;1
2017-10-07 04:16:40;0;1
2017-10-07 04:17:49;0;1
2017-10-07 04:18:58;0;1
2017-10-07 04:20:07;0;1
2017-10-07 04:21:16;0;1
2017-10-07 04:22:25;0;1
2017-10-07 04:23:34;0;1
2017-10-07 04:24:43;0;1
2017-10-07 04:25:52;0;1
2017-10-07 04:27:01;0;1
2017-10-07 04:28:10;0;1
2017-10-07 04:29:19;0;1
2017-10-07 04:30:28;0;1
2017-10-07 04:31:37;0;1
2017-10-07 04:32:46;0;1
2017-10-07 04:33:55;0;1
2017-10-07 04:35:04;0;1
2017-10-07 04:36:13;0;1
2017-10-07 04:37:22;0;1
2017-10-07 04:38:31;0;1
2017-10-07 04:39:40;0;1
2017-10-07 04:40:49;0;1
2017-10-07 04:41:58;0;1
2017-10-07 04:43:07;0;1
2017-10-07 04:44:16;0;1
2017-10-07 04:45:25;0;1
2017-10-07 04:46:34;0;1
2017-10-07 04:47:43;0;1
2017-10-07 04:48:52;0;1
2017-10-07 04:50:01;0;1
2017-10-07 04:51:10;0;1
2017-10-07 04:52:19;0;1
2017-10-07 04:53:28;0;1
2017-10-07 04:54:37;0;1
2017-10-07 04:55:46;0;1
2017-10-07 04:56:55;0;1
2017-10-07 04:58:04;0;1
2017-10-07 04:59:13;0;1
2017-10-07 05:00:22;0;1
2017-10-07 05:01:31;0;1
2017-10-07 05:02:40;0;1
2017-10-07 05:03:49;0;1
2017-10-07 05:04:58;0;1
2017-10-07 05:06:07;0;1
2017-10-07 05:07:16;0;1
2017-10-07 05:08:25;0;1
2017-10-07 05:09:34;0;1
2017-10-07 05:10:43;0;1
2017-10-07 05:11:52;0;1
2017-10-07 05:13:01;0;1
2017-10-07 05:14:10;0;1
2017-10-07 05:15:19;0;1
2017-10-07 05:16:28;0;1
2017-10-07 05:17:37;0;1
2017-10-07 05:18:46;0;1
2017-10-07 05:19:55;0;1
2017-10-07 05:21:04;0;1
2017-10-07 05:22:13;0;1
2017-10-07 05:23:22;0;1
2017-10-07 05:24:31;0;1
2017-10-07 05:25:40;0;1
2017-10-07 05:26:49;0;1
2017-10-07 05:27:58;0;1
2017-10-07 05:29:07;0;1
2017-10-07 05:30:16;0;1
2017-10-07 05:31:25;0;1
2017-10-07 05:32:34;0;1
2017-10-07 05:33:43;0;1
2017-10-07 05:34:52;0;1
2017-10-07 05:36:01;0;1
2017-10-07 05:37:10;0;1
2017-10-07 05:38:19;0;1
2017-10-07 05:39:28;0;1
2017-10-07 05:40:37;0;1
2017-10-07 05:41:46;0;1
2017-10-07 05:42:55;0;1
2017-10-07 05:44:04;0;1
2017-10-07 05:45:13;0;1
2017-10-07 05:46:22;0;1
2017-10-07 05:47:31;0;1
2017-10-07 05:48:40;0;1
2017-10-07 05:49:49;0;1
2017-10-07 05:50:58;0;1
2017-10-07 05:52:07;0;1
2017-10-07 05:53:16;0;1
2017-10-07 05:54:25;0;1
2017-10-07 05:55:34;0;1
2017-10-07 05:56:43;0;1
2017-10-07 05:57:52;0;1
2017-10-07 05:59:01;0;1
2017-10-07 06:00:10;0;1
2017-10-07 06:01:19;0;1
2017-10-07 06:02:28;0;1
2017-10-07 06:03:37;0;1
2017-10-07 06:04:46;0;1
2017-10-07 06:05:55;782.575;1
2017-10-07 06:07:04;782.665;1
2017-10-07 06:08:13;834.843;1
2017-10-07 06:09:22;730.371;1
2017-10-07 06:10:31;782.586;1
2017-10-07 06:11:40;782.688;1
2017-10-07 06:12:49;782.563;1
2017-10-07 06:13:58;782.643;1
2017-10-07 06:15:07;730.456;1
2017-10-07 06:16:16;782.711;1
2017-10-07 06:17:25;782.722;1
2017-10-07 06:18:34;730.467;1
2017-10-07 06:19:43;782.722;1
2017-10-07 06:20:52;730.456;1
2017-10-07 06:22:01;782.609;1
2017-10-07 06:23:10;782.62;1
2017-10-07 06:24:19;782.677;1
2017-10-07 06:25:28;730.424;1
2017-10-07 06:26:37;782.575;1
2017-10-07 06:27:46;782.62;1
2017-10-07 06:28:55;730.424;1
2017-10-07 06:30:04;782.575;1
2017-10-07 06:31:13;730.414;1
2017-10-07 06:32:22;782.665;1
2017-10-07 06:33:31;782.541;1
2017-10-07 06:34:40;626.141;1
2017-10-07 06:35:49;678.241;1
2017-10-07 06:36:58;626.06;1
2017-10-07 06:38:07;678.29;1
2017-10-07 06:39:16;626.087;1
2017-10-07 06:40:25;678.31;1
2017-10-07 06:41:34;626.06;1
2017-10-07 06:42:43;678.349;1
2017-10-07 06:43:52;626.114;1
2017-10-07 06:45:01;678.359;1
2017-10-07 06:46:10;626.114;1
2017-10-07 06:47:19;678.359;1
2017-10-07 06:48:28;626.15;1
2017-10-07 06:49:37;678.3;1
2017-10-07 06:50:46;678.359;1
2017-10-07 06:51:55;678.32;1
2017-10-07 06:53:04;678.33;1
2017-10-07 06:54:13;678.281;1
2017-10-07 06:55:22;678.29;1
2017-10-07 06:56:31;626.096;1
2017-10-07 06:57:40;678.32;1
2017-10-07 06:58:49;678.29;1
2017-10-07 06:59:58;626.105;1
2017-10-07 07:01:07;678.33;1
2017-10-07 07:02:16;626.123;1
2017-10-07 07:03:25;678.3;1
2017-10-07 07:04:34;626.078;1
2017-10-07 07:05:43;678.31;1
2017-10-07 07:06:52;678.31;1
2017-10-07 07:08:01;678.281;1
2017-10-07 07:09:10;678.271;1
2017-10-07 07:10:19;626.087;1
2017-10-07 07:11:28;678.241;1
2017-10-07 07:12:37;626.105;1
2017-10-07 07:13:46;678.29;1
2017-10-07 07:14:55;678.29;1
2017-10-07 07:16:04;678.281;1
2017-10-07 07:17:13;678.34;1
2017-10-07 07:18:22;626.096;1
2017-10-07 07:19:31;678.389;1
2017-10-07 07:20:40;626.15;1
2017-10-07 07:21:49;678.251;1
2017-10-07 07:22:58;626.141;1
2017-10-07 07:24:07;626.132;1
2017-10-07 07:25:16;678.31;1
2017-10-07 07:26:25;626.141;1
2017-10-07 07:27:34;678.281;1
2017-10-07 07:28:43;626.141;1
2017-10-07 07:29:52;626.069;1
2017-10-07 07:31:01;678.3;1
2017-10-07 07:32:10;626.105;1
2017-10-07 07:33:19;678.31;1
2017-10-07 07:34:28;626.096;1
2017-10-07 07:35:37;678.261;1
2017-10-07 07:36:46;626.132;1
2017-10-07 07:37:55;626.123;1
2017-10-07 07:39:04;678.33;1
2017-10-07 07:40:13;626.132;1
2017-10-07 07:41:22;626.114;1
2017-10-07 07:42:31;573.921;1
2017-10-07 07:43:40;573.946;1
2017-10-07 07:44:49;573.938;1
2017-10-07 07:45:58;521.739;1
2017-10-07 07:47:07;573.971;1
2017-10-07 07:48:16;521.769;1
2017-10-07 07:49:25;469.613;1
2017-10-07 07:50:34;521.754;1
2017-10-07 07:51:43;469.592;1
2017-10-07 07:52:52;469.572;1
2017-10-07 07:54:01;469.586;1
2017-10-07 07:55:10;469.586;1
2017-10-07 07:56:19;417.403;1
2017-10-07 07:57:28;469.586;1
2017-10-07 07:58:37;365.254;1
2017-10-07 07:59:46;417.452;1
2017-10-07 08:00:55;417.416;1
2017-10-07 08:02:04;365.228;1
2017-10-07 08:03:13;365.228;1
2017-10-07 08:04:22;365.228;1
2017-10-07 08:05:31;365.244;1
2017-10-07 08:06:40;313.098;1
2017-10-07 08:07:49;365.244;1
2017-10-07 08:08:58;365.228;1
2017-10-07 08:10:07;313.066;1
2017-10-07 08:11:16;365.207;1
2017-10-07 08:12:25;260.907;1
2017-10-07 08:13:33;313.093;1
2017-10-07 08:14:42;260.896;1
2017-10-07 08:15:51;208.717;1
2017-10-07 08:17:00;156.517;1
2017-10-07 08:18:09;0;1
2017-10-07 08:19:18;104.358;1
2017-10-07 08:20:27;104.354;1
2017-10-07 08:21:36;104.361;1
2017-10-07 08:22:45;104.337;1
2017-10-07 08:23:54;156.526;1
2017-10-07 08:25:03;156.513;1
2017-10-07 08:26:12;208.708;1
2017-10-07 08:27:21;208.69;1
2017-10-07 08:28:30;208.702;1
2017-10-07 08:29:39;208.678;1
2017-10-07 08:30:48;208.708;1
2017-10-07 08:31:57;156.517;1
2017-10-07 08:33:06;104.345;1
2017-10-07 08:34:15;0;1
2017-10-07 08:35:24;156.517;1
2017-10-07 08:36:33;156.517;1
2017-10-07 08:37:42;52.178;1
2017-10-07 08:38:51;104.348;1
2017-10-07 08:40:00;156.524;1
2017-10-07 08:41:09;0;1
2017-10-07 08:42:18;52.176;1
2017-10-07 08:43:27;0;1
2017-10-07 08:44:36;0;1
2017-10-07 08:45:45;0;1
2017-10-07 08:46:54;104.354;1
2017-10-07 08:48:03;156.522;1
2017-10-07 08:49:12;208.687;1
2017-10-07 08:50:21;156.526;1
2017-10-07 08:51:30;156.513;1
2017-10-07 08:52:39;104.352;1
2017-10-07 08:53:48;52.172;1
2017-10-07 08:54:57;52.173;1
2017-10-07 08:56:06;52.177;1
2017-10-07 08:57:15;52.177;1
2017-10-07 08:58:24;0;1
2017-10-07 08:59:33;0;1
2017-10-07 09:00:42;0;1
2017-10-07 09:01:51;0;1
2017-10-07 09:03:00;0;1
2017-10-07 09:04:09;0;1
2017-10-07 09:05:18;0;1
2017-10-07 09:06:27;0;1
2017-10-07 09:07:36;0;1
2017-10-07 09:08:45;0;1
2017-10-07 09:09:54;0;1
2017-10-07 09:11:03;0;1
2017-10-07 09:12:12;0;1
2017-10-07 09:13:21;0;1
2017-10-07 09:14:30;0;1
2017-10-07 09:15:39;0;1
2017-10-07 09:16:48;0;1
2017-10-07 09:17:57;0;1
2017-10-07 09:19:06;0;1
2017-10-07 09:20:15;0;1
2017-10-07 09:21:24;0;1
2017-10-07 09:22:33;0;1
2017-10-07 09:23:42;0;1
2017-10-07 09:24:51;0;1
2017-10-07 09:26:00;0;1
2017-10-07 09:27:09;0;1
2017-10-07 09:28:18;0;1
2017-10-07 09:29:27;0;1
2017-10-07 09:30:36;0;1
2017-10-07 09:31:45;0;1
2017-10-07 09:32:54;0;1
2017-10-07 09:34:03;0;1
2017-10-07 09:35:12;0;1
2017-10-07 09:36:21;0;1
2017-10-07 09:37:30;0;1
2017-10-07 09:38:39;0;1
2017-10-07 09:39:48;0;1
2017-10-07 09:40:57;0;1
2017-10-07 09:42:06;0;1
2017-10-07 09:43:15;0;1
2017-10-07 09:44:24;0;1
2017-10-07 09:45:33;0;1
2017-10-07 09:46:42;0;1
2017-10-07 09:47:51;0;1
2017-10-07 09:49:00;0;1
2017-10-07 09:50:09;0;1
2017-10-07 09:51:18;0;1
2017-10-07 09:52:27;0;1
2017-10-07 09:53:36;0;1
2017-10-07 09:54:45;0;1
2017-10-07 09:55:54;0;1
2017-10-07 09:57:03;0;1
2017-10-07 09:58:12;0;1
2017-10-07 09:59:21;0;1
2017-10-07 10:00:30;0;1
2017-10-07 10:01:39;0;1
2017-10-07 10:02:48;0;1
2017-10-07 10:03:57;0;1
2017-10-07 10:05:06;0;1
2017-10-07 10:06:15;0;1
2017-10-07 10:07:24;0;1
2017-10-07 10:08:33;0;1
2017-10-07 10:09:42;0;1
2017-10-07 10:10:51;0;1
2017-10-07 10:12:00;0;1
2017-10-07 10:13:09;0;1
2017-10-07 10:14:18;0;1
2017-10-07 10:15:27;0;1
2017-10-07 10:16:36;0;1
2017-10-07 10:17:45;0;1
2017-10-07 10:18:54;0;1
2017-10-07 10:20:03;0;1
2017-10-07 10:21:12;0;1
2017-10-07 10:22:21;0;1
2017-10-07 10:23:30;0;1
2017-10-07 10:24:39;0;1
2017-10-07 10:25:48;0;1
2017-10-07 10:26:57;0;1
2017-10-07 10:28:06;0;1
2017-10-07 10:29:15;0;1
2017-10-07 10:30:24;0;1
2017-10-07 10:31:33;0;1
2017-10-07 10:32:42;0;1
2017-10-07 10:33:51;0;1
2017-10-07 10:35:00;0;1
2017-10-07 10:36:09;0;1
2017-10-07 10:37:18;0;1
2017-10-07 10:38:27;0;1
2017-10-07 10:39:36;0;1
2017-10-07 10:40:45;0;1
2017-10-07 10:41:54;0;1
2017-10-07 10:43:03;0;1
2017-10-07 10:44:12;0;1
2017-10-07 10:45:21;0;1
2017-10-07 10:46:30;0;1
2017-10-07 10:47:39;0;1
2017-10-07 10:48:48;0;1
2017-10-07 10:49:57;0;1
2017-10-07 10:51:06;0;1
2017-10-07 10:52:15;0;1
2017-10-07 10:53:24;0;1
2017-10-07 10:54:33;0;1
2017-10-07 10:55:42;0;1
2017-10-07 10:56:51;0;1
2017-10-07 10:58:00;0;1
2017-10-07 10:59:09;0;1
2017-10-07 11:00:18;0;1
2017-10-07 11:01:27;0;1
2017-10-07 11:02:36;0;1
2017-10-07 11:03:45;0;1
2017-10-07 11:04:54;0;1
2017-10-07 11:06:03;0;1
2017-10-07 11:07:12;0;1
2017-10-07 11:08:21;0;1
2017-10-07 11:09:30;0;1
2017-10-07 11:10:39;0;1
2017-10-07 11:11:48;0;1
2017-10-07 11:12:57;0;1
2017-10-07 11:14:06;0;1
2017-10-07 11:15:15;0;1
2017-10-07 11:16:24;0;1
2017-10-07 11:17:33;0;1
2017-10-07 11:18:42;0;1
2017-10-07 11:19:51;0;1
2017-10-07 11:21:00;0;1
2017-10-07 11:22:09;0;1
2017-10-07 11:23:18;0;1
2017-10-07 11:24:27;0;1
2017-10-07 11:25:36;0;1
2017-10-07 11:26:45;0;1
2017-10-07 11:27:54;0;1
2017-10-07 11:29:03;0;1
2017-10-07 11:30:12;0;1
2017-10-07 11:31:21;0;1
2017-10-07 11:32:30;0;1
2017-10-07 11:33:39;0;1
2017-10-07 11:34:48;0;1
2017-10-07 11:35:57;0;1
2017-10-07 11:37:06;0;1
2017-10-07 11:38:15;0;1
2017-10-07 11:39:24;0;1
2017-10-07 11:40:33;0;1
2017-10-07 11:41:42;0;1
2017-10-07 11:42:51;0;1
2017-10-07 11:44:00;0;1
2017-10-07 11:45:09;0;1
2017-10-07 11:46:18;0;1
2017-10-07 11:47:27;0;1
2017-10-07 11:48:36;0;1
2017-10-07 11:49:45;0;1
2017-10-07 11:50:54;0;1
2017-10-07 11:52:03;0;1
2017-10-07 11:53:12;0;1
2017-10-07 11:54:21;0;1
2017-10-07 11:55:30;0;1
2017-10-07 11:56:39;0;1
2017-10-07 11:57:48;0;1
2017-10-07 11:58:57;0;1
2017-10-07 12:00:06;0;1
2017-10-07 12:01:15;0;1
2017-10-07 12:02:24;0;1
2017-10-07 12:03:33;0;1
2017-10-07 12:04:42;0;1
2017-10-07 12:05:51;0;1
2017-10-07 12:07:00;0;1
2017-10-07 12:08:09;0;1
2017-10-07 12:09:18;0;1
2017-10-07 12:10:27;0;1
2017-10-07 12:11:36;0;1
2017-10-07 12:12:45;0;1
2017-10-07 12:13:54;0;1
2017-10-07 12:15:03;0;1
2017-10-07 12:16:12;0;1
2017-10-07 12:17:21;0;1
2017-10-07 12:18:30;0;1
2017-10-07 12:19:39;0;1
2017-10-07 12:20:48;0;1
2017-10-07 12:21:57;0;1
2017-10-07 12:23:06;0;1
2017-10-07 12:24:15;0;1
2017-10-07 12:25:24;0;1
2017-10-07 12:26:33;0;1
2017-10-07 12:27:42;0;1
2017-10-07 12:28:51;0;1
2017-10-07 12:30:00;0;1
2017-10-07 12:31:09;0;1
2017-10-07 12:32:18;0;1
2017-10-07 12:33:27;0;1
2017-10-07 12:34:36;0;1
2017-10-07 12:35:45;0;1
2017-10-07 12:36:54;0;1
2017-10-07 12:38:03;0;1
2017-10-07 12:39:12;0;1
2017-10-07 12:40:21;0;1
2017-10-07 12:41:30;0;1
2017-10-07 12:42:39;0;1
2017-10-07 12:43:48;0;1
2017-10-07 12:44:57;0;1
2017-10-07 12:46:06;0;1
2017-10-07 12:47:15;0;1
2017-10-07 12:48:24;0;1
2017-10-07 12:49:33;0;1
2017-10-07 12:50:42;0;1
2017-10-07 12:51:51;0;1
2017-10-07 12:53:00;0;1
2017-10-07 12:54:09;0;1
2017-10-07 12:55:18;0;1
2017-10-07 12:56:27;0;1
2017-10-07 12:57:36;0;1
2017-10-07 12:58:45;0;1
2017-10-07 12:59:54;0;1
2017-10-07 13:01:03;0;1
2017-10-07 13:02:12;0;1
2017-10-07 13:03:21;0;1
2017-10-07 13:04:30;0;1
2017-10-07 13:05:39;0;1
2017-10-07 13:06:48;0;1
2017-10-07 13:07:57;0;1
2017-10-07 13:09:06;0;1
2017-10-07 13:10:15;0;1
2017-10-07 13:11:24;0;1
2017-10-07 13:12:33;0;1
2017-10-07 13:13:42;0;1
2017-10-07 13:14:51;0;1
2017-10-07 13:16:00;0;1
2017-10-07 13:17:09;0;1
2017-10-07 13:18:18;0;1
2017-10-07 13:19:27;0;1
2017-10-07 13:20:36;0;1
2017-10-07 13:21:45;0;1
2017-10-07 13:22:54;0;1
2017-10-07 13:24:03;0;1
2017-10-07 13:25:12;0;1
2017-10-07 13:26:21;0;1
2017-10-07 13:27:30;0;1
2017-10-07 13:28:39;0;1
2017-10-07 13:29:48;0;1
2017-10-07 13:30:57;0;1
2017-10-07 13:32:06;0;1
2017-10-07 13:33:15;0;1
2017-10-07 13:34:24;0;1
2017-10-07 13:35:33;0;1
2017-10-07 13:36:42;0;1
2017-10-07 13:37:51;0;1
2017-10-07 13:39:00;0;1
2017-10-07 13:40:09;0;1
2017-10-07 13:41:18;0;1
2017-10-07 13:42:27;0;1
2017-10-07 13:43:36;0;1
2017-10-07 13:44:45;0;1
2017-10-07 13:45:54;0;1
2017-10-07 13:47:03;0;1
2017-10-07 13:48:12;0;1
2017-10-07 13:49:21;0;1
2017-10-07 13:50:30;0;1
2017-10-07 13:51:39;0;1
2017-10-07 13:52:48;0;1
2017-10-07 13:53:57;0;1
2017-10-07 13:55:06;0;1
2017-10-07 13:56:15;0;1
2017-10-07 13:57:24;0;1
2017-10-07 13:58:33;0;1
2017-10-07 13:59:42;0;1
2017-10-07 14:00:51;0;1
2017-10-07 14:02:00;0;1
2017-10-07 14:03:09;0;1
2017-10-07 14:04:18;0;1
2017-10-07 14:05:27;0;1
2017-10-07 14:06:36;0;1
2017-10-07 14:07:45;0;1
2017-10-07 14:08:54;0;1
2017-10-07 14:10:03;0;1
2017-10-07 14:11:12;0;1
2017-10-07 14:12:21;0;1
2017-10-07 14:13:30;0;1
2017-10-07 14:14:39;0;1
2017-10-07 14:15:48;0;1
2017-10-07 14:16:57;0;1
2017-10-07 14:18:06;0;1
2017-10-07 14:19:15;0;1
2017-10-07 14:20:24;0;1
2017-10-07 14:21:33;0;1
2017-10-07 14:22:42;0;1
2017-10-07 14:23:51;0;1
2017-10-07 14:25:00;0;1
2017-10-07 14:26:09;0;1
2017-10-07 14:27:18;0;1
2017-10-07 14:28:27;0;1
2017-10-07 14:29:36;0;1
2017-10-07 14:30:45;0;1
2017-10-07 14:31:54;0;1
2017-10-07 14:33:03;0;1
2017-10-07 14:34:12;0;1
2017-10-07 14:35:21;0;1
2017-10-07 14:36:30;0;1
2017-10-07 14:37:39;0;1
2017-10-07 14:38:48;0;1
2017-10-07 14:39:57;0;1
2017-10-07 14:41:06;0;1
2017-10-07 14:42:15;0;1
2017-10-07 14:43:24;0;1
2017-10-07 14:44:33;0;1
2017-10-07 14:45:42;0;1
2017-10-07 14:46:51;0;1
2017-10-07 14:48:00;0;1
2017-10-07 14:49:09;0;1
2017-10-07 14:50:18;0;1
2017-10-07 14:51:27;0;1
2017-10-07 14:52:36;0;1
2017-10-07 14:53:45;0;1
2017-10-07 14:54:54;0;1
2017-10-07 14:56:03;0;1
2017-10-07 14:57:12;0;1
2017-10-07 14:58:21;0;1
2017-10-07 14:59:30;0;1
2017-10-07 15:00:39;0;1
2017-10-07 15:01:48;0;1
2017-10-07 15:02:57;0;1
2017-10-07 15:04:06;0;1
2017-10-07 15:05:15;0;1
2017-10-07 15:06:24;0;1
2017-10-07 15:07:33;0;1
2017-10-07 15:08:42;0;1
2017-10-07 15:09:51;0;1
2017-10-07 15:11:00;0;1
2017-10-07 15:12:09;0;1
2017-10-07 15:13:18;0;1
2017-10-07 15:14:27;0;1
2017-10-07 15:15:36;0;1
2017-10-07 15:16:45;0;1
2017-10-07 15:17:54;0;1
2017-10-07 15:19:03;0;1
2017-10-07 15:20:12;0;1
2017-10-07 15:21:21;0;1
2017-10-07 15:22:30;0;1
2017-10-07 15:23:39;0;1
2017-10-07 15:24:48;0;1
2017-10-07 15:25:57;0;1
2017-10-07 15:27:06;0;1
2017-10-07 15:28:15;0;1
2017-10-07 15:29:24;0;1
2017-10-07 15:30:33;0;1
2017-10-07 15:31:42;0;1
2017-10-07 15:32:51;0;1
2017-10-07 15:34:00;0;1
2017-10-07 15:35:09;0;1
2017-10-07 15:36:18;0;1
2017-10-07 15:37:27;0;1
2017-10-07 15:38:36;0;1
2017-10-07 15:39:45;0;1
2017-10-07 15:40:54;0;1
2017-10-07 15:42:03;0;1
2017-10-07 15:43:12;0;1
2017-10-07 15:44:21;0;1
2017-10-07 15:45:30;0;1
2017-10-07 15:46:39;0;1
2017-10-07 15:47:48;0;1
2017-10-07 15:48:57;0;1
2017-10-07 15:50:06;0;1
2017-10-07 15:51:15;0;1
2017-10-07 15:52:24;0;1
2017-10-07 15:53:33;0;1
2017-10-07 15:54:42;0;1
2017-10-07 15:55:51;0;1
2017-10-07 15:57:00;0;1
2017-10-07 15:58:09;0;1
2017-10-07 15:59:18;0;1
2017-10-07 16:00:27;0;1
2017-10-07 16:01:36;0;1
2017-10-07 16:02:45;0;1
2017-10-07 16:03:54;0;1
2017-10-07 16:05:03;0;1
2017-10-07 16:06:12;0;1
2017-10-07 16:07:21;0;1
2017-10-07 16:08:30;0;1
2017-10-07 16:09:39;0;1
2017-10-07 16:10:48;0;1
2017-10-07 16:11:57;0;1
2017-10-07 16:13:06;0;1
2017-10-07 16:14:15;0;1
2017-10-07 16:15:24;0;1
2017-10-07 16:16:33;0;1
2017-10-07 16:17:42;0;1
2017-10-07 16:18:51;0;1
2017-10-07 16:20:00;0;1
2017-10-07 16:21:09;0;1
2017-10-07 16:22:18;0;1
2017-10-07 16:23:27;0;1
2017-10-07 16:24:36;0;1
2017-10-07 16:25:45;0;1
2017-10-07 16:26:54;0;1
2017-10-07 16:28:03;0;1
2017-10-07 16:29:12;0;1
2017-10-07 16:30:21;0;1
2017-10-07 16:31:30;0;1
2017-10-07 16:32:39;0;1
2017-10-07 16:33:48;0;1
2017-10-07 16:34:57;0;1
2017-10-07 16:36:06;0;1
2017-10-07 16:37:15;0;1
2017-10-07 16:38:24;0;1
2017-10-07 16:39:33;0;1
2017-10-07 16:40:42;0;1
2017-10-07 16:41:51;0;1
2017-10-07 16:43:00;0;1
2017-10-07 16:44:09;0;1
2017-10-07 16:45:18;0;1
2017-10-07 16:46:27;0;1
2017-10-07 16:47:36;0;1
2017-10-07 16:48:45;0;1
2017-10-07 16:49:54;0;1
2017-10-07 16:51:03;0;1
2017-10-07 16:52:12;0;1
2017-10-07 16:53:21;0;1
2017-10-07 16:54:30;0;1
2017-10-07 16:55:39;0;1
2017-10-07 16:56:48;0;1
2017-10-07 16:57:57;0;1
2017-10-07 16:59:06;0;1
2017-10-07 17:00:15;0;1
2017-10-07 17:01:24;0;1
2017-10-07 17:02:33;0;1
2017-10-07 17:03:42;0;1
2017-10-07 17:04:51;0;1
2017-10-07 17:06:00;0;1
2017-10-07 17:07:09;0;1
2017-10-07 17:08:18;0;1
2017-10-07 17:09:27;0;1
2017-10-07 17:10:36;0;1
2017-10-07 17:11:45;0;1
2017-10-07 17:12:54;0;1
2017-10-07 17:14:03;0;1
2017-10-07 17:15:12;0;1
2017-10-07 17:16:21;0;1
2017-10-07 17:17:30;0;1
2017-10-07 17:18:39;0;1
2017-10-07 17:19:48;0;1
2017-10-07 17:20:57;0;1
2017-10-07 17:22:06;0;1
2017-10-07 17:23:15;0;1
2017-10-07 17:24:24;0;1
2017-10-07 17:25:33;0;1
2017-10-07 17:26:42;0;1
2017-10-07 17:27:51;0;1
2017-10-07 17:29:00;0;1
2017-10-07 17:30:09;0;1
2017-10-07 17:31:18;0;1
2017-10-07 17:32:27;0;1
2017-10-07 17:33:36;0;1
2017-10-07 17:34:45;0;1
2017-10-07 17:35:54;0;1
2017-10-07 17:37:03;0;1
2017-10-07 17:38:12;0;1
2017-10-07 17:39:21;0;1
2017-10-07 17:40:30;0;1
2017-10-07 17:41:39;0;1
2017-10-07 17:42:48;0;1
2017-10-07 17:43:57;0;1
2017-10-07 17:45:06;0;1
2017-10-07 17:46:15;0;1
2017-10-07 17:47:24;0;1
2017-10-07 17:48:33;0;1
2017-10-07 17:49:42;0;1
2017-10-07 17:50:51;0;1
2017-10-07 17:52:00;0;1
2017-10-07 17:53:09;0;1
2017-10-07 17:54:18;0;1
2017-10-07 17:55:27;0;1
2017-10-07 17:56:36;0;1
2017-10-07 17:57:45;0;1
2017-10-07 17:58:54;0;1
2017-10-07 18:00:03;0;1
2017-10-07 18:01:12;0;1
2017-10-07 18:02:21;0;1
2017-10-07 18:03:30;0;1
2017-10-07 18:04:39;0;1
2017-10-07 18:05:48;0;1
2017-10-07 18:06:57;0;1
2017-10-07 18:08:06;0;1
2017-10-07 18:09:15;0;1
2017-10-07 18:10:24;0;1
2017-10-07 18:11:33;0;1
2017-10-07 18:12:42;0;1
2017-10-07 18:13:51;0;1
2017-10-07 18:15:00;0;1
2017-10-07 18:16:09;0;1
2017-10-07 18:17:18;0;1
2017-10-07 18:18:27;0;1
2017-10-07 18:19:36;0;1
2017-10-07 18:20:45;0;1
2017-10-07 18:21:54;0;1
2017-10-07 18:23:03;0;1
2017-10-07 18:24:12;0;1
2017-10-07 18:25:21;0;1
2017-10-07 18:26:30;0;1
2017-10-07 18:27:39;0;1
2017-10-07 18:28:48;0;1
2017-10-07 18:29:57;0;1
2017-10-07 18:31:06;0;1
2017-10-07 18:32:15;0;1
2017-10-07 18:33:24;0;1
2017-10-07 18:34:33;0;1
2017-10-07 18:35:42;0;1
2017-10-07 18:36:51;0;1
2017-10-07 18:38:00;0;1
2017-10-07 18:39:09;0;1
2017-10-07 18:40:18;0;1
2017-10-07 18:41:27;0;1
2017-10-07 18:42:36;0;1
2017-10-07 18:43:45;0;1
2017-10-07 18:44:54;0;1
2017-10-07 18:46:03;0;1
2017-10-07 18:47:12;0;1
2017-10-07 18:48:21;0;1
2017-10-07 18:49:30;0;1
2017-10-07 18:50:39;0;1
2017-10-07 18:51:48;0;1
2017-10-07 18:52:57;0;1
2017-10-07 18:54:06;0;1
2017-10-07 18:55:15;0;1
2017-10-07 18:56:24;0;1
2017-10-07 18:57:33;0;1
2017-10-07 18:58:42;0;1
2017-10-07 18:59:51;0;1
2017-10-07 19:01:00;0;1
2017-10-07 19:02:09;0;1
2017-10-07 19:03:18;0;1
2017-10-07 19:04:27;0;1
2017-10-07 19:05:36;0;1
2017-10-07 19:06:45;0;1
2017-10-07 19:07:54;0;1
2017-10-07 19:09:03;0;1
2017-10-07 19:10:12;0;1
2017-10-07 19:11:21;0;1
2017-10-07 19:12:30;0;1
2017-10-07 19:13:39;0;1
2017-10-07 19:14:48;0;1
2017-10-07 19:15:57;0;1
2017-10-07 19:17:06;0;1
2017-10-07 19:18:15;0;1
2017-10-07 19:19:24;0;1
2017-10-07 19:20:33;0;1
2017-10-07 19:21:42;0;1
2017-10-07 19:22:51;0;1
2017-10-07 19:24:00;0;1
2017-10-07 19:25:09;0;1
2017-10-07 19:26:18;0;1
2017-10-07 19:27:27;0;1
2017-10-07 19:28:36;0;1
2017-10-07 19:29:45;0;1
2017-10-07 19:30:54;0;1
2017-10-07 19:32:03;0;1
2017-10-07 19:33:12;0;1
2017-10-07 19:34:21;0;1
2017-10-07 19:35:30;0;1
2017-10-07 19:36:39;0;1
2017-10-07 19:37:48;0;1
2017-10-07 19:38:57;0;1
2017-10-07 19:40:06;0;1
2017-10-07 19:41:15;0;1
2017-10-07 19:42:24;0;1
2017-10-07 19:43:33;0;1
2017-10-07 19:44:42;0;1
2017-10-07 19:45:51;0;1
2017-10-07 19:47:00;0;1
2017-10-07 19:48:09;0;1
2017-10-07 19:49:18;0;1
2017-10-07 19:50:27;0;1
2017-10-07 19:51:36;0;1
2017-10-07 19:52:45;0;1
2017-10-07 19:53:54;0;1
2017-10-07 19:55:03;0;1
2017-10-07 19:56:12;0;1
2017-10-07 19:57:21;0;1
2017-10-07 19:58:30;0;1
2017-10-07 19:59:39;0;1
2017-10-07 20:00:48;0;1
2017-10-07 20:01:57;0;1
2017-10-07 20:03:06;0;1
2017-10-07 20:04:15;0;1
2017-10-07 20:05:24;0;1
2017-10-07 20:06:33;0;1
2017-10-07 20:07:42;0;1
2017-10-07 20:08:51;0;1
2017-10-07 20:10:00;0;1
2017-10-07 20:11:09;0;1
2017-10-07 20:12:18;0;1
2017-10-07 20:13:27;0;1
2017-10-07 20:14:36;0;1
2017-10-07 20:15:45;0;1
2017-10-07 20:16:54;0;1
2017-10-07 20:18:03;0;1
2017-10-07 20:19:12;0;1
2017-10-07 20:20:21;0;1
2017-10-07 20:21:30;0;1
2017-10-07 20:22:39;0;1
2017-10-07 20:23:48;0;1
2017-10-07 20:24:57;0;1
2017-10-07 20:26:06;0;1
2017-10-07 20:27:15;0;1
2017-10-07 20:28:24;0;1
2017-10-07 20:29:33;0;1
2017-10-07 20:30:42;0;1
2017-10-07 20:31:51;0;1
2017-10-07 20:33:00;0;1
2017-10-07 20:34:09;0;1
2017-10-07 20:35:18;0;1
2017-10-07 20:36:27;0;1
2017-10-07 20:37:36;0;1
2017-10-07 20:38:45;0;1
2017-10-07 20:39:54;0;1
2017-10-07 20:41:03;0;1
2017-10-07 20:42:12;0;1
2017-10-07 20:43:21;0;1
2017-10-07 20:44:30;0;1
2017-10-07 20:45:39;0;1
2017-10-07 20:46:48;0;1
2017-10-07 20:47:57;0;1
2017-10-07 20:49:06;0;1
2017-10-07 20:50:15;0;1
2017-10-07 20:51:24;0;1
2017-10-07 20:52:33;0;1
2017-10-07 20:53:42;0;1
2017-10-07 20:54:51;0;1
2017-10-07 20:56:00;0;1
2017-10-07 20:57:09;0;1
2017-10-07 20:58:18;0;1
2017-10-07 20:59:27;0;1
2017-10-07 21:00:36;0;1
2017-10-07 21:01:45;0;1
2017-10-07 21:02:54;0;1
2017-10-07 21:04:03;0;1
2017-10-07 21:05:12;0;1
2017-10-07 21:06:21;0;1
2017-10-07 21:07:30;0;1
2017-10-07 21:08:39;0;1
2017-10-07 21:09:48;0;1
2017-10-07 21:10:57;0;1
2017-10-07 21:12:06;0;1
2017-10-07 21:13:15;0;1
2017-10-07 21:14:24;0;1
2017-10-07 21:15:33;0;1
2017-10-07 21:16:42;0;1
2017-10-07 21:17:51;0;1
2017-10-07 21:19:00;0;1
2017-10-07 21:20:09;0;1
2017-10-07 21:21:18;0;1
2017-10-07 21:22:27;0;1
2017-10-07 21:23:36;0;1
2017-10-07 21:24:45;0;1
2017-10-07 21:25:54;0;1
2017-10-07 21:27:03;0;1
2017-10-07 21:28:12;0;1
2017-10-07 21:29:21;0;1
2017-10-07 21:30:30;0;1
2017-10-07 21:31:39;0;1
2017-10-07 21:32:48;0;1
2017-10-07 21:33:57;0;1
2017-10-07 21:35:06;0;1
2017-10-07 21:36:15;0;1
2017-10-07 21:37:24;0;1
2017-10-07 21:38:33;0;1
2017-10-07 21:39:42;0;1
2017-10-07 21:40:51;0;1
2017-10-07 21:42:00;0;1
2017-10-07 21:43:09;0;1
2017-10-07 21:44:18;0;1
2017-10-07 21:45:27;0;1
2017-10-07 21:46:36;0;1
2017-10-07 21:47:45;0;1
2017-10-07 21:48:54;0;1
2017-10-07 21:50:03;0;1
2017-10-07 21:51:12;0;1
2017-10-07 21:52:21;0;1
2017-10-07 21:53:30;0;1
2017-10-07 21:54:39;0;1
2017-10-07 21:55:48;0;1
2017-10-07 21:56:57;0;1
2017-10-07 21:58:06;0;1
2017-10-07 21:59:15;0;1
2017-10-07 22:00:24;0;1
2017-10-07 22:01:33;0;1
2017-10-07 22:02:42;0;1
2017-10-07 22:03:51;0;1
2017-10-07 22:05:00;0;1
2017-10-07 22:06:09;0;1
2017-10-07 22:07:18;0;1
2017-10-07 22:08:27;0;1
2017-10-07 22:09:36;0;1
2017-10-07 22:10:45;0;1
2017-10-07 22:11:54;0;1
2017-10-07 22:13:03;0;1
2017-10-07 22:14:12;0;1
2017-10-07 22:15:21;0;1
2017-10-07 22:16:30;0;1
2017-10-07 22:17:39;0;1
2017-10-07 22:18:48;0;1
2017-10-07 22:19:57;0;1
2017-10-07 22:21:06;0;1
2017-10-07 22:22:15;0;1
2017-10-07 22:23:24;0;1
2017-10-07 22:24:33;0;1
2017-10-07 22:25:42;0;1
2017-10-07 22:26:51;0;1
2017-10-07 22:28:00;0;1
2017-10-07 22:29:09;0;1
2017-10-07 22:30:18;0;1
2017-10-07 22:31:27;0;1
2017-10-07 22:32:36;0;1
2017-10-07 22:33:45;0;1
2017-10-07 22:34:54;0;1
2017-10-07 22:36:03;0;1
2017-10-07 22:37:12;0;1
2017-10-07 22:38:21;0;1
2017-10-07 22:39:30;0;1
2017-10-07 22:40:39;0;1
2017-10-07 22:41:48;0;1
2017-10-07 22:42:57;0;1
2017-10-07 22:44:06;0;1
2017-10-07 22:45:15;0;1
2017-10-07 22:46:24;0;1
2017-10-07 22:47:33;0;1
2017-10-07 22:48:42;0;1
2017-10-07 22:49:51;0;1
2017-10-07 22:51:00;0;1
2017-10-07 22:52:09;0;1
2017-10-07 22:53:18;0;1
2017-10-07 22:54:27;0;1
2017-10-07 22:55:36;0;1
2017-10-07 22:56:45;0;1
2017-10-07 22:57:54;0;1
2017-10-07 22:59:03;0;1
2017-10-07 23:00:12;0;1
2017-10-07 23:01:21;0;1
2017-10-07 23:02:30;0;1
2017-10-07 23:03:39;0;1
2017-10-07 23:04:48;0;1
2017-10-07 23:05:57;0;1
2017-10-07 23:07:06;0;1
2017-10-07 23:08:15;0;1
2017-10-07 23:09:24;0;1
2017-10-07 23:10:33;0;1
2017-10-07 23:11:42;0;1
2017-10-07 23:12:51;0;1
2017-10-07 23:14:00;0;1
2017-10-07 23:15:09;0;1
2017-10-07 23:16:18;0;1
2017-10-07 23:17:27;0;1
2017-10-07 23:18:36;0;1
2017-10-07 23:19:45;0;1
2017-10-07 23:20:54;0;1
2017-10-07 23:22:03;0;1
2017-10-07 23:23:12;0;1
2017-10-07 23:24:21;0;1
2017-10-07 23:25:30;0;1
2017-10-07 23:26:39;0;1
2017-10-07 23:27:48;0;1
2017-10-07 23:28:57;0;1
2017-10-07 23:30:06;0;1
2017-10-07 23:31:15;0;1
2017-10-07 23:32:24;0;1
2017-10-07 23:33:33;0;1
2017-10-07 23:34:42;0;1
2017-10-07 23:35:51;0;1
2017-10-07 23:37:00;0;1
2017-10-07 23:38:09;0;1
2017-10-07 23:39:18;0;1
2017-10-07 23:40:27;0;1
2017-10-07 23:41:36;0;1
2017-10-07 23:42:45;0;1
2017-10-07 23:43:54;0;1
2017-10-07 23:45:03;0;1
2017-10-07 23:46:12;0;1
2017-10-07 23:47:21;0;1
2017-10-07 23:48:30;0;1
2017-10-07 23:49:39;0;1
2017-10-07 23:50:48;0;1
2017-10-07 23:51:57;0;1
2017-10-07 23:53:06;0;1
2017-10-07 23:54:15;0;1
2017-10-07 23:55:24;0;1
2017-10-07 23:56:33;0;1
2017-10-07 23:57:42;0;1
2017-10-07 23:58:51;0;1
2017-10-08 00:00:00;0;1
2017-10-08 00:01:09;0;1
2017-10-08 00:02:18;0;1
2017-10-08 00:03:27;0;1
2017-10-08 00:04:36;0;1
2017-10-08 00:05:45;0;1
2017-10-08 00:06:54;0;1
2017-10-08 00:08:03;0;1
2017-10-08 00:09:12;0;1
2017-10-08 00:10:21;0;1
2017-10-08 00:11:30;0;1
2017-10-08 00:12:39;0;1
2017-10-08 00:13:48;0;1
2017-10-08 00:14:57;0;1
2017-10-08 00:16:06;0;1
2017-10-08 00:17:15;0;1
2017-10-08 00:18:24;0;1
2017-10-08 00:19:33;0;1
2017-10-08 00:20:42;0;1
2017-10-08 00:21:51;0;1
2017-10-08 00:23:00;0;1
2017-10-08 00:24:09;0;1
2017-10-08 00:25:18;0;1
2017-10-08 00:26:27;0;1
2017-10-08 00:27:36;0;1
2017-10-08 00:28:45;0;1
2017-10-08 00:29:54;0;1
2017-10-08 00:31:03;0;1
2017-10-08 00:32:12;0;1
2017-10-08 00:33:21;0;1
2017-10-08 00:34:30;0;1
2017-10-08 00:35:39;0;1
2017-10-08 00:36:48;0;1
2017-10-08 00:37:57;0;1
2017-10-08 00:39:06;0;1
2017-10-08 00:40:15;0;1
2017-10-08 00:41:24;0;1
2017-10-08 00:42:33;0;1
2017-10-08 00:43:42;0;1
2017-10-08 00:44:51;0;1
2017-10-08 00:46:00;0;1
2017-10-08 00:47:09;0;1
2017-10-08 00:48:18;0;1
2017-10-08 00:49:27;0;1
2017-10-08 00:50:36;0;1
2017-10-08 00:51:45;0;1
2017-10-08 00:52:54;0;1
2017-10-08 00:54:03;0;1
2017-10-08 00:55:12;0;1
2017-10-08 00:56:21;0;1
2017-10-08 00:57:30;0;1
2017-10-08 00:58:39;0;1
2017-10-08 00:59:48;0;1
2017-10-08 01:00:57;0;1
2017-10-08 01:02:06;0;1
2017-10-08 01:03:15;0;1
2017-10-08 01:04:24;0;1
2017-10-08 01:05:33;0;1
2017-10-08 01:06:42;0;1
2017-10-08 01:07:51;0;1
2017-10-08 01:09:00;0;1
2017-10-08 01:10:09;0;1
2017-10-08 01:11:18;0;1
2017-10-08 01:12:27;0;1
2017-10-08 01:13:36;0;1
2017-10-08 01:14:45;0;1
2017-10-08 01:15:54;0;1
2017-10-08 01:17:03;0;1
2017-10-08 01:18:12;0;1
2017-10-08 01:19:21;0;1
2017-10-08 01:20:30;0;1
2017-10-08 01:21:39;0;1
2017-10-08 01:22:48;0;1
2017-10-08 01:23:57;0;1
2017-10-08 01:25:06;0;1
2017-10-08 01:26:15;0;1
2017-10-08 01:27:24;0;1
2017-10-08 01:28:33;0;1
2017-10-08 01:29:42;0;1
2017-10-08 01:30:51;0;1
2017-10-08 01:32:00;0;1
2017-10-08 01:33:09;0;1
2017-10-08 01:34:18;0;1
2017-10-08 01:35:27;0;1
2017-10-08 01:36:36;0;1
2017-10-08 01:37:45;0;1
2017-10-08 01:38:54;0;1
2017-10-08 01:40:03;0;1
2017-10-08 01:41:12;0;1
2017-10-08 01:42:21;0;1
2017-10-08 01:43:30;0;1
2017-10-08 01:44:39;0;1
2017-10-08 01:45:48;0;1
2017-10-08 01:46:57;0;1
2017-10-08 01:48:06;0;1
2017-10-08 01:49:15;0;1
2017-10-08 01:50:24;0;1
2017-10-08 01:51:33;0;1
2017-10-08 01:52:42;0;1
2017-10-08 01:53:51;0;1
2017-10-08 01:55:00;0;1
2017-10-08 01:56:09;0;1
2017-10-08 01:57:18;0;1
2017-10-08 01:58:27;0;1
2017-10-08 01:59:36;0;1
2017-10-08 02:00:45;0;1
2017-10-08 02:01:54;0;1
2017-10-08 02:03:03;0;1
2017-10-08 02:04:12;0;1
2017-10-08 02:05:21;0;1
2017-10-08 02:06:30;0;1
2017-10-08 02:07:39;0;1
2017-10-08 02:08:48;0;1
2017-10-08 02:09:57;0;1
2017-10-08 02:11:06;0;1
2017-10-08 02:12:15;0;1
2017-10-08 02:13:24;0;1
2017-10-08 02:14:33;0;1
2017-10-08 02:15:42;0;1
2017-10-08 02:16:51;0;1
2017-10-08 02:18:00;0;1
2017-10-08 02:19:09;0;1
2017-10-08 02:20:18;0;1
2017-10-08 02:21:27;0;1
2017-10-08 02:22:36;0;1
2017-10-08 02:23:45;0;1
2017-10-08 02:24:54;0;1
2017-10-08 02:26:03;0;1
2017-10-08 02:27:12;0;1
2017-10-08 02:28:21;0;1
2017-10-08 02:29:30;0;1
2017-10-08 02:30:39;0;1
2017-10-08 02:31:48;0;1
2017-10-08 02:32:57;0;1
2017-10-08 02:34:06;0;1
2017-10-08 02:35:15;0;1
2017-10-08 02:36:24;0;1
2017-10-08 02:37:33;0;1
2017-10-08 02:38:42;0;1
2017-10-08 02:39:51;0;1
2017-10-08 02:41:00;0;1
2017-10-08 02:42:09;0;1
2017-10-08 02:43:18;0;1
2017-10-08 02:44:27;0;1
2017-10-08 02:45:36;0;1
2017-10-08 02:46:45;0;1
2017-10-08 02:47:53;0;1
2017-10-08 02:49:02;0;1
2017-10-08 02:50:11;0;1
2017-10-08 02:51:20;0;1
2017-10-08 02:52:29;0;1
2017-10-08 02:53:38;0;1
2017-10-08 02:54:47;0;1
2017-10-08 02:55:56;0;1
2017-10-08 02:57:05;0;1
2017-10-08 02:58:14;0;1
2017-10-08 02:59:23;0;1
2017-10-08 03:00:32;0;1
2017-10-08 03:01:41;0;1
2017-10-08 03:02:50;0;1
2017-10-08 03:03:59;0;1
2017-10-08 03:05:08;0;1
2017-10-08 03:06:17;0;1
2017-10-08 03:07:26;0;1
2017-10-08 03:08:35;0;1
2017-10-08 03:09:44;0;1
2017-10-08 03:10:53;0;1
2017-10-08 03:12:02;0;1
2017-10-08 03:13:11;0;1
2017-10-08 03:14:20;0;1
2017-10-08 03:15:29;0;1
2017-10-08 03:16:38;0;1
2017-10-08 03:17:47;0;1
2017-10-08 03:18:56;0;1
2017-10-08 03:20:05;0;1
2017-10-08 03:21:14;0;1
2017-10-08 03:22:23;0;1
2017-10-08 03:23:32;0;1
2017-10-08 03:24:41;0;1
2017-10-08 03:25:50;0;1
2017-10-08 03:26:59;0;1
2017-10-08 03:28:08;0;1
2017-10-08 03:29:17;0;1
2017-10-08 03:30:26;0;1
2017-10-08 03:31:35;0;1
2017-10-08 03:32:44;0;1
2017-10-08 03:33:53;0;1
2017-10-08 03:35:02;0;1
2017-10-08 03:36:11;0;1
2017-10-08 03:37:20;0;1
2017-10-08 03:38:29;0;1
2017-10-08 03:39:38;0;1
2017-10-08 03:40:47;0;1
2017-10-08 03:41:56;0;1
2017-10-08 03:43:05;0;1
2017-10-08 03:44:14;0;1
2017-10-08 03:45:23;0;1
2017-10-08 03:46:32;0;1
2017-10-08 03:47:41;0;1
2017-10-08 03:48:50;0;1
2017-10-08 03:49:59;0;1
2017-10-08 03:51:08;0;1
2017-10-08 03:52:17;0;1
2017-10-08 03:53:26;0;1
2017-10-08 03:54:35;0;1
2017-10-08 03:55:44;0;1
2017-10-08 03:56:53;0;1
2017-10-08 03:58:02;0;1
2017-10-08 03:59:11;0;1
2017-10-08 04:00:20;0;1
2017-10-08 04:01:29;0;1
2017-10-08 04:02:38;0;1
2017-10-08 04:03:47;0;1
2017-10-08 04:04:56;0;1
2017-10-08 04:07:26;0;1
2017-10-08 04:08:42;0;1
2017-10-08 04:09:51;0;1
2017-10-08 04:11:00;0;1
2017-10-08 04:12:09;0;1
2017-10-08 04:13:18;0;1
2017-10-08 04:14:27;0;1
2017-10-08 04:15:36;0;1
2017-10-08 04:16:45;0;1
2017-10-08 04:17:54;0;1
2017-10-08 04:19:03;0;1
2017-10-08 04:20:12;0;1
2017-10-08 04:21:21;0;1
2017-10-08 04:22:30;0;1
2017-10-08 04:23:39;0;1
2017-10-08 04:24:48;0;1
2017-10-08 04:25:57;0;1
2017-10-08 04:27:06;0;1
2017-10-08 04:28:15;0;1
2017-10-08 04:29:24;0;1
2017-10-08 04:30:33;0;1
2017-10-08 04:31:42;0;1
2017-10-08 04:32:51;0;1
2017-10-08 04:34:00;0;1
2017-10-08 04:35:09;0;1
2017-10-08 04:36:18;0;1
2017-10-08 04:37:27;0;1
2017-10-08 04:38:36;0;1
2017-10-08 04:39:45;0;1
2017-10-08 04:40:54;0;1
2017-10-08 04:42:03;0;1
2017-10-08 04:43:12;0;1
2017-10-08 04:44:21;0;1
2017-10-08 04:45:30;0;1
2017-10-08 04:46:39;0;1
2017-10-08 04:47:48;0;1
2017-10-08 04:48:57;0;1
2017-10-08 04:50:06;0;1
2017-10-08 04:51:15;0;1
2017-10-08 04:52:24;0;1
2017-10-08 04:53:33;0;1
2017-10-08 04:54:42;0;1
2017-10-08 04:55:51;0;1
2017-10-08 04:57:00;0;1
2017-10-08 04:58:09;0;1
2017-10-08 04:59:18;0;1
2017-10-08 05:00:27;0;1
2017-10-08 05:01:36;0;1
2017-10-08 05:02:45;0;1
2017-10-08 05:03:54;0;1
2017-10-08 05:05:03;0;1
2017-10-08 05:06:12;0;1
2017-10-08 05:07:21;0;1
2017-10-08 05:08:30;0;1
2017-10-08 05:09:39;0;1
2017-10-08 05:10:48;0;1
2017-10-08 05:11:57;0;1
2017-10-08 05:13:06;0;1
2017-10-08 05:14:15;0;1
2017-10-08 05:15:24;0;1
2017-10-08 05:16:33;0;1
2017-10-08 05:17:42;0;1
2017-10-08 05:18:51;0;1
2017-10-08 05:20:00;0;1
2017-10-08 05:21:09;0;1
2017-10-08 05:22:18;0;1
2017-10-08 05:23:27;0;1
2017-10-08 05:24:36;0;1
2017-10-08 05:25:45;0;1
2017-10-08 05:26:54;0;1
2017-10-08 05:28:03;0;1
2017-10-08 05:29:12;0;1
2017-10-08 05:30:21;0;1
2017-10-08 05:31:30;0;1
2017-10-08 05:32:39;0;1
2017-10-08 05:33:48;0;1
2017-10-08 05:34:57;0;1
2017-10-08 05:36:06;0;1
2017-10-08 05:37:15;0;1
2017-10-08 05:38:24;0;1
2017-10-08 05:39:33;0;1
2017-10-08 05:40:42;0;1
2017-10-08 05:41:51;0;1
2017-10-08 05:43:00;0;1
2017-10-08 05:44:09;0;1
2017-10-08 05:45:18;0;1
2017-10-08 05:46:27;0;1
2017-10-08 05:47:36;0;1
2017-10-08 05:48:45;0;1
2017-10-08 05:49:54;0;1
2017-10-08 05:51:03;0;1
2017-10-08 05:52:12;0;1
2017-10-08 05:53:21;0;1
2017-10-08 05:54:30;0;1
2017-10-08 05:55:39;0;1
2017-10-08 05:56:48;0;1
2017-10-08 05:57:57;0;1
2017-10-08 05:59:06;0;1
2017-10-08 06:00:15;0;1
2017-10-08 06:01:24;0;1
2017-10-08 06:02:33;0;1
2017-10-08 06:03:42;0;1
2017-10-08 06:04:51;0;1
2017-10-08 06:06:00;782.654;1
2017-10-08 06:07:09;834.758;1
2017-10-08 06:08:18;730.445;1
2017-10-08 06:09:27;782.654;1
2017-10-08 06:10:36;782.62;1
2017-10-08 06:11:45;782.609;1
2017-10-08 06:12:54;782.552;1
2017-10-08 06:14:03;782.541;1
2017-10-08 06:15:12;782.665;1
2017-10-08 06:16:21;782.597;1
2017-10-08 06:17:30;730.414;1
2017-10-08 06:18:39;782.665;1
2017-10-08 06:19:48;782.62;1
2017-10-08 06:20:57;782.563;1
2017-10-08 06:22:06;782.609;1
2017-10-08 06:23:15;782.541;1
2017-10-08 06:24:24;730.467;1
2017-10-08 06:25:33;782.665;1
2017-10-08 06:26:42;782.665;1
2017-10-08 06:27:51;782.711;1
2017-10-08 06:29:00;782.609;1
2017-10-08 06:30:09;730.382;1
2017-10-08 06:31:18;782.643;1
2017-10-08 06:32:27;782.62;1
2017-10-08 06:33:36;782.62;1
2017-10-08 06:34:45;782.597;1
2017-10-08 06:35:54;730.361;1
2017-10-08 06:37:03;782.688;1
2017-10-08 06:38:12;782.575;1
2017-10-08 06:39:21;730.456;1
2017-10-08 06:40:30;782.552;1
2017-10-08 06:41:39;782.62;1
2017-10-08 06:42:48;782.677;1
2017-10-08 06:43:57;782.541;1
2017-10-08 06:45:06;782.529;1
2017-10-08 06:46:15;730.498;1
2017-10-08 06:47:24;782.699;1
2017-10-08 06:48:33;834.71;1
2017-10-08 06:49:42;730.424;1
2017-10-08 06:50:51;782.677;1
2017-10-08 06:52:00;782.609;1
2017-10-08 06:53:09;782.586;1
2017-10-08 06:54:18;782.529;1
2017-10-08 06:55:27;730.435;1
2017-10-08 06:56:36;782.654;1
2017-10-08 06:57:45;782.575;1
2017-10-08 06:58:54;782.563;1
2017-10-08 07:00:03;626.096;1
2017-10-08 07:01:12;678.29;1
2017-10-08 07:02:21;678.251;1
2017-10-08 07:03:30;678.241;1
2017-10-08 07:04:39;678.261;1
2017-10-08 07:05:48;626.078;1
2017-10-08 07:06:57;678.369;1
2017-10-08 07:08:06;678.163;1
2017-10-08 07:09:15;626.096;1
2017-10-08 07:10:24;678.3;1
2017-10-08 07:11:33;678.34;1
2017-10-08 07:12:42;678.163;1
2017-10-08 07:13:51;626.114;1
2017-10-08 07:15:00;678.222;1
2017-10-08 07:16:09;678.251;1
2017-10-08 07:17:18;626.105;1
2017-10-08 07:18:27;730.445;1
2017-10-08 07:19:36;626.069;1
2017-10-08 07:20:45;678.251;1
2017-10-08 07:21:54;626.069;1
2017-10-08 07:23:03;678.251;1
2017-10-08 07:24:12;678.31;1
2017-10-08 07:25:21;782.609;1
2017-10-08 07:26:30;1095.557;1
2017-10-08 07:27:39;1043.463;1
2017-10-08 07:28:48;1095.636;1
2017-10-08 07:29:57;1095.652;1
2017-10-08 07:31:06;1043.463;1
2017-10-08 07:32:15;1095.684;1
2017-10-08 07:33:24;730.498;1
2017-10-08 07:34:33;730.445;1
2017-10-08 07:35:42;730.392;1
2017-10-08 07:36:51;730.456;1
2017-10-08 07:38:00;730.424;1
2017-10-08 07:39:09;730.445;1
2017-10-08 07:40:18;782.575;1
2017-10-08 07:41:27;730.382;1
2017-10-08 07:42:36;730.498;1
2017-10-08 07:43:45;782.631;1
2017-10-08 07:44:54;730.414;1
2017-10-08 07:46:03;730.35;1
2017-10-08 07:47:12;730.456;1
2017-10-08 07:48:21;782.631;1
2017-10-08 07:49:30;730.435;1
2017-10-08 07:50:39;730.445;1
2017-10-08 07:51:48;730.519;1
2017-10-08 07:52:57;730.329;1
2017-10-08 07:54:06;782.575;1
2017-10-08 07:55:15;730.456;1
2017-10-08 07:56:24;730.456;1
2017-10-08 07:57:33;782.597;1
2017-10-08 07:58:42;730.361;1
2017-10-08 07:59:51;730.477;1
2017-10-08 08:01:00;782.609;1
2017-10-08 08:02:09;730.403;1
2017-10-08 08:03:18;730.498;1
2017-10-08 08:04:27;782.654;1
2017-10-08 08:05:36;730.318;1
2017-10-08 08:06:45;678.33;1
2017-10-08 08:07:54;730.477;1
2017-10-08 08:09:03;678.172;1
2017-10-08 08:10:12;730.541;1
2017-10-08 08:11:21;730.551;1
2017-10-08 08:12:30;678.34;1
2017-10-08 08:13:39;730.456;1
2017-10-08 08:14:48;678.31;1
2017-10-08 08:15:57;678.359;1
2017-10-08 08:17:06;678.31;1
2017-10-08 08:18:15;678.33;1
2017-10-08 08:19:24;626.114;1
2017-10-08 08:20:33;573.988;1
2017-10-08 08:21:42;626.141;1
2017-10-08 08:22:51;626.15;1
2017-10-08 08:24:00;573.971;1
2017-10-08 08:25:09;626.123;1
2017-10-08 08:26:18;574.021;1
2017-10-08 08:27:27;678.349;1
2017-10-08 08:28:36;626.16;1
2017-10-08 08:29:45;626.114;1
2017-10-08 08:30:54;678.34;1
2017-10-08 08:32:03;626.141;1
2017-10-08 08:33:12;678.31;1
2017-10-08 08:34:21;678.31;1
2017-10-08 08:35:30;626.132;1
2017-10-08 08:36:39;678.379;1
2017-10-08 08:37:48;626.169;1
2017-10-08 08:38:57;678.33;1
2017-10-08 08:40:06;626.096;1
2017-10-08 08:41:15;573.98;1
2017-10-08 08:42:24;678.271;1
2017-10-08 08:43:33;626.096;1
2017-10-08 08:44:42;626.132;1
2017-10-08 08:45:51;626.123;1
2017-10-08 08:47:00;626.196;1
2017-10-08 08:48:09;678.34;1
2017-10-08 08:49:18;573.921;1
2017-10-08 08:50:27;1982.724;1
2017-10-08 08:51:36;3182.932;1
2017-10-08 08:52:45;3287.433;1
2017-10-08 08:53:54;1304.48;1
2017-10-08 08:55:03;678.349;1
2017-10-08 08:56:12;730.519;1
2017-10-08 08:57:21;730.509;1
2017-10-08 08:58:30;678.34;1
2017-10-08 08:59:39;782.733;1
2017-10-08 09:00:48;782.677;1
2017-10-08 09:01:57;782.631;1
2017-10-08 09:03:06;678.349;1
2017-10-08 09:04:15;730.456;1
2017-10-08 09:05:24;730.456;1
2017-10-08 09:06:32;730.509;1
2017-10-08 09:07:41;678.3;1
2017-10-08 09:08:50;678.33;1
2017-10-08 09:09:59;626.178;1
2017-10-08 09:11:08;626.123;1
2017-10-08 09:12:17;626.15;1
2017-10-08 09:13:26;573.988;1
2017-10-08 09:14:35;573.938;1
2017-10-08 09:15:44;573.988;1
2017-10-08 09:16:53;626.123;1
2017-10-08 09:18:02;678.29;1
2017-10-08 09:19:11;626.141;1
2017-10-08 09:20:20;626.123;1
2017-10-08 09:21:29;1200.017;1
2017-10-08 09:22:38;1513.241;1
2017-10-08 09:23:47;1617.579;1
2017-10-08 09:24:56;1617.532;1
2017-10-08 09:26:05;1721.889;1
2017-10-08 09:27:14;1721.814;1
2017-10-08 09:28:23;1773.964;1
2017-10-08 09:29:32;1826.246;1
2017-10-08 09:30:41;3652.28;1
2017-10-08 09:31:50;3704.616;1
2017-10-08 09:32:59;3652.439;1
2017-10-08 09:34:08;3652.492;1
2017-10-08 09:35:17;3600.157;1
2017-10-08 09:36:26;3496.108;1
2017-10-08 09:37:35;3443.828;1
2017-10-08 09:38:44;3287.195;1
2017-10-08 09:39:53;3287.242;1
2017-10-08 09:41:02;3287.052;1
2017-10-08 09:42:11;1565.354;1
2017-10-08 09:43:20;1408.798;1
2017-10-08 09:44:29;1304.367;1
2017-10-08 09:45:38;1356.522;1
2017-10-08 09:46:47;1460.806;1
2017-10-08 09:47:56;2034.783;1
2017-10-08 09:49:05;3443.578;1
2017-10-08 09:50:14;3547.569;1
2017-10-08 09:51:23;3547.929;1
2017-10-08 09:52:32;3600;1
2017-10-08 09:53:41;3495.45;1
2017-10-08 09:54:50;3495.956;1
2017-10-08 09:55:59;1669.589;1
2017-10-08 09:57:08;1617.227;1
2017-10-08 09:58:17;2139.13;1
2017-10-08 09:59:26;2660.947;1
2017-10-08 10:00:35;1982.724;1
2017-10-08 10:01:44;3652.068;1
2017-10-08 10:02:53;4382.291;1
2017-10-08 10:04:02;3130.616;1
2017-10-08 10:05:11;2452.138;1
2017-10-08 10:06:20;2400.035;1
2017-10-08 10:07:29;2400;1
2017-10-08 10:08:38;1356.541;1
2017-10-08 10:09:47;469.586;1
2017-10-08 10:10:56;469.504;1
2017-10-08 10:12:05;521.762;1
2017-10-08 10:13:14;573.921;1
2017-10-08 10:14:23;573.871;1
2017-10-08 10:15:32;626.15;1
2017-10-08 10:16:41;626.087;1
2017-10-08 10:17:50;626.023;1
2017-10-08 10:18:59;573.921;1
2017-10-08 10:20:08;573.93;1
2017-10-08 10:21:17;521.724;1
2017-10-08 10:22:26;417.409;1
2017-10-08 10:23:35;364.953;1
2017-10-08 10:24:44;260.9;1
2017-10-08 10:25:53;365.239;1
2017-10-08 10:27:02;260.877;1
2017-10-08 10:28:11;313.071;1
2017-10-08 10:29:20;260.896;1
2017-10-08 10:30:29;313.084;1
2017-10-08 10:31:38;260.888;1
2017-10-08 10:32:47;208.717;1
2017-10-08 10:33:56;1982.695;1
2017-10-08 10:35:05;2139.068;1
2017-10-08 10:36:14;1930.379;1
2017-10-08 10:37:23;260.888;1
2017-10-08 10:38:32;0;1
2017-10-08 10:39:41;0;1
2017-10-08 10:40:50;1356.364;1
2017-10-08 10:41:59;2034.96;1
2017-10-08 10:43:08;2034.783;1
2017-10-08 10:44:17;2086.836;1
2017-10-08 10:45:26;2087.047;1
2017-10-08 10:46:35;1982.551;1
2017-10-08 10:47:44;1930.239;1
2017-10-08 10:48:53;1826.193;1
2017-10-08 10:50:02;1773.939;1
2017-10-08 10:51:11;1721.589;1
2017-10-08 10:52:20;1721.764;1
2017-10-08 10:53:29;1773.964;1
2017-10-08 10:54:38;1721.614;1
2017-10-08 10:55:47;1826.113;1
2017-10-08 10:56:56;939.185;1
2017-10-08 10:58:05;0;1
2017-10-08 10:59:14;0;1
2017-10-08 11:00:23;0;1
2017-10-08 11:01:32;52.172;1
2017-10-08 11:02:41;0;1
2017-10-08 11:03:50;0;1
2017-10-08 11:04:59;0;1
2017-10-08 11:06:08;0;1
2017-10-08 11:07:17;52.171;1
2017-10-08 11:08:26;52.172;1
2017-10-08 11:09:35;52.179;1
2017-10-08 11:10:44;0;1
2017-10-08 11:11:53;0;1
2017-10-08 11:13:02;0;1
2017-10-08 11:14:11;0;1
2017-10-08 11:15:20;0;1
2017-10-08 11:16:29;0;1
2017-10-08 11:17:38;0;1
2017-10-08 11:18:47;0;1
2017-10-08 11:19:56;0;1
2017-10-08 11:21:05;0;1
2017-10-08 11:22:14;0;1
2017-10-08 11:23:23;0;1
2017-10-08 11:24:32;0;1
2017-10-08 11:25:41;0;1
2017-10-08 11:26:50;0;1
2017-10-08 11:27:59;0;1
2017-10-08 11:29:08;0;1
2017-10-08 11:30:17;0;1
2017-10-08 11:31:26;0;1
2017-10-08 11:32:35;0;1
2017-10-08 11:33:44;0;1
2017-10-08 11:34:53;0;1
2017-10-08 11:36:02;0;1
2017-10-08 11:37:11;0;1
2017-10-08 11:38:20;0;1
2017-10-08 11:39:29;0;1
2017-10-08 11:40:38;0;1
2017-10-08 11:41:47;0;1
2017-10-08 11:42:56;0;1
2017-10-08 11:44:05;0;1
2017-10-08 11:45:14;0;1
2017-10-08 11:46:23;0;1
2017-10-08 11:47:32;0;1
2017-10-08 11:48:41;0;1
2017-10-08 11:49:50;0;1
2017-10-08 11:50:59;0;1
2017-10-08 11:52:08;0;1
2017-10-08 11:53:17;0;1
2017-10-08 11:54:26;0;1
2017-10-08 11:55:35;0;1
2017-10-08 11:56:44;0;1
2017-10-08 11:57:53;0;1
2017-10-08 11:59:02;0;1
2017-10-08 12:00:11;0;1
2017-10-08 12:01:20;0;1
2017-10-08 12:02:29;0;1
2017-10-08 12:03:38;0;1
2017-10-08 12:04:47;0;1
2017-10-08 12:05:56;0;1
2017-10-08 12:07:05;0;1
2017-10-08 12:08:14;0;1
2017-10-08 12:09:23;0;1
2017-10-08 12:10:32;0;1
2017-10-08 12:11:41;0;1
2017-10-08 12:12:50;0;1
2017-10-08 12:13:59;0;1
2017-10-08 12:15:08;0;1
2017-10-08 12:16:17;0;1
2017-10-08 12:17:26;0;1
2017-10-08 12:18:35;0;1
2017-10-08 12:19:44;0;1
2017-10-08 12:20:53;0;1
2017-10-08 12:22:02;0;1
2017-10-08 12:23:11;0;1
2017-10-08 12:24:20;0;1
2017-10-08 12:25:29;0;1
2017-10-08 12:26:38;0;1
2017-10-08 12:27:47;0;1
2017-10-08 12:28:56;0;1
2017-10-08 12:30:05;0;1
2017-10-08 12:31:14;0;1
2017-10-08 12:32:23;678.271;1
2017-10-08 12:33:32;1200.104;1
2017-10-08 12:34:41;1043.614;1
2017-10-08 12:35:50;782.609;1
2017-10-08 12:36:59;730.467;1
2017-10-08 12:38:08;678.32;1
2017-10-08 12:39:17;678.33;1
2017-10-08 12:40:26;0;1
2017-10-08 12:41:35;0;1
2017-10-08 12:42:44;0;1
2017-10-08 12:43:53;0;1
2017-10-08 12:45:02;0;1
2017-10-08 12:46:11;0;1
2017-10-08 12:47:20;0;1
2017-10-08 12:48:29;469.599;1
2017-10-08 12:49:38;1774.016;1
2017-10-08 12:50:47;2087.199;1
2017-10-08 12:51:56;2243.673;1
2017-10-08 12:53:05;2400.07;1
2017-10-08 12:54:14;2400.174;1
2017-10-08 12:55:23;2452.245;1
2017-10-08 12:56:32;2556.707;1
2017-10-08 12:57:41;2556.781;1
2017-10-08 12:58:50;2504.602;1
2017-10-08 12:59:59;1147.876;1
2017-10-08 13:01:08;0;1
2017-10-08 13:02:17;0;1
2017-10-08 13:03:26;0;1
2017-10-08 13:04:35;0;1
2017-10-08 13:05:44;104.366;1
2017-10-08 13:06:53;104.351;1
2017-10-08 13:08:02;156.54;1
2017-10-08 13:09:11;208.711;1
2017-10-08 13:10:20;260.896;1
2017-10-08 13:11:29;208.702;1
2017-10-08 13:12:38;208.699;1
2017-10-08 13:13:47;156.524;1
2017-10-08 13:14:56;156.533;1
2017-10-08 13:16:05;156.526;1
2017-10-08 13:17:14;156.544;1
2017-10-08 13:18:23;156.533;1
2017-10-08 13:19:32;104.358;1
2017-10-08 13:20:41;104.348;1
2017-10-08 13:21:50;52.175;1
2017-10-08 13:22:59;52.174;1
2017-10-08 13:24:08;52.177;1
2017-10-08 13:25:17;0;1
2017-10-08 13:26:26;52.178;1
2017-10-08 13:27:35;0;1
2017-10-08 13:28:44;0;1
2017-10-08 13:29:53;0;1
2017-10-08 13:31:02;0;1
2017-10-08 13:32:11;52.178;1
2017-10-08 13:33:20;104.351;1
2017-10-08 13:34:29;313.053;1
2017-10-08 13:35:38;208.708;1
2017-10-08 13:36:47;156.533;1
2017-10-08 13:37:56;156.529;1
2017-10-08 13:39:05;156.547;1
2017-10-08 13:40:14;208.693;1
2017-10-08 13:41:23;52.178;1
2017-10-08 13:42:32;0;1
2017-10-08 13:43:41;0;1
2017-10-08 13:44:50;0;1
2017-10-08 13:45:59;0;1
2017-10-08 13:47:08;0;1
2017-10-08 13:48:17;0;1
2017-10-08 13:49:26;0;1
2017-10-08 13:50:35;0;1
2017-10-08 13:51:44;0;1
2017-10-08 13:52:53;0;1
2017-10-08 13:54:02;0;1
2017-10-08 13:55:11;0;1
2017-10-08 13:56:20;0;1
2017-10-08 13:57:29;0;1
2017-10-08 13:58:38;0;1
2017-10-08 13:59:47;0;1
2017-10-08 14:00:56;0;1
2017-10-08 14:02:05;0;1
2017-10-08 14:03:14;0;1
2017-10-08 14:04:23;0;1
2017-10-08 14:05:32;0;1
2017-10-08 14:06:41;0;1
2017-10-08 14:07:50;0;1
2017-10-08 14:08:59;0;1
2017-10-08 14:10:08;0;1
2017-10-08 14:11:17;0;1
2017-10-08 14:12:26;0;1
2017-10-08 14:13:35;0;1
2017-10-08 14:14:44;0;1
2017-10-08 14:15:53;0;1
2017-10-08 14:17:02;0;1
2017-10-08 14:18:11;52.174;1
2017-10-08 14:19:20;52.176;1
2017-10-08 14:20:29;156.526;1
2017-10-08 14:21:38;104.36;1
2017-10-08 14:22:47;52.168;1
2017-10-08 14:23:56;0;1
2017-10-08 14:25:05;0;1
2017-10-08 14:26:14;0;1
2017-10-08 14:27:23;52.167;1
2017-10-08 14:28:32;104.354;1
2017-10-08 14:29:41;52.172;1
2017-10-08 14:30:50;52.173;1
2017-10-08 14:31:59;0;1
2017-10-08 14:33:08;0;1
2017-10-08 14:34:17;0;1
2017-10-08 14:35:26;0;1
2017-10-08 14:36:35;52.172;1
2017-10-08 14:37:44;156.529;1
2017-10-08 14:38:53;104.339;1
2017-10-08 14:40:02;208.687;1
2017-10-08 14:41:11;104.349;1
2017-10-08 14:42:20;208.711;1
2017-10-08 14:43:29;156.531;1
2017-10-08 14:44:38;208.674;1
2017-10-08 14:45:47;156.529;1
2017-10-08 14:46:56;469.572;1
2017-10-08 14:48:05;2086.957;1
2017-10-08 14:49:14;2034.753;1
2017-10-08 14:50:23;2034.458;1
2017-10-08 14:51:32;2035.078;1
2017-10-08 14:52:41;2086.715;1
2017-10-08 14:53:50;2139.347;1
2017-10-08 14:54:59;2139.037;1
2017-10-08 14:56:08;573.938;1
2017-10-08 14:57:17;260.839;1
2017-10-08 14:58:26;208.699;1
2017-10-08 14:59:35;260.877;1
2017-10-08 15:00:44;208.705;1
2017-10-08 15:01:53;260.847;1
2017-10-08 15:03:02;260.877;1
2017-10-08 15:04:11;260.862;1
2017-10-08 15:05:20;260.87;1
2017-10-08 15:06:29;313.034;1
2017-10-08 15:07:38;939.13;1
2017-10-08 15:08:47;417.379;1
2017-10-08 15:09:56;417.379;1
2017-10-08 15:11:05;2347.86;1
2017-10-08 15:12:14;2295.619;1
2017-10-08 15:13:23;2347.86;1
2017-10-08 15:14:32;2295.685;1
2017-10-08 15:15:41;2452.281;1
2017-10-08 15:16:50;2973.999;1
2017-10-08 15:17:59;2922.205;1
2017-10-08 15:19:08;2974.172;1
2017-10-08 15:20:17;2921.824;1
2017-10-08 15:21:26;2347.996;1
2017-10-08 15:22:35;2974.301;1
2017-10-08 15:23:44;2295.719;1
2017-10-08 15:24:53;2347.996;1
2017-10-08 15:26:02;2348.098;1
2017-10-08 15:27:11;2295.652;1
2017-10-08 15:28:20;2400.244;1
2017-10-08 15:29:29;2400.244;1
2017-10-08 15:30:38;2400.139;1
2017-10-08 15:31:47;2504.675;1
2017-10-08 15:32:56;2556.929;1
2017-10-08 15:34:05;2556.744;1
2017-10-08 15:35:14;2556.596;1
2017-10-08 15:36:23;2504.602;1
2017-10-08 15:37:32;2504.602;1
2017-10-08 15:38:41;2452.387;1
2017-10-08 15:39:50;2400.209;1
2017-10-08 15:40:59;2347.996;1
2017-10-08 15:42:08;2243.608;1
2017-10-08 15:43:17;2243.706;1
2017-10-08 15:44:26;1930.687;1
2017-10-08 15:45:35;626.123;1
2017-10-08 15:46:44;2295.918;1
2017-10-08 15:47:53;260.877;1
2017-10-08 15:49:02;1513.153;1
2017-10-08 15:50:11;782.665;1
2017-10-08 15:51:20;260.896;1
2017-10-08 15:52:29;1878.533;1
2017-10-08 15:53:38;260.896;1
2017-10-08 15:54:47;260.896;1
2017-10-08 15:55:56;208.708;1
2017-10-08 15:57:05;208.726;1
2017-10-08 15:58:14;260.888;1
2017-10-08 15:59:23;104.348;1
2017-10-08 16:00:32;156.531;1
2017-10-08 16:01:41;156.533;1
2017-10-08 16:02:50;313.062;1
2017-10-08 16:03:59;313.057;1
2017-10-08 16:05:08;417.428;1
2017-10-08 16:06:17;521.8;1
2017-10-08 16:07:26;521.785;1
2017-10-08 16:08:35;469.599;1
2017-10-08 16:09:44;521.754;1
2017-10-08 16:10:53;626.114;1
2017-10-08 16:12:02;573.955;1
2017-10-08 16:13:11;626.15;1
2017-10-08 16:14:20;626.096;1
2017-10-08 16:15:29;678.34;1
2017-10-08 16:16:38;730.519;1
2017-10-08 16:17:47;730.488;1
2017-10-08 16:18:56;469.613;1
2017-10-08 16:20:05;365.233;1
2017-10-08 16:21:14;417.44;1
2017-10-08 16:22:23;417.403;1
2017-10-08 16:23:32;417.428;1
2017-10-08 16:24:41;417.409;1
2017-10-08 16:25:50;417.446;1
2017-10-08 16:26:59;417.409;1
2017-10-08 16:28:08;417.391;1
2017-10-08 16:29:17;469.633;1
2017-10-08 16:30:26;469.599;1
2017-10-08 16:31:35;417.379;1
2017-10-08 16:32:44;469.606;1
2017-10-08 16:33:53;417.434;1
2017-10-08 16:35:02;417.416;1
2017-10-08 16:36:11;469.606;1
2017-10-08 16:37:20;469.592;1
2017-10-08 16:38:29;469.586;1
2017-10-08 16:39:38;521.747;1
2017-10-08 16:40:47;521.754;1
2017-10-08 16:41:56;521.739;1
2017-10-08 16:43:05;521.777;1
2017-10-08 16:44:14;521.785;1
2017-10-08 16:45:23;469.586;1
2017-10-08 16:46:32;521.83;1
2017-10-08 16:47:41;417.428;1
2017-10-08 16:48:50;469.572;1
2017-10-08 16:49:59;469.599;1
2017-10-08 16:51:08;417.422;1
2017-10-08 16:52:17;417.434;1
2017-10-08 16:53:26;417.416;1
2017-10-08 16:54:34;469.606;1
2017-10-08 16:55:43;469.599;1
2017-10-08 16:56:52;521.754;1
2017-10-08 16:58:01;469.579;1
2017-10-08 16:59:10;573.988;1
2017-10-08 17:00:19;626.114;1
2017-10-08 17:01:28;626.178;1
2017-10-08 17:02:37;678.3;1
2017-10-08 17:03:46;678.32;1
2017-10-08 17:04:55;730.467;1
2017-10-08 17:06:04;626.178;1
2017-10-08 17:07:13;626.051;1
2017-10-08 17:08:22;573.938;1
2017-10-08 17:09:31;573.896;1
2017-10-08 17:10:40;521.686;1
2017-10-08 17:11:49;521.716;1
2017-10-08 17:12:58;417.403;1
2017-10-08 17:14:07;365.228;1
2017-10-08 17:15:16;417.428;1
2017-10-08 17:16:25;469.552;1
2017-10-08 17:17:34;573.913;1
2017-10-08 17:18:43;573.913;1
2017-10-08 17:19:52;573.938;1
2017-10-08 17:21:01;469.518;1
2017-10-08 17:22:10;521.762;1
2017-10-08 17:23:19;521.754;1
2017-10-08 17:24:28;521.664;1
2017-10-08 17:25:37;521.747;1
2017-10-08 17:26:46;573.93;1
2017-10-08 17:27:55;573.888;1
2017-10-08 17:29:04;521.754;1
2017-10-08 17:30:13;573.896;1
2017-10-08 17:31:22;469.592;1
2017-10-08 17:32:31;521.724;1
2017-10-08 17:33:40;521.716;1
2017-10-08 17:34:49;469.565;1
2017-10-08 17:35:58;521.807;1
2017-10-08 17:37:07;521.686;1
2017-10-08 17:38:16;573.938;1
2017-10-08 17:39:25;573.896;1
2017-10-08 17:40:34;573.88;1
2017-10-08 17:41:43;573.921;1
2017-10-08 17:42:52;626.078;1
2017-10-08 17:44:01;626.078;1
2017-10-08 17:45:10;573.938;1
2017-10-08 17:46:19;573.871;1
2017-10-08 17:47:28;626.114;1
2017-10-08 17:48:37;573.946;1
2017-10-08 17:49:46;521.732;1
2017-10-08 17:50:55;469.524;1
2017-10-08 17:52:04;469.572;1
2017-10-08 17:53:13;469.62;1
2017-10-08 17:54:22;521.709;1
2017-10-08 17:55:31;521.769;1
2017-10-08 17:56:40;573.988;1
2017-10-08 17:57:49;573.955;1
2017-10-08 17:58:58;573.938;1
2017-10-08 18:00:07;573.996;1
2017-10-08 18:01:16;626.141;1
2017-10-08 18:02:25;678.349;1
2017-10-08 18:03:34;834.904;1
2017-10-08 18:04:43;1043.554;1
2017-10-08 18:05:52;1200.104;1
2017-10-08 18:07:01;2452.565;1
2017-10-08 18:08:10;3130.752;1
2017-10-08 18:09:19;3548.135;1
2017-10-08 18:10:28;4225.964;1
2017-10-08 18:11:37;2661.101;1
2017-10-08 18:12:46;2348.132;1
2017-10-08 18:13:55;2921.951;1
2017-10-08 18:15:04;4069.683;1
2017-10-08 18:16:13;3809.358;1
2017-10-08 18:17:22;3861.149;1
2017-10-08 18:18:31;3861.093;1
2017-10-08 18:19:40;2556.781;1
2017-10-08 18:20:49;2713.122;1
2017-10-08 18:21:58;2243.738;1
2017-10-08 18:23:07;2034.989;1
2017-10-08 18:24:16;1460.891;1
2017-10-08 18:25:25;1408.777;1
2017-10-08 18:26:34;1460.912;1
2017-10-08 18:27:43;1513.065;1
2017-10-08 18:28:52;1513.109;1
2017-10-08 18:30:01;1513.109;1
2017-10-08 18:31:10;1669.662;1
2017-10-08 18:32:19;1669.735;1
2017-10-08 18:33:28;1721.864;1
2017-10-08 18:34:37;1721.764;1
2017-10-08 18:35:46;1773.99;1
2017-10-08 18:36:55;1774.093;1
2017-10-08 18:38:04;1774.042;1
2017-10-08 18:39:13;1826.193;1
2017-10-08 18:40:22;2243.608;1
2017-10-08 18:41:31;1826.272;1
2017-10-08 18:42:40;1826.352;1
2017-10-08 18:43:49;1878.506;1
2017-10-08 18:44:58;1826.272;1
2017-10-08 18:46:07;1930.519;1
2017-10-08 18:47:16;1878.424;1
2017-10-08 18:48:25;1878.261;1
2017-10-08 18:49:34;2034.989;1
2017-10-08 18:50:43;1565.217;1
2017-10-08 18:51:52;1095.795;1
2017-10-08 18:53:01;1147.893;1
2017-10-08 18:54:10;1617.555;1
2017-10-08 18:55:19;1826.246;1
2017-10-08 18:56:28;1878.397;1
2017-10-08 18:57:37;1878.56;1
2017-10-08 18:58:46;1826.166;1
2017-10-08 18:59:55;4591.437;1
2017-10-08 19:01:04;4591.77;1
2017-10-08 19:02:13;3026.482;1
2017-10-08 19:03:22;3078.529;1
2017-10-08 19:04:31;3026.438;1
2017-10-08 19:05:40;3078.261;1
2017-10-08 19:06:49;2974.042;1
2017-10-08 19:07:58;3078.529;1
2017-10-08 19:09:07;3078.484;1
2017-10-08 19:10:16;3078.439;1
2017-10-08 19:11:25;2921.57;1
2017-10-08 19:12:34;2870.064;1
2017-10-08 19:13:43;2191.463;1
2017-10-08 19:14:52;2191.59;1
2017-10-08 19:16:01;2660.985;1
2017-10-08 19:17:10;3182.885;1
2017-10-08 19:18:19;3078.439;1
2017-10-08 19:19:28;3130.571;1
2017-10-08 19:20:37;3026.394;1
2017-10-08 19:21:46;2295.752;1
2017-10-08 19:22:55;2243.706;1
2017-10-08 19:24:04;1200.122;1
2017-10-08 19:25:13;1252.065;1
2017-10-08 19:26:22;1147.793;1
2017-10-08 19:27:31;1252.283;1
2017-10-08 19:28:40;1408.492;1
2017-10-08 19:29:49;1513.307;1
2017-10-08 19:30:58;1564.945;1
2017-10-08 19:32:07;1513.153;1
2017-10-08 19:33:16;1513.087;1
2017-10-08 19:34:25;1512.956;1
2017-10-08 19:35:34;1565.263;1
2017-10-08 19:36:43;1460.997;1
2017-10-08 19:37:52;1512.912;1
2017-10-08 19:39:01;1513.065;1
2017-10-08 19:40:10;1460.954;1
2017-10-08 19:41:19;1512.934;1
2017-10-08 19:42:28;1512.868;1
2017-10-08 19:43:37;1461.039;1
2017-10-08 19:44:46;1512.956;1
2017-10-08 19:45:55;1513.109;1
2017-10-08 19:47:04;1460.806;1
2017-10-08 19:48:13;1513.022;1
2017-10-08 19:49:22;1513.065;1
2017-10-08 19:50:31;1460.806;1
2017-10-08 19:51:40;1513.131;1
2017-10-08 19:52:49;1513.087;1
2017-10-08 19:53:58;1460.912;1
2017-10-08 19:55:07;1513.131;1
2017-10-08 19:56:16;1460.912;1
2017-10-08 19:57:25;1408.777;1
2017-10-08 19:58:34;1356.561;1
2017-10-08 19:59:43;1408.736;1
2017-10-08 20:00:52;1356.502;1
2017-10-08 20:02:01;1408.757;1
2017-10-08 20:03:10;1356.561;1
2017-10-08 20:04:19;1460.848;1
2017-10-08 20:05:28;1356.482;1
2017-10-08 20:06:37;1252.301;1
2017-10-08 20:07:46;1095.652;1
2017-10-08 20:08:55;1095.62;1
2017-10-08 20:10:04;1147.876;1
2017-10-08 20:11:13;1147.776;1
2017-10-08 20:12:22;1095.684;1
2017-10-08 20:13:31;1147.809;1
2017-10-08 20:14:40;1043.524;1
2017-10-08 20:15:49;991.261;1
2017-10-08 20:16:58;939.076;1
2017-10-08 20:18:07;991.319;1
2017-10-08 20:19:16;939.158;1
2017-10-08 20:20:25;991.29;1
2017-10-08 20:21:34;939.076;1
2017-10-08 20:22:43;991.362;1
2017-10-08 20:23:52;939.212;1
2017-10-08 20:25:01;939.022;1
2017-10-08 20:26:10;991.391;1
2017-10-08 20:27:19;939.158;1
2017-10-08 20:28:28;991.233;1
2017-10-08 20:29:37;991.29;1
2017-10-08 20:30:46;991.204;1
2017-10-08 20:31:55;939.076;1
2017-10-08 20:33:04;991.347;1
2017-10-08 20:34:13;991.333;1
2017-10-08 20:35:22;991.304;1
2017-10-08 20:36:31;991.247;1
2017-10-08 20:37:40;939.158;1
2017-10-08 20:38:49;991.362;1
2017-10-08 20:39:58;991.304;1
2017-10-08 20:41:07;939.049;1
2017-10-08 20:42:16;991.29;1
2017-10-08 20:43:25;991.376;1
2017-10-08 20:44:34;991.276;1
2017-10-08 20:45:43;939.144;1
2017-10-08 20:46:52;991.333;1
2017-10-08 20:48:01;939.062;1
2017-10-08 20:49:10;991.419;1
2017-10-08 20:50:19;991.304;1
2017-10-08 20:51:28;939.035;1
2017-10-08 20:52:37;991.333;1
2017-10-08 20:53:46;939.158;1
2017-10-08 20:54:55;991.29;1
2017-10-08 20:56:04;939.13;1
2017-10-08 20:57:13;991.333;1
2017-10-08 20:58:22;991.29;1
2017-10-08 20:59:31;939.09;1
2017-10-08 21:00:40;991.261;1
2017-10-08 21:01:49;939.158;1
2017-10-08 21:02:58;939.076;1
2017-10-08 21:04:07;991.29;1
2017-10-08 21:05:16;939.144;1
2017-10-08 21:06:25;991.333;1
2017-10-08 21:07:34;939.144;1
2017-10-08 21:08:43;991.333;1
2017-10-08 21:09:52;939.103;1
2017-10-08 21:11:01;939.144;1
2017-10-08 21:12:10;990.644;1
2017-10-08 21:13:19;939.267;1
2017-10-08 21:14:28;991.146;1
2017-10-08 21:15:37;939.185;1
2017-10-08 21:16:46;939.09;1
2017-10-08 21:17:55;991.333;1
2017-10-08 21:19:04;991.29;1
2017-10-08 21:20:13;782.575;1
2017-10-08 21:21:22;834.746;1
2017-10-08 21:22:31;886.918;1
2017-10-08 21:23:40;887.034;1
2017-10-08 21:24:49;991.347;1
2017-10-08 21:25:58;1043.463;1
2017-10-08 21:27:07;1043.388;1
2017-10-08 21:28:16;1043.554;1
2017-10-08 21:29:25;1043.554;1
2017-10-08 21:30:34;991.304;1
2017-10-08 21:31:43;1043.372;1
2017-10-08 21:32:52;1043.569;1
2017-10-08 21:34:01;1043.433;1
2017-10-08 21:35:10;1043.554;1
2017-10-08 21:36:19;1043.463;1
2017-10-08 21:37:28;991.189;1
2017-10-08 21:38:37;991.319;1
2017-10-08 21:39:46;1043.569;1
2017-10-08 21:40:55;886.815;1
2017-10-08 21:42:04;939.267;1
2017-10-08 21:43:13;886.957;1
2017-10-08 21:44:22;886.969;1
2017-10-08 21:45:31;939.022;1
2017-10-08 21:46:40;886.957;1
2017-10-08 21:47:49;887.034;1
2017-10-08 21:48:58;886.944;1
2017-10-08 21:50:07;939.062;1
2017-10-08 21:51:16;834.843;1
2017-10-08 21:52:25;886.828;1
2017-10-08 21:53:34;939.185;1
2017-10-08 21:54:43;887.021;1
2017-10-08 21:55:52;887.008;1
2017-10-08 21:57:01;886.879;1
2017-10-08 21:58:10;886.982;1
2017-10-08 21:59:19;886.905;1
2017-10-08 22:00:28;886.944;1
2017-10-08 22:01:37;886.828;1
2017-10-08 22:02:46;887.034;1
2017-10-08 22:03:55;887.059;1
2017-10-08 22:05:04;678.182;1
2017-10-08 22:06:13;0;1
2017-10-08 22:07:22;0;1
2017-10-08 22:08:31;0;1
2017-10-08 22:09:40;0;1
2017-10-08 22:10:49;0;1
2017-10-08 22:11:58;0;1
2017-10-08 22:13:07;0;1
2017-10-08 22:14:16;0;1
2017-10-08 22:15:25;0;1
2017-10-08 22:16:34;0;1
2017-10-08 22:17:43;0;1
2017-10-08 22:18:52;0;1
2017-10-08 22:20:01;0;1
2017-10-08 22:21:10;0;1
2017-10-08 22:22:19;0;1
2017-10-08 22:23:28;0;1
2017-10-08 22:24:37;0;1
2017-10-08 22:25:46;0;1
2017-10-08 22:26:55;0;1
2017-10-08 22:28:04;0;1
2017-10-08 22:29:13;0;1
2017-10-08 22:30:22;0;1
2017-10-08 22:31:31;0;1
2017-10-08 22:32:40;0;1
2017-10-08 22:33:49;0;1
2017-10-08 22:34:58;0;1
2017-10-08 22:36:07;0;1
2017-10-08 22:37:16;0;1
2017-10-08 22:38:25;0;1
2017-10-08 22:39:34;0;1
2017-10-08 22:40:43;0;1
2017-10-08 22:41:52;0;1
2017-10-08 22:43:01;0;1
2017-10-08 22:44:10;0;1
2017-10-08 22:45:19;0;1
2017-10-08 22:46:28;0;1
2017-10-08 22:47:37;0;1
2017-10-08 22:48:46;0;1
2017-10-08 22:49:55;0;1
2017-10-08 22:51:04;0;1
2017-10-08 22:52:13;0;1
2017-10-08 22:53:22;0;1
2017-10-08 22:54:31;0;1
2017-10-08 22:55:40;0;1
2017-10-08 22:56:49;0;1
2017-10-08 22:57:58;0;1
2017-10-08 22:59:07;0;1
2017-10-08 23:00:16;0;1
2017-10-08 23:01:25;0;1
2017-10-08 23:02:34;0;1
2017-10-08 23:03:43;0;1
2017-10-08 23:04:52;0;1
2017-10-08 23:06:01;0;1
2017-10-08 23:07:10;0;1
2017-10-08 23:08:19;0;1
2017-10-08 23:09:28;0;1
2017-10-08 23:10:37;0;1
2017-10-08 23:11:46;0;1
2017-10-08 23:12:55;0;1
2017-10-08 23:14:04;0;1
2017-10-08 23:15:13;0;1
2017-10-08 23:16:22;0;1
2017-10-08 23:17:31;0;1
2017-10-08 23:18:40;0;1
2017-10-08 23:19:49;0;1
2017-10-08 23:20:58;0;1
2017-10-08 23:22:07;0;1
2017-10-08 23:23:16;0;1
2017-10-08 23:24:25;0;1
2017-10-08 23:25:34;0;1
2017-10-08 23:26:43;0;1
2017-10-08 23:27:52;0;1
2017-10-08 23:29:01;0;1
2017-10-08 23:30:10;0;1
2017-10-08 23:31:19;0;1
2017-10-08 23:32:28;0;1
2017-10-08 23:33:37;0;1
2017-10-08 23:34:46;0;1
2017-10-08 23:35:55;0;1
2017-10-08 23:37:04;0;1
2017-10-08 23:38:13;0;1
2017-10-08 23:39:22;0;1
2017-10-08 23:40:31;0;1
2017-10-08 23:41:40;0;1
2017-10-08 23:42:49;0;1
2017-10-08 23:43:58;0;1
2017-10-08 23:45:07;0;1
2017-10-08 23:46:16;0;1
2017-10-08 23:47:25;0;1
2017-10-08 23:48:34;0;1
2017-10-08 23:49:43;0;1
2017-10-08 23:50:52;0;1
2017-10-08 23:52:01;0;1
2017-10-08 23:53:10;0;1
2017-10-08 23:54:19;0;1
2017-10-08 23:55:28;0;1
2017-10-08 23:56:37;0;1
2017-10-08 23:57:46;0;1
2017-10-08 23:58:55;0;1
2017-10-09 00:00:04;0;1
2017-10-09 00:01:13;0;1
2017-10-09 00:02:22;0;1
2017-10-09 00:03:31;0;1
2017-10-09 00:04:40;0;1
2017-10-09 00:05:49;0;1
2017-10-09 00:06:58;0;1
2017-10-09 00:08:07;0;1
2017-10-09 00:09:16;0;1
2017-10-09 00:10:25;0;1
2017-10-09 00:11:34;0;1
2017-10-09 00:12:43;0;1
2017-10-09 00:13:52;0;1
2017-10-09 00:15:01;0;1
2017-10-09 00:16:10;0;1
2017-10-09 00:17:19;0;1
2017-10-09 00:18:28;0;1
2017-10-09 00:19:37;0;1
2017-10-09 00:20:46;0;1
2017-10-09 00:21:55;0;1
2017-10-09 00:23:04;0;1
2017-10-09 00:24:13;0;1
2017-10-09 00:25:22;0;1
2017-10-09 00:26:31;0;1
2017-10-09 00:27:40;0;1
2017-10-09 00:28:49;0;1
2017-10-09 00:29:58;0;1
2017-10-09 00:31:07;0;1
2017-10-09 00:32:16;0;1
2017-10-09 00:33:25;0;1
2017-10-09 00:34:34;0;1
2017-10-09 00:35:43;0;1
2017-10-09 00:36:52;0;1
2017-10-09 00:38:01;0;1
2017-10-09 00:39:10;0;1
2017-10-09 00:40:19;0;1
2017-10-09 00:41:28;0;1
2017-10-09 00:42:37;0;1
2017-10-09 00:43:46;0;1
2017-10-09 00:44:55;0;1
2017-10-09 00:46:04;0;1
2017-10-09 00:47:13;0;1
2017-10-09 00:48:22;0;1
2017-10-09 00:49:31;0;1
2017-10-09 00:50:40;0;1
2017-10-09 00:51:49;0;1
2017-10-09 00:52:58;0;1
2017-10-09 00:54:07;0;1
2017-10-09 00:55:16;0;1
2017-10-09 00:56:25;0;1
2017-10-09 00:57:34;0;1
2017-10-09 00:58:43;0;1
2017-10-09 00:59:52;0;1
2017-10-09 01:01:01;0;1
2017-10-09 01:02:10;0;1
2017-10-09 01:03:19;0;1
2017-10-09 01:04:28;0;1
2017-10-09 01:05:37;0;1
2017-10-09 01:06:46;0;1
2017-10-09 01:07:55;0;1
2017-10-09 01:09:04;0;1
2017-10-09 01:10:13;0;1
2017-10-09 01:11:22;0;1
2017-10-09 01:12:31;0;1
2017-10-09 01:13:40;0;1
2017-10-09 01:14:49;0;1
2017-10-09 01:15:58;0;1
2017-10-09 01:17:07;0;1
2017-10-09 01:18:16;0;1
2017-10-09 01:19:25;0;1
2017-10-09 01:20:34;0;1
2017-10-09 01:21:43;0;1
2017-10-09 01:22:52;0;1
2017-10-09 01:24:01;0;1
2017-10-09 01:25:10;0;1
2017-10-09 01:26:19;0;1
2017-10-09 01:27:28;0;1
2017-10-09 01:28:37;0;1
2017-10-09 01:29:46;0;1
2017-10-09 01:30:55;0;1
2017-10-09 01:32:04;0;1
2017-10-09 01:33:13;0;1
2017-10-09 01:34:22;0;1
2017-10-09 01:35:31;0;1
2017-10-09 01:36:40;0;1
2017-10-09 01:37:49;0;1
2017-10-09 01:38:58;0;1
2017-10-09 01:40:07;0;1
2017-10-09 01:41:16;0;1
2017-10-09 01:42:25;0;1
2017-10-09 01:43:34;0;1
2017-10-09 01:44:43;0;1
2017-10-09 01:45:52;0;1
2017-10-09 01:47:01;0;1
2017-10-09 01:48:10;0;1
2017-10-09 01:49:19;0;1
2017-10-09 01:50:28;0;1
2017-10-09 01:51:37;0;1
2017-10-09 01:52:46;0;1
2017-10-09 01:53:55;0;1
2017-10-09 01:55:04;0;1
2017-10-09 01:56:13;0;1
2017-10-09 01:57:22;0;1
2017-10-09 01:58:31;0;1
2017-10-09 01:59:40;0;1
2017-10-09 02:00:49;0;1
2017-10-09 02:01:58;0;1
2017-10-09 02:03:07;0;1
2017-10-09 02:04:16;0;1
2017-10-09 02:05:25;0;1
2017-10-09 02:06:34;0;1
2017-10-09 02:07:43;0;1
2017-10-09 02:08:52;0;1
2017-10-09 02:10:01;0;1
2017-10-09 02:11:10;0;1
2017-10-09 02:12:19;0;1
2017-10-09 02:13:28;0;1
2017-10-09 02:14:37;0;1
2017-10-09 02:15:46;0;1
2017-10-09 02:16:55;0;1
2017-10-09 02:18:04;0;1
2017-10-09 02:19:13;0;1
2017-10-09 02:20:22;0;1
2017-10-09 02:21:31;0;1
2017-10-09 02:22:40;0;1
2017-10-09 02:23:49;0;1
2017-10-09 02:24:58;0;1
2017-10-09 02:26:07;0;1
2017-10-09 02:27:16;0;1
2017-10-09 02:28:25;0;1
2017-10-09 02:29:34;0;1
2017-10-09 02:30:43;0;1
2017-10-09 02:31:52;0;1
2017-10-09 02:33:01;0;1
2017-10-09 02:34:10;0;1
2017-10-09 02:35:19;0;1
2017-10-09 02:36:28;0;1
2017-10-09 02:37:37;0;1
2017-10-09 02:38:46;0;1
2017-10-09 02:39:55;0;1
2017-10-09 02:41:04;0;1
2017-10-09 02:42:13;0;1
2017-10-09 02:43:22;0;1
2017-10-09 02:44:31;0;1
2017-10-09 02:45:40;0;1
2017-10-09 02:46:49;0;1
2017-10-09 02:47:58;0;1
2017-10-09 02:49:07;0;1
2017-10-09 02:50:16;0;1
2017-10-09 02:51:25;0;1
2017-10-09 02:52:34;0;1
2017-10-09 02:53:43;0;1
2017-10-09 02:54:52;0;1
2017-10-09 02:56:01;0;1
2017-10-09 02:57:10;0;1
2017-10-09 02:58:19;0;1
2017-10-09 02:59:28;0;1
2017-10-09 03:00:37;0;1
2017-10-09 03:01:46;0;1
2017-10-09 03:02:55;0;1
2017-10-09 03:04:04;0;1
2017-10-09 03:05:13;0;1
2017-10-09 03:06:22;0;1
2017-10-09 03:07:31;0;1
2017-10-09 03:08:40;0;1
2017-10-09 03:09:49;0;1
2017-10-09 03:10:58;0;1
2017-10-09 03:12:07;0;1
2017-10-09 03:13:16;0;1
2017-10-09 03:14:25;0;1
2017-10-09 03:15:34;0;1
2017-10-09 03:16:43;0;1
2017-10-09 03:17:52;0;1
2017-10-09 03:19:01;0;1
2017-10-09 03:20:10;0;1
2017-10-09 03:21:19;0;1
2017-10-09 03:22:28;0;1
2017-10-09 03:23:37;0;1
2017-10-09 03:24:46;0;1
2017-10-09 03:25:55;0;1
2017-10-09 03:27:04;0;1
2017-10-09 03:28:13;0;1
2017-10-09 03:29:22;0;1
2017-10-09 03:30:30;0;1
2017-10-09 03:31:39;0;1
2017-10-09 03:32:48;0;1
2017-10-09 03:33:57;0;1
2017-10-09 03:35:06;0;1
2017-10-09 03:36:15;0;1
2017-10-09 03:37:24;0;1
2017-10-09 03:38:33;0;1
2017-10-09 03:39:42;0;1
2017-10-09 03:40:51;0;1
2017-10-09 03:42:00;0;1
2017-10-09 03:43:09;0;1
2017-10-09 03:44:18;0;1
2017-10-09 03:45:27;0;1
2017-10-09 03:46:36;0;1
2017-10-09 03:47:45;0;1
2017-10-09 03:48:54;0;1
2017-10-09 03:50:03;0;1
2017-10-09 03:51:12;0;1
2017-10-09 03:52:21;0;1
2017-10-09 03:53:30;0;1
2017-10-09 03:54:39;0;1
2017-10-09 03:55:48;0;1
2017-10-09 03:56:57;0;1
2017-10-09 03:58:06;0;1
2017-10-09 03:59:15;0;1
2017-10-09 04:00:24;0;1
2017-10-09 04:01:33;0;1
2017-10-09 04:02:42;0;1
2017-10-09 04:03:51;0;1
2017-10-09 04:07:24;0;1
2017-10-09 04:08:40;0;1
2017-10-09 04:09:49;0;1
2017-10-09 04:10:58;0;1
2017-10-09 04:12:07;0;1
2017-10-09 04:13:16;0;1
2017-10-09 04:14:25;0;1
2017-10-09 04:15:34;0;1
2017-10-09 04:16:43;0;1
2017-10-09 04:17:52;0;1
2017-10-09 04:19:01;0;1
2017-10-09 04:20:10;0;1
2017-10-09 04:21:19;0;1
2017-10-09 04:22:28;0;1
2017-10-09 04:23:37;0;1
2017-10-09 04:24:46;0;1
2017-10-09 04:25:55;0;1
2017-10-09 04:27:04;0;1
2017-10-09 04:28:13;0;1
2017-10-09 04:29:22;0;1
2017-10-09 04:30:31;0;1
2017-10-09 04:31:40;0;1
2017-10-09 04:32:49;0;1
2017-10-09 04:33:58;0;1
2017-10-09 04:35:07;0;1
2017-10-09 04:36:16;0;1
2017-10-09 04:37:25;0;1
2017-10-09 04:38:34;0;1
2017-10-09 04:39:43;0;1
2017-10-09 04:40:52;0;1
2017-10-09 04:42:01;0;1
2017-10-09 04:43:10;0;1
2017-10-09 04:44:19;0;1
2017-10-09 04:45:28;0;1
2017-10-09 04:46:37;0;1
2017-10-09 04:47:46;0;1
2017-10-09 04:48:55;0;1
2017-10-09 04:50:04;0;1
2017-10-09 04:51:13;0;1
2017-10-09 04:52:22;0;1
2017-10-09 04:53:31;0;1
2017-10-09 04:54:40;0;1
2017-10-09 04:55:49;0;1
2017-10-09 04:56:58;0;1
2017-10-09 04:58:07;0;1
2017-10-09 04:59:16;0;1
2017-10-09 05:00:25;0;1
2017-10-09 05:01:34;0;1
2017-10-09 05:02:43;0;1
2017-10-09 05:03:52;0;1
2017-10-09 05:05:01;0;1
2017-10-09 05:06:10;0;1
2017-10-09 05:07:19;0;1
2017-10-09 05:08:28;0;1
2017-10-09 05:09:37;0;1
2017-10-09 05:10:46;0;1
2017-10-09 05:11:55;0;1
2017-10-09 05:13:04;0;1
2017-10-09 05:14:13;0;1
2017-10-09 05:15:22;0;1
2017-10-09 05:16:31;0;1
2017-10-09 05:17:40;0;1
2017-10-09 05:18:49;0;1
2017-10-09 05:19:58;0;1
2017-10-09 05:21:07;0;1
2017-10-09 05:22:16;0;1
2017-10-09 05:23:25;0;1
2017-10-09 05:24:34;0;1
2017-10-09 05:25:43;0;1
2017-10-09 05:26:52;0;1
2017-10-09 05:28:01;0;1
2017-10-09 05:29:10;0;1
2017-10-09 05:30:19;0;1
2017-10-09 05:31:28;0;1
2017-10-09 05:32:37;0;1
2017-10-09 05:33:46;0;1
2017-10-09 05:34:55;0;1
2017-10-09 05:36:04;0;1
2017-10-09 05:37:13;0;1
2017-10-09 05:38:22;0;1
2017-10-09 05:39:31;0;1
2017-10-09 05:40:40;0;1
2017-10-09 05:41:49;0;1
2017-10-09 05:42:58;0;1
2017-10-09 05:44:07;0;1
2017-10-09 05:45:16;0;1
2017-10-09 05:46:25;0;1
2017-10-09 05:47:34;0;1
2017-10-09 05:48:43;0;1
2017-10-09 05:49:52;0;1
2017-10-09 05:51:01;0;1
2017-10-09 05:52:10;0;1
2017-10-09 05:53:19;0;1
2017-10-09 05:54:28;0;1
2017-10-09 05:55:37;0;1
2017-10-09 05:56:46;0;1
2017-10-09 05:57:55;0;1
2017-10-09 05:59:04;0;1
2017-10-09 06:00:13;0;1
2017-10-09 06:01:22;0;1
2017-10-09 06:02:31;0;1
2017-10-09 06:03:40;0;1
2017-10-09 06:04:49;0;1
2017-10-09 06:05:58;1095.747;1
2017-10-09 06:07:07;1095.763;1
2017-10-09 06:08:16;1200.122;1
2017-10-09 06:09:25;1826.14;1
2017-10-09 06:10:34;1304.518;1
2017-10-09 06:11:43;730.445;1
2017-10-09 06:12:52;730.467;1
2017-10-09 06:14:01;782.677;1
2017-10-09 06:15:10;886.982;1
2017-10-09 06:16:19;1513.197;1
2017-10-09 06:17:28;1252.228;1
2017-10-09 06:18:37;730.467;1
2017-10-09 06:19:46;834.855;1
2017-10-09 06:20:55;939.198;1
2017-10-09 06:22:04;991.448;1
2017-10-09 06:23:13;991.405;1
2017-10-09 06:24:22;1043.554;1
2017-10-09 06:25:31;1043.584;1
2017-10-09 06:26:40;1095.763;1
2017-10-09 06:27:49;1147.976;1
2017-10-09 06:28:58;1095.763;1
2017-10-09 06:30:07;1147.943;1
2017-10-09 06:31:16;1147.943;1
2017-10-09 06:32:25;1200.07;1
2017-10-09 06:33:34;1721.989;1
2017-10-09 06:34:43;3130.843;1
2017-10-09 06:35:52;1513.197;1
2017-10-09 06:37:01;1147.943;1
2017-10-09 06:38:10;1200.035;1
2017-10-09 06:39:19;1721.864;1
2017-10-09 06:40:28;1617.626;1
2017-10-09 06:41:37;1252.283;1
2017-10-09 06:42:46;1878.315;1
2017-10-09 06:43:55;2034.989;1
2017-10-09 06:45:04;1461.039;1
2017-10-09 06:46:13;1356.758;1
2017-10-09 06:47:22;1304.48;1
2017-10-09 06:48:31;1356.522;1
2017-10-09 06:49:40;1356.699;1
2017-10-09 06:50:49;1304.461;1
2017-10-09 06:51:58;1356.581;1
2017-10-09 06:53:07;1513.197;1
2017-10-09 06:54:16;2034.96;1
2017-10-09 06:55:25;1721.814;1
2017-10-09 06:56:34;1356.522;1
2017-10-09 06:57:43;1356.64;1
2017-10-09 06:58:52;1356.6;1
2017-10-09 07:00:01;1304.48;1
2017-10-09 07:01:10;1304.386;1
2017-10-09 07:02:19;1565.195;1
2017-10-09 07:03:28;1669.735;1
2017-10-09 07:04:37;1565.354;1
2017-10-09 07:05:46;1617.509;1
2017-10-09 07:06:55;1513.109;1
2017-10-09 07:08:04;1513.109;1
2017-10-09 07:09:13;1513.219;1
2017-10-09 07:10:22;1565.444;1
2017-10-09 07:11:31;1513.197;1
2017-10-09 07:12:40;1565.399;1
2017-10-09 07:13:49;1669.759;1
2017-10-09 07:14:58;1617.509;1
2017-10-09 07:16:07;1721.814;1
2017-10-09 07:17:16;2504.711;1
2017-10-09 07:18:25;1773.964;1
2017-10-09 07:19:34;1930.687;1
2017-10-09 07:20:43;1721.889;1
2017-10-09 07:21:52;1513.131;1
2017-10-09 07:23:01;1565.399;1
2017-10-09 07:24:10;1565.467;1
2017-10-09 07:25:19;1513.241;1
2017-10-09 07:26:28;1513.175;1
2017-10-09 07:27:37;1513.131;1
2017-10-09 07:28:46;1982.867;1
2017-10-09 07:29:55;1513.241;1
2017-10-09 07:31:04;1513.241;1
2017-10-09 07:32:13;1513;1
2017-10-09 07:33:22;1513;1
2017-10-09 07:34:31;1565.263;1
2017-10-09 07:35:40;1565.059;1
2017-10-09 07:36:49;1513.109;1
2017-10-09 07:37:58;1513.065;1
2017-10-09 07:39:07;1565.285;1
2017-10-09 07:40:16;1513;1
2017-10-09 07:41:25;1669.444;1
2017-10-09 07:42:34;1721.864;1
2017-10-09 07:43:43;1669.565;1
2017-10-09 07:44:52;1721.789;1
2017-10-09 07:46:01;1669.759;1
2017-10-09 07:47:10;1669.71;1
2017-10-09 07:48:19;1669.662;1
2017-10-09 07:49:28;1669.614;1
2017-10-09 07:50:37;1617.555;1
2017-10-09 07:51:46;1721.914;1
2017-10-09 07:52:55;2034.989;1
2017-10-09 07:54:04;1773.939;1
2017-10-09 07:55:13;1774.144;1
2017-10-09 07:56:22;1669.71;1
2017-10-09 07:57:31;1721.939;1
2017-10-09 07:58:40;2348.03;1
2017-10-09 07:59:49;2713.319;1
2017-10-09 08:00:58;2608.885;1
2017-10-09 08:02:07;2921.781;1
2017-10-09 08:03:16;2608.733;1
2017-10-09 08:04:25;2556.707;1
2017-10-09 08:05:34;2608.771;1
2017-10-09 08:06:43;2608.771;1
2017-10-09 08:07:52;3130.707;1
2017-10-09 08:09:01;3965.505;1
2017-10-09 08:10:10;3600.365;1
2017-10-09 08:11:19;3130.48;1
2017-10-09 08:12:28;2869.732;1
2017-10-09 08:13:37;2713.043;1
2017-10-09 08:14:46;2817.31;1
2017-10-09 08:15:55;2504.457;1
2017-10-09 08:17:04;2504.493;1
2017-10-09 08:18:13;2869.773;1
2017-10-09 08:19:22;2608.885;1
2017-10-09 08:20:31;2400.209;1
2017-10-09 08:21:40;2661.024;1
2017-10-09 08:22:49;2400.174;1
2017-10-09 08:23:58;2399.965;1
2017-10-09 08:25:07;2347.894;1
2017-10-09 08:26:16;2295.819;1
2017-10-09 08:27:25;2295.785;1
2017-10-09 08:28:34;2400.244;1
2017-10-09 08:29:43;2452.245;1
2017-10-09 08:30:52;2295.652;1
2017-10-09 08:32:01;2556.818;1
2017-10-09 08:33:10;2452.067;1
2017-10-09 08:34:19;2400.139;1
2017-10-09 08:35:27;2556.744;1
2017-10-09 08:36:36;2504.638;1
2017-10-09 08:37:45;2608.923;1
2017-10-09 08:38:54;2556.67;1
2017-10-09 08:40:03;2556.67;1
2017-10-09 08:41:12;2504.529;1
2017-10-09 08:42:21;2452.565;1
2017-10-09 08:43:30;2400.139;1
2017-10-09 08:44:39;2452.423;1
2017-10-09 08:45:48;2400.348;1
2017-10-09 08:46:57;2347.962;1
2017-10-09 08:48:06;2765.338;1
2017-10-09 08:49:15;2504.384;1
2017-10-09 08:50:24;2347.996;1
2017-10-09 08:51:33;2295.885;1
2017-10-09 08:52:42;3026.262;1
2017-10-09 08:53:51;2243.576;1
2017-10-09 08:55:00;2191.304;1
2017-10-09 08:56:09;2191.4;1
2017-10-09 08:57:18;2087.168;1
2017-10-09 08:58:27;2139.254;1
2017-10-09 08:59:36;2034.901;1
2017-10-09 09:00:45;2086.987;1
2017-10-09 09:01:54;1982.724;1
2017-10-09 09:03:03;2034.93;1
2017-10-09 09:04:12;2087.017;1
2017-10-09 09:05:21;2034.753;1
2017-10-09 09:06:30;1982.58;1
2017-10-09 09:07:39;1930.603;1
2017-10-09 09:08:48;1982.695;1
2017-10-09 09:09:57;1982.724;1
2017-10-09 09:11:06;1878.343;1
2017-10-09 09:12:15;1878.288;1
2017-10-09 09:13:24;1878.451;1
2017-10-09 09:14:33;1878.343;1
2017-10-09 09:15:42;1826.166;1
2017-10-09 09:16:51;1930.659;1
2017-10-09 09:18:00;1826.378;1
2017-10-09 09:19:09;1878.315;1
2017-10-09 09:20:18;1878.479;1
2017-10-09 09:21:27;1826.272;1
2017-10-09 09:22:36;1826.14;1
2017-10-09 09:23:45;1774.042;1
2017-10-09 09:24:54;1826.219;1
2017-10-09 09:26:03;1774.196;1
2017-10-09 09:27:12;1773.476;1
2017-10-09 09:28:21;1773.964;1
2017-10-09 09:29:30;1774.093;1
2017-10-09 09:30:39;1774.222;1
2017-10-09 09:31:48;1774.067;1
2017-10-09 09:32:57;1878.451;1
2017-10-09 09:34:06;1878.397;1
2017-10-09 09:35:15;1982.666;1
2017-10-09 09:36:24;2451.996;1
2017-10-09 09:37:33;2713.358;1
2017-10-09 09:38:42;2712.768;1
2017-10-09 09:39:51;3078.484;1
2017-10-09 09:41:00;1982.666;1
2017-10-09 09:42:09;1930.631;1
2017-10-09 09:43:18;1878.424;1
2017-10-09 09:44:27;1930.323;1
2017-10-09 09:45:36;1826.113;1
2017-10-09 09:46:45;1721.864;1
2017-10-09 09:47:54;2452.316;1
2017-10-09 09:49:03;3234.783;1
2017-10-09 09:50:12;4278.075;1
2017-10-09 09:51:21;3912.987;1
2017-10-09 09:52:30;3756.685;1
2017-10-09 09:53:39;3652.174;1
2017-10-09 09:54:48;3860.981;1
2017-10-09 09:55:57;3808.64;1
2017-10-09 09:57:06;3547.826;1
2017-10-09 09:58:15;3443.378;1
2017-10-09 09:59:24;2086.987;1
2017-10-09 10:00:33;1408.655;1
2017-10-09 10:01:42;2295.586;1
2017-10-09 10:02:51;3339.034;1
2017-10-09 10:04:00;3391.501;1
2017-10-09 10:05:09;3286.861;1
2017-10-09 10:06:18;1930.519;1
2017-10-09 10:07:27;1147.843;1
2017-10-09 10:08:36;1043.463;1
2017-10-09 10:09:45;1043.509;1
2017-10-09 10:10:54;991.233;1
2017-10-09 10:12:03;1878.234;1
2017-10-09 10:13:12;2869.732;1
2017-10-09 10:14:21;2869.44;1
2017-10-09 10:15:30;2765.418;1
2017-10-09 10:16:39;2765.217;1
2017-10-09 10:17:48;2712.768;1
2017-10-09 10:18:57;2556.522;1
2017-10-09 10:20:06;2504.42;1
2017-10-09 10:21:15;1304.386;1
2017-10-09 10:22:24;469.586;1
2017-10-09 10:23:33;365.244;1
2017-10-09 10:24:42;417.464;1
2017-10-09 10:25:51;365.228;1
2017-10-09 10:27:00;417.416;1
2017-10-09 10:28:09;365.254;1
2017-10-09 10:29:18;678.29;1
2017-10-09 10:30:27;730.456;1
2017-10-09 10:31:36;417.391;1
2017-10-09 10:32:45;887.137;1
2017-10-09 10:33:54;939.185;1
2017-10-09 10:35:03;782.665;1
2017-10-09 10:36:12;991.362;1
2017-10-09 10:37:21;782.688;1
2017-10-09 10:38:30;2713.161;1
2017-10-09 10:39:39;2556.559;1
2017-10-09 10:40:48;2452.458;1
2017-10-09 10:41:57;521.792;1
2017-10-09 10:43:06;417.403;1
2017-10-09 10:44:15;2400.244;1
2017-10-09 10:45:24;2400.104;1
2017-10-09 10:46:33;2400.209;1
2017-10-09 10:47:42;573.946;1
2017-10-09 10:48:51;521.792;1
2017-10-09 10:50:00;2295.885;1
2017-10-09 10:51:09;2660.87;1
2017-10-09 10:52:18;3026.262;1
2017-10-09 10:53:27;3026.35;1
2017-10-09 10:54:36;2608.809;1
2017-10-09 10:55:45;2608.923;1
2017-10-09 10:56:54;2556.522;1
2017-10-09 10:58:03;2504.493;1
2017-10-09 10:59:12;2504.529;1
2017-10-09 11:00:21;3600.365;1
2017-10-09 11:01:30;1565.331;1
2017-10-09 11:02:39;1930.575;1
2017-10-09 11:03:48;1408.777;1
2017-10-09 11:04:57;1304.405;1
2017-10-09 11:06:06;1617.462;1
2017-10-09 11:07:15;3443.878;1
2017-10-09 11:08:24;2087.047;1
2017-10-09 11:09:33;1930.547;1
2017-10-09 11:10:42;1982.81;1
2017-10-09 11:11:51;1982.724;1
2017-10-09 11:13:00;2139.223;1
2017-10-09 11:14:09;1982.81;1
2017-10-09 11:15:18;1878.37;1
2017-10-09 11:16:27;1878.533;1
2017-10-09 11:17:36;1930.547;1
2017-10-09 11:18:45;2034.93;1
2017-10-09 11:19:54;2087.229;1
2017-10-09 11:21:03;2295.819;1
2017-10-09 11:22:12;2034.93;1
2017-10-09 11:23:21;2243.706;1
2017-10-09 11:24:30;2087.047;1
2017-10-09 11:25:39;2556.67;1
2017-10-09 11:26:48;2191.431;1
2017-10-09 11:27:57;2139.223;1
2017-10-09 11:29:06;2191.431;1
2017-10-09 11:30:15;2295.819;1
2017-10-09 11:31:24;2869.69;1
2017-10-09 11:32:33;2660.908;1
2017-10-09 11:33:42;2608.696;1
2017-10-09 11:34:51;2661.14;1
2017-10-09 11:36:00;2399.93;1
2017-10-09 11:37:09;2608.809;1
2017-10-09 11:38:18;2452.209;1
2017-10-09 11:39:27;2608.923;1
2017-10-09 11:40:36;2504.675;1
2017-10-09 11:41:45;2661.14;1
2017-10-09 11:42:54;2400.035;1
2017-10-09 11:44:03;2347.996;1
2017-10-09 11:45:12;2295.785;1
2017-10-09 11:46:21;2295.885;1
2017-10-09 11:47:30;2817.718;1
2017-10-09 11:48:39;2452.565;1
2017-10-09 11:49:48;3078.439;1
2017-10-09 11:50:57;2608.923;1
2017-10-09 11:52:06;2243.576;1
2017-10-09 11:53:15;2087.168;1
2017-10-09 11:54:24;2035.048;1
2017-10-09 11:55:33;2139.254;1
2017-10-09 11:56:42;1878.397;1
2017-10-09 11:57:51;1721.864;1
2017-10-09 11:59:00;1773.99;1
2017-10-09 12:00:09;1721.789;1
2017-10-09 12:01:18;1930.547;1
2017-10-09 12:02:27;1721.889;1
2017-10-09 12:03:36;1669.759;1
2017-10-09 12:04:45;1721.789;1
2017-10-09 12:05:54;2452.387;1
2017-10-09 12:07:03;1878.288;1
2017-10-09 12:08:12;1878.343;1
2017-10-09 12:09:21;1930.575;1
2017-10-09 12:10:30;1930.491;1
2017-10-09 12:11:39;2034.93;1
2017-10-09 12:12:48;1147.876;1
2017-10-09 12:13:57;991.347;1
2017-10-09 12:15:06;939.171;1
2017-10-09 12:16:15;730.509;1
2017-10-09 12:17:24;730.488;1
2017-10-09 12:18:33;678.349;1
2017-10-09 12:19:42;626.114;1
2017-10-09 12:20:51;573.963;1
2017-10-09 12:22:00;573.938;1
2017-10-09 12:23:09;834.783;1
2017-10-09 12:24:18;2399.826;1
2017-10-09 12:25:27;2347.826;1
2017-10-09 12:26:36;2243.413;1
2017-10-09 12:27:45;2086.987;1
2017-10-09 12:28:54;2086.987;1
2017-10-09 12:30:03;365.249;1
2017-10-09 12:31:12;52.181;1
2017-10-09 12:32:21;0;1
2017-10-09 12:33:30;0;1
2017-10-09 12:34:39;0;1
2017-10-09 12:35:48;0;1
2017-10-09 12:36:57;0;1
2017-10-09 12:38:06;0;1
2017-10-09 12:39:15;0;1
2017-10-09 12:40:24;0;1
2017-10-09 12:41:33;0;1
2017-10-09 12:42:42;0;1
2017-10-09 12:43:51;0;1
2017-10-09 12:45:00;0;1
2017-10-09 12:46:09;0;1
2017-10-09 12:47:18;573.896;1
2017-10-09 12:48:27;1147.776;1
2017-10-09 12:49:36;1095.668;1
2017-10-09 12:50:45;1147.71;1
2017-10-09 12:51:54;1304.423;1
2017-10-09 12:53:03;1408.757;1
2017-10-09 12:54:12;1408.675;1
2017-10-09 12:55:21;1513.022;1
2017-10-09 12:56:30;1512.956;1
2017-10-09 12:57:39;1565.263;1
2017-10-09 12:58:48;1617.274;1
2017-10-09 12:59:57;1669.614;1
2017-10-09 13:01:06;1669.686;1
2017-10-09 13:02:15;1669.42;1
2017-10-09 13:03:24;1669.589;1
2017-10-09 13:04:33;1669.589;1
2017-10-09 13:05:42;2191.146;1
2017-10-09 13:06:51;2139.347;1
2017-10-09 13:08:00;2034.812;1
2017-10-09 13:09:09;1669.589;1
2017-10-09 13:10:18;1721.714;1
2017-10-09 13:11:27;1669.493;1
2017-10-09 13:12:36;1617.485;1
2017-10-09 13:13:45;1564.991;1
2017-10-09 13:14:54;1460.954;1
2017-10-09 13:16:03;1356.463;1
2017-10-09 13:17:12;1356.64;1
2017-10-09 13:18:21;1199.965;1
2017-10-09 13:19:30;1095.652;1
2017-10-09 13:20:39;991.276;1
2017-10-09 13:21:48;991.434;1
2017-10-09 13:22:57;939.117;1
2017-10-09 13:24:06;939.049;1
2017-10-09 13:25:15;834.807;1
2017-10-09 13:26:24;730.403;1
2017-10-09 13:27:33;521.709;1
2017-10-09 13:28:42;52.175;1
2017-10-09 13:29:51;365.191;1
2017-10-09 13:31:00;0;1
2017-10-09 13:32:09;0;1
2017-10-09 13:33:18;0;1
2017-10-09 13:34:27;0;1
2017-10-09 13:35:36;0;1
2017-10-09 13:36:45;0;1
2017-10-09 13:37:54;0;1
2017-10-09 13:39:03;0;1
2017-10-09 13:40:12;0;1
2017-10-09 13:41:21;0;1
2017-10-09 13:42:30;0;1
2017-10-09 13:43:39;0;1
2017-10-09 13:44:48;0;1
2017-10-09 13:45:57;0;1
2017-10-09 13:47:06;0;1
2017-10-09 13:48:15;0;1
2017-10-09 13:49:24;0;1
2017-10-09 13:50:33;0;1
2017-10-09 13:51:42;0;1
2017-10-09 13:52:51;0;1
2017-10-09 13:54:00;0;1
2017-10-09 13:55:09;0;1
2017-10-09 13:56:18;0;1
2017-10-09 13:57:27;0;1
2017-10-09 13:58:36;0;1
2017-10-09 13:59:45;0;1
2017-10-09 14:00:54;0;1
2017-10-09 14:02:03;0;1
2017-10-09 14:03:12;0;1
2017-10-09 14:04:21;0;1
2017-10-09 14:05:30;0;1
2017-10-09 14:06:39;0;1
2017-10-09 14:07:48;0;1
2017-10-09 14:08:57;0;1
2017-10-09 14:10:06;0;1
2017-10-09 14:11:15;0;1
2017-10-09 14:12:24;0;1
2017-10-09 14:13:33;0;1
2017-10-09 14:14:42;0;1
2017-10-09 14:15:51;0;1
2017-10-09 14:17:00;0;1
2017-10-09 14:18:09;0;1
2017-10-09 14:19:18;0;1
2017-10-09 14:20:27;0;1
2017-10-09 14:21:36;0;1
2017-10-09 14:22:45;0;1
2017-10-09 14:23:54;0;1
2017-10-09 14:25:03;0;1
2017-10-09 14:26:12;0;1
2017-10-09 14:27:21;0;1
2017-10-09 14:28:30;0;1
2017-10-09 14:29:39;0;1
2017-10-09 14:30:48;0;1
2017-10-09 14:31:57;0;1
2017-10-09 14:33:06;0;1
2017-10-09 14:34:15;0;1
2017-10-09 14:35:24;0;1
2017-10-09 14:36:33;0;1
2017-10-09 14:37:42;0;1
2017-10-09 14:38:51;0;1
2017-10-09 14:40:00;0;1
2017-10-09 14:41:09;0;1
2017-10-09 14:42:18;0;1
2017-10-09 14:43:27;0;1
2017-10-09 14:44:36;0;1
2017-10-09 14:45:45;0;1
2017-10-09 14:46:54;0;1
2017-10-09 14:48:03;0;1
2017-10-09 14:49:12;0;1
2017-10-09 14:50:21;0;1
2017-10-09 14:51:30;0;1
2017-10-09 14:52:39;0;1
2017-10-09 14:53:48;0;1
2017-10-09 14:54:57;0;1
2017-10-09 14:56:06;0;1
2017-10-09 14:57:15;0;1
2017-10-09 14:58:24;0;1
2017-10-09 14:59:33;52.177;1
2017-10-09 15:00:42;52.174;1
2017-10-09 15:01:51;104.357;1
2017-10-09 15:03:00;156.519;1
2017-10-09 15:04:09;313.071;1
2017-10-09 15:05:18;417.403;1
2017-10-09 15:06:27;521.785;1
2017-10-09 15:07:36;626.114;1
2017-10-09 15:08:45;626.105;1
2017-10-09 15:09:54;626.132;1
2017-10-09 15:11:03;626.15;1
2017-10-09 15:12:12;626.114;1
2017-10-09 15:13:21;469.599;1
2017-10-09 15:14:30;521.747;1
2017-10-09 15:15:39;574.013;1
2017-10-09 15:16:48;626.132;1
2017-10-09 15:17:57;678.31;1
2017-10-09 15:19:06;730.53;1
2017-10-09 15:20:15;730.477;1
2017-10-09 15:21:24;730.477;1
2017-10-09 15:22:33;678.241;1
2017-10-09 15:23:42;782.688;1
2017-10-09 15:24:51;991.376;1
2017-10-09 15:25:59;1043.554;1
2017-10-09 15:27:08;1095.763;1
2017-10-09 15:28:17;1147.876;1
2017-10-09 15:29:26;1200.157;1
2017-10-09 15:30:35;991.29;1
2017-10-09 15:31:44;782.62;1
2017-10-09 15:32:53;678.349;1
2017-10-09 15:34:02;730.509;1
2017-10-09 15:35:11;782.722;1
2017-10-09 15:36:20;939.171;1
2017-10-09 15:37:29;991.362;1
2017-10-09 15:38:38;1095.747;1
2017-10-09 15:39:47;1095.747;1
2017-10-09 15:40:56;1200.087;1
2017-10-09 15:42:05;1200.122;1
2017-10-09 15:43:14;1200.07;1
2017-10-09 15:44:23;573.938;1
2017-10-09 15:45:32;365.265;1
2017-10-09 15:46:41;469.606;1
2017-10-09 15:47:50;991.276;1
2017-10-09 15:48:59;1043.569;1
2017-10-09 15:50:08;1095.668;1
2017-10-09 15:51:17;1095.716;1
2017-10-09 15:52:26;991.362;1
2017-10-09 15:53:35;887.047;1
2017-10-09 15:54:44;834.867;1
2017-10-09 15:55:53;573.921;1
2017-10-09 15:57:02;365.159;1
2017-10-09 15:58:11;156.522;1
2017-10-09 15:59:20;0;1
2017-10-09 16:00:29;0;1
2017-10-09 16:01:38;0;1
2017-10-09 16:02:47;0;1
2017-10-09 16:03:56;0;1
2017-10-09 16:05:05;0;1
2017-10-09 16:06:14;0;1
2017-10-09 16:07:23;0;1
2017-10-09 16:08:32;0;1
2017-10-09 16:09:41;0;1
2017-10-09 16:10:50;0;1
2017-10-09 16:11:59;104.364;1
2017-10-09 16:13:08;104.357;1
2017-10-09 16:14:17;156.533;1
2017-10-09 16:15:26;156.529;1
2017-10-09 16:16:35;156.538;1
2017-10-09 16:17:44;730.488;1
2017-10-09 16:18:53;2922.036;1
2017-10-09 16:20:02;1356.581;1
2017-10-09 16:21:11;469.613;1
2017-10-09 16:22:20;521.8;1
2017-10-09 16:23:29;573.971;1
2017-10-09 16:24:38;573.996;1
2017-10-09 16:25:47;521.815;1
2017-10-09 16:26:56;626.114;1
2017-10-09 16:28:05;626.132;1
2017-10-09 16:29:14;730.456;1
2017-10-09 16:30:23;156.533;1
2017-10-09 16:31:32;208.705;1
2017-10-09 16:32:41;469.565;1
2017-10-09 16:33:50;887.085;1
2017-10-09 16:34:59;887.008;1
2017-10-09 16:36:08;939.226;1
2017-10-09 16:37:17;887.047;1
2017-10-09 16:38:26;260.892;1
2017-10-09 16:39:35;260.9;1
2017-10-09 16:40:44;260.896;1
2017-10-09 16:41:53;313.039;1
2017-10-09 16:43:02;417.428;1
2017-10-09 16:44:11;469.613;1
2017-10-09 16:45:20;573.913;1
2017-10-09 16:46:29;626.15;1
2017-10-09 16:47:38;626.132;1
2017-10-09 16:48:47;678.369;1
2017-10-09 16:49:56;730.498;1
2017-10-09 16:51:05;782.654;1
2017-10-09 16:52:14;782.688;1
2017-10-09 16:53:23;782.62;1
2017-10-09 16:54:32;834.892;1
2017-10-09 16:55:41;834.807;1
2017-10-09 16:56:50;886.969;1
2017-10-09 16:57:59;834.831;1
2017-10-09 16:59:08;991.347;1
2017-10-09 17:00:17;991.391;1
2017-10-09 17:01:26;991.333;1
2017-10-09 17:02:35;991.448;1
2017-10-09 17:03:44;1043.554;1
2017-10-09 17:04:53;1043.554;1
2017-10-09 17:06:02;1043.493;1
2017-10-09 17:07:11;939.226;1
2017-10-09 17:08:20;991.29;1
2017-10-09 17:09:29;939.267;1
2017-10-09 17:10:38;939.239;1
2017-10-09 17:11:47;991.333;1
2017-10-09 17:12:56;939.239;1
2017-10-09 17:14:05;991.405;1
2017-10-09 17:15:14;886.982;1
2017-10-09 17:16:23;939.28;1
2017-10-09 17:17:32;991.405;1
2017-10-09 17:18:41;991.391;1
2017-10-09 17:19:50;939.307;1
2017-10-09 17:20:59;991.405;1
2017-10-09 17:22:08;939.198;1
2017-10-09 17:23:17;991.319;1
2017-10-09 17:24:26;939.321;1
2017-10-09 17:25:35;991.405;1
2017-10-09 17:26:44;991.448;1
2017-10-09 17:27:53;939.226;1
2017-10-09 17:29:02;939.239;1
2017-10-09 17:30:11;939.144;1
2017-10-09 17:31:20;887.059;1
2017-10-09 17:32:29;834.867;1
2017-10-09 17:33:38;887.059;1
2017-10-09 17:34:47;886.995;1
2017-10-09 17:35:56;834.855;1
2017-10-09 17:37:05;887.034;1
2017-10-09 17:38:14;886.982;1
2017-10-09 17:39:23;834.867;1
2017-10-09 17:40:32;939.239;1
2017-10-09 17:41:41;887.047;1
2017-10-09 17:42:50;887.021;1
2017-10-09 17:43:59;887.021;1
2017-10-09 17:45:08;886.982;1
2017-10-09 17:46:17;886.982;1
2017-10-09 17:47:26;886.995;1
2017-10-09 17:48:35;886.905;1
2017-10-09 17:49:44;886.995;1
2017-10-09 17:50:53;886.957;1
2017-10-09 17:52:02;991.261;1
2017-10-09 17:53:11;1043.509;1
2017-10-09 17:54:20;991.362;1
2017-10-09 17:55:29;991.261;1
2017-10-09 17:56:38;991.362;1
2017-10-09 17:57:47;991.233;1
2017-10-09 17:58:56;1043.509;1
2017-10-09 18:00:05;991.362;1
2017-10-09 18:01:14;1043.599;1
2017-10-09 18:02:23;1043.584;1
2017-10-09 18:03:32;1043.584;1
2017-10-09 18:04:41;1043.448;1
2017-10-09 18:05:50;1043.584;1
2017-10-09 18:06:59;1095.62;1
2017-10-09 18:08:08;1043.418;1
2017-10-09 18:09:17;1043.388;1
2017-10-09 18:10:26;1095.668;1
2017-10-09 18:11:35;1147.943;1
2017-10-09 18:12:44;1147.76;1
2017-10-09 18:13:53;1147.843;1
2017-10-09 18:15:02;1043.403;1
2017-10-09 18:16:11;991.333;1
2017-10-09 18:17:20;991.304;1
2017-10-09 18:18:29;991.304;1
2017-10-09 18:19:38;991.405;1
2017-10-09 18:20:47;991.161;1
2017-10-09 18:21:56;1252.21;1
2017-10-09 18:23:05;2191.177;1
2017-10-09 18:24:14;2191.527;1
2017-10-09 18:25:23;2191.05;1
2017-10-09 18:26:32;2243.608;1
2017-10-09 18:27:41;1773.939;1
2017-10-09 18:28:50;2034.93;1
2017-10-09 18:29:59;2034.606;1
2017-10-09 18:31:08;2138.975;1
2017-10-09 18:32:17;1930.519;1
2017-10-09 18:33:26;2139.161;1
2017-10-09 18:34:35;2087.199;1
2017-10-09 18:35:44;2034.724;1
2017-10-09 18:36:53;2035.019;1
2017-10-09 18:38:02;1460.975;1
2017-10-09 18:39:11;1043.584;1
2017-10-09 18:40:20;1043.539;1
2017-10-09 18:41:29;1147.943;1
2017-10-09 18:42:38;1147.959;1
2017-10-09 18:43:47;1147.843;1
2017-10-09 18:44:56;1095.668;1
2017-10-09 18:46:05;991.247;1
2017-10-09 18:47:14;1043.478;1
2017-10-09 18:48:23;1095.811;1
2017-10-09 18:49:32;1095.668;1
2017-10-09 18:50:41;991.319;1
2017-10-09 18:51:50;1095.716;1
2017-10-09 18:52:59;1043.569;1
2017-10-09 18:54:08;1043.614;1
2017-10-09 18:55:17;1043.539;1
2017-10-09 18:56:26;1043.509;1
2017-10-09 18:57:35;1043.569;1
2017-10-09 18:58:44;991.405;1
2017-10-09 18:59:53;991.347;1
2017-10-09 19:01:02;1043.63;1
2017-10-09 19:02:11;1147.876;1
2017-10-09 19:03:20;1252.247;1
2017-10-09 19:04:29;1200.122;1
2017-10-09 19:05:38;1147.909;1
2017-10-09 19:06:47;1095.668;1
2017-10-09 19:07:56;991.333;1
2017-10-09 19:09:05;991.376;1
2017-10-09 19:10:14;886.931;1
2017-10-09 19:11:23;939.171;1
2017-10-09 19:12:32;939.198;1
2017-10-09 19:13:41;939.158;1
2017-10-09 19:14:50;939.226;1
2017-10-09 19:15:59;939.158;1
2017-10-09 19:17:08;991.376;1
2017-10-09 19:18:17;939.171;1
2017-10-09 19:19:26;939.117;1
2017-10-09 19:20:35;939.171;1
2017-10-09 19:21:44;939.158;1
2017-10-09 19:22:53;939.185;1
2017-10-09 19:24:02;1252.355;1
2017-10-09 19:25:11;1460.912;1
2017-10-09 19:26:20;1513.022;1
2017-10-09 19:27:29;1408.716;1
2017-10-09 19:28:38;1461.06;1
2017-10-09 19:29:47;1356.6;1
2017-10-09 19:30:56;1826.087;1
2017-10-09 19:32:05;2556.744;1
2017-10-09 19:33:14;2556.633;1
2017-10-09 19:34:23;2504.529;1
2017-10-09 19:35:32;2556.633;1
2017-10-09 19:36:41;2504.638;1
2017-10-09 19:37:50;2504.711;1
2017-10-09 19:38:59;1721.889;1
2017-10-09 19:40:08;1408.798;1
2017-10-09 19:41:17;1408.777;1
2017-10-09 19:42:26;1408.675;1
2017-10-09 19:43:35;1356.679;1
2017-10-09 19:44:44;1356.699;1
2017-10-09 19:45:53;1408.839;1
2017-10-09 19:47:02;1356.6;1
2017-10-09 19:48:11;1617.555;1
2017-10-09 19:49:20;1565.399;1
2017-10-09 19:50:29;3287.195;1
2017-10-09 19:51:38;3391.599;1
2017-10-09 19:52:47;3286.957;1
2017-10-09 19:53:56;3339.372;1
2017-10-09 19:55:05;3339.179;1
2017-10-09 19:56:14;3287.052;1
2017-10-09 19:57:23;3339.227;1
2017-10-09 19:58:32;3339.276;1
2017-10-09 19:59:41;3287.099;1
2017-10-09 20:00:50;3078.573;1
2017-10-09 20:01:59;3026.262;1
2017-10-09 20:03:08;3078.439;1
2017-10-09 20:04:16;2556.781;1
2017-10-09 20:05:25;1147.976;1
2017-10-09 20:06:34;1147.909;1
2017-10-09 20:07:43;1095.763;1
2017-10-09 20:08:52;1147.826;1
2017-10-09 20:10:01;1043.63;1
2017-10-09 20:11:10;1095.716;1
2017-10-09 20:12:19;1043.493;1
2017-10-09 20:13:28;1043.463;1
2017-10-09 20:14:37;1043.645;1
2017-10-09 20:15:46;1043.539;1
2017-10-09 20:16:55;1043.478;1
2017-10-09 20:18:04;1095.732;1
2017-10-09 20:19:13;1199.965;1
2017-10-09 20:20:22;1200.087;1
2017-10-09 20:21:31;1200.139;1
2017-10-09 20:22:40;1199.791;1
2017-10-09 20:23:49;1147.893;1
2017-10-09 20:24:58;1252.174;1
2017-10-09 20:26:07;1147.743;1
2017-10-09 20:27:16;1200.052;1
2017-10-09 20:28:25;1200.017;1
2017-10-09 20:29:34;1147.76;1
2017-10-09 20:30:43;1147.976;1
2017-10-09 20:31:52;1147.726;1
2017-10-09 20:33:01;1147.893;1
2017-10-09 20:34:10;1095.62;1
2017-10-09 20:35:19;1043.554;1
2017-10-09 20:36:28;1095.605;1
2017-10-09 20:37:37;1043.463;1
2017-10-09 20:38:46;1095.684;1
2017-10-09 20:39:55;1095.525;1
2017-10-09 20:41:04;1200.07;1
2017-10-09 20:42:13;1199.826;1
2017-10-09 20:43:22;1565.308;1
2017-10-09 20:44:31;2243.576;1
2017-10-09 20:45:40;2139.347;1
2017-10-09 20:46:49;2191.146;1
2017-10-09 20:47:58;2191.146;1
2017-10-09 20:49:07;2139.254;1
2017-10-09 20:50:16;2191.368;1
2017-10-09 20:51:25;2191.114;1
2017-10-09 20:52:34;2139.503;1
2017-10-09 20:53:43;2190.923;1
2017-10-09 20:54:52;2139.316;1
2017-10-09 20:56:01;1513.109;1
2017-10-09 20:57:10;1043.433;1
2017-10-09 20:58:19;1095.716;1
2017-10-09 20:59:28;1095.7;1
2017-10-09 21:00:37;2869.399;1
2017-10-09 21:01:46;3182.932;1
2017-10-09 21:02:55;1826.087;1
2017-10-09 21:04:04;1147.743;1
2017-10-09 21:05:13;1147.776;1
2017-10-09 21:06:22;1043.448;1
2017-10-09 21:07:31;1095.636;1
2017-10-09 21:08:40;3339.082;1
2017-10-09 21:09:49;2921.485;1
2017-10-09 21:10:58;1043.554;1
2017-10-09 21:12:07;1095.732;1
2017-10-09 21:13:16;1147.859;1
2017-10-09 21:14:25;1095.716;1
2017-10-09 21:15:34;1095.62;1
2017-10-09 21:16:43;1095.716;1
2017-10-09 21:17:52;1095.589;1
2017-10-09 21:19:01;1095.7;1
2017-10-09 21:20:10;1043.509;1
2017-10-09 21:21:19;1043.448;1
2017-10-09 21:22:28;1095.716;1
2017-10-09 21:23:37;1043.403;1
2017-10-09 21:24:46;1043.569;1
2017-10-09 21:25:55;1043.448;1
2017-10-09 21:27:04;1043.433;1
2017-10-09 21:28:13;1043.418;1
2017-10-09 21:29:22;1043.554;1
2017-10-09 21:30:31;1043.448;1
2017-10-09 21:31:40;991.276;1
2017-10-09 21:32:49;1043.448;1
2017-10-09 21:33:58;1043.509;1
2017-10-09 21:35:07;991.276;1
2017-10-09 21:36:16;1043.554;1
2017-10-09 21:37:25;1043.493;1
2017-10-09 21:38:34;991.218;1
2017-10-09 21:39:43;1043.448;1
2017-10-09 21:40:52;1043.493;1
2017-10-09 21:42:01;991.405;1
2017-10-09 21:43:10;1043.372;1
2017-10-09 21:44:19;1043.493;1
2017-10-09 21:45:28;991.391;1
2017-10-09 21:46:37;1043.448;1
2017-10-09 21:47:46;991.29;1
2017-10-09 21:48:55;1043.478;1
2017-10-09 21:50:04;991.218;1
2017-10-09 21:51:13;991.333;1
2017-10-09 21:52:22;1043.524;1
2017-10-09 21:53:31;1043.388;1
2017-10-09 21:54:40;1043.478;1
2017-10-09 21:55:49;1043.463;1
2017-10-09 21:56:58;990.63;1
2017-10-09 21:58:07;1043.599;1
2017-10-09 21:59:16;1043.493;1
2017-10-09 22:00:25;939.198;1
2017-10-09 22:01:34;939.185;1
2017-10-09 22:02:43;939.212;1
2017-10-09 22:03:52;939.062;1
2017-10-09 22:05:01;730.498;1
2017-10-09 22:06:10;0;1
2017-10-09 22:07:19;0;1
2017-10-09 22:08:28;0;1
2017-10-09 22:09:37;0;1
2017-10-09 22:10:46;0;1
2017-10-09 22:11:55;0;1
2017-10-09 22:13:04;0;1
2017-10-09 22:14:13;0;1
2017-10-09 22:15:22;0;1
2017-10-09 22:16:31;0;1
2017-10-09 22:17:40;0;1
2017-10-09 22:18:49;0;1
2017-10-09 22:19:58;0;1
2017-10-09 22:21:07;0;1
2017-10-09 22:22:16;0;1
2017-10-09 22:23:25;0;1
2017-10-09 22:24:34;0;1
2017-10-09 22:25:43;0;1
2017-10-09 22:26:52;0;1
2017-10-09 22:28:01;0;1
2017-10-09 22:29:10;0;1
2017-10-09 22:30:19;0;1
2017-10-09 22:31:28;0;1
2017-10-09 22:32:37;0;1
2017-10-09 22:33:46;0;1
2017-10-09 22:34:55;0;1
2017-10-09 22:36:04;0;1
2017-10-09 22:37:13;0;1
2017-10-09 22:38:22;0;1
2017-10-09 22:39:31;0;1
2017-10-09 22:40:40;0;1
2017-10-09 22:41:49;0;1
2017-10-09 22:42:58;0;1
2017-10-09 22:44:07;0;1
2017-10-09 22:45:16;0;1
2017-10-09 22:46:25;0;1
2017-10-09 22:47:34;0;1
2017-10-09 22:48:43;0;1
2017-10-09 22:49:52;0;1
2017-10-09 22:51:01;0;1
2017-10-09 22:52:10;0;1
2017-10-09 22:53:19;0;1
2017-10-09 22:54:28;0;1
2017-10-09 22:55:37;0;1
2017-10-09 22:56:46;0;1
2017-10-09 22:57:55;0;1
2017-10-09 22:59:04;0;1
2017-10-09 23:00:13;0;1
2017-10-09 23:01:22;0;1
2017-10-09 23:02:31;0;1
2017-10-09 23:03:40;0;1
2017-10-09 23:04:49;0;1
2017-10-09 23:05:58;0;1
2017-10-09 23:07:07;0;1
2017-10-09 23:08:16;0;1
2017-10-09 23:09:25;0;1
2017-10-09 23:10:34;0;1
2017-10-09 23:11:43;0;1
2017-10-09 23:12:52;0;1
2017-10-09 23:14:01;0;1
2017-10-09 23:15:10;0;1
2017-10-09 23:16:19;0;1
2017-10-09 23:17:28;0;1
2017-10-09 23:18:37;0;1
2017-10-09 23:19:46;0;1
2017-10-09 23:20:55;0;1
2017-10-09 23:22:04;0;1
2017-10-09 23:23:13;0;1
2017-10-09 23:24:22;0;1
2017-10-09 23:25:31;0;1
2017-10-09 23:26:40;0;1
2017-10-09 23:27:49;0;1
2017-10-09 23:28:58;0;1
2017-10-09 23:30:07;0;1
2017-10-09 23:31:16;0;1
2017-10-09 23:32:25;0;1
2017-10-09 23:33:34;0;1
2017-10-09 23:34:43;0;1
2017-10-09 23:35:52;0;1
2017-10-09 23:37:01;0;1
2017-10-09 23:38:10;0;1
2017-10-09 23:39:19;0;1
2017-10-09 23:40:28;0;1
2017-10-09 23:41:37;0;1
2017-10-09 23:42:46;0;1
2017-10-09 23:43:55;0;1
2017-10-09 23:45:04;0;1
2017-10-09 23:46:13;0;1
2017-10-09 23:47:22;0;1
2017-10-09 23:48:31;0;1
2017-10-09 23:49:40;0;1
2017-10-09 23:50:49;0;1
2017-10-09 23:51:58;0;1
2017-10-09 23:53:07;0;1
2017-10-09 23:54:16;0;1
2017-10-09 23:55:25;0;1
2017-10-09 23:56:34;0;1
2017-10-09 23:57:43;0;1
2017-10-09 23:58:52;0;1
2017-10-10 00:00:01;0;1
2017-10-10 00:01:10;0;1
2017-10-10 00:02:19;0;1
2017-10-10 00:03:28;0;1
2017-10-10 00:04:37;0;1
2017-10-10 00:05:46;0;1
2017-10-10 00:06:55;0;1
2017-10-10 00:08:04;0;1
2017-10-10 00:09:13;0;1
2017-10-10 00:10:22;0;1
2017-10-10 00:11:31;0;1
2017-10-10 00:12:40;0;1
2017-10-10 00:13:49;0;1
2017-10-10 00:14:58;0;1
2017-10-10 00:16:07;0;1
2017-10-10 00:17:16;0;1
2017-10-10 00:18:25;0;1
2017-10-10 00:19:34;0;1
2017-10-10 00:20:43;0;1
2017-10-10 00:21:52;0;1
2017-10-10 00:23:01;0;1
2017-10-10 00:24:10;0;1
2017-10-10 00:25:19;0;1
2017-10-10 00:26:28;0;1
2017-10-10 00:27:37;0;1
2017-10-10 00:28:46;0;1
2017-10-10 00:29:55;0;1
2017-10-10 00:31:04;0;1
2017-10-10 00:32:13;0;1
2017-10-10 00:33:22;0;1
2017-10-10 00:34:31;0;1
2017-10-10 00:35:40;0;1
2017-10-10 00:36:49;0;1
2017-10-10 00:37:58;0;1
2017-10-10 00:39:07;0;1
2017-10-10 00:40:16;0;1
2017-10-10 00:41:25;0;1
2017-10-10 00:42:34;0;1
2017-10-10 00:43:43;0;1
2017-10-10 00:44:52;0;1
2017-10-10 00:46:01;0;1
2017-10-10 00:47:10;0;1
2017-10-10 00:48:19;0;1
2017-10-10 00:49:28;0;1
2017-10-10 00:50:37;0;1
2017-10-10 00:51:46;0;1
2017-10-10 00:52:55;0;1
2017-10-10 00:54:04;0;1
2017-10-10 00:55:13;0;1
2017-10-10 00:56:22;0;1
2017-10-10 00:57:31;0;1
2017-10-10 00:58:40;0;1
2017-10-10 00:59:49;0;1
2017-10-10 01:00:58;0;1
2017-10-10 01:02:07;0;1
2017-10-10 01:03:16;0;1
2017-10-10 01:04:25;0;1
2017-10-10 01:05:34;0;1
2017-10-10 01:06:43;0;1
2017-10-10 01:07:52;0;1
2017-10-10 01:09:01;0;1
2017-10-10 01:10:10;0;1
2017-10-10 01:11:19;0;1
2017-10-10 01:12:28;0;1
2017-10-10 01:13:37;0;1
2017-10-10 01:14:46;0;1
2017-10-10 01:15:55;0;1
2017-10-10 01:17:04;0;1
2017-10-10 01:18:13;0;1
2017-10-10 01:19:22;0;1
2017-10-10 01:20:31;0;1
2017-10-10 01:21:40;0;1
2017-10-10 01:22:49;0;1
2017-10-10 01:23:58;0;1
2017-10-10 01:25:07;0;1
2017-10-10 01:26:16;0;1
2017-10-10 01:27:25;0;1
2017-10-10 01:28:34;0;1
2017-10-10 01:29:43;0;1
2017-10-10 01:30:52;0;1
2017-10-10 01:32:01;0;1
2017-10-10 01:33:10;0;1
2017-10-10 01:34:19;0;1
2017-10-10 01:35:28;0;1
2017-10-10 01:36:37;0;1
2017-10-10 01:37:46;0;1
2017-10-10 01:38:55;0;1
2017-10-10 01:40:04;0;1
2017-10-10 01:41:13;0;1
2017-10-10 01:42:22;0;1
2017-10-10 01:43:31;0;1
2017-10-10 01:44:40;0;1
2017-10-10 01:45:49;0;1
2017-10-10 01:46:58;0;1
2017-10-10 01:48:07;0;1
2017-10-10 01:49:16;0;1
2017-10-10 01:50:25;0;1
2017-10-10 01:51:34;0;1
2017-10-10 01:52:43;0;1
2017-10-10 01:53:52;0;1
2017-10-10 01:55:01;0;1
2017-10-10 01:56:10;0;1
2017-10-10 01:57:19;0;1
2017-10-10 01:58:28;0;1
2017-10-10 01:59:37;0;1
2017-10-10 02:00:46;0;1
2017-10-10 02:01:55;0;1
2017-10-10 02:03:04;0;1
2017-10-10 02:04:13;0;1
2017-10-10 02:05:22;0;1
2017-10-10 02:06:31;0;1
2017-10-10 02:07:40;0;1
2017-10-10 02:08:49;0;1
2017-10-10 02:09:58;0;1
2017-10-10 02:11:07;0;1
2017-10-10 02:12:16;0;1
2017-10-10 02:13:25;0;1
2017-10-10 02:14:34;0;1
2017-10-10 02:15:43;0;1
2017-10-10 02:16:52;0;1
2017-10-10 02:18:01;0;1
2017-10-10 02:19:10;0;1
2017-10-10 02:20:19;0;1
2017-10-10 02:21:28;0;1
2017-10-10 02:22:37;0;1
2017-10-10 02:23:46;0;1
2017-10-10 02:24:55;0;1
2017-10-10 02:26:04;0;1
2017-10-10 02:27:13;0;1
2017-10-10 02:28:22;0;1
2017-10-10 02:29:31;0;1
2017-10-10 02:30:40;0;1
2017-10-10 02:31:49;0;1
2017-10-10 02:32:58;0;1
2017-10-10 02:34:07;0;1
2017-10-10 02:35:16;0;1
2017-10-10 02:36:25;0;1
2017-10-10 02:37:34;0;1
2017-10-10 02:38:43;0;1
2017-10-10 02:39:52;0;1
2017-10-10 02:41:01;0;1
2017-10-10 02:42:10;0;1
2017-10-10 02:43:19;0;1
2017-10-10 02:44:28;0;1
2017-10-10 02:45:37;0;1
2017-10-10 02:46:46;0;1
2017-10-10 02:47:55;0;1
2017-10-10 02:49:04;0;1
2017-10-10 02:50:13;0;1
2017-10-10 02:51:22;0;1
2017-10-10 02:52:31;0;1
2017-10-10 02:53:40;0;1
2017-10-10 02:54:49;0;1
2017-10-10 02:55:58;0;1
2017-10-10 02:57:07;0;1
2017-10-10 02:58:16;0;1
2017-10-10 02:59:25;0;1
2017-10-10 03:00:34;0;1
2017-10-10 03:01:43;0;1
2017-10-10 03:02:52;0;1
2017-10-10 03:04:01;0;1
2017-10-10 03:05:10;0;1
2017-10-10 03:06:19;0;1
2017-10-10 03:07:28;0;1
2017-10-10 03:08:37;0;1
2017-10-10 03:09:46;0;1
2017-10-10 03:10:55;0;1
2017-10-10 03:12:04;0;1
2017-10-10 03:13:13;0;1
2017-10-10 03:14:22;0;1
2017-10-10 03:15:31;0;1
2017-10-10 03:16:40;0;1
2017-10-10 03:17:49;0;1
2017-10-10 03:18:58;0;1
2017-10-10 03:20:07;0;1
2017-10-10 03:21:16;0;1
2017-10-10 03:22:25;0;1
2017-10-10 03:23:34;0;1
2017-10-10 03:24:43;0;1
2017-10-10 03:25:52;0;1
2017-10-10 03:27:01;0;1
2017-10-10 03:28:10;0;1
2017-10-10 03:29:19;0;1
2017-10-10 03:30:28;0;1
2017-10-10 03:31:37;0;1
2017-10-10 03:32:46;0;1
2017-10-10 03:33:55;0;1
2017-10-10 03:35:04;0;1
2017-10-10 03:36:13;0;1
2017-10-10 03:37:22;0;1
2017-10-10 03:38:31;0;1
2017-10-10 03:39:40;0;1
2017-10-10 03:40:49;0;1
2017-10-10 03:41:58;0;1
2017-10-10 03:43:07;0;1
2017-10-10 03:44:16;0;1
2017-10-10 03:45:25;0;1
2017-10-10 03:46:34;0;1
2017-10-10 03:47:43;0;1
2017-10-10 03:48:52;0;1
2017-10-10 03:50:01;0;1
2017-10-10 03:51:10;0;1
2017-10-10 03:52:19;0;1
2017-10-10 03:53:28;0;1
2017-10-10 03:54:37;0;1
2017-10-10 03:55:46;0;1
2017-10-10 03:56:55;0;1
2017-10-10 03:58:04;0;1
2017-10-10 03:59:13;0;1
2017-10-10 04:00:22;0;1
2017-10-10 04:01:31;0;1
2017-10-10 04:02:40;0;1
2017-10-10 04:03:49;0;1
2017-10-10 04:07:14;0;1
2017-10-10 04:08:30;0;1
2017-10-10 04:09:39;0;1
2017-10-10 04:10:47;0;1
2017-10-10 04:11:56;0;1
2017-10-10 04:13:05;0;1
2017-10-10 04:14:14;0;1
2017-10-10 04:15:23;0;1
2017-10-10 04:16:32;0;1
2017-10-10 04:17:41;0;1
2017-10-10 04:18:50;0;1
2017-10-10 04:19:59;0;1
2017-10-10 04:21:08;0;1
2017-10-10 04:22:17;0;1
2017-10-10 04:23:26;0;1
2017-10-10 04:24:35;0;1
2017-10-10 04:25:44;0;1
2017-10-10 04:26:53;0;1
2017-10-10 04:28:02;0;1
2017-10-10 04:29:11;0;1
2017-10-10 04:30:20;0;1
2017-10-10 04:31:29;0;1
2017-10-10 04:32:38;0;1
2017-10-10 04:33:47;0;1
2017-10-10 04:34:56;0;1
2017-10-10 04:36:05;0;1
2017-10-10 04:37:14;0;1
2017-10-10 04:38:23;0;1
2017-10-10 04:39:32;0;1
2017-10-10 04:40:41;0;1
2017-10-10 04:41:50;0;1
2017-10-10 04:42:59;0;1
2017-10-10 04:44:08;0;1
2017-10-10 04:45:17;0;1
2017-10-10 04:46:26;0;1
2017-10-10 04:47:35;0;1
2017-10-10 04:48:44;0;1
2017-10-10 04:49:53;0;1
2017-10-10 04:51:02;0;1
2017-10-10 04:52:11;0;1
2017-10-10 04:53:20;0;1
2017-10-10 04:54:29;0;1
2017-10-10 04:55:38;0;1
2017-10-10 04:56:47;0;1
2017-10-10 04:57:56;0;1
2017-10-10 04:59:05;0;1
2017-10-10 05:00:14;0;1
2017-10-10 05:01:23;0;1
2017-10-10 05:02:32;0;1
2017-10-10 05:03:41;0;1
2017-10-10 05:04:50;0;1
2017-10-10 05:05:59;0;1
2017-10-10 05:07:08;0;1
2017-10-10 05:08:17;0;1
2017-10-10 05:09:26;0;1
2017-10-10 05:10:35;0;1
2017-10-10 05:11:44;0;1
2017-10-10 05:12:53;0;1
2017-10-10 05:14:02;0;1
2017-10-10 05:15:11;0;1
2017-10-10 05:16:20;0;1
2017-10-10 05:17:29;0;1
2017-10-10 05:18:38;0;1
2017-10-10 05:19:47;0;1
2017-10-10 05:20:56;0;1
2017-10-10 05:22:05;0;1
2017-10-10 05:23:14;0;1
2017-10-10 05:24:23;0;1
2017-10-10 05:25:32;0;1
2017-10-10 05:26:41;0;1
2017-10-10 05:27:50;0;1
2017-10-10 05:28:59;0;1
2017-10-10 05:30:08;0;1
2017-10-10 05:31:17;0;1
2017-10-10 05:32:26;0;1
2017-10-10 05:33:35;0;1
2017-10-10 05:34:44;0;1
2017-10-10 05:35:53;0;1
2017-10-10 05:37:02;0;1
2017-10-10 05:38:11;0;1
2017-10-10 05:39:20;0;1
2017-10-10 05:40:29;0;1
2017-10-10 05:41:38;0;1
2017-10-10 05:42:47;0;1
2017-10-10 05:43:56;0;1
2017-10-10 05:45:05;0;1
2017-10-10 05:46:14;0;1
2017-10-10 05:47:23;0;1
2017-10-10 05:48:32;0;1
2017-10-10 05:49:41;0;1
2017-10-10 05:50:50;0;1
2017-10-10 05:51:59;0;1
2017-10-10 05:53:08;0;1
2017-10-10 05:54:17;0;1
2017-10-10 05:55:26;0;1
2017-10-10 05:56:35;0;1
2017-10-10 05:57:44;0;1
2017-10-10 05:58:53;0;1
2017-10-10 06:00:02;0;1
2017-10-10 06:01:11;0;1
2017-10-10 06:02:20;0;1
2017-10-10 06:03:29;0;1
2017-10-10 06:04:38;0;1
2017-10-10 06:05:47;1043.478;1
2017-10-10 06:06:56;1252.065;1
2017-10-10 06:08:05;1252.228;1
2017-10-10 06:09:14;991.347;1
2017-10-10 06:10:23;939.117;1
2017-10-10 06:11:32;886.957;1
2017-10-10 06:12:41;939.09;1
2017-10-10 06:13:50;991.391;1
2017-10-10 06:14:59;1095.541;1
2017-10-10 06:16:08;1826.087;1
2017-10-10 06:17:17;1721.739;1
2017-10-10 06:18:26;1043.509;1
2017-10-10 06:19:35;1043.478;1
2017-10-10 06:20:44;1043.509;1
2017-10-10 06:21:53;1043.448;1
2017-10-10 06:23:02;1043.509;1
2017-10-10 06:24:11;1043.448;1
2017-10-10 06:25:20;991.347;1
2017-10-10 06:26:29;1043.357;1
2017-10-10 06:27:38;991.276;1
2017-10-10 06:28:47;1043.493;1
2017-10-10 06:29:56;1043.539;1
2017-10-10 06:31:05;1147.826;1
2017-10-10 06:32:14;1356.541;1
2017-10-10 06:33:23;1252.156;1
2017-10-10 06:34:32;1356.502;1
2017-10-10 06:35:41;1356.463;1
2017-10-10 06:36:50;1252.301;1
2017-10-10 06:37:59;1356.384;1
2017-10-10 06:39:08;1252.265;1
2017-10-10 06:40:17;1304.367;1
2017-10-10 06:41:26;1252.101;1
2017-10-10 06:42:35;1304.405;1
2017-10-10 06:43:44;1565.081;1
2017-10-10 06:44:53;2295.852;1
2017-10-10 06:46:02;2086.624;1
2017-10-10 06:47:11;1513.153;1
2017-10-10 06:48:20;1408.757;1
2017-10-10 06:49:29;1408.553;1
2017-10-10 06:50:38;1356.581;1
2017-10-10 06:51:47;1408.634;1
2017-10-10 06:52:56;1408.777;1
2017-10-10 06:54:05;1408.614;1
2017-10-10 06:55:14;1408.777;1
2017-10-10 06:56:23;1408.614;1
2017-10-10 06:57:32;1356.62;1
2017-10-10 06:58:41;1408.655;1
2017-10-10 06:59:50;1460.827;1
2017-10-10 07:00:59;1460.933;1
2017-10-10 07:02:08;1408.614;1
2017-10-10 07:03:17;1408.736;1
2017-10-10 07:04:26;1460.764;1
2017-10-10 07:05:35;1565.24;1
2017-10-10 07:06:44;1513.175;1
2017-10-10 07:07:53;1460.721;1
2017-10-10 07:09:02;1930.631;1
2017-10-10 07:10:11;1930.407;1
2017-10-10 07:11:20;1825.981;1
2017-10-10 07:12:29;1617.368;1
2017-10-10 07:13:38;1565.217;1
2017-10-10 07:14:47;1617.321;1
2017-10-10 07:15:56;1460.933;1
2017-10-10 07:17:05;1565.172;1
2017-10-10 07:18:14;2191.558;1
2017-10-10 07:19:23;1513.022;1
2017-10-10 07:20:32;1513.022;1
2017-10-10 07:21:41;1356.443;1
2017-10-10 07:22:50;1878.234;1
2017-10-10 07:23:59;1773.939;1
2017-10-10 07:25:08;1930.463;1
2017-10-10 07:26:17;1617.485;1
2017-10-10 07:27:26;1461.102;1
2017-10-10 07:28:35;1461.124;1
2017-10-10 07:29:44;1460.954;1
2017-10-10 07:30:53;1461.124;1
2017-10-10 07:32:02;1460.785;1
2017-10-10 07:33:11;1460.954;1
2017-10-10 07:34:20;1460.743;1
2017-10-10 07:35:29;1513.131;1
2017-10-10 07:36:38;1460.806;1
2017-10-10 07:37:47;1356.561;1
2017-10-10 07:38:56;1774.067;1
2017-10-10 07:40:05;1356.364;1
2017-10-10 07:41:14;1721.714;1
2017-10-10 07:42:23;1773.964;1
2017-10-10 07:43:32;1304.367;1
2017-10-10 07:44:41;1252.21;1
2017-10-10 07:45:50;1617.438;1
2017-10-10 07:46:59;1356.541;1
2017-10-10 07:48:08;1356.482;1
2017-10-10 07:49:17;1356.325;1
2017-10-10 07:50:26;1356.6;1
2017-10-10 07:51:35;2243.381;1
2017-10-10 07:52:44;1982.752;1
2017-10-10 07:53:53;1304.386;1
2017-10-10 07:55:02;1199.913;1
2017-10-10 07:56:11;1043.524;1
2017-10-10 07:57:20;1043.493;1
2017-10-10 07:58:29;1826.008;1
2017-10-10 07:59:38;2034.724;1
2017-10-10 08:00:47;2086.896;1
2017-10-10 08:01:56;2087.047;1
2017-10-10 08:03:05;2086.987;1
2017-10-10 08:04:14;2086.745;1
2017-10-10 08:05:23;2191.463;1
2017-10-10 08:06:32;2191.495;1
2017-10-10 08:07:41;2139.068;1
2017-10-10 08:08:50;2191.304;1
2017-10-10 08:09:59;2138.913;1
2017-10-10 08:11:08;2608.923;1
2017-10-10 08:12:17;1982.58;1
2017-10-10 08:13:26;2608.544;1
2017-10-10 08:14:35;2139.192;1
2017-10-10 08:15:44;2139.192;1
2017-10-10 08:16:53;2139.037;1
2017-10-10 08:18:02;2191.241;1
2017-10-10 08:19:11;1982.465;1
2017-10-10 08:20:20;1982.781;1
2017-10-10 08:21:29;2034.842;1
2017-10-10 08:22:38;1982.666;1
2017-10-10 08:23:47;2034.753;1
2017-10-10 08:24:56;1930.463;1
2017-10-10 08:26:05;1982.551;1
2017-10-10 08:27:14;1982.522;1
2017-10-10 08:28:23;1982.522;1
2017-10-10 08:29:32;1982.867;1
2017-10-10 08:30:41;1982.465;1
2017-10-10 08:31:50;1982.436;1
2017-10-10 08:32:59;2034.96;1
2017-10-10 08:34:08;2034.724;1
2017-10-10 08:35:17;1982.666;1
2017-10-10 08:36:26;2034.724;1
2017-10-10 08:37:35;1982.752;1
2017-10-10 08:38:44;1982.551;1
2017-10-10 08:39:53;1930.407;1
2017-10-10 08:41:02;1878.098;1
2017-10-10 08:42:11;1826.06;1
2017-10-10 08:43:20;2034.901;1
2017-10-10 08:44:29;2034.576;1
2017-10-10 08:45:38;2034.783;1
2017-10-10 08:46:47;3600;1
2017-10-10 08:47:56;3756.74;1
2017-10-10 08:49:05;3809.027;1
2017-10-10 08:50:14;3391.501;1
2017-10-10 08:51:23;3287.242;1
2017-10-10 08:52:32;3234.923;1
2017-10-10 08:53:41;3234.97;1
2017-10-10 08:54:50;3182.885;1
2017-10-10 08:55:59;2034.901;1
2017-10-10 08:57:08;1669.71;1
2017-10-10 08:58:17;1304.329;1
2017-10-10 08:59:26;1304.461;1
2017-10-10 09:00:35;313.075;1
2017-10-10 09:01:44;1304.499;1
2017-10-10 09:02:53;1304.499;1
2017-10-10 09:04:02;1721.939;1
2017-10-10 09:05:11;1617.555;1
2017-10-10 09:06:20;1356.581;1
2017-10-10 09:07:29;1356.679;1
2017-10-10 09:08:38;1513.153;1
2017-10-10 09:09:47;3235.251;1
2017-10-10 09:10:56;3235.017;1
2017-10-10 09:12:05;3495.652;1
2017-10-10 09:13:14;3183.07;1
2017-10-10 09:14:23;3130.526;1
2017-10-10 09:15:32;3130.752;1
2017-10-10 09:16:41;3078.484;1
2017-10-10 09:17:50;3078.529;1
2017-10-10 09:18:59;2921.824;1
2017-10-10 09:20:08;2974.258;1
2017-10-10 09:21:17;2921.781;1
2017-10-10 09:22:26;2295.586;1
2017-10-10 09:23:35;1043.554;1
2017-10-10 09:24:44;1043.614;1
2017-10-10 09:25:53;3026.35;1
2017-10-10 09:27:02;1982.724;1
2017-10-10 09:28:11;1252.301;1
2017-10-10 09:29:20;2608.809;1
2017-10-10 09:30:29;2922.078;1
2017-10-10 09:31:38;1356.659;1
2017-10-10 09:32:47;1356.561;1
2017-10-10 09:33:56;1669.735;1
2017-10-10 09:35:05;1304.423;1
2017-10-10 09:36:14;1565.285;1
2017-10-10 09:37:23;2348.03;1
2017-10-10 09:38:32;1565.354;1
2017-10-10 09:39:41;1669.71;1
2017-10-10 09:40:50;1930.659;1
2017-10-10 09:41:59;4226.087;1
2017-10-10 09:43:08;4800.626;1
2017-10-10 09:44:17;3078.35;1
2017-10-10 09:45:26;3026.569;1
2017-10-10 09:46:35;3078.484;1
2017-10-10 09:47:44;3078.35;1
2017-10-10 09:48:53;2817.514;1
2017-10-10 09:50:02;3130.798;1
2017-10-10 09:51:11;2869.69;1
2017-10-10 09:52:20;1304.423;1
2017-10-10 09:53:29;1304.386;1
2017-10-10 09:54:38;2556.707;1
2017-10-10 09:55:47;3182.701;1
2017-10-10 09:56:56;3130.662;1
2017-10-10 09:58:05;3026.219;1
2017-10-10 09:59:14;1408.757;1
2017-10-10 10:00:23;1043.569;1
2017-10-10 10:01:32;1043.584;1
2017-10-10 10:02:41;1095.763;1
2017-10-10 10:03:50;1043.599;1
2017-10-10 10:04:59;2243.706;1
2017-10-10 10:06:08;2921.739;1
2017-10-10 10:07:17;3548.186;1
2017-10-10 10:08:26;4226.209;1
2017-10-10 10:09:35;3652.333;1
2017-10-10 10:10:44;1982.781;1
2017-10-10 10:11:53;1721.839;1
2017-10-10 10:13:02;573.921;1
2017-10-10 10:14:11;469.552;1
2017-10-10 10:15:20;260.888;1
2017-10-10 10:16:29;1565.308;1
2017-10-10 10:17:38;0;1
2017-10-10 10:18:47;0;1
2017-10-10 10:19:56;0;1
2017-10-10 10:21:05;0;1
2017-10-10 10:22:14;0;1
2017-10-10 10:23:23;0;1
2017-10-10 10:24:32;0;1
2017-10-10 10:25:41;0;1
2017-10-10 10:26:50;0;1
2017-10-10 10:27:59;156.522;1
2017-10-10 10:29:08;1460.848;1
2017-10-10 10:30:17;1617.415;1
2017-10-10 10:31:26;1408.634;1
2017-10-10 10:32:35;0;1
2017-10-10 10:33:44;156.519;1
2017-10-10 10:34:53;0;1
2017-10-10 10:36:02;52.173;1
2017-10-10 10:37:11;52.174;1
2017-10-10 10:38:20;156.515;1
2017-10-10 10:39:29;730.488;1
2017-10-10 10:40:38;1565.195;1
2017-10-10 10:41:47;1826.06;1
2017-10-10 10:42:56;1930.435;1
2017-10-10 10:44:05;2191.4;1
2017-10-10 10:45:14;2295.552;1
2017-10-10 10:46:23;2295.785;1
2017-10-10 10:47:32;2295.752;1
2017-10-10 10:48:41;626.078;1
2017-10-10 10:49:50;208.726;1
2017-10-10 10:50:59;0;1
2017-10-10 10:52:08;104.349;1
2017-10-10 10:53:17;0;1
2017-10-10 10:54:26;0;1
2017-10-10 10:55:35;0;1
2017-10-10 10:56:44;0;1
2017-10-10 10:57:53;0;1
2017-10-10 10:59:02;0;1
2017-10-10 11:00:11;0;1
2017-10-10 11:01:20;0;1
2017-10-10 11:02:29;0;1
2017-10-10 11:03:38;0;1
2017-10-10 11:04:47;0;1
2017-10-10 11:05:56;0;1
2017-10-10 11:07:05;0;1
2017-10-10 11:08:14;0;1
2017-10-10 11:09:23;0;1
2017-10-10 11:10:32;0;1
2017-10-10 11:11:41;0;1
2017-10-10 11:12:50;0;1
2017-10-10 11:13:59;0;1
2017-10-10 11:15:07;0;1
2017-10-10 11:16:16;0;1
2017-10-10 11:17:25;0;1
2017-10-10 11:18:34;0;1
2017-10-10 11:19:43;0;1
2017-10-10 11:20:52;0;1
2017-10-10 11:22:01;0;1
2017-10-10 11:23:10;0;1
2017-10-10 11:24:19;0;1
2017-10-10 11:25:28;0;1
2017-10-10 11:26:37;0;1
2017-10-10 11:27:46;0;1
2017-10-10 11:28:55;0;1
2017-10-10 11:30:04;0;1
2017-10-10 11:31:13;0;1
2017-10-10 11:32:22;0;1
2017-10-10 11:33:31;0;1
2017-10-10 11:34:40;0;1
2017-10-10 11:35:49;0;1
2017-10-10 11:36:58;0;1
2017-10-10 11:38:07;0;1
2017-10-10 11:39:16;208.714;1
2017-10-10 11:40:25;0;1
2017-10-10 11:41:34;0;1
2017-10-10 11:42:43;0;1
2017-10-10 11:43:52;0;1
2017-10-10 11:45:01;0;1
2017-10-10 11:46:10;0;1
2017-10-10 11:47:19;0;1
2017-10-10 11:48:28;0;1
2017-10-10 11:49:37;0;1
2017-10-10 11:50:46;0;1
2017-10-10 11:51:55;0;1
2017-10-10 11:53:04;0;1
2017-10-10 11:54:13;0;1
2017-10-10 11:55:22;0;1
2017-10-10 11:56:31;0;1
2017-10-10 11:57:40;0;1
2017-10-10 11:58:49;0;1
2017-10-10 11:59:58;0;1
2017-10-10 12:01:07;0;1
2017-10-10 12:02:16;0;1
2017-10-10 12:03:25;0;1
2017-10-10 12:04:34;0;1
2017-10-10 12:05:43;52.183;1
2017-10-10 12:06:52;0;1
2017-10-10 12:08:01;0;1
2017-10-10 12:09:10;0;1
2017-10-10 12:10:19;521.777;1
2017-10-10 12:11:28;1826.193;1
2017-10-10 12:12:37;4956.953;1
2017-10-10 12:13:46;4330.874;1
2017-10-10 12:14:55;3391.452;1
2017-10-10 12:16:04;1826.219;1
2017-10-10 12:17:13;208.717;1
2017-10-10 12:18:22;469.565;1
2017-10-10 12:19:31;52.177;1
2017-10-10 12:20:40;0;1
2017-10-10 12:21:49;626.114;1
2017-10-10 12:22:58;626.16;1
2017-10-10 12:24:07;1669.565;1
2017-10-10 12:25:16;2243.478;1
2017-10-10 12:26:25;1982.637;1
2017-10-10 12:27:34;2452.352;1
2017-10-10 12:28:43;2399.896;1
2017-10-10 12:29:52;886.957;1
2017-10-10 12:31:01;156.513;1
2017-10-10 12:32:10;626.132;1
2017-10-10 12:33:19;626.087;1
2017-10-10 12:34:28;678.369;1
2017-10-10 12:35:37;1095.811;1
2017-10-10 12:36:46;991.362;1
2017-10-10 12:37:55;260.877;1
2017-10-10 12:39:04;104.351;1
2017-10-10 12:40:13;0;1
2017-10-10 12:41:22;0;1
2017-10-10 12:42:31;0;1
2017-10-10 12:43:40;0;1
2017-10-10 12:44:49;0;1
2017-10-10 12:45:58;0;1
2017-10-10 12:47:07;0;1
2017-10-10 12:48:16;0;1
2017-10-10 12:49:25;0;1
2017-10-10 12:50:34;0;1
2017-10-10 12:51:43;0;1
2017-10-10 12:52:52;0;1
2017-10-10 12:54:01;0;1
2017-10-10 12:55:10;0;1
2017-10-10 12:56:19;0;1
2017-10-10 12:57:28;0;1
2017-10-10 12:58:37;0;1
2017-10-10 12:59:46;0;1
2017-10-10 13:00:55;0;1
2017-10-10 13:02:04;0;1
2017-10-10 13:03:13;0;1
2017-10-10 13:04:22;0;1
2017-10-10 13:05:31;0;1
2017-10-10 13:06:40;0;1
2017-10-10 13:07:49;0;1
2017-10-10 13:08:58;0;1
2017-10-10 13:10:07;0;1
2017-10-10 13:11:16;0;1
2017-10-10 13:12:25;0;1
2017-10-10 13:13:34;0;1
2017-10-10 13:14:43;0;1
2017-10-10 13:15:52;0;1
2017-10-10 13:17:01;0;1
2017-10-10 13:18:10;0;1
2017-10-10 13:19:19;0;1
2017-10-10 13:20:28;0;1
2017-10-10 13:21:37;0;1
2017-10-10 13:22:46;0;1
2017-10-10 13:23:55;0;1
2017-10-10 13:25:04;0;1
2017-10-10 13:26:13;0;1
2017-10-10 13:27:22;0;1
2017-10-10 13:28:31;0;1
2017-10-10 13:29:40;0;1
2017-10-10 13:30:49;0;1
2017-10-10 13:31:58;0;1
2017-10-10 13:33:07;0;1
2017-10-10 13:34:16;0;1
2017-10-10 13:35:25;0;1
2017-10-10 13:36:34;0;1
2017-10-10 13:37:43;0;1
2017-10-10 13:38:52;0;1
2017-10-10 13:40:01;0;1
2017-10-10 13:41:10;0;1
2017-10-10 13:42:19;0;1
2017-10-10 13:43:28;0;1
2017-10-10 13:44:37;0;1
2017-10-10 13:45:46;0;1
2017-10-10 13:46:55;0;1
2017-10-10 13:48:04;0;1
2017-10-10 13:49:13;0;1
2017-10-10 13:50:22;0;1
2017-10-10 13:51:31;0;1
2017-10-10 13:52:40;0;1
2017-10-10 13:53:49;0;1
2017-10-10 13:54:58;0;1
2017-10-10 13:56:07;0;1
2017-10-10 13:57:16;0;1
2017-10-10 13:58:25;0;1
2017-10-10 13:59:34;0;1
2017-10-10 14:00:43;0;1
2017-10-10 14:01:52;0;1
2017-10-10 14:03:01;0;1
2017-10-10 14:04:10;0;1
2017-10-10 14:05:19;0;1
2017-10-10 14:06:28;0;1
2017-10-10 14:07:37;0;1
2017-10-10 14:08:46;0;1
2017-10-10 14:09:55;0;1
2017-10-10 14:11:04;0;1
2017-10-10 14:12:13;0;1
2017-10-10 14:13:22;0;1
2017-10-10 14:14:31;0;1
2017-10-10 14:15:40;0;1
2017-10-10 14:16:49;0;1
2017-10-10 14:17:58;0;1
2017-10-10 14:19:07;0;1
2017-10-10 14:20:16;0;1
2017-10-10 14:21:25;0;1
2017-10-10 14:22:34;0;1
2017-10-10 14:23:43;0;1
2017-10-10 14:24:52;0;1
2017-10-10 14:26:01;0;1
2017-10-10 14:27:10;0;1
2017-10-10 14:28:19;0;1
2017-10-10 14:29:28;0;1
2017-10-10 14:30:37;0;1
2017-10-10 14:31:46;0;1
2017-10-10 14:32:55;0;1
2017-10-10 14:34:04;0;1
2017-10-10 14:35:13;0;1
2017-10-10 14:36:22;0;1
2017-10-10 14:37:31;0;1
2017-10-10 14:38:40;0;1
2017-10-10 14:39:49;0;1
2017-10-10 14:40:58;0;1
2017-10-10 14:42:07;0;1
2017-10-10 14:43:16;0;1
2017-10-10 14:44:25;0;1
2017-10-10 14:45:34;0;1
2017-10-10 14:46:43;0;1
2017-10-10 14:47:52;0;1
2017-10-10 14:49:01;0;1
2017-10-10 14:50:10;0;1
2017-10-10 14:51:19;0;1
2017-10-10 14:52:28;0;1
2017-10-10 14:53:37;0;1
2017-10-10 14:54:46;0;1
2017-10-10 14:55:55;0;1
2017-10-10 14:57:04;0;1
2017-10-10 14:58:13;0;1
2017-10-10 14:59:22;0;1
2017-10-10 15:00:31;0;1
2017-10-10 15:01:40;0;1
2017-10-10 15:02:49;0;1
2017-10-10 15:03:58;0;1
2017-10-10 15:05:07;0;1
2017-10-10 15:06:16;0;1
2017-10-10 15:07:25;0;1
2017-10-10 15:08:34;0;1
2017-10-10 15:09:43;0;1
2017-10-10 15:10:52;0;1
2017-10-10 15:12:01;0;1
2017-10-10 15:13:10;0;1
2017-10-10 15:14:19;0;1
2017-10-10 15:15:28;0;1
2017-10-10 15:16:37;0;1
2017-10-10 15:17:46;0;1
2017-10-10 15:18:55;0;1
2017-10-10 15:20:04;0;1
2017-10-10 15:21:13;0;1
2017-10-10 15:22:22;0;1
2017-10-10 15:23:31;0;1
2017-10-10 15:24:40;0;1
2017-10-10 15:25:49;0;1
2017-10-10 15:26:58;0;1
2017-10-10 15:28:07;0;1
2017-10-10 15:29:16;0;1
2017-10-10 15:30:25;0;1
2017-10-10 15:31:34;0;1
2017-10-10 15:32:43;0;1
2017-10-10 15:33:52;0;1
2017-10-10 15:35:01;0;1
2017-10-10 15:36:10;0;1
2017-10-10 15:37:19;0;1
2017-10-10 15:38:28;0;1
2017-10-10 15:39:37;0;1
2017-10-10 15:40:46;0;1
2017-10-10 15:41:55;0;1
2017-10-10 15:43:04;0;1
2017-10-10 15:44:13;0;1
2017-10-10 15:45:22;0;1
2017-10-10 15:46:31;0;1
2017-10-10 15:47:40;0;1
2017-10-10 15:48:49;0;1
2017-10-10 15:49:58;0;1
2017-10-10 15:51:07;0;1
2017-10-10 15:52:16;0;1
2017-10-10 15:53:25;313.066;1
2017-10-10 15:54:34;208.723;1
2017-10-10 15:55:43;0;1
2017-10-10 15:56:52;0;1
2017-10-10 15:58:01;0;1
2017-10-10 15:59:10;0;1
2017-10-10 16:00:19;0;1
2017-10-10 16:01:28;0;1
2017-10-10 16:02:37;0;1
2017-10-10 16:03:46;0;1
2017-10-10 16:04:55;0;1
2017-10-10 16:06:04;0;1
2017-10-10 16:07:13;0;1
2017-10-10 16:08:22;0;1
2017-10-10 16:09:31;0;1
2017-10-10 16:10:40;0;1
2017-10-10 16:11:49;0;1
2017-10-10 16:12:58;0;1
2017-10-10 16:14:07;0;1
2017-10-10 16:15:16;0;1
2017-10-10 16:16:25;0;1
2017-10-10 16:17:34;0;1
2017-10-10 16:18:43;0;1
2017-10-10 16:19:52;0;1
2017-10-10 16:21:01;0;1
2017-10-10 16:22:10;0;1
2017-10-10 16:23:19;0;1
2017-10-10 16:24:28;0;1
2017-10-10 16:25:37;0;1
2017-10-10 16:26:46;0;1
2017-10-10 16:27:55;0;1
2017-10-10 16:29:04;0;1
2017-10-10 16:30:13;0;1
2017-10-10 16:31:22;0;1
2017-10-10 16:32:31;0;1
2017-10-10 16:33:40;0;1
2017-10-10 16:34:49;0;1
2017-10-10 16:35:58;0;1
2017-10-10 16:37:07;0;1
2017-10-10 16:38:16;0;1
2017-10-10 16:39:25;0;1
2017-10-10 16:40:34;0;1
2017-10-10 16:41:43;0;1
2017-10-10 16:42:52;0;1
2017-10-10 16:44:01;0;1
2017-10-10 16:45:10;0;1
2017-10-10 16:46:19;0;1
2017-10-10 16:47:28;0;1
2017-10-10 16:48:37;0;1
2017-10-10 16:49:46;0;1
2017-10-10 16:50:55;0;1
2017-10-10 16:52:04;0;1
2017-10-10 16:53:13;0;1
2017-10-10 16:54:22;0;1
2017-10-10 16:55:31;0;1
2017-10-10 16:56:40;0;1
2017-10-10 16:57:49;0;1
2017-10-10 16:58:58;0;1
2017-10-10 17:00:07;0;1
2017-10-10 17:01:16;0;1
2017-10-10 17:02:25;0;1
2017-10-10 17:03:34;0;1
2017-10-10 17:04:43;0;1
2017-10-10 17:05:52;0;1
2017-10-10 17:07:01;0;1
2017-10-10 17:08:10;0;1
2017-10-10 17:09:19;0;1
2017-10-10 17:10:28;0;1
2017-10-10 17:11:37;0;1
2017-10-10 17:12:46;0;1
2017-10-10 17:13:55;0;1
2017-10-10 17:15:04;0;1
2017-10-10 17:16:13;0;1
2017-10-10 17:17:22;0;1
2017-10-10 17:18:31;0;1
2017-10-10 17:19:40;0;1
2017-10-10 17:20:49;0;1
2017-10-10 17:21:58;0;1
2017-10-10 17:23:07;0;1
2017-10-10 17:24:16;0;1
2017-10-10 17:25:25;52.172;1
2017-10-10 17:26:34;104.352;1
2017-10-10 17:27:43;156.504;1
2017-10-10 17:28:52;208.72;1
2017-10-10 17:30:01;208.69;1
2017-10-10 17:31:10;260.866;1
2017-10-10 17:32:19;208.69;1
2017-10-10 17:33:28;260.877;1
2017-10-10 17:34:37;260.862;1
2017-10-10 17:35:46;156.515;1
2017-10-10 17:36:55;208.717;1
2017-10-10 17:38:04;104.345;1
2017-10-10 17:39:13;0;1
2017-10-10 17:40:22;260.885;1
2017-10-10 17:41:31;2713.043;1
2017-10-10 17:42:40;1408.777;1
2017-10-10 17:43:49;156.526;1
2017-10-10 17:44:58;208.711;1
2017-10-10 17:46:07;156.522;1
2017-10-10 17:47:16;156.519;1
2017-10-10 17:48:25;208.702;1
2017-10-10 17:49:34;156.517;1
2017-10-10 17:50:43;156.526;1
2017-10-10 17:51:52;156.517;1
2017-10-10 17:53:01;260.877;1
2017-10-10 17:54:10;260.858;1
2017-10-10 17:55:19;365.186;1
2017-10-10 17:56:28;365.249;1
2017-10-10 17:57:37;365.233;1
2017-10-10 17:58:46;417.331;1
2017-10-10 17:59:55;365.254;1
2017-10-10 18:01:04;469.558;1
2017-10-10 18:02:13;417.349;1
2017-10-10 18:03:22;469.599;1
2017-10-10 18:04:31;417.385;1
2017-10-10 18:05:40;469.572;1
2017-10-10 18:06:49;469.558;1
2017-10-10 18:07:58;469.606;1
2017-10-10 18:09:07;521.732;1
2017-10-10 18:10:16;521.656;1
2017-10-10 18:11:25;521.747;1
2017-10-10 18:12:34;1356.541;1
2017-10-10 18:13:43;1304.442;1
2017-10-10 18:14:52;1460.912;1
2017-10-10 18:16:01;1199.983;1
2017-10-10 18:17:10;1200.07;1
2017-10-10 18:18:19;834.892;1
2017-10-10 18:19:28;834.855;1
2017-10-10 18:20:37;991.448;1
2017-10-10 18:21:46;834.843;1
2017-10-10 18:22:55;991.362;1
2017-10-10 18:24:04;991.276;1
2017-10-10 18:25:13;1461.081;1
2017-10-10 18:26:22;1460.933;1
2017-10-10 18:27:31;1200.122;1
2017-10-10 18:28:40;1304.499;1
2017-10-10 18:29:49;1408.818;1
2017-10-10 18:30:58;1147.943;1
2017-10-10 18:32:07;678.3;1
2017-10-10 18:33:16;730.435;1
2017-10-10 18:34:25;730.519;1
2017-10-10 18:35:34;730.519;1
2017-10-10 18:36:43;730.456;1
2017-10-10 18:37:52;730.509;1
2017-10-10 18:39:01;834.843;1
2017-10-10 18:40:10;1460.975;1
2017-10-10 18:41:19;1252.283;1
2017-10-10 18:42:28;782.665;1
2017-10-10 18:43:37;730.519;1
2017-10-10 18:44:46;782.711;1
2017-10-10 18:45:55;730.424;1
2017-10-10 18:47:04;782.711;1
2017-10-10 18:48:13;730.509;1
2017-10-10 18:49:22;782.677;1
2017-10-10 18:50:31;730.509;1
2017-10-10 18:51:40;730.509;1
2017-10-10 18:52:49;782.654;1
2017-10-10 18:53:58;730.519;1
2017-10-10 18:55:07;782.654;1
2017-10-10 18:56:16;730.488;1
2017-10-10 18:57:25;782.699;1
2017-10-10 18:58:34;782.722;1
2017-10-10 18:59:43;782.688;1
2017-10-10 19:00:52;782.654;1
2017-10-10 19:02:01;782.722;1
2017-10-10 19:03:10;991.29;1
2017-10-10 19:04:19;1043.645;1
2017-10-10 19:05:28;991.419;1
2017-10-10 19:06:37;1043.569;1
2017-10-10 19:07:46;1043.554;1
2017-10-10 19:08:55;991.376;1
2017-10-10 19:10:03;1043.599;1
2017-10-10 19:11:12;1043.599;1
2017-10-10 19:12:21;1043.524;1
2017-10-10 19:13:30;1043.584;1
2017-10-10 19:14:39;991.448;1
2017-10-10 19:15:48;1043.509;1
2017-10-10 19:16:57;1043.614;1
2017-10-10 19:18:06;1043.584;1
2017-10-10 19:19:15;1043.524;1
2017-10-10 19:20:24;1095.763;1
2017-10-10 19:21:33;1147.943;1
2017-10-10 19:22:42;1200.017;1
2017-10-10 19:23:51;1304.442;1
2017-10-10 19:25:00;1200.035;1
2017-10-10 19:26:09;1200.035;1
2017-10-10 19:27:18;1200.104;1
2017-10-10 19:28:27;1252.228;1
2017-10-10 19:29:36;1252.392;1
2017-10-10 19:30:45;1200.139;1
2017-10-10 19:31:54;1200.157;1
2017-10-10 19:33:03;1147.926;1
2017-10-10 19:34:12;1148.026;1
2017-10-10 19:35:21;1200.07;1
2017-10-10 19:36:30;1147.909;1
2017-10-10 19:37:39;1878.451;1
2017-10-10 19:38:48;2295.785;1
2017-10-10 19:39:57;2347.894;1
2017-10-10 19:41:06;2295.719;1
2017-10-10 19:42:15;2295.885;1
2017-10-10 19:43:24;2295.918;1
2017-10-10 19:44:33;2243.543;1
2017-10-10 19:45:42;2139.378;1
2017-10-10 19:46:51;1147.893;1
2017-10-10 19:48:00;1200.191;1
2017-10-10 19:49:09;1200.104;1
2017-10-10 19:50:18;1147.909;1
2017-10-10 19:51:27;1200.174;1
2017-10-10 19:52:36;1200.139;1
2017-10-10 19:53:45;1147.859;1
2017-10-10 19:54:54;1200;1
2017-10-10 19:56:03;1199.948;1
2017-10-10 19:57:12;1147.76;1
2017-10-10 19:58:21;1200.052;1
2017-10-10 19:59:30;1147.859;1
2017-10-10 20:00:39;1199.983;1
2017-10-10 20:01:48;939.09;1
2017-10-10 20:02:57;886.969;1
2017-10-10 20:04:06;939.076;1
2017-10-10 20:05:15;886.995;1
2017-10-10 20:06:24;887.008;1
2017-10-10 20:07:33;886.931;1
2017-10-10 20:08:42;886.982;1
2017-10-10 20:09:51;834.686;1
2017-10-10 20:11:00;782.654;1
2017-10-10 20:12:09;782.575;1
2017-10-10 20:13:18;782.654;1
2017-10-10 20:14:27;834.746;1
2017-10-10 20:15:36;782.665;1
2017-10-10 20:16:45;782.597;1
2017-10-10 20:17:54;834.686;1
2017-10-10 20:19:03;782.699;1
2017-10-10 20:20:12;782.563;1
2017-10-10 20:21:21;782.597;1
2017-10-10 20:22:30;834.795;1
2017-10-10 20:23:39;834.831;1
2017-10-10 20:24:48;782.518;1
2017-10-10 20:25:57;782.665;1
2017-10-10 20:27:06;834.746;1
2017-10-10 20:28:15;834.746;1
2017-10-10 20:29:24;834.855;1
2017-10-10 20:30:33;834.722;1
2017-10-10 20:31:42;782.597;1
2017-10-10 20:32:51;834.843;1
2017-10-10 20:34:00;782.62;1
2017-10-10 20:35:09;834.71;1
2017-10-10 20:36:18;782.62;1
2017-10-10 20:37:27;782.609;1
2017-10-10 20:38:36;834.904;1
2017-10-10 20:39:45;782.665;1
2017-10-10 20:40:54;782.665;1
2017-10-10 20:42:03;834.916;1
2017-10-10 20:43:12;834.795;1
2017-10-10 20:44:21;834.819;1
2017-10-10 20:45:30;834.686;1
2017-10-10 20:46:39;730.53;1
2017-10-10 20:47:48;782.575;1
2017-10-10 20:48:57;730.456;1
2017-10-10 20:50:06;730.403;1
2017-10-10 20:51:15;730.403;1
2017-10-10 20:52:24;730.435;1
2017-10-10 20:53:33;730.424;1
2017-10-10 20:54:42;678.31;1
2017-10-10 20:55:51;730.392;1
2017-10-10 20:57:00;678.31;1
2017-10-10 20:58:09;730.371;1
2017-10-10 20:59:18;730.467;1
2017-10-10 21:00:27;730.392;1
2017-10-10 21:01:36;678.241;1
2017-10-10 21:02:45;730.467;1
2017-10-10 21:03:54;782.654;1
2017-10-10 21:05:03;730.361;1
2017-10-10 21:06:12;730.467;1
2017-10-10 21:07:21;730.488;1
2017-10-10 21:08:30;730.414;1
2017-10-10 21:09:39;782.563;1
2017-10-10 21:10:48;730.456;1
2017-10-10 21:11:57;782.688;1
2017-10-10 21:13:06;886.841;1
2017-10-10 21:14:15;939.158;1
2017-10-10 21:15:24;782.631;1
2017-10-10 21:16:33;730.435;1
2017-10-10 21:17:42;834.734;1
2017-10-10 21:18:51;730.445;1
2017-10-10 21:20:00;782.631;1
2017-10-10 21:21:09;782.541;1
2017-10-10 21:22:18;782.665;1
2017-10-10 21:23:27;782.575;1
2017-10-10 21:24:36;730.467;1
2017-10-10 21:25:45;782.609;1
2017-10-10 21:26:54;730.371;1
2017-10-10 21:28:03;782.631;1
2017-10-10 21:29:12;782.609;1
2017-10-10 21:30:21;730.477;1
2017-10-10 21:31:30;730.456;1
2017-10-10 21:32:39;782.541;1
2017-10-10 21:33:48;730.467;1
2017-10-10 21:34:57;782.597;1
2017-10-10 21:36:06;730.382;1
2017-10-10 21:37:15;782.643;1
2017-10-10 21:38:24;730.498;1
2017-10-10 21:39:33;782.507;1
2017-10-10 21:40:42;730.541;1
2017-10-10 21:41:51;782.586;1
2017-10-10 21:43:00;730.445;1
2017-10-10 21:44:09;782.586;1
2017-10-10 21:45:18;834.819;1
2017-10-10 21:46:27;730.509;1
2017-10-10 21:47:36;730.488;1
2017-10-10 21:48:45;730.456;1
2017-10-10 21:49:54;782.643;1
2017-10-10 21:51:03;730.424;1
2017-10-10 21:52:12;782.665;1
2017-10-10 21:53:21;678.261;1
2017-10-10 21:54:30;782.665;1
2017-10-10 21:55:39;730.477;1
2017-10-10 21:56:48;730.488;1
2017-10-10 21:57:57;730.456;1
2017-10-10 21:59:06;782.665;1
2017-10-10 22:00:15;782.665;1
2017-10-10 22:01:24;886.982;1
2017-10-10 22:02:33;1147.959;1
2017-10-10 22:03:42;1095.763;1
2017-10-10 22:04:51;1095.7;1
2017-10-10 22:06:00;0;1
2017-10-10 22:07:09;0;1
2017-10-10 22:08:18;0;1
2017-10-10 22:09:27;0;1
2017-10-10 22:10:36;0;1
2017-10-10 22:11:45;0;1
2017-10-10 22:12:54;0;1
2017-10-10 22:14:03;0;1
2017-10-10 22:15:12;0;1
2017-10-10 22:16:21;0;1
2017-10-10 22:17:30;0;1
2017-10-10 22:18:39;0;1
2017-10-10 22:19:48;0;1
2017-10-10 22:20:57;0;1
2017-10-10 22:22:06;0;1
2017-10-10 22:23:15;0;1
2017-10-10 22:24:24;0;1
2017-10-10 22:25:33;0;1
2017-10-10 22:26:42;0;1
2017-10-10 22:27:51;0;1
2017-10-10 22:29:00;0;1
2017-10-10 22:30:09;0;1
2017-10-10 22:31:18;0;1
2017-10-10 22:32:27;0;1
2017-10-10 22:33:36;0;1
2017-10-10 22:34:45;0;1
2017-10-10 22:35:54;0;1
2017-10-10 22:37:03;0;1
2017-10-10 22:38:12;0;1
2017-10-10 22:39:21;0;1
2017-10-10 22:40:30;0;1
2017-10-10 22:41:39;0;1
2017-10-10 22:42:48;0;1
2017-10-10 22:43:57;0;1
2017-10-10 22:45:06;0;1
2017-10-10 22:46:15;0;1
2017-10-10 22:47:24;0;1
2017-10-10 22:48:33;0;1
2017-10-10 22:49:42;0;1
2017-10-10 22:50:51;0;1
2017-10-10 22:52:00;0;1
2017-10-10 22:53:09;0;1
2017-10-10 22:54:18;0;1
2017-10-10 22:55:27;0;1
2017-10-10 22:56:36;0;1
2017-10-10 22:57:45;0;1
2017-10-10 22:58:54;0;1
2017-10-10 23:00:03;0;1
2017-10-10 23:01:12;0;1
2017-10-10 23:02:21;0;1
2017-10-10 23:03:30;0;1
2017-10-10 23:04:39;0;1
2017-10-10 23:05:48;0;1
2017-10-10 23:06:57;0;1
2017-10-10 23:08:06;0;1
2017-10-10 23:09:15;0;1
2017-10-10 23:10:24;0;1
2017-10-10 23:11:33;0;1
2017-10-10 23:12:42;0;1
2017-10-10 23:13:51;0;1
2017-10-10 23:15:00;0;1
2017-10-10 23:16:09;0;1
2017-10-10 23:17:18;0;1
2017-10-10 23:18:27;0;1
2017-10-10 23:19:36;0;1
2017-10-10 23:20:45;0;1
2017-10-10 23:21:54;0;1
2017-10-10 23:23:03;0;1
2017-10-10 23:24:12;0;1
2017-10-10 23:25:21;0;1
2017-10-10 23:26:30;0;1
2017-10-10 23:27:39;0;1
2017-10-10 23:28:48;0;1
2017-10-10 23:29:57;0;1
2017-10-10 23:31:06;0;1
2017-10-10 23:32:15;0;1
2017-10-10 23:33:24;0;1
2017-10-10 23:34:33;0;1
2017-10-10 23:35:42;0;1
2017-10-10 23:36:51;0;1
2017-10-10 23:38:00;0;1
2017-10-10 23:39:09;0;1
2017-10-10 23:40:18;0;1
2017-10-10 23:41:27;0;1
2017-10-10 23:42:36;0;1
2017-10-10 23:43:45;0;1
2017-10-10 23:44:54;0;1
2017-10-10 23:46:03;0;1
2017-10-10 23:47:12;0;1
2017-10-10 23:48:21;0;1
2017-10-10 23:49:30;0;1
2017-10-10 23:50:39;0;1
2017-10-10 23:51:48;0;1
2017-10-10 23:52:57;0;1
2017-10-10 23:54:06;0;1
2017-10-10 23:55:15;0;1
2017-10-10 23:56:24;0;1
2017-10-10 23:57:33;0;1
2017-10-10 23:58:42;0;1
2017-10-10 23:59:51;0;1
2017-10-11 00:01:00;0;1
2017-10-11 00:02:09;0;1
2017-10-11 00:03:18;0;1
2017-10-11 00:04:27;0;1
2017-10-11 00:05:36;0;1
2017-10-11 00:06:45;0;1
2017-10-11 00:07:54;0;1
2017-10-11 00:09:03;0;1
2017-10-11 00:10:12;0;1
2017-10-11 00:11:21;0;1
2017-10-11 00:12:30;0;1
2017-10-11 00:13:39;0;1
2017-10-11 00:14:48;0;1
2017-10-11 00:15:57;0;1
2017-10-11 00:17:06;0;1
2017-10-11 00:18:15;0;1
2017-10-11 00:19:24;0;1
2017-10-11 00:20:33;0;1
2017-10-11 00:21:42;0;1
2017-10-11 00:22:51;0;1
2017-10-11 00:24:00;0;1
2017-10-11 00:25:09;0;1
2017-10-11 00:26:18;0;1
2017-10-11 00:27:27;0;1
2017-10-11 00:28:36;0;1
2017-10-11 00:29:45;0;1
2017-10-11 00:30:54;0;1
2017-10-11 00:32:03;0;1
2017-10-11 00:33:12;0;1
2017-10-11 00:34:21;0;1
2017-10-11 00:35:30;0;1
2017-10-11 00:36:39;0;1
2017-10-11 00:37:48;0;1
2017-10-11 00:38:57;0;1
2017-10-11 00:40:06;0;1
2017-10-11 00:41:15;0;1
2017-10-11 00:42:24;0;1
2017-10-11 00:43:33;0;1
2017-10-11 00:44:42;0;1
2017-10-11 00:45:51;0;1
2017-10-11 00:47:00;0;1
2017-10-11 00:48:09;0;1
2017-10-11 00:49:18;0;1
2017-10-11 00:50:27;0;1
2017-10-11 00:51:36;0;1
2017-10-11 00:52:45;0;1
2017-10-11 00:53:54;0;1
2017-10-11 00:55:03;0;1
2017-10-11 00:56:12;0;1
2017-10-11 00:57:21;0;1
2017-10-11 00:58:30;0;1
2017-10-11 00:59:39;0;1
2017-10-11 01:00:48;0;1
2017-10-11 01:01:57;0;1
2017-10-11 01:03:06;0;1
2017-10-11 01:04:15;0;1
2017-10-11 01:05:24;0;1
2017-10-11 01:06:33;0;1
2017-10-11 01:07:42;0;1
2017-10-11 01:08:51;0;1
2017-10-11 01:10:00;0;1
2017-10-11 01:11:08;0;1
2017-10-11 01:12:17;0;1
2017-10-11 01:13:26;0;1
2017-10-11 01:14:35;0;1
2017-10-11 01:15:44;0;1
2017-10-11 01:16:53;0;1
2017-10-11 01:18:02;0;1
2017-10-11 01:19:11;0;1
2017-10-11 01:20:20;0;1
2017-10-11 01:21:29;0;1
2017-10-11 01:22:38;0;1
2017-10-11 01:23:47;0;1
2017-10-11 01:24:56;0;1
2017-10-11 01:26:05;0;1
2017-10-11 01:27:14;0;1
2017-10-11 01:28:23;0;1
2017-10-11 01:29:32;0;1
2017-10-11 01:30:41;0;1
2017-10-11 01:31:50;0;1
2017-10-11 01:32:59;0;1
2017-10-11 01:34:08;0;1
2017-10-11 01:35:17;0;1
2017-10-11 01:36:26;0;1
2017-10-11 01:37:35;0;1
2017-10-11 01:38:44;0;1
2017-10-11 01:39:53;0;1
2017-10-11 01:41:02;0;1
2017-10-11 01:42:11;0;1
2017-10-11 01:43:20;0;1
2017-10-11 01:44:29;0;1
2017-10-11 01:45:38;0;1
2017-10-11 01:46:47;0;1
2017-10-11 01:47:56;0;1
2017-10-11 01:49:05;0;1
2017-10-11 01:50:14;0;1
2017-10-11 01:51:23;0;1
2017-10-11 01:52:32;0;1
2017-10-11 01:53:41;0;1
2017-10-11 01:54:50;0;1
2017-10-11 01:55:59;0;1
2017-10-11 01:57:08;0;1
2017-10-11 01:58:17;0;1
2017-10-11 01:59:26;0;1
2017-10-11 02:00:35;0;1
2017-10-11 02:01:44;0;1
2017-10-11 02:02:53;0;1
2017-10-11 02:04:02;0;1
2017-10-11 02:05:11;0;1
2017-10-11 02:06:20;0;1
2017-10-11 02:07:29;0;1
2017-10-11 02:08:38;0;1
2017-10-11 02:09:47;0;1
2017-10-11 02:10:56;0;1
2017-10-11 02:12:05;0;1
2017-10-11 02:13:14;0;1
2017-10-11 02:14:23;0;1
2017-10-11 02:15:32;0;1
2017-10-11 02:16:41;0;1
2017-10-11 02:17:50;0;1
2017-10-11 02:18:59;0;1
2017-10-11 02:20:08;0;1
2017-10-11 02:21:17;0;1
2017-10-11 02:22:26;0;1
2017-10-11 02:23:35;0;1
2017-10-11 02:24:44;0;1
2017-10-11 02:25:53;0;1
2017-10-11 02:27:02;0;1
2017-10-11 02:28:11;0;1
2017-10-11 02:29:20;0;1
2017-10-11 02:30:29;0;1
2017-10-11 02:31:38;0;1
2017-10-11 02:32:47;0;1
2017-10-11 02:33:56;0;1
2017-10-11 02:35:05;0;1
2017-10-11 02:36:14;0;1
2017-10-11 02:37:23;0;1
2017-10-11 02:38:32;0;1
2017-10-11 02:39:41;0;1
2017-10-11 02:40:50;0;1
2017-10-11 02:41:59;0;1
2017-10-11 02:43:08;0;1
2017-10-11 02:44:17;0;1
2017-10-11 02:45:26;0;1
2017-10-11 02:46:35;0;1
2017-10-11 02:47:44;0;1
2017-10-11 02:48:53;0;1
2017-10-11 02:50:02;0;1
2017-10-11 02:51:11;0;1
2017-10-11 02:52:20;0;1
2017-10-11 02:53:29;0;1
2017-10-11 02:54:38;0;1
2017-10-11 02:55:47;0;1
2017-10-11 02:56:56;0;1
2017-10-11 02:58:05;0;1
2017-10-11 02:59:14;0;1
2017-10-11 03:00:23;0;1
2017-10-11 03:01:32;0;1
2017-10-11 03:02:41;0;1
2017-10-11 03:03:50;0;1
2017-10-11 03:04:59;0;1
2017-10-11 03:06:08;0;1
2017-10-11 03:07:17;0;1
2017-10-11 03:08:26;0;1
2017-10-11 03:09:35;0;1
2017-10-11 03:10:44;0;1
2017-10-11 03:11:53;0;1
2017-10-11 03:13:02;0;1
2017-10-11 03:14:11;0;1
2017-10-11 03:15:20;0;1
2017-10-11 03:16:29;0;1
2017-10-11 03:17:38;0;1
2017-10-11 03:18:47;0;1
2017-10-11 03:19:56;0;1
2017-10-11 03:21:05;0;1
2017-10-11 03:22:14;0;1
2017-10-11 03:23:23;0;1
2017-10-11 03:24:32;0;1
2017-10-11 03:25:41;0;1
2017-10-11 03:26:50;0;1
2017-10-11 03:27:59;0;1
2017-10-11 03:29:08;0;1
2017-10-11 03:30:17;0;1
2017-10-11 03:31:26;0;1
2017-10-11 03:32:35;0;1
2017-10-11 03:33:44;0;1
2017-10-11 03:34:53;0;1
2017-10-11 03:36:02;0;1
2017-10-11 03:37:11;0;1
2017-10-11 03:38:20;0;1
2017-10-11 03:39:29;0;1
2017-10-11 03:40:38;0;1
2017-10-11 03:41:47;0;1
2017-10-11 03:42:56;0;1
2017-10-11 03:44:05;0;1
2017-10-11 03:45:14;0;1
2017-10-11 03:46:23;0;1
2017-10-11 03:47:32;0;1
2017-10-11 03:48:41;0;1
2017-10-11 03:49:50;0;1
2017-10-11 03:50:59;0;1
2017-10-11 03:52:08;0;1
2017-10-11 03:53:17;0;1
2017-10-11 03:54:26;0;1
2017-10-11 03:55:35;0;1
2017-10-11 03:56:44;0;1
2017-10-11 03:57:53;0;1
2017-10-11 03:59:02;0;1
2017-10-11 04:00:11;0;1
2017-10-11 04:01:20;0;1
2017-10-11 04:02:29;0;1
2017-10-11 04:03:38;0;1
2017-10-11 04:04:47;0;1
2017-10-11 04:07:16;0;1
2017-10-11 04:08:33;0;1
2017-10-11 04:09:42;0;1
2017-10-11 04:10:51;0;1
2017-10-11 04:12:00;0;1
2017-10-11 04:13:09;0;1
2017-10-11 04:14:18;0;1
2017-10-11 04:15:27;0;1
2017-10-11 04:16:36;0;1
2017-10-11 04:17:45;0;1
2017-10-11 04:18:54;0;1
2017-10-11 04:20:03;0;1
2017-10-11 04:21:12;0;1
2017-10-11 04:22:21;0;1
2017-10-11 04:23:30;0;1
2017-10-11 04:24:39;0;1
2017-10-11 04:25:48;0;1
2017-10-11 04:26:57;0;1
2017-10-11 04:28:06;0;1
2017-10-11 04:29:15;0;1
2017-10-11 04:30:24;0;1
2017-10-11 04:31:33;0;1
2017-10-11 04:32:42;0;1
2017-10-11 04:33:51;0;1
2017-10-11 04:35:00;0;1
2017-10-11 04:36:09;0;1
2017-10-11 04:37:18;0;1
2017-10-11 04:38:27;0;1
2017-10-11 04:39:36;0;1
2017-10-11 04:40:45;0;1
2017-10-11 04:41:54;0;1
2017-10-11 04:43:03;0;1
2017-10-11 04:44:12;0;1
2017-10-11 04:45:21;0;1
2017-10-11 04:46:30;0;1
2017-10-11 04:47:39;0;1
2017-10-11 04:48:48;0;1
2017-10-11 04:49:57;0;1
2017-10-11 04:51:06;0;1
2017-10-11 04:52:15;0;1
2017-10-11 04:53:24;0;1
2017-10-11 04:54:33;0;1
2017-10-11 04:55:42;0;1
2017-10-11 04:56:51;0;1
2017-10-11 04:58:00;0;1
2017-10-11 04:59:09;0;1
2017-10-11 05:00:18;0;1
2017-10-11 05:01:27;0;1
2017-10-11 05:02:36;0;1
2017-10-11 05:03:45;0;1
2017-10-11 05:04:54;0;1
2017-10-11 05:06:03;0;1
2017-10-11 05:07:12;0;1
2017-10-11 05:08:21;0;1
2017-10-11 05:09:30;0;1
2017-10-11 05:10:39;0;1
2017-10-11 05:11:48;0;1
2017-10-11 05:12:57;0;1
2017-10-11 05:14:06;0;1
2017-10-11 05:15:15;0;1
2017-10-11 05:16:24;0;1
2017-10-11 05:17:33;0;1
2017-10-11 05:18:42;0;1
2017-10-11 05:19:51;0;1
2017-10-11 05:21:00;0;1
2017-10-11 05:22:09;0;1
2017-10-11 05:23:18;0;1
2017-10-11 05:24:27;0;1
2017-10-11 05:25:36;0;1
2017-10-11 05:26:45;0;1
2017-10-11 05:27:54;0;1
2017-10-11 05:29:03;0;1
2017-10-11 05:30:12;0;1
2017-10-11 05:31:21;0;1
2017-10-11 05:32:30;0;1
2017-10-11 05:33:39;0;1
2017-10-11 05:34:48;0;1
2017-10-11 05:35:57;0;1
2017-10-11 05:37:06;0;1
2017-10-11 05:38:15;0;1
2017-10-11 05:39:24;0;1
2017-10-11 05:40:33;0;1
2017-10-11 05:41:42;0;1
2017-10-11 05:42:51;0;1
2017-10-11 05:44:00;0;1
2017-10-11 05:45:09;0;1
2017-10-11 05:46:18;0;1
2017-10-11 05:47:27;0;1
2017-10-11 05:48:36;0;1
2017-10-11 05:49:45;0;1
2017-10-11 05:50:54;0;1
2017-10-11 05:52:03;0;1
2017-10-11 05:53:12;0;1
2017-10-11 05:54:21;0;1
2017-10-11 05:55:30;0;1
2017-10-11 05:56:39;0;1
2017-10-11 05:57:48;0;1
2017-10-11 05:58:57;0;1
2017-10-11 06:00:06;0;1
2017-10-11 06:01:15;0;1
2017-10-11 06:02:24;0;1
2017-10-11 06:03:33;0;1
2017-10-11 06:04:42;0;1
2017-10-11 06:05:51;2869.648;1
2017-10-11 06:07:00;1147.893;1
2017-10-11 06:08:09;1199.93;1
2017-10-11 06:09:18;1252.138;1
2017-10-11 06:10:27;1826.14;1
2017-10-11 06:11:36;1982.35;1
2017-10-11 06:12:45;1356.561;1
2017-10-11 06:13:54;1199.948;1
2017-10-11 06:15:03;887.021;1
2017-10-11 06:16:12;1252.174;1
2017-10-11 06:17:21;1669.614;1
2017-10-11 06:18:30;1252.029;1
2017-10-11 06:19:39;939.239;1
2017-10-11 06:20:48;887.008;1
2017-10-11 06:21:57;886.854;1
2017-10-11 06:23:06;887.047;1
2017-10-11 06:24:15;886.944;1
2017-10-11 06:25:24;886.982;1
2017-10-11 06:26:33;834.686;1
2017-10-11 06:27:42;834.771;1
2017-10-11 06:28:51;782.665;1
2017-10-11 06:30:00;782.541;1
2017-10-11 06:31:09;834.807;1
2017-10-11 06:32:18;834.831;1
2017-10-11 06:33:27;1043.448;1
2017-10-11 06:34:36;1199.965;1
2017-10-11 06:35:45;1252.265;1
2017-10-11 06:36:54;1147.843;1
2017-10-11 06:38:03;1199.948;1
2017-10-11 06:39:12;1199.93;1
2017-10-11 06:40:21;1200.035;1
2017-10-11 06:41:30;1199.913;1
2017-10-11 06:42:39;1147.859;1
2017-10-11 06:43:48;1200;1
2017-10-11 06:44:57;1252.283;1
2017-10-11 06:46:06;1199.809;1
2017-10-11 06:47:15;1304.48;1
2017-10-11 06:48:24;1512.978;1
2017-10-11 06:49:33;1408.696;1
2017-10-11 06:50:42;1356.581;1
2017-10-11 06:51:51;1408.757;1
2017-10-11 06:53:00;1252.119;1
2017-10-11 06:54:09;1304.442;1
2017-10-11 06:55:18;1304.234;1
2017-10-11 06:56:27;1304.405;1
2017-10-11 06:57:36;1252.101;1
2017-10-11 06:58:45;1304.348;1
2017-10-11 06:59:54;1304.367;1
2017-10-11 07:01:03;1304.178;1
2017-10-11 07:02:12;1252.247;1
2017-10-11 07:03:21;1304.272;1
2017-10-11 07:04:30;1304.367;1
2017-10-11 07:05:39;1930.463;1
2017-10-11 07:06:48;2295.785;1
2017-10-11 07:07:57;1513.043;1
2017-10-11 07:09:06;1565.24;1
2017-10-11 07:10:15;2660.792;1
2017-10-11 07:11:24;2191.146;1
2017-10-11 07:12:33;2243.576;1
2017-10-11 07:13:42;1617.462;1
2017-10-11 07:14:51;1617.415;1
2017-10-11 07:16:00;1826.06;1
2017-10-11 07:17:09;1669.565;1
2017-10-11 07:18:18;1617.321;1
2017-10-11 07:19:27;1513;1
2017-10-11 07:20:36;1565.149;1
2017-10-11 07:21:45;1460.785;1
2017-10-11 07:22:54;1513.109;1
2017-10-11 07:24:03;2348.03;1
2017-10-11 07:25:12;2034.724;1
2017-10-11 07:26:21;1878.125;1
2017-10-11 07:27:30;1930.379;1
2017-10-11 07:28:39;1878.288;1
2017-10-11 07:29:48;1356.502;1
2017-10-11 07:30:57;1773.964;1
2017-10-11 07:32:06;1356.463;1
2017-10-11 07:33:15;1304.367;1
2017-10-11 07:34:24;1565.217;1
2017-10-11 07:35:33;1356.541;1
2017-10-11 07:36:42;1721.714;1
2017-10-11 07:37:51;1304.367;1
2017-10-11 07:39:00;1356.581;1
2017-10-11 07:40:09;1304.272;1
2017-10-11 07:41:18;1356.404;1
2017-10-11 07:42:27;1304.253;1
2017-10-11 07:43:36;1356.64;1
2017-10-11 07:44:45;1304.461;1
2017-10-11 07:45:54;1252.083;1
2017-10-11 07:47:03;1304.348;1
2017-10-11 07:48:12;1669.589;1
2017-10-11 07:49:21;1617.368;1
2017-10-11 07:50:30;1982.637;1
2017-10-11 07:51:39;1930.379;1
2017-10-11 07:52:48;1200.035;1
2017-10-11 07:53:57;1200.052;1
2017-10-11 07:55:06;1147.76;1
2017-10-11 07:56:15;1147.876;1
2017-10-11 07:57:24;1147.776;1
2017-10-11 07:58:33;1147.843;1
2017-10-11 07:59:42;1095.605;1
2017-10-11 08:00:51;1043.539;1
2017-10-11 08:02:00;1095.716;1
2017-10-11 08:03:09;991.362;1
2017-10-11 08:04:18;1043.554;1
2017-10-11 08:05:27;991.347;1
2017-10-11 08:06:36;1147.943;1
2017-10-11 08:07:45;1095.747;1
2017-10-11 08:08:54;1461.06;1
2017-10-11 08:10:03;1095.827;1
2017-10-11 08:11:12;1095.716;1
2017-10-11 08:12:21;991.347;1
2017-10-11 08:13:30;939.185;1
2017-10-11 08:14:39;939.171;1
2017-10-11 08:15:48;834.904;1
2017-10-11 08:16:57;939.226;1
2017-10-11 08:18:06;834.819;1
2017-10-11 08:19:15;834.831;1
2017-10-11 08:20:24;834.843;1
2017-10-11 08:21:33;886.995;1
2017-10-11 08:22:42;939.28;1
2017-10-11 08:23:51;1721.864;1
2017-10-11 08:25:00;730.467;1
2017-10-11 08:26:09;678.34;1
2017-10-11 08:27:18;626.141;1
2017-10-11 08:28:27;626.105;1
2017-10-11 08:29:36;469.592;1
2017-10-11 08:30:45;417.428;1
2017-10-11 08:31:54;417.379;1
2017-10-11 08:33:03;260.896;1
2017-10-11 08:34:12;208.714;1
2017-10-11 08:35:21;834.879;1
2017-10-11 08:36:30;1669.638;1
2017-10-11 08:37:39;3234.736;1
2017-10-11 08:38:48;4278.943;1
2017-10-11 08:39:57;4070.037;1
2017-10-11 08:41:06;4487.477;1
2017-10-11 08:42:15;4226.332;1
2017-10-11 08:43:24;4330.498;1
2017-10-11 08:44:33;4591.571;1
2017-10-11 08:45:42;4330.874;1
2017-10-11 08:46:51;2817.595;1
2017-10-11 08:48:00;2086.987;1
2017-10-11 08:49:09;3026.35;1
2017-10-11 08:50:18;4069.742;1
2017-10-11 08:51:27;4382.799;1
2017-10-11 08:52:36;4382.799;1
2017-10-11 08:53:45;2660.985;1
2017-10-11 08:54:54;2191.4;1
2017-10-11 08:56:03;2087.138;1
2017-10-11 08:57:12;1617.415;1
2017-10-11 08:58:21;1617.579;1
2017-10-11 08:59:30;2817.555;1
2017-10-11 09:00:39;3234.923;1
2017-10-11 09:01:48;3235.298;1
2017-10-11 09:02:57;3130.798;1
2017-10-11 09:04:06;2869.773;1
2017-10-11 09:05:15;3182.885;1
2017-10-11 09:06:24;2765.538;1
2017-10-11 09:07:33;2817.432;1
2017-10-11 09:08:42;1356.718;1
2017-10-11 09:09:51;1043.554;1
2017-10-11 09:11:00;1252.228;1
2017-10-11 09:12:09;678.33;1
2017-10-11 09:13:18;0;1
2017-10-11 09:14:27;0;1
2017-10-11 09:15:36;0;1
2017-10-11 09:16:45;0;1
2017-10-11 09:17:54;0;1
2017-10-11 09:19:03;0;1
2017-10-11 09:20:12;0;1
2017-10-11 09:21:21;0;1
2017-10-11 09:22:30;0;1
2017-10-11 09:23:39;0;1
2017-10-11 09:24:48;52.175;1
2017-10-11 09:25:57;208.711;1
2017-10-11 09:27:06;0;1
2017-10-11 09:28:15;52.179;1
2017-10-11 09:29:24;0;1
2017-10-11 09:30:33;0;1
2017-10-11 09:31:42;0;1
2017-10-11 09:32:51;365.27;1
2017-10-11 09:34:00;156.54;1
2017-10-11 09:35:09;0;1
2017-10-11 09:36:18;0;1
2017-10-11 09:37:27;313.062;1
2017-10-11 09:38:36;104.358;1
2017-10-11 09:39:45;0;1
2017-10-11 09:40:54;52.182;1
2017-10-11 09:42:03;0;1
2017-10-11 09:43:12;0;1
2017-10-11 09:44:21;0;1
2017-10-11 09:45:30;0;1
2017-10-11 09:46:39;0;1
2017-10-11 09:47:48;0;1
2017-10-11 09:48:57;0;1
2017-10-11 09:50:06;0;1
2017-10-11 09:51:15;0;1
2017-10-11 09:52:23;0;1
2017-10-11 09:53:32;0;1
2017-10-11 09:54:41;0;1
2017-10-11 09:55:50;0;1
2017-10-11 09:56:59;0;1
2017-10-11 09:58:08;0;1
2017-10-11 09:59:17;0;1
2017-10-11 10:00:26;0;1
2017-10-11 10:01:35;0;1
2017-10-11 10:02:44;0;1
2017-10-11 10:03:53;0;1
2017-10-11 10:05:02;0;1
2017-10-11 10:06:11;0;1
2017-10-11 10:07:20;0;1
2017-10-11 10:08:29;0;1
2017-10-11 10:09:39;0;1
2017-10-11 10:10:48;0;1
2017-10-11 10:11:56;0;1
2017-10-11 10:13:05;0;1
2017-10-11 10:14:15;0;1
2017-10-11 10:15:23;0;1
2017-10-11 10:16:32;0;1
2017-10-11 10:17:41;0;1
2017-10-11 10:18:50;0;1
2017-10-11 10:19:59;0;1
2017-10-11 10:21:08;0;1
2017-10-11 10:22:17;0;1
2017-10-11 10:23:26;0;1
2017-10-11 10:24:35;0;1
2017-10-11 10:25:44;0;1
2017-10-11 10:26:53;0;1
2017-10-11 10:28:02;0;1
2017-10-11 10:29:11;0;1
2017-10-11 10:30:20;0;1
2017-10-11 10:31:29;0;1
2017-10-11 10:32:38;0;1
2017-10-11 10:33:47;0;1
2017-10-11 10:34:56;0;1
2017-10-11 10:36:05;0;1
2017-10-11 10:37:14;0;1
2017-10-11 10:38:23;0;1
2017-10-11 10:39:32;0;1
2017-10-11 10:40:41;0;1
2017-10-11 10:41:50;0;1
2017-10-11 10:42:59;0;1
2017-10-11 10:44:08;0;1
2017-10-11 10:45:17;0;1
2017-10-11 10:46:26;0;1
2017-10-11 10:47:35;0;1
2017-10-11 10:48:44;0;1
2017-10-11 10:49:53;0;1
2017-10-11 10:51:02;0;1
2017-10-11 10:52:11;0;1
2017-10-11 10:53:20;0;1
2017-10-11 10:54:29;0;1
2017-10-11 10:55:38;0;1
2017-10-11 10:56:47;0;1
2017-10-11 10:57:56;0;1
2017-10-11 10:59:05;0;1
2017-10-11 11:00:14;0;1
2017-10-11 11:01:23;0;1
2017-10-11 11:02:32;0;1
2017-10-11 11:03:41;0;1
2017-10-11 11:04:50;0;1
2017-10-11 11:05:59;0;1
2017-10-11 11:07:08;0;1
2017-10-11 11:08:17;0;1
2017-10-11 11:09:26;0;1
2017-10-11 11:10:35;0;1
2017-10-11 11:11:44;0;1
2017-10-11 11:12:53;0;1
2017-10-11 11:14:02;0;1
2017-10-11 11:15:11;0;1
2017-10-11 11:16:20;0;1
2017-10-11 11:17:29;0;1
2017-10-11 11:18:38;0;1
2017-10-11 11:19:47;0;1
2017-10-11 11:20:56;0;1
2017-10-11 11:22:05;0;1
2017-10-11 11:23:14;0;1
2017-10-11 11:24:23;0;1
2017-10-11 11:25:32;0;1
2017-10-11 11:26:41;0;1
2017-10-11 11:27:50;0;1
2017-10-11 11:28:59;0;1
2017-10-11 11:30:08;0;1
2017-10-11 11:31:17;0;1
2017-10-11 11:32:26;0;1
2017-10-11 11:33:35;0;1
2017-10-11 11:34:44;0;1
2017-10-11 11:35:53;0;1
2017-10-11 11:37:02;0;1
2017-10-11 11:38:11;0;1
2017-10-11 11:39:20;0;1
2017-10-11 11:40:29;0;1
2017-10-11 11:41:38;0;1
2017-10-11 11:42:47;0;1
2017-10-11 11:43:56;0;1
2017-10-11 11:45:05;0;1
2017-10-11 11:46:14;0;1
2017-10-11 11:47:23;0;1
2017-10-11 11:48:32;0;1
2017-10-11 11:49:41;0;1
2017-10-11 11:50:50;0;1
2017-10-11 11:51:59;0;1
2017-10-11 11:53:08;0;1
2017-10-11 11:54:17;0;1
2017-10-11 11:55:26;0;1
2017-10-11 11:56:35;0;1
2017-10-11 11:57:44;0;1
2017-10-11 11:58:53;0;1
2017-10-11 12:00:02;0;1
2017-10-11 12:01:11;0;1
2017-10-11 12:02:20;0;1
2017-10-11 12:03:29;0;1
2017-10-11 12:04:38;0;1
2017-10-11 12:05:47;0;1
2017-10-11 12:06:56;0;1
2017-10-11 12:08:05;0;1
2017-10-11 12:09:14;0;1
2017-10-11 12:10:23;0;1
2017-10-11 12:11:32;0;1
2017-10-11 12:12:41;0;1
2017-10-11 12:13:50;0;1
2017-10-11 12:14:59;0;1
2017-10-11 12:16:08;0;1
2017-10-11 12:17:17;0;1
2017-10-11 12:18:26;0;1
2017-10-11 12:19:35;0;1
2017-10-11 12:20:44;0;1
2017-10-11 12:21:53;52.171;1
2017-10-11 12:23:02;626.078;1
2017-10-11 12:24:11;1147.893;1
2017-10-11 12:25:20;1252.265;1
2017-10-11 12:26:29;1199.93;1
2017-10-11 12:27:38;1095.732;1
2017-10-11 12:28:47;0;1
2017-10-11 12:29:56;0;1
2017-10-11 12:31:05;0;1
2017-10-11 12:32:14;0;1
2017-10-11 12:33:23;0;1
2017-10-11 12:34:32;0;1
2017-10-11 12:35:41;0;1
2017-10-11 12:36:50;0;1
2017-10-11 12:37:59;0;1
2017-10-11 12:39:08;0;1
2017-10-11 12:40:17;52.178;1
2017-10-11 12:41:26;104.36;1
2017-10-11 12:42:35;0;1
2017-10-11 12:43:44;0;1
2017-10-11 12:44:53;0;1
2017-10-11 12:46:02;0;1
2017-10-11 12:47:11;0;1
2017-10-11 12:48:20;0;1
2017-10-11 12:49:29;0;1
2017-10-11 12:50:38;0;1
2017-10-11 12:51:47;0;1
2017-10-11 12:52:56;0;1
2017-10-11 12:54:05;0;1
2017-10-11 12:55:14;0;1
2017-10-11 12:56:23;0;1
2017-10-11 12:57:32;0;1
2017-10-11 12:58:41;0;1
2017-10-11 12:59:50;0;1
2017-10-11 13:00:59;0;1
2017-10-11 13:02:08;0;1
2017-10-11 13:03:17;0;1
2017-10-11 13:04:26;0;1
2017-10-11 13:05:35;0;1
2017-10-11 13:06:44;0;1
2017-10-11 13:07:53;0;1
2017-10-11 13:09:02;0;1
2017-10-11 13:10:11;0;1
2017-10-11 13:11:20;0;1
2017-10-11 13:12:29;0;1
2017-10-11 13:13:38;0;1
2017-10-11 13:14:47;0;1
2017-10-11 13:15:56;0;1
2017-10-11 13:17:05;0;1
2017-10-11 13:18:14;0;1
2017-10-11 13:19:23;0;1
2017-10-11 13:20:32;0;1
2017-10-11 13:21:41;0;1
2017-10-11 13:22:50;0;1
2017-10-11 13:23:59;0;1
2017-10-11 13:25:08;0;1
2017-10-11 13:26:17;0;1
2017-10-11 13:27:26;0;1
2017-10-11 13:28:35;0;1
2017-10-11 13:29:44;0;1
2017-10-11 13:30:53;0;1
2017-10-11 13:32:02;0;1
2017-10-11 13:33:11;0;1
2017-10-11 13:34:20;0;1
2017-10-11 13:35:29;0;1
2017-10-11 13:36:38;0;1
2017-10-11 13:37:47;0;1
2017-10-11 13:38:56;0;1
2017-10-11 13:40:05;0;1
2017-10-11 13:41:14;0;1
2017-10-11 13:42:23;0;1
2017-10-11 13:43:32;0;1
2017-10-11 13:44:41;0;1
2017-10-11 13:45:50;0;1
2017-10-11 13:46:59;0;1
2017-10-11 13:48:08;0;1
2017-10-11 13:49:17;0;1
2017-10-11 13:50:26;0;1
2017-10-11 13:51:35;0;1
2017-10-11 13:52:44;0;1
2017-10-11 13:53:53;0;1
2017-10-11 13:55:02;0;1
2017-10-11 13:56:11;0;1
2017-10-11 13:57:20;0;1
2017-10-11 13:58:29;0;1
2017-10-11 13:59:38;0;1
2017-10-11 14:00:47;0;1
2017-10-11 14:01:56;0;1
2017-10-11 14:03:05;0;1
2017-10-11 14:04:14;0;1
2017-10-11 14:05:23;0;1
2017-10-11 14:06:32;0;1
2017-10-11 14:07:41;0;1
2017-10-11 14:08:50;0;1
2017-10-11 14:09:59;0;1
2017-10-11 14:11:08;0;1
2017-10-11 14:12:17;0;1
2017-10-11 14:13:26;0;1
2017-10-11 14:14:35;0;1
2017-10-11 14:15:44;0;1
2017-10-11 14:16:53;0;1
2017-10-11 14:18:02;0;1
2017-10-11 14:19:11;0;1
2017-10-11 14:20:20;0;1
2017-10-11 14:21:29;0;1
2017-10-11 14:22:38;0;1
2017-10-11 14:23:47;0;1
2017-10-11 14:24:56;0;1
2017-10-11 14:26:05;0;1
2017-10-11 14:27:14;0;1
2017-10-11 14:28:23;0;1
2017-10-11 14:29:32;0;1
2017-10-11 14:30:41;0;1
2017-10-11 14:31:50;0;1
2017-10-11 14:32:59;0;1
2017-10-11 14:34:08;0;1
2017-10-11 14:35:17;0;1
2017-10-11 14:36:26;0;1
2017-10-11 14:37:35;0;1
2017-10-11 14:38:44;0;1
2017-10-11 14:39:53;0;1
2017-10-11 14:41:02;0;1
2017-10-11 14:42:11;0;1
2017-10-11 14:43:20;0;1
2017-10-11 14:44:29;0;1
2017-10-11 14:45:38;0;1
2017-10-11 14:46:47;0;1
2017-10-11 14:47:56;0;1
2017-10-11 14:49:05;0;1
2017-10-11 14:50:14;0;1
2017-10-11 14:51:23;0;1
2017-10-11 14:52:32;0;1
2017-10-11 14:53:41;0;1
2017-10-11 14:54:50;0;1
2017-10-11 14:55:59;0;1
2017-10-11 14:57:08;0;1
2017-10-11 14:58:17;0;1
2017-10-11 14:59:26;0;1
2017-10-11 15:00:35;0;1
2017-10-11 15:01:44;0;1
2017-10-11 15:02:53;0;1
2017-10-11 15:04:02;0;1
2017-10-11 15:05:11;0;1
2017-10-11 15:06:20;0;1
2017-10-11 15:07:29;0;1
2017-10-11 15:08:38;0;1
2017-10-11 15:09:47;0;1
2017-10-11 15:10:56;0;1
2017-10-11 15:12:05;0;1
2017-10-11 15:13:14;0;1
2017-10-11 15:14:23;0;1
2017-10-11 15:15:32;0;1
2017-10-11 15:16:41;0;1
2017-10-11 15:17:50;0;1
2017-10-11 15:18:59;0;1
2017-10-11 15:20:08;0;1
2017-10-11 15:21:17;0;1
2017-10-11 15:22:26;0;1
2017-10-11 15:23:35;0;1
2017-10-11 15:24:44;0;1
2017-10-11 15:25:53;0;1
2017-10-11 15:27:02;0;1
2017-10-11 15:28:11;0;1
2017-10-11 15:29:20;0;1
2017-10-11 15:30:29;0;1
2017-10-11 15:31:38;0;1
2017-10-11 15:32:47;0;1
2017-10-11 15:33:56;0;1
2017-10-11 15:35:05;0;1
2017-10-11 15:36:14;0;1
2017-10-11 15:37:23;0;1
2017-10-11 15:38:32;0;1
2017-10-11 15:39:41;0;1
2017-10-11 15:40:50;0;1
2017-10-11 15:41:59;0;1
2017-10-11 15:43:08;0;1
2017-10-11 15:44:17;0;1
2017-10-11 15:45:26;0;1
2017-10-11 15:46:35;0;1
2017-10-11 15:47:44;0;1
2017-10-11 15:48:53;0;1
2017-10-11 15:50:02;0;1
2017-10-11 15:51:11;0;1
2017-10-11 15:52:20;0;1
2017-10-11 15:53:29;0;1
2017-10-11 15:54:38;0;1
2017-10-11 15:55:47;0;1
2017-10-11 15:56:56;0;1
2017-10-11 15:58:05;0;1
2017-10-11 15:59:14;0;1
2017-10-11 16:00:23;0;1
2017-10-11 16:01:32;0;1
2017-10-11 16:02:41;0;1
2017-10-11 16:03:50;0;1
2017-10-11 16:04:59;0;1
2017-10-11 16:06:08;0;1
2017-10-11 16:07:17;0;1
2017-10-11 16:08:26;0;1
2017-10-11 16:09:35;0;1
2017-10-11 16:10:44;0;1
2017-10-11 16:11:53;0;1
2017-10-11 16:13:02;0;1
2017-10-11 16:14:11;0;1
2017-10-11 16:15:20;0;1
2017-10-11 16:16:29;0;1
2017-10-11 16:17:38;0;1
2017-10-11 16:18:47;0;1
2017-10-11 16:19:56;0;1
2017-10-11 16:21:05;0;1
2017-10-11 16:22:14;0;1
2017-10-11 16:23:23;0;1
2017-10-11 16:24:32;0;1
2017-10-11 16:25:41;0;1
2017-10-11 16:26:50;0;1
2017-10-11 16:27:59;0;1
2017-10-11 16:29:08;0;1
2017-10-11 16:30:17;0;1
2017-10-11 16:31:26;0;1
2017-10-11 16:32:35;0;1
2017-10-11 16:33:44;0;1
2017-10-11 16:34:53;0;1
2017-10-11 16:36:02;0;1
2017-10-11 16:37:11;0;1
2017-10-11 16:38:20;0;1
2017-10-11 16:39:29;0;1
2017-10-11 16:40:38;0;1
2017-10-11 16:41:47;0;1
2017-10-11 16:42:56;0;1
2017-10-11 16:44:05;0;1
2017-10-11 16:45:14;0;1
2017-10-11 16:46:23;0;1
2017-10-11 16:47:32;0;1
2017-10-11 16:48:41;0;1
2017-10-11 16:49:50;0;1
2017-10-11 16:50:59;52.175;1
2017-10-11 16:52:08;1878.179;1
2017-10-11 16:53:17;939.198;1
2017-10-11 16:54:26;0;1
2017-10-11 16:55:35;0;1
2017-10-11 16:56:44;0;1
2017-10-11 16:57:53;0;1
2017-10-11 16:59:02;0;1
2017-10-11 17:00:11;0;1
2017-10-11 17:01:20;0;1
2017-10-11 17:02:29;0;1
2017-10-11 17:03:38;0;1
2017-10-11 17:04:47;0;1
2017-10-11 17:05:56;0;1
2017-10-11 17:07:05;0;1
2017-10-11 17:08:14;0;1
2017-10-11 17:09:23;0;1
2017-10-11 17:10:32;0;1
2017-10-11 17:11:41;0;1
2017-10-11 17:12:50;0;1
2017-10-11 17:13:59;0;1
2017-10-11 17:15:08;0;1
2017-10-11 17:16:17;0;1
2017-10-11 17:17:26;0;1
2017-10-11 17:18:35;0;1
2017-10-11 17:19:44;0;1
2017-10-11 17:20:53;0;1
2017-10-11 17:22:02;0;1
2017-10-11 17:23:11;0;1
2017-10-11 17:24:20;0;1
2017-10-11 17:25:29;0;1
2017-10-11 17:26:38;0;1
2017-10-11 17:27:47;0;1
2017-10-11 17:28:56;0;1
2017-10-11 17:30:05;0;1
2017-10-11 17:31:14;0;1
2017-10-11 17:32:23;0;1
2017-10-11 17:33:32;0;1
2017-10-11 17:34:41;0;1
2017-10-11 17:35:50;2086.805;1
2017-10-11 17:36:59;156.533;1
2017-10-11 17:38:08;52.175;1
2017-10-11 17:39:17;52.173;1
2017-10-11 17:40:26;104.351;1
2017-10-11 17:41:35;156.533;1
2017-10-11 17:42:44;313.039;1
2017-10-11 17:43:53;260.911;1
2017-10-11 17:45:02;313.053;1
2017-10-11 17:46:11;260.907;1
2017-10-11 17:47:20;313.071;1
2017-10-11 17:48:29;313.08;1
2017-10-11 17:49:38;365.27;1
2017-10-11 17:50:47;365.233;1
2017-10-11 17:51:56;417.44;1
2017-10-11 17:53:05;417.428;1
2017-10-11 17:54:14;417.422;1
2017-10-11 17:55:23;365.249;1
2017-10-11 17:56:31;417.44;1
2017-10-11 17:57:40;417.409;1
2017-10-11 17:58:49;417.434;1
2017-10-11 17:59:58;469.62;1
2017-10-11 18:01:07;469.592;1
2017-10-11 18:02:16;521.762;1
2017-10-11 18:03:25;469.62;1
2017-10-11 18:04:34;573.963;1
2017-10-11 18:05:43;521.807;1
2017-10-11 18:06:52;626.105;1
2017-10-11 18:08:01;730.424;1
2017-10-11 18:09:10;678.349;1
2017-10-11 18:10:19;730.519;1
2017-10-11 18:11:28;730.467;1
2017-10-11 18:12:37;782.586;1
2017-10-11 18:13:46;730.488;1
2017-10-11 18:14:55;782.586;1
2017-10-11 18:16:04;782.609;1
2017-10-11 18:17:13;1147.976;1
2017-10-11 18:18:22;1147.959;1
2017-10-11 18:19:31;1043.614;1
2017-10-11 18:20:40;1095.668;1
2017-10-11 18:21:49;1095.716;1
2017-10-11 18:22:58;1095.684;1
2017-10-11 18:24:07;1095.716;1
2017-10-11 18:25:16;1095.827;1
2017-10-11 18:26:25;1043.509;1
2017-10-11 18:27:34;1043.463;1
2017-10-11 18:28:43;1043.569;1
2017-10-11 18:29:52;782.699;1
2017-10-11 18:31:01;991.376;1
2017-10-11 18:32:10;939.198;1
2017-10-11 18:33:19;939.212;1
2017-10-11 18:34:28;1721.939;1
2017-10-11 18:35:37;1721.839;1
2017-10-11 18:36:46;991.448;1
2017-10-11 18:37:55;939.239;1
2017-10-11 18:39:04;1095.763;1
2017-10-11 18:40:13;1721.914;1
2017-10-11 18:41:22;1565.217;1
2017-10-11 18:42:31;1356.659;1
2017-10-11 18:43:40;1721.914;1
2017-10-11 18:44:49;1147.926;1
2017-10-11 18:45:58;991.477;1
2017-10-11 18:47:07;991.362;1
2017-10-11 18:48:16;991.391;1
2017-10-11 18:49:25;991.347;1
2017-10-11 18:50:34;939.226;1
2017-10-11 18:51:43;991.419;1
2017-10-11 18:52:52;991.376;1
2017-10-11 18:54:01;939.171;1
2017-10-11 18:55:10;991.419;1
2017-10-11 18:56:19;991.405;1
2017-10-11 18:57:28;1043.569;1
2017-10-11 18:58:37;1147.826;1
2017-10-11 18:59:46;1147.893;1
2017-10-11 19:00:55;1147.943;1
2017-10-11 19:02:04;1147.793;1
2017-10-11 19:03:13;1147.876;1
2017-10-11 19:04:22;1095.605;1
2017-10-11 19:05:31;1147.876;1
2017-10-11 19:06:40;1095.732;1
2017-10-11 19:07:49;1095.509;1
2017-10-11 19:08:58;1147.893;1
2017-10-11 19:10:07;1095.62;1
2017-10-11 19:11:16;1147.893;1
2017-10-11 19:12:25;1043.418;1
2017-10-11 19:13:34;1252.228;1
2017-10-11 19:14:43;1304.272;1
2017-10-11 19:15:52;1199.983;1
2017-10-11 19:17:01;1252.174;1
2017-10-11 19:18:10;1200.157;1
2017-10-11 19:19:19;1252.138;1
2017-10-11 19:20:28;1252.174;1
2017-10-11 19:21:37;1304.291;1
2017-10-11 19:22:46;1408.594;1
2017-10-11 19:23:55;1356.679;1
2017-10-11 19:25:04;1304.253;1
2017-10-11 19:26:13;1252.21;1
2017-10-11 19:27:22;1200.017;1
2017-10-11 19:28:31;1252.319;1
2017-10-11 19:29:40;1252.21;1
2017-10-11 19:30:49;1252.138;1
2017-10-11 19:31:58;1200.035;1
2017-10-11 19:33:07;1200.122;1
2017-10-11 19:34:16;1252.228;1
2017-10-11 19:35:25;1200.122;1
2017-10-11 19:36:34;1199.878;1
2017-10-11 19:37:43;1200.017;1
2017-10-11 19:38:52;1252.265;1
2017-10-11 19:40:01;1200.035;1
2017-10-11 19:41:10;1199.896;1
2017-10-11 19:42:19;1252.247;1
2017-10-11 19:43:28;1199.948;1
2017-10-11 19:44:37;1199.983;1
2017-10-11 19:45:46;1252.083;1
2017-10-11 19:46:55;1200.122;1
2017-10-11 19:48:04;1199.983;1
2017-10-11 19:49:13;1252.192;1
2017-10-11 19:50:22;1199.965;1
2017-10-11 19:51:31;1199.965;1
2017-10-11 19:52:40;1199.948;1
2017-10-11 19:53:49;1200.052;1
2017-10-11 19:54:58;1147.859;1
2017-10-11 19:56:07;1200.122;1
2017-10-11 19:57:16;1200.104;1
2017-10-11 19:58:25;1199.983;1
2017-10-11 19:59:34;1252.247;1
2017-10-11 20:00:43;1200.087;1
2017-10-11 20:01:52;1200.07;1
2017-10-11 20:03:01;1252.21;1
2017-10-11 20:04:10;1252.319;1
2017-10-11 20:05:19;1304.423;1
2017-10-11 20:06:28;1252.319;1
2017-10-11 20:07:37;1252.337;1
2017-10-11 20:08:46;1252.265;1
2017-10-11 20:09:55;1252.247;1
2017-10-11 20:11:04;1095.795;1
2017-10-11 20:12:13;1095.668;1
2017-10-11 20:13:22;1043.584;1
2017-10-11 20:14:31;1043.539;1
2017-10-11 20:15:40;1043.554;1
2017-10-11 20:16:49;1043.599;1
2017-10-11 20:17:58;1043.584;1
2017-10-11 20:19:07;1043.645;1
2017-10-11 20:20:16;1043.554;1
2017-10-11 20:21:25;1043.554;1
2017-10-11 20:22:34;1043.509;1
2017-10-11 20:23:43;1043.569;1
2017-10-11 20:24:52;1043.584;1
2017-10-11 20:26:01;1043.554;1
2017-10-11 20:27:10;1043.584;1
2017-10-11 20:28:19;1043.554;1
2017-10-11 20:29:28;1043.63;1
2017-10-11 20:30:37;1043.614;1
2017-10-11 20:31:46;1043.614;1
2017-10-11 20:32:55;1043.599;1
2017-10-11 20:34:04;1043.63;1
2017-10-11 20:35:13;1095.684;1
2017-10-11 20:36:22;1043.493;1
2017-10-11 20:37:31;1043.539;1
2017-10-11 20:38:40;1043.524;1
2017-10-11 20:39:49;1043.509;1
2017-10-11 20:40:58;1043.584;1
2017-10-11 20:42:07;1043.569;1
2017-10-11 20:43:16;1043.569;1
2017-10-11 20:44:25;1043.584;1
2017-10-11 20:45:34;1043.614;1
2017-10-11 20:46:43;1043.599;1
2017-10-11 20:47:52;1043.478;1
2017-10-11 20:49:01;1043.539;1
2017-10-11 20:50:10;1043.599;1
2017-10-11 20:51:19;1043.569;1
2017-10-11 20:52:28;1043.569;1
2017-10-11 20:53:37;1043.524;1
2017-10-11 20:54:46;1043.524;1
2017-10-11 20:55:55;1043.63;1
2017-10-11 20:57:04;991.448;1
2017-10-11 20:58:13;1043.539;1
2017-10-11 20:59:22;1043.63;1
2017-10-11 21:00:31;887.034;1
2017-10-11 21:01:40;834.819;1
2017-10-11 21:02:49;886.957;1
2017-10-11 21:03:58;887.021;1
2017-10-11 21:05:07;834.855;1
2017-10-11 21:06:16;887.021;1
2017-10-11 21:07:25;887.059;1
2017-10-11 21:08:34;834.819;1
2017-10-11 21:09:43;834.843;1
2017-10-11 21:10:52;887.008;1
2017-10-11 21:12:01;834.867;1
2017-10-11 21:13:10;887.098;1
2017-10-11 21:14:19;886.995;1
2017-10-11 21:15:28;834.867;1
2017-10-11 21:16:37;887.034;1
2017-10-11 21:17:46;887.072;1
2017-10-11 21:18:55;834.867;1
2017-10-11 21:20:04;886.995;1
2017-10-11 21:21:13;834.807;1
2017-10-11 21:22:22;886.995;1
2017-10-11 21:23:31;887.047;1
2017-10-11 21:24:40;887.085;1
2017-10-11 21:25:49;834.879;1
2017-10-11 21:26:58;834.879;1
2017-10-11 21:28:07;887.034;1
2017-10-11 21:29:16;834.867;1
2017-10-11 21:30:25;939.171;1
2017-10-11 21:31:34;834.807;1
2017-10-11 21:32:43;886.995;1
2017-10-11 21:33:52;834.855;1
2017-10-11 21:35:01;834.892;1
2017-10-11 21:36:10;886.982;1
2017-10-11 21:37:19;834.783;1
2017-10-11 21:38:28;834.879;1
2017-10-11 21:39:37;834.819;1
2017-10-11 21:40:46;887.059;1
2017-10-11 21:41:55;834.916;1
2017-10-11 21:43:04;834.807;1
2017-10-11 21:44:13;834.843;1
2017-10-11 21:45:22;939.062;1
2017-10-11 21:46:31;991.448;1
2017-10-11 21:47:40;991.189;1
2017-10-11 21:48:49;991.347;1
2017-10-11 21:49:58;991.362;1
2017-10-11 21:51:07;991.218;1
2017-10-11 21:52:16;1043.478;1
2017-10-11 21:53:25;991.247;1
2017-10-11 21:54:34;1043.539;1
2017-10-11 21:55:43;991.391;1
2017-10-11 21:56:52;991.161;1
2017-10-11 21:58:01;1043.448;1
2017-10-11 21:59:10;991.347;1
2017-10-11 22:00:19;991.362;1
2017-10-11 22:01:28;1043.539;1
2017-10-11 22:02:37;939.13;1
2017-10-11 22:03:46;1043.418;1
2017-10-11 22:04:55;939.103;1
2017-10-11 22:06:04;0;1
2017-10-11 22:07:13;0;1
2017-10-11 22:08:22;0;1
2017-10-11 22:09:31;0;1
2017-10-11 22:10:40;0;1
2017-10-11 22:11:49;0;1
2017-10-11 22:12:58;0;1
2017-10-11 22:14:07;0;1
2017-10-11 22:15:16;0;1
2017-10-11 22:16:25;0;1
2017-10-11 22:17:34;0;1
2017-10-11 22:17:45;0;1
2017-10-11 22:18:43;0;1
2017-10-11 22:18:54;0;1
2017-10-11 22:19:52;0;1
2017-10-11 22:20:03;0;1
2017-10-11 22:21:01;0;1
2017-10-11 22:21:12;0;1
2017-10-11 22:22:10;0;1
2017-10-11 22:22:21;0;1
2017-10-11 22:23:30;0;1
2017-10-11 22:24:39;0;1
2017-10-11 22:25:48;0;1
2017-10-11 22:26:57;0;1
2017-10-11 22:28:06;0;1
2017-10-11 22:29:15;0;1
2017-10-11 22:30:24;0;1
2017-10-11 22:31:33;0;1
2017-10-11 22:32:42;0;1
2017-10-11 22:33:51;0;1
2017-10-11 22:35:00;0;1
2017-10-11 22:36:09;0;1
2017-10-11 22:37:18;0;1
2017-10-11 22:38:27;0;1
2017-10-11 22:39:36;0;1
2017-10-11 22:40:45;0;1
2017-10-11 22:41:54;0;1
2017-10-11 22:43:03;0;1
2017-10-11 22:44:12;0;1
2017-10-11 22:45:21;0;1
2017-10-11 22:46:30;0;1
2017-10-11 22:47:39;0;1
2017-10-11 22:48:48;0;1
2017-10-11 22:49:57;0;1
2017-10-11 22:51:06;0;1
2017-10-11 22:52:15;0;1
2017-10-11 22:53:24;0;1
2017-10-11 22:54:33;0;1
2017-10-11 22:55:42;0;1
2017-10-11 22:56:51;0;1
2017-10-11 22:58:00;0;1
2017-10-11 22:59:09;0;1
2017-10-11 23:00:18;0;1
2017-10-11 23:01:27;0;1
2017-10-11 23:02:36;0;1
2017-10-11 23:03:45;0;1
2017-10-11 23:04:54;0;1
2017-10-11 23:06:03;0;1
2017-10-11 23:07:12;0;1
2017-10-11 23:08:21;0;1
2017-10-11 23:09:30;0;1
2017-10-11 23:10:39;0;1
2017-10-11 23:11:48;0;1
2017-10-11 23:12:57;0;1
2017-10-11 23:14:06;0;1
2017-10-11 23:15:15;0;1
2017-10-11 23:16:24;0;1
2017-10-11 23:17:33;0;1
2017-10-11 23:18:42;0;1
2017-10-11 23:19:51;0;1
2017-10-11 23:21:00;0;1
2017-10-11 23:22:09;0;1
2017-10-11 23:23:18;0;1
2017-10-11 23:24:27;0;1
2017-10-11 23:25:36;0;1
2017-10-11 23:26:45;0;1
2017-10-11 23:27:54;0;1
2017-10-11 23:29:03;0;1
2017-10-11 23:30:12;0;1
2017-10-11 23:31:21;0;1
2017-10-11 23:32:30;0;1
2017-10-11 23:33:39;0;1
2017-10-11 23:34:48;0;1
2017-10-11 23:35:57;0;1
2017-10-11 23:37:06;0;1
2017-10-11 23:38:15;0;1
2017-10-11 23:39:24;0;1
2017-10-11 23:40:33;0;1
2017-10-11 23:41:42;0;1
2017-10-11 23:42:51;0;1
2017-10-11 23:44:00;0;1
2017-10-11 23:45:09;0;1
2017-10-11 23:46:18;0;1
2017-10-11 23:47:27;0;1
2017-10-11 23:48:36;0;1
2017-10-11 23:49:45;0;1
2017-10-11 23:50:54;0;1
2017-10-11 23:52:03;0;1
2017-10-11 23:53:12;0;1
2017-10-11 23:54:21;0;1
2017-10-11 23:55:30;0;1
2017-10-11 23:56:39;0;1
2017-10-11 23:57:48;0;1
2017-10-11 23:58:57;0;1
2017-10-12 00:00:06;0;1
2017-10-12 00:01:15;0;1
2017-10-12 00:02:24;0;1
2017-10-12 00:03:33;0;1
2017-10-12 00:04:42;0;1
2017-10-12 00:05:51;0;1
2017-10-12 00:07:00;0;1
2017-10-12 00:08:09;0;1
2017-10-12 00:09:18;0;1
2017-10-12 00:10:27;0;1
2017-10-12 00:11:36;0;1
2017-10-12 00:12:45;0;1
2017-10-12 00:13:54;0;1
2017-10-12 00:15:03;0;1
2017-10-12 00:16:12;0;1
2017-10-12 00:17:21;0;1
2017-10-12 00:18:30;0;1
2017-10-12 00:19:39;0;1
2017-10-12 00:20:48;0;1
2017-10-12 00:21:57;0;1
2017-10-12 00:23:06;0;1
2017-10-12 00:24:15;0;1
2017-10-12 00:25:24;0;1
2017-10-12 00:26:33;0;1
2017-10-12 00:27:42;0;1
2017-10-12 00:28:51;0;1
2017-10-12 00:30:00;0;1
2017-10-12 00:31:09;0;1
2017-10-12 00:32:18;0;1
2017-10-12 00:33:27;0;1
2017-10-12 00:34:36;0;1
2017-10-12 00:35:45;0;1
2017-10-12 00:36:54;0;1
2017-10-12 00:38:03;0;1
2017-10-12 00:39:12;0;1
2017-10-12 00:40:21;0;1
2017-10-12 00:41:30;0;1
2017-10-12 00:42:39;0;1
2017-10-12 00:43:48;0;1
2017-10-12 00:44:57;0;1
2017-10-12 00:46:06;0;1
2017-10-12 00:47:15;0;1
2017-10-12 00:48:24;0;1
2017-10-12 00:49:33;0;1
2017-10-12 00:50:42;0;1
2017-10-12 00:51:51;0;1
2017-10-12 00:53:00;0;1
2017-10-12 00:54:09;0;1
2017-10-12 00:55:18;0;1
2017-10-12 00:56:27;0;1
2017-10-12 00:57:36;0;1
2017-10-12 00:58:45;0;1
2017-10-12 00:59:54;0;1
2017-10-12 01:01:03;0;1
2017-10-12 01:02:12;0;1
2017-10-12 01:03:21;0;1
2017-10-12 01:04:30;0;1
2017-10-12 01:05:39;0;1
2017-10-12 01:06:48;0;1
2017-10-12 01:07:57;0;1
2017-10-12 01:09:06;0;1
2017-10-12 01:10:15;0;1
2017-10-12 01:11:24;0;1
2017-10-12 01:12:33;0;1
2017-10-12 01:13:42;0;1
2017-10-12 01:14:51;0;1
2017-10-12 01:16:00;0;1
2017-10-12 01:17:09;0;1
2017-10-12 01:18:18;0;1
2017-10-12 01:19:27;0;1
2017-10-12 01:20:36;0;1
2017-10-12 01:21:45;0;1
2017-10-12 01:22:54;0;1
2017-10-12 01:24:03;0;1
2017-10-12 01:25:12;0;1
2017-10-12 01:26:21;0;1
2017-10-12 01:27:30;0;1
2017-10-12 01:28:39;0;1
2017-10-12 01:29:48;0;1
2017-10-12 01:30:57;0;1
2017-10-12 01:32:06;0;1
2017-10-12 01:33:15;0;1
2017-10-12 01:34:24;0;1
2017-10-12 01:35:33;0;1
2017-10-12 01:36:42;0;1
2017-10-12 01:37:51;0;1
2017-10-12 01:39:00;0;1
2017-10-12 01:40:09;0;1
2017-10-12 01:41:18;0;1
2017-10-12 01:42:27;0;1
2017-10-12 01:43:36;0;1
2017-10-12 01:44:45;0;1
2017-10-12 01:45:54;0;1
2017-10-12 01:47:03;0;1
2017-10-12 01:48:12;0;1
2017-10-12 01:49:21;0;1
2017-10-12 01:50:30;0;1
2017-10-12 01:51:39;0;1
2017-10-12 01:52:48;0;1
2017-10-12 01:53:57;0;1
2017-10-12 01:55:06;0;1
2017-10-12 01:56:15;0;1
2017-10-12 01:57:24;0;1
2017-10-12 01:58:33;0;1
2017-10-12 01:59:42;0;1
2017-10-12 02:00:51;0;1
2017-10-12 02:02:00;0;1
2017-10-12 02:03:09;0;1
2017-10-12 02:04:18;0;1
2017-10-12 02:05:27;0;1
2017-10-12 02:06:36;0;1
2017-10-12 02:07:45;0;1
2017-10-12 02:08:54;0;1
2017-10-12 02:10:03;0;1
2017-10-12 02:11:12;0;1
2017-10-12 02:12:21;0;1
2017-10-12 02:13:30;0;1
2017-10-12 02:14:39;0;1
2017-10-12 02:15:48;0;1
2017-10-12 02:16:57;0;1
2017-10-12 02:18:06;0;1
2017-10-12 02:19:15;0;1
2017-10-12 02:20:24;0;1
2017-10-12 02:21:33;0;1
2017-10-12 02:22:42;0;1
2017-10-12 02:23:51;0;1
2017-10-12 02:25:00;0;1
2017-10-12 02:26:09;0;1
2017-10-12 02:27:18;0;1
2017-10-12 02:28:27;0;1
2017-10-12 02:29:36;0;1
2017-10-12 02:30:45;0;1
2017-10-12 02:31:54;0;1
2017-10-12 02:33:03;0;1
2017-10-12 02:34:12;0;1
2017-10-12 02:35:21;0;1
2017-10-12 02:36:30;0;1
2017-10-12 02:37:39;0;1
2017-10-12 02:38:48;0;1
2017-10-12 02:39:57;0;1
2017-10-12 02:41:06;0;1
2017-10-12 02:42:15;0;1
2017-10-12 02:43:24;0;1
2017-10-12 02:44:33;0;1
2017-10-12 02:45:42;0;1
2017-10-12 02:46:51;0;1
2017-10-12 02:48:00;0;1
2017-10-12 02:49:09;0;1
2017-10-12 02:50:18;0;1
2017-10-12 02:51:27;0;1
2017-10-12 02:52:36;0;1
2017-10-12 02:53:45;0;1
2017-10-12 02:54:54;0;1
2017-10-12 02:56:03;0;1
2017-10-12 02:57:12;0;1
2017-10-12 02:58:21;0;1
2017-10-12 02:59:30;0;1
2017-10-12 03:00:39;0;1
2017-10-12 03:01:48;0;1
2017-10-12 03:02:57;0;1
2017-10-12 03:04:06;0;1
2017-10-12 03:05:15;0;1
2017-10-12 03:06:24;0;1
2017-10-12 03:07:33;0;1
2017-10-12 03:08:42;0;1
2017-10-12 03:09:50;0;1
2017-10-12 03:10:59;0;1
2017-10-12 03:12:08;0;1
2017-10-12 03:13:17;0;1
2017-10-12 03:14:26;0;1
2017-10-12 03:15:35;0;1
2017-10-12 03:16:44;0;1
2017-10-12 03:17:53;0;1
2017-10-12 03:19:02;0;1
2017-10-12 03:20:11;0;1
2017-10-12 03:21:20;0;1
2017-10-12 03:22:29;0;1
2017-10-12 03:23:38;0;1
2017-10-12 03:24:47;0;1
2017-10-12 03:25:56;0;1
2017-10-12 03:27:05;0;1
2017-10-12 03:28:14;0;1
2017-10-12 03:29:23;0;1
2017-10-12 03:30:32;0;1
2017-10-12 03:31:41;0;1
2017-10-12 03:32:50;0;1
2017-10-12 03:33:59;0;1
2017-10-12 03:35:08;0;1
2017-10-12 03:36:17;0;1
2017-10-12 03:37:26;0;1
2017-10-12 03:38:35;0;1
2017-10-12 03:39:44;0;1
2017-10-12 03:40:53;0;1
2017-10-12 03:42:02;0;1
2017-10-12 03:43:11;0;1
2017-10-12 03:44:20;0;1
2017-10-12 03:45:29;0;1
2017-10-12 03:46:38;0;1
2017-10-12 03:47:47;0;1
2017-10-12 03:48:56;0;1
2017-10-12 03:50:05;0;1
2017-10-12 03:51:14;0;1
2017-10-12 03:52:23;0;1
2017-10-12 03:53:32;0;1
2017-10-12 03:54:41;0;1
2017-10-12 03:55:50;0;1
2017-10-12 03:56:59;0;1
2017-10-12 03:58:08;0;1
2017-10-12 03:59:17;0;1
2017-10-12 04:00:26;0;1
2017-10-12 04:01:35;0;1
2017-10-12 04:02:44;0;1
2017-10-12 04:03:53;0;1
2017-10-12 04:07:22;0;1
2017-10-12 04:08:31;0;1
2017-10-12 04:09:40;0;1
2017-10-12 04:10:49;0;1
2017-10-12 04:11:58;0;1
2017-10-12 04:13:07;0;1
2017-10-12 04:14:16;0;1
2017-10-12 04:15:25;0;1
2017-10-12 04:16:34;0;1
2017-10-12 04:17:43;0;1
2017-10-12 04:18:52;0;1
2017-10-12 04:20:01;0;1
2017-10-12 04:21:10;0;1
2017-10-12 04:22:19;0;1
2017-10-12 04:23:28;0;1
2017-10-12 04:24:37;0;1
2017-10-12 04:25:46;0;1
2017-10-12 04:26:55;0;1
2017-10-12 04:28:04;0;1
2017-10-12 04:29:13;0;1
2017-10-12 04:30:22;0;1
2017-10-12 04:31:31;0;1
2017-10-12 04:32:40;0;1
2017-10-12 04:33:49;0;1
2017-10-12 04:34:58;0;1
2017-10-12 04:36:07;0;1
2017-10-12 04:37:16;0;1
2017-10-12 04:38:25;0;1
2017-10-12 04:39:34;0;1
2017-10-12 04:40:43;0;1
2017-10-12 04:41:52;0;1
2017-10-12 04:43:01;0;1
2017-10-12 04:44:10;0;1
2017-10-12 04:45:19;0;1
2017-10-12 04:46:28;0;1
2017-10-12 04:47:37;0;1
2017-10-12 04:48:46;0;1
2017-10-12 04:49:55;0;1
2017-10-12 04:51:04;0;1
2017-10-12 04:52:13;0;1
2017-10-12 04:53:22;0;1
2017-10-12 04:54:31;0;1
2017-10-12 04:55:40;0;1
2017-10-12 04:56:49;0;1
2017-10-12 04:57:58;0;1
2017-10-12 04:59:07;0;1
2017-10-12 05:00:16;0;1
2017-10-12 05:01:25;0;1
2017-10-12 05:02:34;0;1
2017-10-12 05:03:43;0;1
2017-10-12 05:04:52;0;1
2017-10-12 05:06:01;0;1
2017-10-12 05:07:10;0;1
2017-10-12 05:08:19;0;1
2017-10-12 05:09:28;0;1
2017-10-12 05:10:37;0;1
2017-10-12 05:11:46;0;1
2017-10-12 05:12:55;0;1
2017-10-12 05:14:04;0;1
2017-10-12 05:15:13;0;1
2017-10-12 05:16:22;0;1
2017-10-12 05:17:31;0;1
2017-10-12 05:18:40;0;1
2017-10-12 05:19:49;0;1
2017-10-12 05:20:58;0;1
2017-10-12 05:22:07;0;1
2017-10-12 05:23:16;0;1
2017-10-12 05:24:25;0;1
2017-10-12 05:25:34;0;1
2017-10-12 05:26:43;0;1
2017-10-12 05:27:52;0;1
2017-10-12 05:29:01;0;1
2017-10-12 05:30:10;0;1
2017-10-12 05:31:19;0;1
2017-10-12 05:32:28;0;1
2017-10-12 05:33:37;0;1
2017-10-12 05:34:46;0;1
2017-10-12 05:35:55;0;1
2017-10-12 05:37:04;0;1
2017-10-12 05:38:13;0;1
2017-10-12 05:39:22;0;1
2017-10-12 05:40:31;0;1
2017-10-12 05:41:40;0;1
2017-10-12 05:42:49;0;1
2017-10-12 05:43:58;0;1
2017-10-12 05:45:07;0;1
2017-10-12 05:46:16;0;1
2017-10-12 05:47:25;0;1
2017-10-12 05:48:34;0;1
2017-10-12 05:49:43;0;1
2017-10-12 05:50:52;0;1
2017-10-12 05:52:01;0;1
2017-10-12 05:53:10;0;1
2017-10-12 05:54:19;0;1
2017-10-12 05:55:28;730.498;1
2017-10-12 05:56:37;1304.367;1
2017-10-12 05:57:46;1252.119;1
2017-10-12 05:58:55;1095.589;1
2017-10-12 06:00:04;887.034;1
2017-10-12 06:01:13;939.062;1
2017-10-12 06:02:22;939.117;1
2017-10-12 06:03:31;886.905;1
2017-10-12 06:04:40;939.198;1
2017-10-12 06:05:49;886.944;1
2017-10-12 06:06:58;939.09;1
2017-10-12 06:08:07;886.969;1
2017-10-12 06:09:16;939.13;1
2017-10-12 06:10:25;886.969;1
2017-10-12 06:11:34;939.117;1
2017-10-12 06:12:43;887.008;1
2017-10-12 06:13:52;1147.793;1
2017-10-12 06:15:01;1252.228;1
2017-10-12 06:16:10;1304.272;1
2017-10-12 06:17:19;1304.423;1
2017-10-12 06:18:28;1304.575;1
2017-10-12 06:19:37;1304.461;1
2017-10-12 06:20:46;1304.461;1
2017-10-12 06:21:54;1669.686;1
2017-10-12 06:23:03;2191.558;1
2017-10-12 06:24:12;1878.288;1
2017-10-12 06:25:21;1408.736;1
2017-10-12 06:26:30;1408.655;1
2017-10-12 06:27:39;1408.818;1
2017-10-12 06:28:48;1617.321;1
2017-10-12 06:29:57;2139.223;1
2017-10-12 06:31:06;1826.034;1
2017-10-12 06:32:15;1408.614;1
2017-10-12 06:33:24;1408.716;1
2017-10-12 06:34:33;1565.195;1
2017-10-12 06:35:42;1565.217;1
2017-10-12 06:36:51;1617.438;1
2017-10-12 06:38:00;2086.896;1
2017-10-12 06:39:09;1826.087;1
2017-10-12 06:40:18;1304.386;1
2017-10-12 06:41:27;1304.386;1
2017-10-12 06:42:36;1356.364;1
2017-10-12 06:43:45;1304.442;1
2017-10-12 06:44:54;1356.561;1
2017-10-12 06:46:03;1304.159;1
2017-10-12 06:47:12;1356.659;1
2017-10-12 06:48:21;1356.541;1
2017-10-12 06:49:30;1356.463;1
2017-10-12 06:50:39;1356.541;1
2017-10-12 06:51:48;1356.62;1
2017-10-12 06:52:57;1408.512;1
2017-10-12 06:54:06;1356.62;1
2017-10-12 06:55:15;1408.553;1
2017-10-12 06:56:24;2191.4;1
2017-10-12 06:57:33;2452.138;1
2017-10-12 06:58:42;1513.153;1
2017-10-12 06:59:51;1617.462;1
2017-10-12 07:01:00;1721.714;1
2017-10-12 07:02:09;1773.81;1
2017-10-12 07:03:18;1773.81;1
2017-10-12 07:04:27;2869.94;1
2017-10-12 07:05:36;1878.125;1
2017-10-12 07:06:45;1773.862;1
2017-10-12 07:07:54;1773.862;1
2017-10-12 07:09:03;1669.493;1
2017-10-12 07:10:12;1513.087;1
2017-10-12 07:11:21;1565.195;1
2017-10-12 07:12:30;1513.131;1
2017-10-12 07:13:39;1513.043;1
2017-10-12 07:14:48;1512.978;1
2017-10-12 07:15:57;1878.37;1
2017-10-12 07:17:06;1512.89;1
2017-10-12 07:18:15;1565.308;1
2017-10-12 07:19:24;1930.351;1
2017-10-12 07:20:33;1982.637;1
2017-10-12 07:21:42;1669.589;1
2017-10-12 07:22:51;1721.689;1
2017-10-12 07:24:00;1617.438;1
2017-10-12 07:25:09;1617.344;1
2017-10-12 07:26:18;1617.532;1
2017-10-12 07:27:27;1669.468;1
2017-10-12 07:28:36;1565.195;1
2017-10-12 07:29:45;1982.695;1
2017-10-12 07:30:54;1565.172;1
2017-10-12 07:32:03;1878.288;1
2017-10-12 07:33:12;1513.043;1
2017-10-12 07:34:22;1565.104;1
2017-10-12 07:35:30;1460.912;1
2017-10-12 07:36:40;1460.806;1
2017-10-12 07:37:48;1461.102;1
2017-10-12 07:38:57;1460.764;1
2017-10-12 07:40:06;1356.522;1
2017-10-12 07:41:15;1408.696;1
2017-10-12 07:42:25;1460.764;1
2017-10-12 07:43:33;1460.954;1
2017-10-12 07:44:43;1721.639;1
2017-10-12 07:45:51;1408.716;1
2017-10-12 07:47:00;1304.442;1
2017-10-12 07:48:09;1408.879;1
2017-10-12 07:49:18;1460.764;1
2017-10-12 07:50:27;1252.011;1
2017-10-12 07:51:37;1252.047;1
2017-10-12 07:52:46;1147.843;1
2017-10-12 07:53:54;1095.843;1
2017-10-12 07:55:03;991.218;1
2017-10-12 07:56:13;939.103;1
2017-10-12 07:57:22;886.957;1
2017-10-12 07:58:31;834.771;1
2017-10-12 07:59:40;782.065;1
2017-10-12 08:00:49;782.688;1
2017-10-12 08:01:58;1095.732;1
2017-10-12 08:03:07;1200.052;1
2017-10-12 08:04:16;678.3;1
2017-10-12 08:05:25;1095.716;1
2017-10-12 08:06:34;1930.603;1
2017-10-12 08:07:43;626.096;1
2017-10-12 08:08:52;573.93;1
2017-10-12 08:10:01;469.552;1
2017-10-12 08:11:10;365.244;1
2017-10-12 08:12:19;365.202;1
2017-10-12 08:13:28;260.858;1
2017-10-12 08:14:37;1460.806;1
2017-10-12 08:15:46;1252.265;1
2017-10-12 08:16:55;886.969;1
2017-10-12 08:18:04;1147.876;1
2017-10-12 08:19:13;1304.31;1
2017-10-12 08:20:22;1095.732;1
2017-10-12 08:21:31;1200.122;1
2017-10-12 08:22:40;1200.07;1
2017-10-12 08:23:49;782.62;1
2017-10-12 08:24:57;1147.859;1
2017-10-12 08:26:06;2243.576;1
2017-10-12 08:27:15;1721.789;1
2017-10-12 08:28:24;1721.839;1
2017-10-12 08:29:33;1356.541;1
2017-10-12 08:30:42;1617.532;1
2017-10-12 08:31:51;1669.614;1
2017-10-12 08:33:00;1304.386;1
2017-10-12 08:34:09;834.843;1
2017-10-12 08:35:18;156.531;1
2017-10-12 08:36:27;52.176;1
2017-10-12 08:37:36;365.249;1
2017-10-12 08:38:45;0;1
2017-10-12 08:39:54;52.176;1
2017-10-12 08:41:03;0;1
2017-10-12 08:42:12;0;1
2017-10-12 08:43:21;0;1
2017-10-12 08:44:30;0;1
2017-10-12 08:45:39;0;1
2017-10-12 08:46:48;0;1
2017-10-12 08:47:57;0;1
2017-10-12 08:49:06;0;1
2017-10-12 08:50:15;0;1
2017-10-12 08:51:24;0;1
2017-10-12 08:52:33;0;1
2017-10-12 08:53:42;0;1
2017-10-12 08:54:51;0;1
2017-10-12 08:56:00;0;1
2017-10-12 08:57:09;0;1
2017-10-12 08:58:18;0;1
2017-10-12 08:59:27;0;1
2017-10-12 09:00:36;0;1
2017-10-12 09:01:45;0;1
2017-10-12 09:02:54;0;1
2017-10-12 09:04:03;0;1
2017-10-12 09:05:12;0;1
2017-10-12 09:06:21;0;1
2017-10-12 09:07:30;0;1
2017-10-12 09:08:39;0;1
2017-10-12 09:09:48;0;1
2017-10-12 09:10:57;0;1
2017-10-12 09:12:06;0;1
2017-10-12 09:13:15;0;1
2017-10-12 09:14:24;0;1
2017-10-12 09:15:33;0;1
2017-10-12 09:16:42;0;1
2017-10-12 09:17:51;0;1
2017-10-12 09:19:00;0;1
2017-10-12 09:20:09;0;1
2017-10-12 09:21:18;0;1
2017-10-12 09:22:27;52.179;1
2017-10-12 09:23:36;52.178;1
2017-10-12 09:24:45;0;1
2017-10-12 09:25:54;0;1
2017-10-12 09:27:03;52.175;1
2017-10-12 09:28:12;0;1
2017-10-12 09:29:21;208.708;1
2017-10-12 09:30:30;0;1
2017-10-12 09:31:39;52.178;1
2017-10-12 09:32:48;0;1
2017-10-12 09:33:57;52.178;1
2017-10-12 09:35:06;0;1
2017-10-12 09:36:15;0;1
2017-10-12 09:37:24;52.181;1
2017-10-12 09:38:33;104.357;1
2017-10-12 09:39:42;0;1
2017-10-12 09:40:51;260.877;1
2017-10-12 09:42:00;417.397;1
2017-10-12 09:43:09;469.572;1
2017-10-12 09:44:18;1200.07;1
2017-10-12 09:45:27;834.879;1
2017-10-12 09:46:36;782.62;1
2017-10-12 09:47:45;1460.827;1
2017-10-12 09:48:54;834.855;1
2017-10-12 09:50:03;730.467;1
2017-10-12 09:51:12;260.892;1
2017-10-12 09:52:21;521.785;1
2017-10-12 09:53:30;678.251;1
2017-10-12 09:54:39;678.33;1
2017-10-12 09:55:48;365.244;1
2017-10-12 09:56:57;417.409;1
2017-10-12 09:58:06;1304.405;1
2017-10-12 09:59:15;991.391;1
2017-10-12 10:00:24;782.586;1
2017-10-12 10:01:33;834.879;1
2017-10-12 10:02:42;573.93;1
2017-10-12 10:03:51;573.905;1
2017-10-12 10:05:00;573.805;1
2017-10-12 10:06:09;469.606;1
2017-10-12 10:07:18;469.538;1
2017-10-12 10:08:27;469.592;1
2017-10-12 10:09:36;313.021;1
2017-10-12 10:10:45;834.771;1
2017-10-12 10:11:54;782.631;1
2017-10-12 10:13:03;1826.166;1
2017-10-12 10:14:12;2190.987;1
2017-10-12 10:15:21;2191.558;1
2017-10-12 10:16:30;2556.225;1
2017-10-12 10:17:39;3391.353;1
2017-10-12 10:18:48;3391.452;1
2017-10-12 10:19:57;2713.201;1
2017-10-12 10:21:06;2973.913;1
2017-10-12 10:22:15;2765.017;1
2017-10-12 10:23:24;1200.087;1
2017-10-12 10:24:33;939.09;1
2017-10-12 10:25:42;939.035;1
2017-10-12 10:26:51;469.606;1
2017-10-12 10:28:00;208.681;1
2017-10-12 10:29:09;365.244;1
2017-10-12 10:30:18;1304.348;1
2017-10-12 10:31:27;1773.913;1
2017-10-12 10:32:36;2347.86;1
2017-10-12 10:33:45;2556.299;1
2017-10-12 10:34:54;2713.279;1
2017-10-12 10:36:03;1408.532;1
2017-10-12 10:37:12;469.592;1
2017-10-12 10:38:21;365.26;1
2017-10-12 10:39:30;156.497;1
2017-10-12 10:40:39;0;1
2017-10-12 10:41:48;939.198;1
2017-10-12 10:42:57;2139.254;1
2017-10-12 10:44:06;2191.273;1
2017-10-12 10:45:15;2243.478;1
2017-10-12 10:46:24;2347.792;1
2017-10-12 10:47:33;1982.637;1
2017-10-12 10:48:42;260.881;1
2017-10-12 10:49:51;208.684;1
2017-10-12 10:51:00;417.422;1
2017-10-12 10:52:09;678.271;1
2017-10-12 10:53:18;626.005;1
2017-10-12 10:54:27;573.955;1
2017-10-12 10:55:36;469.538;1
2017-10-12 10:56:45;260.877;1
2017-10-12 10:57:54;0;1
2017-10-12 10:59:03;0;1
2017-10-12 11:00:12;104.355;1
2017-10-12 11:01:21;260.873;1
2017-10-12 11:02:30;0;1
2017-10-12 11:03:39;0;1
2017-10-12 11:04:48;0;1
2017-10-12 11:05:57;0;1
2017-10-12 11:07:06;104.351;1
2017-10-12 11:08:15;0;1
2017-10-12 11:09:24;104.349;1
2017-10-12 11:10:33;0;1
2017-10-12 11:11:42;0;1
2017-10-12 11:12:51;1252.174;1
2017-10-12 11:14:00;1826.087;1
2017-10-12 11:15:09;678.271;1
2017-10-12 11:16:18;52.172;1
2017-10-12 11:17:27;156.524;1
2017-10-12 11:18:36;886.957;1
2017-10-12 11:19:45;1721.789;1
2017-10-12 11:20:54;1408.532;1
2017-10-12 11:22:03;0;1
2017-10-12 11:23:12;782.552;1
2017-10-12 11:24:21;156.535;1
2017-10-12 11:25:30;52.175;1
2017-10-12 11:26:39;52.175;1
2017-10-12 11:27:48;0;1
2017-10-12 11:28:57;0;1
2017-10-12 11:30:06;0;1
2017-10-12 11:31:15;0;1
2017-10-12 11:32:24;0;1
2017-10-12 11:33:33;0;1
2017-10-12 11:34:42;0;1
2017-10-12 11:35:51;156.513;1
2017-10-12 11:37:00;208.69;1
2017-10-12 11:38:09;0;1
2017-10-12 11:39:18;1513.109;1
2017-10-12 11:40:27;1252.355;1
2017-10-12 11:41:36;1304.31;1
2017-10-12 11:42:45;1512.846;1
2017-10-12 11:43:54;939.171;1
2017-10-12 11:45:03;0;1
2017-10-12 11:46:12;678.271;1
2017-10-12 11:47:21;939.022;1
2017-10-12 11:48:30;1095.636;1
2017-10-12 11:49:39;834.843;1
2017-10-12 11:50:48;573.93;1
2017-10-12 11:51:57;0;1
2017-10-12 11:53:06;0;1
2017-10-12 11:54:15;0;1
2017-10-12 11:55:24;52.175;1
2017-10-12 11:56:33;104.354;1
2017-10-12 11:57:42;0;1
2017-10-12 11:58:51;0;1
2017-10-12 12:00:00;0;1
2017-10-12 12:01:09;0;1
2017-10-12 12:02:18;0;1
2017-10-12 12:03:27;0;1
2017-10-12 12:04:36;0;1
2017-10-12 12:05:45;521.452;1
2017-10-12 12:06:54;1826.246;1
2017-10-12 12:08:03;0;1
2017-10-12 12:09:12;469.613;1
2017-10-12 12:10:21;0;1
2017-10-12 12:11:30;0;1
2017-10-12 12:12:39;678.32;1
2017-10-12 12:13:48;939.076;1
2017-10-12 12:14:57;208.699;1
2017-10-12 12:16:06;208.714;1
2017-10-12 12:17:15;1878.234;1
2017-10-12 12:18:24;0;1
2017-10-12 12:19:33;208.705;1
2017-10-12 12:20:42;313.053;1
2017-10-12 12:21:51;573.921;1
2017-10-12 12:23:00;0;1
2017-10-12 12:24:09;0;1
2017-10-12 12:25:18;52.171;1
2017-10-12 12:26:27;0;1
2017-10-12 12:27:36;0;1
2017-10-12 12:28:45;0;1
2017-10-12 12:29:54;0;1
2017-10-12 12:31:03;0;1
2017-10-12 12:32:12;0;1
2017-10-12 12:33:21;0;1
2017-10-12 12:34:30;0;1
2017-10-12 12:35:39;104.348;1
2017-10-12 12:36:48;0;1
2017-10-12 12:37:57;260.866;1
2017-10-12 12:39:06;1408.839;1
2017-10-12 12:40:15;104.339;1
2017-10-12 12:41:24;0;1
2017-10-12 12:42:33;0;1
2017-10-12 12:43:42;0;1
2017-10-12 12:44:51;0;1
2017-10-12 12:46:00;0;1
2017-10-12 12:47:09;0;1
2017-10-12 12:48:18;0;1
2017-10-12 12:49:27;0;1
2017-10-12 12:50:36;0;1
2017-10-12 12:51:45;0;1
2017-10-12 12:52:54;0;1
2017-10-12 12:54:03;0;1
2017-10-12 12:55:12;0;1
2017-10-12 12:56:21;0;1
2017-10-12 12:57:30;0;1
2017-10-12 12:58:39;0;1
2017-10-12 12:59:48;0;1
2017-10-12 13:00:57;0;1
2017-10-12 13:02:06;0;1
2017-10-12 13:03:15;0;1
2017-10-12 13:04:24;0;1
2017-10-12 13:05:33;0;1
2017-10-12 13:06:42;0;1
2017-10-12 13:07:51;52.171;1
2017-10-12 13:09:00;0;1
2017-10-12 13:10:09;0;1
2017-10-12 13:11:18;0;1
2017-10-12 13:12:27;0;1
2017-10-12 13:13:36;0;1
2017-10-12 13:14:45;0;1
2017-10-12 13:15:54;0;1
2017-10-12 13:17:03;0;1
2017-10-12 13:18:12;0;1
2017-10-12 13:19:21;0;1
2017-10-12 13:20:30;0;1
2017-10-12 13:21:39;0;1
2017-10-12 13:22:48;0;1
2017-10-12 13:23:57;0;1
2017-10-12 13:25:06;0;1
2017-10-12 13:26:15;0;1
2017-10-12 13:27:24;0;1
2017-10-12 13:28:33;0;1
2017-10-12 13:29:42;0;1
2017-10-12 13:30:51;0;1
2017-10-12 13:32:00;0;1
2017-10-12 13:33:09;0;1
2017-10-12 13:34:18;0;1
2017-10-12 13:35:27;0;1
2017-10-12 13:36:36;0;1
2017-10-12 13:37:45;0;1
2017-10-12 13:38:54;0;1
2017-10-12 13:40:03;0;1
2017-10-12 13:41:12;0;1
2017-10-12 13:42:21;0;1
2017-10-12 13:43:30;0;1
2017-10-12 13:44:39;0;1
2017-10-12 13:45:48;0;1
2017-10-12 13:46:57;0;1
2017-10-12 13:48:06;0;1
2017-10-12 13:49:15;0;1
2017-10-12 13:50:24;0;1
2017-10-12 13:51:33;0;1
2017-10-12 13:52:42;0;1
2017-10-12 13:53:51;0;1
2017-10-12 13:55:00;0;1
2017-10-12 13:56:09;0;1
2017-10-12 13:57:18;0;1
2017-10-12 13:58:27;0;1
2017-10-12 13:59:36;0;1
2017-10-12 14:00:45;0;1
2017-10-12 14:01:54;0;1
2017-10-12 14:03:03;0;1
2017-10-12 14:04:12;0;1
2017-10-12 14:05:21;0;1
2017-10-12 14:06:30;0;1
2017-10-12 14:07:39;0;1
2017-10-12 14:08:48;0;1
2017-10-12 14:09:57;0;1
2017-10-12 14:11:06;0;1
2017-10-12 14:12:15;0;1
2017-10-12 14:13:24;0;1
2017-10-12 14:14:33;0;1
2017-10-12 14:15:42;0;1
2017-10-12 14:16:51;0;1
2017-10-12 14:18:00;0;1
2017-10-12 14:19:09;0;1
2017-10-12 14:20:18;0;1
2017-10-12 14:21:27;0;1
2017-10-12 14:22:36;0;1
2017-10-12 14:23:45;0;1
2017-10-12 14:24:54;0;1
2017-10-12 14:26:03;0;1
2017-10-12 14:27:12;0;1
2017-10-12 14:28:21;0;1
2017-10-12 14:29:30;0;1
2017-10-12 14:30:39;0;1
2017-10-12 14:31:48;0;1
2017-10-12 14:32:57;0;1
2017-10-12 14:34:06;0;1
2017-10-12 14:35:15;0;1
2017-10-12 14:36:24;0;1
2017-10-12 14:37:33;0;1
2017-10-12 14:38:42;0;1
2017-10-12 14:39:51;0;1
2017-10-12 14:41:00;0;1
2017-10-12 14:42:09;0;1
2017-10-12 14:43:18;0;1
2017-10-12 14:44:27;0;1
2017-10-12 14:45:36;0;1
2017-10-12 14:46:45;0;1
2017-10-12 14:47:54;0;1
2017-10-12 14:49:03;0;1
2017-10-12 14:50:12;0;1
2017-10-12 14:51:21;0;1
2017-10-12 14:52:30;0;1
2017-10-12 14:53:39;0;1
2017-10-12 14:54:48;0;1
2017-10-12 14:55:57;0;1
2017-10-12 14:57:06;0;1
2017-10-12 14:58:15;0;1
2017-10-12 14:59:24;0;1
2017-10-12 15:00:33;0;1
2017-10-12 15:01:42;0;1
2017-10-12 15:02:51;0;1
2017-10-12 15:04:00;0;1
2017-10-12 15:05:09;0;1
2017-10-12 15:06:18;0;1
2017-10-12 15:07:27;0;1
2017-10-12 15:08:36;0;1
2017-10-12 15:09:45;0;1
2017-10-12 15:10:54;0;1
2017-10-12 15:12:03;0;1
2017-10-12 15:13:12;0;1
2017-10-12 15:14:21;0;1
2017-10-12 15:15:30;0;1
2017-10-12 15:16:39;0;1
2017-10-12 15:17:48;0;1
2017-10-12 15:18:57;0;1
2017-10-12 15:20:06;0;1
2017-10-12 15:21:15;0;1
2017-10-12 15:22:24;0;1
2017-10-12 15:23:33;0;1
2017-10-12 15:24:42;0;1
2017-10-12 15:25:51;0;1
2017-10-12 15:27:00;0;1
2017-10-12 15:28:09;0;1
2017-10-12 15:29:18;0;1
2017-10-12 15:30:27;0;1
2017-10-12 15:31:36;0;1
2017-10-12 15:32:45;0;1
2017-10-12 15:33:54;0;1
2017-10-12 15:35:03;0;1
2017-10-12 15:36:12;0;1
2017-10-12 15:37:21;0;1
2017-10-12 15:38:30;0;1
2017-10-12 15:39:39;0;1
2017-10-12 15:40:48;0;1
2017-10-12 15:41:57;0;1
2017-10-12 15:43:06;0;1
2017-10-12 15:44:15;0;1
2017-10-12 15:45:24;0;1
2017-10-12 15:46:33;0;1
2017-10-12 15:47:42;0;1
2017-10-12 15:48:51;0;1
2017-10-12 15:50:00;0;1
2017-10-12 15:51:09;0;1
2017-10-12 15:52:18;0;1
2017-10-12 15:53:27;0;1
2017-10-12 15:54:36;0;1
2017-10-12 15:55:45;0;1
2017-10-12 15:56:54;0;1
2017-10-12 15:58:03;104.345;1
2017-10-12 15:59:12;52.169;1
2017-10-12 16:00:21;0;1
2017-10-12 16:01:30;0;1
2017-10-12 16:02:39;0;1
2017-10-12 16:03:48;0;1
2017-10-12 16:04:57;0;1
2017-10-12 16:06:06;0;1
2017-10-12 16:07:15;0;1
2017-10-12 16:08:24;0;1
2017-10-12 16:09:33;0;1
2017-10-12 16:10:42;0;1
2017-10-12 16:11:51;0;1
2017-10-12 16:13:00;52.166;1
2017-10-12 16:14:09;0;1
2017-10-12 16:15:18;156.508;1
2017-10-12 16:16:27;104.351;1
2017-10-12 16:17:36;156.519;1
2017-10-12 16:18:45;208.696;1
2017-10-12 16:19:54;208.699;1
2017-10-12 16:21:03;156.531;1
2017-10-12 16:22:12;52.17;1
2017-10-12 16:23:21;0;1
2017-10-12 16:24:30;0;1
2017-10-12 16:25:39;0;1
2017-10-12 16:26:48;0;1
2017-10-12 16:27:57;0;1
2017-10-12 16:29:06;52.169;1
2017-10-12 16:30:15;0;1
2017-10-12 16:31:24;0;1
2017-10-12 16:32:33;0;1
2017-10-12 16:33:42;0;1
2017-10-12 16:34:51;0;1
2017-10-12 16:36:00;0;1
2017-10-12 16:37:09;0;1
2017-10-12 16:38:18;0;1
2017-10-12 16:39:27;0;1
2017-10-12 16:40:36;0;1
2017-10-12 16:41:45;104.357;1
2017-10-12 16:42:54;0;1
2017-10-12 16:44:03;52.172;1
2017-10-12 16:45:12;0;1
2017-10-12 16:46:21;0;1
2017-10-12 16:47:30;0;1
2017-10-12 16:48:39;52.178;1
2017-10-12 16:49:48;52.172;1
2017-10-12 16:50:57;52.171;1
2017-10-12 16:52:06;52.172;1
2017-10-12 16:53:15;104.346;1
2017-10-12 16:54:24;52.179;1
2017-10-12 16:55:33;52.178;1
2017-10-12 16:56:42;0;1
2017-10-12 16:57:51;0;1
2017-10-12 16:59:00;0;1
2017-10-12 17:00:09;52.182;1
2017-10-12 17:01:18;0;1
2017-10-12 17:02:27;0;1
2017-10-12 17:03:36;0;1
2017-10-12 17:04:45;0;1
2017-10-12 17:05:54;0;1
2017-10-12 17:07:03;0;1
2017-10-12 17:08:12;0;1
2017-10-12 17:09:21;0;1
2017-10-12 17:10:30;0;1
2017-10-12 17:11:39;0;1
2017-10-12 17:12:48;0;1
2017-10-12 17:13:57;0;1
2017-10-12 17:15:06;52.177;1
2017-10-12 17:16:15;104.358;1
2017-10-12 17:17:24;104.36;1
2017-10-12 17:18:33;104.357;1
2017-10-12 17:19:42;104.352;1
2017-10-12 17:20:51;156.535;1
2017-10-12 17:22:00;156.531;1
2017-10-12 17:23:09;156.538;1
2017-10-12 17:24:18;208.708;1
2017-10-12 17:25:27;208.702;1
2017-10-12 17:26:36;260.892;1
2017-10-12 17:27:45;260.896;1
2017-10-12 17:28:54;313.066;1
2017-10-12 17:30:03;260.881;1
2017-10-12 17:31:12;260.881;1
2017-10-12 17:32:21;365.239;1
2017-10-12 17:33:30;313.075;1
2017-10-12 17:34:39;417.397;1
2017-10-12 17:35:48;417.379;1
2017-10-12 17:36:57;417.452;1
2017-10-12 17:38:06;469.565;1
2017-10-12 17:39:15;417.416;1
2017-10-12 17:40:24;469.613;1
2017-10-12 17:41:33;521.762;1
2017-10-12 17:42:42;521.754;1
2017-10-12 17:43:51;573.971;1
2017-10-12 17:45:00;573.905;1
2017-10-12 17:46:09;573.963;1
2017-10-12 17:47:18;626.123;1
2017-10-12 17:48:27;626.105;1
2017-10-12 17:49:36;626.114;1
2017-10-12 17:50:45;678.33;1
2017-10-12 17:51:54;678.3;1
2017-10-12 17:53:03;730.488;1
2017-10-12 17:54:12;730.519;1
2017-10-12 17:55:21;678.32;1
2017-10-12 17:56:30;678.261;1
2017-10-12 17:57:39;730.467;1
2017-10-12 17:58:48;730.424;1
2017-10-12 17:59:57;730.498;1
2017-10-12 18:01:06;730.456;1
2017-10-12 18:02:15;834.855;1
2017-10-12 18:03:24;782.631;1
2017-10-12 18:04:33;782.677;1
2017-10-12 18:05:42;782.722;1
2017-10-12 18:06:51;730.509;1
2017-10-12 18:08:00;782.688;1
2017-10-12 18:09:09;730.445;1
2017-10-12 18:10:18;782.643;1
2017-10-12 18:11:27;730.519;1
2017-10-12 18:12:36;782.654;1
2017-10-12 18:13:45;782.711;1
2017-10-12 18:14:54;730.414;1
2017-10-12 18:16:03;782.631;1
2017-10-12 18:17:12;730.456;1
2017-10-12 18:18:21;730.509;1
2017-10-12 18:19:30;730.519;1
2017-10-12 18:20:39;678.31;1
2017-10-12 18:21:48;626.15;1
2017-10-12 18:22:57;678.281;1
2017-10-12 18:24:06;1774.093;1
2017-10-12 18:25:15;1826.246;1
2017-10-12 18:26:24;1826.06;1
2017-10-12 18:27:33;1826.219;1
2017-10-12 18:28:42;1930.491;1
2017-10-12 18:29:51;1774.093;1
2017-10-12 18:31:00;1513.109;1
2017-10-12 18:32:09;1565.376;1
2017-10-12 18:33:18;1565.285;1
2017-10-12 18:34:27;1617.532;1
2017-10-12 18:35:36;1617.555;1
2017-10-12 18:36:45;1669.759;1
2017-10-12 18:37:54;1721.914;1
2017-10-12 18:39:03;1669.783;1
2017-10-12 18:40:12;1721.839;1
2017-10-12 18:41:21;1721.814;1
2017-10-12 18:42:30;991.362;1
2017-10-12 18:43:39;939.171;1
2017-10-12 18:44:48;939.226;1
2017-10-12 18:45:57;886.982;1
2017-10-12 18:47:06;886.982;1
2017-10-12 18:48:15;887.021;1
2017-10-12 18:49:24;782.699;1
2017-10-12 18:50:33;782.654;1
2017-10-12 18:51:42;834.843;1
2017-10-12 18:52:51;834.795;1
2017-10-12 18:54:00;782.586;1
2017-10-12 18:55:09;782.609;1
2017-10-12 18:56:18;782.62;1
2017-10-12 18:57:27;834.758;1
2017-10-12 18:58:36;939.144;1
2017-10-12 18:59:45;939.144;1
2017-10-12 19:00:54;886.982;1
2017-10-12 19:02:03;939.103;1
2017-10-12 19:03:12;782.586;1
2017-10-12 19:04:21;782.665;1
2017-10-12 19:05:30;834.734;1
2017-10-12 19:06:39;782.631;1
2017-10-12 19:07:48;782.609;1
2017-10-12 19:08:57;782.62;1
2017-10-12 19:10:06;834.783;1
2017-10-12 19:11:15;782.745;1
2017-10-12 19:12:24;886.995;1
2017-10-12 19:13:33;834.855;1
2017-10-12 19:14:42;887.085;1
2017-10-12 19:15:51;887.021;1
2017-10-12 19:17:00;991.391;1
2017-10-12 19:18:09;1408.634;1
2017-10-12 19:19:18;1356.659;1
2017-10-12 19:20:27;1304.272;1
2017-10-12 19:21:36;1460.975;1
2017-10-12 19:22:45;1826.219;1
2017-10-12 19:23:54;1617.485;1
2017-10-12 19:25:03;1774.067;1
2017-10-12 19:26:12;1617.438;1
2017-10-12 19:27:21;1669.686;1
2017-10-12 19:28:30;1669.662;1
2017-10-12 19:29:39;1513.219;1
2017-10-12 19:30:48;730.467;1
2017-10-12 19:31:57;782.665;1
2017-10-12 19:33:06;782.665;1
2017-10-12 19:34:15;730.467;1
2017-10-12 19:35:24;782.654;1
2017-10-12 19:36:33;782.609;1
2017-10-12 19:37:42;782.631;1
2017-10-12 19:38:51;782.688;1
2017-10-12 19:40:00;782.62;1
2017-10-12 19:41:09;730.509;1
2017-10-12 19:42:18;782.677;1
2017-10-12 19:43:27;782.609;1
2017-10-12 19:44:36;782.643;1
2017-10-12 19:45:45;782.654;1
2017-10-12 19:46:54;730.435;1
2017-10-12 19:48:03;834.831;1
2017-10-12 19:49:12;1930.575;1
2017-10-12 19:50:21;2087.017;1
2017-10-12 19:51:30;2087.047;1
2017-10-12 19:52:39;2087.138;1
2017-10-12 19:53:48;2087.138;1
2017-10-12 19:54:57;2243.543;1
2017-10-12 19:56:06;2295.652;1
2017-10-12 19:57:15;2243.608;1
2017-10-12 19:58:24;2243.608;1
2017-10-12 19:59:33;2243.738;1
2017-10-12 20:00:42;2191.463;1
2017-10-12 20:01:51;2243.641;1
2017-10-12 20:03:00;2243.478;1
2017-10-12 20:04:09;2191.431;1
2017-10-12 20:05:18;2243.738;1
2017-10-12 20:06:27;2191.463;1
2017-10-12 20:07:36;2191.368;1
2017-10-12 20:08:45;1513.197;1
2017-10-12 20:09:54;1147.843;1
2017-10-12 20:11:03;1147.843;1
2017-10-12 20:12:12;1147.826;1
2017-10-12 20:13:20;1095.747;1
2017-10-12 20:14:29;1147.826;1
2017-10-12 20:15:38;1147.943;1
2017-10-12 20:16:47;1147.926;1
2017-10-12 20:17:56;1095.668;1
2017-10-12 20:19:05;1147.826;1
2017-10-12 20:20:14;1095.763;1
2017-10-12 20:21:23;1147.909;1
2017-10-12 20:22:32;1095.779;1
2017-10-12 20:23:41;1095.716;1
2017-10-12 20:24:50;1147.859;1
2017-10-12 20:25:59;1095.747;1
2017-10-12 20:27:08;1147.926;1
2017-10-12 20:28:17;1095.7;1
2017-10-12 20:29:26;1147.809;1
2017-10-12 20:30:35;1095.668;1
2017-10-12 20:31:44;1095.747;1
2017-10-12 20:32:53;1147.926;1
2017-10-12 20:34:02;1095.7;1
2017-10-12 20:35:11;1095.716;1
2017-10-12 20:36:20;1095.763;1
2017-10-12 20:37:29;1095.668;1
2017-10-12 20:38:38;1095.716;1
2017-10-12 20:39:47;1095.779;1
2017-10-12 20:40:56;1095.668;1
2017-10-12 20:42:05;1043.524;1
2017-10-12 20:43:14;1095.763;1
2017-10-12 20:44:23;1095.747;1
2017-10-12 20:45:32;1043.539;1
2017-10-12 20:46:41;1095.716;1
2017-10-12 20:47:50;1043.539;1
2017-10-12 20:48:59;1095.747;1
2017-10-12 20:50:08;1043.509;1
2017-10-12 20:51:17;1095.732;1
2017-10-12 20:52:26;1095.747;1
2017-10-12 20:53:35;1095.747;1
2017-10-12 20:54:44;1095.7;1
2017-10-12 20:55:53;1095.747;1
2017-10-12 20:57:02;1095.763;1
2017-10-12 20:58:11;1095.732;1
2017-10-12 20:59:20;1043.584;1
2017-10-12 21:00:29;1095.747;1
2017-10-12 21:01:38;1095.747;1
2017-10-12 21:02:47;1095.668;1
2017-10-12 21:03:56;1095.716;1
2017-10-12 21:05:05;1043.388;1
2017-10-12 21:06:14;1095.747;1
2017-10-12 21:07:23;1095.62;1
2017-10-12 21:08:32;1095.573;1
2017-10-12 21:09:41;1095.779;1
2017-10-12 21:10:50;1043.418;1
2017-10-12 21:11:59;1095.747;1
2017-10-12 21:13:08;1095.525;1
2017-10-12 21:14:17;1095.684;1
2017-10-12 21:15:26;1043.342;1
2017-10-12 21:16:35;1095.732;1
2017-10-12 21:17:44;1095.716;1
2017-10-12 21:18:53;1043.493;1
2017-10-12 21:20:02;1095.525;1
2017-10-12 21:21:11;1095.652;1
2017-10-12 21:22:20;1043.463;1
2017-10-12 21:23:29;1095.668;1
2017-10-12 21:24:38;1095.684;1
2017-10-12 21:25:47;1043.463;1
2017-10-12 21:26:56;1043.509;1
2017-10-12 21:28:05;991.233;1
2017-10-12 21:29:14;991.333;1
2017-10-12 21:30:23;939.144;1
2017-10-12 21:31:32;991.276;1
2017-10-12 21:32:41;991.376;1
2017-10-12 21:33:50;939.117;1
2017-10-12 21:34:59;1095.747;1
2017-10-12 21:36:08;1199.878;1
2017-10-12 21:37:17;1147.776;1
2017-10-12 21:38:26;1721.764;1
2017-10-12 21:39:35;2243.511;1
2017-10-12 21:40:44;2295.619;1
2017-10-12 21:41:53;2243.543;1
2017-10-12 21:43:02;2243.478;1
2017-10-12 21:44:11;2243.478;1
2017-10-12 21:45:20;2243.446;1
2017-10-12 21:46:29;2243.381;1
2017-10-12 21:47:38;2243.478;1
2017-10-12 21:48:47;1565.331;1
2017-10-12 21:49:56;1095.62;1
2017-10-12 21:51:05;834.807;1
2017-10-12 21:52:14;886.815;1
2017-10-12 21:53:23;887.021;1
2017-10-12 21:54:32;834.855;1
2017-10-12 21:55:41;156.519;1
2017-10-12 21:56:50;0;1
2017-10-12 21:57:59;0;1
2017-10-12 21:59:08;0;1
2017-10-12 22:00:17;0;1
2017-10-12 22:01:26;0;1
2017-10-12 22:02:35;0;1
2017-10-12 22:03:44;0;1
2017-10-12 22:04:53;0;1
2017-10-12 22:06:02;0;1
2017-10-12 22:07:11;0;1
2017-10-12 22:08:20;0;1
2017-10-12 22:09:29;0;1
2017-10-12 22:10:38;0;1
2017-10-12 22:11:47;0;1
2017-10-12 22:12:56;0;1
2017-10-12 22:14:05;0;1
2017-10-12 22:15:14;0;1
2017-10-12 22:16:23;0;1
2017-10-12 22:17:32;0;1
2017-10-12 22:18:41;0;1
2017-10-12 22:19:50;0;1
2017-10-12 22:20:59;0;1
2017-10-12 22:22:08;0;1
2017-10-12 22:23:17;0;1
2017-10-12 22:24:26;0;1
2017-10-12 22:25:35;0;1
2017-10-12 22:26:44;0;1
2017-10-12 22:27:53;0;1
2017-10-12 22:29:02;0;1
2017-10-12 22:30:11;0;1
2017-10-12 22:31:20;0;1
2017-10-12 22:32:29;0;1
2017-10-12 22:33:38;0;1
2017-10-12 22:34:47;0;1
2017-10-12 22:35:56;0;1
2017-10-12 22:37:05;0;1
2017-10-12 22:38:14;0;1
2017-10-12 22:39:23;0;1
2017-10-12 22:40:32;0;1
2017-10-12 22:41:41;0;1
2017-10-12 22:42:50;0;1
2017-10-12 22:43:59;0;1
2017-10-12 22:45:08;0;1
2017-10-12 22:46:17;0;1
2017-10-12 22:47:26;0;1
2017-10-12 22:48:35;0;1
2017-10-12 22:49:44;0;1
2017-10-12 22:50:53;0;1
2017-10-12 22:52:02;0;1
2017-10-12 22:53:11;0;1
2017-10-12 22:54:20;0;1
2017-10-12 22:55:29;0;1
2017-10-12 22:56:38;0;1
2017-10-12 22:57:47;0;1
2017-10-12 22:58:56;0;1
2017-10-12 23:00:05;0;1
2017-10-12 23:01:14;0;1
2017-10-12 23:02:23;0;1
2017-10-12 23:03:32;0;1
2017-10-12 23:04:41;0;1
2017-10-12 23:05:50;0;1
2017-10-12 23:06:59;0;1
2017-10-12 23:08:08;0;1
2017-10-12 23:09:17;0;1
2017-10-12 23:10:26;0;1
2017-10-12 23:11:35;0;1
2017-10-12 23:12:44;0;1
2017-10-12 23:13:53;0;1
2017-10-12 23:15:02;0;1
2017-10-12 23:16:11;0;1
2017-10-12 23:17:20;0;1
2017-10-12 23:18:29;0;1
2017-10-12 23:19:38;0;1
2017-10-12 23:20:47;0;1
2017-10-12 23:21:56;0;1
2017-10-12 23:23:05;0;1
2017-10-12 23:24:14;0;1
2017-10-12 23:25:23;0;1
2017-10-12 23:26:32;0;1
2017-10-12 23:27:41;0;1
2017-10-12 23:28:50;0;1
2017-10-12 23:29:59;0;1
2017-10-12 23:31:08;0;1
2017-10-12 23:32:17;0;1
2017-10-12 23:33:26;0;1
2017-10-12 23:34:35;0;1
2017-10-12 23:35:44;0;1
2017-10-12 23:36:53;0;1
2017-10-12 23:38:02;0;1
2017-10-12 23:39:11;0;1
2017-10-12 23:40:20;0;1
2017-10-12 23:41:29;0;1
2017-10-12 23:42:38;0;1
2017-10-12 23:43:47;0;1
2017-10-12 23:44:56;0;1
2017-10-12 23:46:05;0;1
2017-10-12 23:47:14;0;1
2017-10-12 23:48:23;0;1
2017-10-12 23:49:32;0;1
2017-10-12 23:50:41;0;1
2017-10-12 23:51:50;0;1
2017-10-12 23:52:59;0;1
2017-10-12 23:54:08;0;1
2017-10-12 23:55:17;0;1
2017-10-12 23:56:26;0;1
2017-10-12 23:57:35;0;1
2017-10-12 23:58:44;0;1
2017-10-12 23:59:53;0;1
2017-10-13 00:01:02;0;1
2017-10-13 00:02:11;0;1
2017-10-13 00:03:20;0;1
2017-10-13 00:04:29;0;1
2017-10-13 00:05:38;0;1
2017-10-13 00:06:47;0;1
2017-10-13 00:07:56;0;1
2017-10-13 00:09:05;0;1
2017-10-13 00:10:14;0;1
2017-10-13 00:11:23;0;1
2017-10-13 00:12:32;0;1
2017-10-13 00:13:41;0;1
2017-10-13 00:14:50;0;1
2017-10-13 00:15:59;0;1
2017-10-13 00:17:08;0;1
2017-10-13 00:18:17;0;1
2017-10-13 00:19:26;0;1
2017-10-13 00:20:35;0;1
2017-10-13 00:21:44;0;1
2017-10-13 00:22:53;0;1
2017-10-13 00:24:02;0;1
2017-10-13 00:25:11;0;1
2017-10-13 00:26:20;0;1
2017-10-13 00:27:29;0;1
2017-10-13 00:28:38;0;1
2017-10-13 00:29:47;0;1
2017-10-13 00:30:56;0;1
2017-10-13 00:32:05;0;1
2017-10-13 00:33:14;0;1
2017-10-13 00:34:23;0;1
2017-10-13 00:35:32;0;1
2017-10-13 00:36:41;0;1
2017-10-13 00:37:50;0;1
2017-10-13 00:38:59;0;1
2017-10-13 00:40:08;0;1
2017-10-13 00:41:17;0;1
2017-10-13 00:42:26;0;1
2017-10-13 00:43:35;0;1
2017-10-13 00:44:44;0;1
2017-10-13 00:45:53;0;1
2017-10-13 00:47:02;0;1
2017-10-13 00:48:11;0;1
2017-10-13 00:49:20;0;1
2017-10-13 00:50:29;0;1
2017-10-13 00:51:38;0;1
2017-10-13 00:52:47;0;1
2017-10-13 00:53:56;0;1
2017-10-13 00:55:05;0;1
2017-10-13 00:56:14;0;1
2017-10-13 00:57:23;0;1
2017-10-13 00:58:32;0;1
2017-10-13 00:59:41;0;1
2017-10-13 01:00:50;0;1
2017-10-13 01:01:59;0;1
2017-10-13 01:03:08;0;1
2017-10-13 01:04:17;0;1
2017-10-13 01:05:26;0;1
2017-10-13 01:06:35;0;1
2017-10-13 01:07:44;0;1
2017-10-13 01:08:53;0;1
2017-10-13 01:10:02;0;1
2017-10-13 01:11:11;0;1
2017-10-13 01:12:20;0;1
2017-10-13 01:13:29;0;1
2017-10-13 01:14:38;0;1
2017-10-13 01:15:47;0;1
2017-10-13 01:16:56;0;1
2017-10-13 01:18:05;0;1
2017-10-13 01:19:14;0;1
2017-10-13 01:20:23;0;1
2017-10-13 01:21:32;0;1
2017-10-13 01:22:41;0;1
2017-10-13 01:23:50;0;1
2017-10-13 01:24:59;0;1
2017-10-13 01:26:08;0;1
2017-10-13 01:27:17;0;1
2017-10-13 01:28:26;0;1
2017-10-13 01:29:35;0;1
2017-10-13 01:30:44;0;1
2017-10-13 01:31:53;0;1
2017-10-13 01:33:02;0;1
2017-10-13 01:34:11;0;1
2017-10-13 01:35:20;0;1
2017-10-13 01:36:29;0;1
2017-10-13 01:37:38;0;1
2017-10-13 01:38:47;0;1
2017-10-13 01:39:56;0;1
2017-10-13 01:41:05;0;1
2017-10-13 01:42:14;0;1
2017-10-13 01:43:23;0;1
2017-10-13 01:44:32;0;1
2017-10-13 01:45:41;0;1
2017-10-13 01:46:50;0;1
2017-10-13 01:47:59;0;1
2017-10-13 01:49:08;0;1
2017-10-13 01:50:17;0;1
2017-10-13 01:51:26;0;1
2017-10-13 01:52:35;0;1
2017-10-13 01:53:44;0;1
2017-10-13 01:54:53;0;1
2017-10-13 01:56:02;0;1
2017-10-13 01:57:11;0;1
2017-10-13 01:58:20;0;1
2017-10-13 01:59:29;0;1
2017-10-13 02:00:38;0;1
2017-10-13 02:01:47;0;1
2017-10-13 02:02:56;0;1
2017-10-13 02:04:05;0;1
2017-10-13 02:05:14;0;1
2017-10-13 02:06:23;0;1
2017-10-13 02:07:32;0;1
2017-10-13 02:08:41;0;1
2017-10-13 02:09:50;0;1
2017-10-13 02:10:59;0;1
2017-10-13 02:12:08;0;1
2017-10-13 02:13:17;0;1
2017-10-13 02:14:26;0;1
2017-10-13 02:15:35;0;1
2017-10-13 02:16:44;0;1
2017-10-13 02:17:53;0;1
2017-10-13 02:19:02;0;1
2017-10-13 02:20:11;0;1
2017-10-13 02:21:20;0;1
2017-10-13 02:22:29;0;1
2017-10-13 02:23:38;0;1
2017-10-13 02:24:47;0;1
2017-10-13 02:25:56;0;1
2017-10-13 02:27:05;0;1
2017-10-13 02:28:14;0;1
2017-10-13 02:29:23;0;1
2017-10-13 02:30:32;0;1
2017-10-13 02:31:41;0;1
2017-10-13 02:32:50;0;1
2017-10-13 02:33:59;0;1
2017-10-13 02:35:08;0;1
2017-10-13 02:36:17;0;1
2017-10-13 02:37:26;0;1
2017-10-13 02:38:35;0;1
2017-10-13 02:39:44;0;1
2017-10-13 02:40:53;0;1
2017-10-13 02:42:02;0;1
2017-10-13 02:43:11;0;1
2017-10-13 02:44:20;0;1
2017-10-13 02:45:29;0;1
2017-10-13 02:46:38;0;1
2017-10-13 02:47:47;0;1
2017-10-13 02:48:56;0;1
2017-10-13 02:50:05;0;1
2017-10-13 02:51:14;0;1
2017-10-13 02:52:23;0;1
2017-10-13 02:53:32;0;1
2017-10-13 02:54:41;0;1
2017-10-13 02:55:50;0;1
2017-10-13 02:56:59;0;1
2017-10-13 02:58:08;0;1
2017-10-13 02:59:17;0;1
2017-10-13 03:00:26;0;1
2017-10-13 03:01:35;0;1
2017-10-13 03:02:44;0;1
2017-10-13 03:03:53;0;1
2017-10-13 03:05:02;0;1
2017-10-13 03:06:11;0;1
2017-10-13 03:07:20;0;1
2017-10-13 03:08:29;0;1
2017-10-13 03:09:38;0;1
2017-10-13 03:10:47;0;1
2017-10-13 03:11:56;0;1
2017-10-13 03:13:05;0;1
2017-10-13 03:14:14;0;1
2017-10-13 03:15:23;0;1
2017-10-13 03:16:32;0;1
2017-10-13 03:17:41;0;1
2017-10-13 03:18:50;0;1
2017-10-13 03:19:59;0;1
2017-10-13 03:21:08;0;1
2017-10-13 03:22:17;0;1
2017-10-13 03:23:26;0;1
2017-10-13 03:24:35;0;1
2017-10-13 03:25:44;0;1
2017-10-13 03:26:53;0;1
2017-10-13 03:28:02;0;1
2017-10-13 03:29:11;0;1
2017-10-13 03:30:20;0;1
2017-10-13 03:31:29;0;1
2017-10-13 03:32:38;0;1
2017-10-13 03:33:47;0;1
2017-10-13 03:34:56;0;1
2017-10-13 03:36:05;0;1
2017-10-13 03:37:14;0;1
2017-10-13 03:38:23;0;1
2017-10-13 03:39:32;0;1
2017-10-13 03:40:41;0;1
2017-10-13 03:41:50;0;1
2017-10-13 03:42:59;0;1
2017-10-13 03:44:08;0;1
2017-10-13 03:45:17;0;1
2017-10-13 03:46:26;0;1
2017-10-13 03:47:35;0;1
2017-10-13 03:48:44;0;1
2017-10-13 03:49:53;0;1
2017-10-13 03:51:02;0;1
2017-10-13 03:52:11;0;1
2017-10-13 03:53:20;0;1
2017-10-13 03:54:29;0;1
2017-10-13 03:55:38;0;1
2017-10-13 03:56:47;0;1
2017-10-13 03:57:56;0;1
2017-10-13 03:59:05;0;1
2017-10-13 04:00:14;0;1
2017-10-13 04:01:23;0;1
2017-10-13 04:02:32;0;1
2017-10-13 04:03:41;0;1
2017-10-13 04:04:50;0;1
2017-10-13 04:07:28;0;1
2017-10-13 04:08:37;0;1
2017-10-13 04:09:46;0;1
2017-10-13 04:10:55;0;1
2017-10-13 04:12:04;0;1
2017-10-13 04:13:13;0;1
2017-10-13 04:14:22;0;1
2017-10-13 04:15:31;0;1
2017-10-13 04:16:40;0;1
2017-10-13 04:17:49;0;1
2017-10-13 04:18:58;0;1
2017-10-13 04:20:07;0;1
2017-10-13 04:21:16;0;1
2017-10-13 04:22:25;0;1
2017-10-13 04:23:34;0;1
2017-10-13 04:24:43;0;1
2017-10-13 04:25:52;0;1
2017-10-13 04:27:01;0;1
2017-10-13 04:28:10;0;1
2017-10-13 04:29:19;0;1
2017-10-13 04:30:28;0;1
2017-10-13 04:31:37;0;1
2017-10-13 04:32:46;0;1
2017-10-13 04:33:55;0;1
2017-10-13 04:35:04;0;1
2017-10-13 04:36:13;0;1
2017-10-13 04:37:22;0;1
2017-10-13 04:38:31;0;1
2017-10-13 04:39:40;0;1
2017-10-13 04:40:49;0;1
2017-10-13 04:41:58;0;1
2017-10-13 04:43:07;0;1
2017-10-13 04:44:16;0;1
2017-10-13 04:45:25;0;1
2017-10-13 04:46:34;0;1
2017-10-13 04:47:43;0;1
2017-10-13 04:48:52;0;1
2017-10-13 04:50:01;0;1
2017-10-13 04:51:10;0;1
2017-10-13 04:52:19;0;1
2017-10-13 04:53:28;0;1
2017-10-13 04:54:37;0;1
2017-10-13 04:55:46;0;1
2017-10-13 04:56:55;0;1
2017-10-13 04:58:04;0;1
2017-10-13 04:59:13;0;1
2017-10-13 05:00:22;0;1
2017-10-13 05:01:31;0;1
2017-10-13 05:02:40;0;1
2017-10-13 05:03:49;0;1
2017-10-13 05:04:58;0;1
2017-10-13 05:06:07;0;1
2017-10-13 05:07:16;0;1
2017-10-13 05:08:25;0;1
2017-10-13 05:09:34;0;1
2017-10-13 05:10:43;0;1
2017-10-13 05:11:52;0;1
2017-10-13 05:13:01;0;1
2017-10-13 05:14:10;0;1
2017-10-13 05:15:19;0;1
2017-10-13 05:16:28;0;1
2017-10-13 05:17:37;0;1
2017-10-13 05:18:46;0;1
2017-10-13 05:19:55;0;1
2017-10-13 05:21:04;0;1
2017-10-13 05:22:13;0;1
2017-10-13 05:23:22;0;1
2017-10-13 05:24:31;0;1
2017-10-13 05:25:40;0;1
2017-10-13 05:26:49;0;1
2017-10-13 05:27:58;0;1
2017-10-13 05:29:07;0;1
2017-10-13 05:30:16;0;1
2017-10-13 05:31:25;0;1
2017-10-13 05:32:34;0;1
2017-10-13 05:33:43;0;1
2017-10-13 05:34:52;0;1
2017-10-13 05:36:01;0;1
2017-10-13 05:37:10;0;1
2017-10-13 05:38:19;0;1
2017-10-13 05:39:28;0;1
2017-10-13 05:40:37;0;1
2017-10-13 05:41:46;0;1
2017-10-13 05:42:55;0;1
2017-10-13 05:44:04;0;1
2017-10-13 05:45:13;0;1
2017-10-13 05:46:22;0;1
2017-10-13 05:47:31;0;1
2017-10-13 05:48:40;0;1
2017-10-13 05:49:49;0;1
2017-10-13 05:50:58;0;1
2017-10-13 05:52:07;0;1
2017-10-13 05:53:16;0;1
2017-10-13 05:54:25;0;1
2017-10-13 05:55:34;991.132;1
2017-10-13 05:56:43;1252.247;1
2017-10-13 05:57:52;1252.174;1
2017-10-13 05:59:01;1252.192;1
2017-10-13 06:00:10;939.144;1
2017-10-13 06:01:19;939.226;1
2017-10-13 06:02:28;886.879;1
2017-10-13 06:03:37;886.969;1
2017-10-13 06:04:46;886.918;1
2017-10-13 06:05:55;886.957;1
2017-10-13 06:07:04;887.021;1
2017-10-13 06:08:13;886.841;1
2017-10-13 06:09:22;886.957;1
2017-10-13 06:10:31;886.982;1
2017-10-13 06:11:40;834.783;1
2017-10-13 06:12:49;886.892;1
2017-10-13 06:13:58;887.034;1
2017-10-13 06:15:07;834.758;1
2017-10-13 06:16:16;887.034;1
2017-10-13 06:17:25;886.944;1
2017-10-13 06:18:34;1043.418;1
2017-10-13 06:19:43;1200.017;1
2017-10-13 06:20:52;939.049;1
2017-10-13 06:22:01;1147.909;1
2017-10-13 06:23:10;1200.07;1
2017-10-13 06:24:19;1200.035;1
2017-10-13 06:25:28;1199.913;1
2017-10-13 06:26:37;1147.826;1
2017-10-13 06:27:46;1878.206;1
2017-10-13 06:28:55;1252.247;1
2017-10-13 06:30:04;1147.743;1
2017-10-13 06:31:13;1199.93;1
2017-10-13 06:32:22;1147.926;1
2017-10-13 06:33:31;1304.31;1
2017-10-13 06:34:40;1617.344;1
2017-10-13 06:35:49;1513;1
2017-10-13 06:36:58;1408.696;1
2017-10-13 06:38:07;1304.518;1
2017-10-13 06:39:16;1304.197;1
2017-10-13 06:40:25;1304.386;1
2017-10-13 06:41:34;1356.581;1
2017-10-13 06:42:43;1304.348;1
2017-10-13 06:43:52;1304.348;1
2017-10-13 06:45:01;1304.291;1
2017-10-13 06:46:10;1200.07;1
2017-10-13 06:47:19;1199.896;1
2017-10-13 06:48:28;1252.265;1
2017-10-13 06:49:37;1199.983;1
2017-10-13 06:50:46;1199.948;1
2017-10-13 06:51:55;1200.139;1
2017-10-13 06:53:04;1199.913;1
2017-10-13 06:54:13;1147.809;1
2017-10-13 06:55:22;1252.21;1
2017-10-13 06:56:31;1199.948;1
2017-10-13 06:57:40;1199.983;1
2017-10-13 06:58:49;1304.386;1
2017-10-13 06:59:58;1304.291;1
2017-10-13 07:01:07;1304.442;1
2017-10-13 07:02:16;1304.31;1
2017-10-13 07:03:25;1304.234;1
2017-10-13 07:04:34;1461.018;1
2017-10-13 07:05:43;1512.978;1
2017-10-13 07:06:52;1408.757;1
2017-10-13 07:08:01;1304.159;1
2017-10-13 07:09:10;1252.156;1
2017-10-13 07:10:19;1252.21;1
2017-10-13 07:11:28;1252.301;1
2017-10-13 07:12:37;1252.101;1
2017-10-13 07:13:46;1721.689;1
2017-10-13 07:14:55;1200.139;1
2017-10-13 07:16:04;1200;1
2017-10-13 07:17:13;1200.244;1
2017-10-13 07:18:22;1147.843;1
2017-10-13 07:19:31;1199.93;1
2017-10-13 07:20:40;1252.301;1
2017-10-13 07:21:49;1147.843;1
2017-10-13 07:22:58;1199.983;1
2017-10-13 07:24:07;1200.035;1
2017-10-13 07:25:16;1199.983;1
2017-10-13 07:36:36;121.761;1
2017-10-13 07:37:45;1199.983;1
2017-10-13 07:38:54;1252.21;1
2017-10-13 07:40:03;1147.826;1
2017-10-13 07:41:12;1982.839;1
2017-10-13 07:42:21;1252.083;1
2017-10-13 07:43:30;1200.017;1
2017-10-13 07:44:39;1721.589;1
2017-10-13 07:45:48;2608.733;1
2017-10-13 07:46:57;2504.457;1
2017-10-13 07:48:06;1565.285;1
2017-10-13 07:49:15;1669.347;1
2017-10-13 07:50:24;1460.891;1
2017-10-13 07:51:33;1356.6;1
2017-10-13 07:52:42;1617.391;1
2017-10-13 07:53:51;1147.959;1
2017-10-13 07:55:00;1147.976;1
2017-10-13 07:56:09;1095.716;1
2017-10-13 07:57:18;1147.826;1
2017-10-13 07:58:27;1095.763;1
2017-10-13 07:59:36;1095.779;1
2017-10-13 08:00:45;1200.07;1
2017-10-13 08:01:54;1043.524;1
2017-10-13 08:03:03;1304.499;1
2017-10-13 08:04:12;1878.37;1
2017-10-13 08:05:21;1147.959;1
2017-10-13 08:06:30;1095.668;1
2017-10-13 08:07:39;1095.779;1
2017-10-13 08:08:48;1095.732;1
2017-10-13 08:09:57;1095.7;1
2017-10-13 08:11:06;1043.509;1
2017-10-13 08:12:15;991.405;1
2017-10-13 08:13:24;991.419;1
2017-10-13 08:14:33;939.212;1
2017-10-13 08:15:42;939.158;1
2017-10-13 08:16:51;834.892;1
2017-10-13 08:18:00;782.609;1
2017-10-13 08:19:09;678.33;1
2017-10-13 08:20:18;678.29;1
2017-10-13 08:21:27;626.16;1
2017-10-13 08:22:36;573.98;1
2017-10-13 08:23:45;573.98;1
2017-10-13 08:24:54;678.359;1
2017-10-13 08:26:03;730.467;1
2017-10-13 08:27:12;626.132;1
2017-10-13 08:28:21;417.409;1
2017-10-13 08:29:30;417.434;1
2017-10-13 08:30:39;626.15;1
2017-10-13 08:31:48;730.498;1
2017-10-13 08:32:57;991.419;1
2017-10-13 08:34:06;573.905;1
2017-10-13 08:35:15;2139.037;1
2017-10-13 08:36:24;2295.918;1
2017-10-13 08:37:33;2139.254;1
2017-10-13 08:38:42;1773.964;1
2017-10-13 08:39:51;2034.842;1
2017-10-13 08:41:00;1617.485;1
2017-10-13 08:42:09;1617.602;1
2017-10-13 08:43:18;365.244;1
2017-10-13 08:44:27;0;1
2017-10-13 08:45:36;0;1
2017-10-13 08:46:45;0;1
2017-10-13 08:47:54;52.178;1
2017-10-13 08:49:03;208.708;1
2017-10-13 08:50:12;0;1
2017-10-13 08:51:21;0;1
2017-10-13 08:52:29;0;1
2017-10-13 08:53:38;0;1
2017-10-13 08:54:47;0;1
2017-10-13 08:55:56;0;1
2017-10-13 08:57:05;0;1
2017-10-13 08:58:14;991.319;1
2017-10-13 08:59:23;939.171;1
2017-10-13 09:00:32;991.419;1
2017-10-13 09:01:41;1304.423;1
2017-10-13 09:02:50;1304.537;1
2017-10-13 09:03:59;730.519;1
2017-10-13 09:05:08;469.552;1
2017-10-13 09:06:17;208.702;1
2017-10-13 09:07:26;365.239;1
2017-10-13 09:08:35;469.62;1
2017-10-13 09:09:44;104.363;1
2017-10-13 09:10:53;782.631;1
2017-10-13 09:12:02;0;1
2017-10-13 09:13:11;521.769;1
2017-10-13 09:14:20;52.177;1
2017-10-13 09:15:29;104.354;1
2017-10-13 09:16:38;208.705;1
2017-10-13 09:17:47;0;1
2017-10-13 09:18:56;52.179;1
2017-10-13 09:20:05;104.352;1
2017-10-13 09:21:14;0;1
2017-10-13 09:22:23;0;1
2017-10-13 09:23:32;0;1
2017-10-13 09:24:41;104.361;1
2017-10-13 09:25:50;0;1
2017-10-13 09:26:59;0;1
2017-10-13 09:28:08;0;1
2017-10-13 09:29:17;0;1
2017-10-13 09:30:26;0;1
2017-10-13 09:31:35;0;1
2017-10-13 09:32:44;0;1
2017-10-13 09:33:53;0;1
2017-10-13 09:35:02;0;1
2017-10-13 09:36:11;0;1
2017-10-13 09:37:20;0;1
2017-10-13 09:38:29;0;1
2017-10-13 09:39:38;0;1
2017-10-13 09:40:47;0;1
2017-10-13 09:41:56;0;1
2017-10-13 09:43:05;0;1
2017-10-13 09:44:14;0;1
2017-10-13 09:45:23;0;1
2017-10-13 09:46:32;0;1
2017-10-13 09:47:41;0;1
2017-10-13 09:48:50;0;1
2017-10-13 09:49:59;0;1
2017-10-13 09:51:08;0;1
2017-10-13 09:52:17;104.346;1
2017-10-13 09:53:26;260.843;1
2017-10-13 09:54:35;0;1
2017-10-13 09:55:44;365.217;1
2017-10-13 09:56:53;782.609;1
2017-10-13 09:58:02;0;1
2017-10-13 09:59:11;0;1
2017-10-13 10:00:20;0;1
2017-10-13 10:01:29;0;1
2017-10-13 10:02:38;0;1
2017-10-13 10:03:47;991.261;1
2017-10-13 10:04:56;939.13;1
2017-10-13 10:06:05;156.531;1
2017-10-13 10:07:14;0;1
2017-10-13 10:08:23;0;1
2017-10-13 10:09:32;0;1
2017-10-13 10:10:41;0;1
2017-10-13 10:11:50;939.062;1
2017-10-13 10:12:59;1043.509;1
2017-10-13 10:14:08;208.693;1
2017-10-13 10:15:17;1252.21;1
2017-10-13 10:16:26;1773.939;1
2017-10-13 10:17:35;1982.752;1
2017-10-13 10:18:44;1826.325;1
2017-10-13 10:19:53;1147.893;1
2017-10-13 10:21:02;52.177;1
2017-10-13 10:22:11;208.702;1
2017-10-13 10:23:20;0;1
2017-10-13 10:24:29;0;1
2017-10-13 10:25:38;0;1
2017-10-13 10:26:47;0;1
2017-10-13 10:27:56;0;1
2017-10-13 10:29:05;0;1
2017-10-13 10:30:14;0;1
2017-10-13 10:31:23;0;1
2017-10-13 10:32:32;0;1
2017-10-13 10:33:41;0;1
2017-10-13 10:34:50;0;1
2017-10-13 10:35:59;0;1
2017-10-13 10:37:08;104.348;1
2017-10-13 10:38:17;417.391;1
2017-10-13 10:39:26;0;1
2017-10-13 10:40:35;0;1
2017-10-13 10:41:44;0;1
2017-10-13 10:42:53;0;1
2017-10-13 10:44:02;0;1
2017-10-13 10:45:11;0;1
2017-10-13 10:46:20;0;1
2017-10-13 10:47:29;0;1
2017-10-13 10:48:38;0;1
2017-10-13 10:49:47;0;1
2017-10-13 10:50:56;0;1
2017-10-13 10:52:05;0;1
2017-10-13 10:53:14;0;1
2017-10-13 10:54:23;0;1
2017-10-13 10:55:32;0;1
2017-10-13 10:56:41;0;1
2017-10-13 10:57:50;0;1
2017-10-13 10:58:59;0;1
2017-10-13 11:00:08;0;1
2017-10-13 11:01:17;0;1
2017-10-13 11:02:26;0;1
2017-10-13 11:03:35;0;1
2017-10-13 11:04:44;0;1
2017-10-13 11:05:53;0;1
2017-10-13 11:07:02;0;1
2017-10-13 11:08:11;104.352;1
2017-10-13 11:09:20;104.352;1
2017-10-13 11:10:29;0;1
2017-10-13 11:11:38;0;1
2017-10-13 11:12:47;0;1
2017-10-13 11:13:56;0;1
2017-10-13 11:15:05;0;1
2017-10-13 11:16:14;0;1
2017-10-13 11:17:23;0;1
2017-10-13 11:18:32;0;1
2017-10-13 11:19:41;0;1
2017-10-13 11:20:50;0;1
2017-10-13 11:21:59;0;1
2017-10-13 11:23:08;0;1
2017-10-13 11:24:17;0;1
2017-10-13 11:25:26;0;1
2017-10-13 11:26:35;0;1
2017-10-13 11:27:44;0;1
2017-10-13 11:28:53;0;1
2017-10-13 11:30:02;0;1
2017-10-13 11:31:11;0;1
2017-10-13 11:32:20;0;1
2017-10-13 11:33:29;0;1
2017-10-13 11:34:38;0;1
2017-10-13 11:35:47;0;1
2017-10-13 11:36:56;0;1
2017-10-13 11:38:05;0;1
2017-10-13 11:39:14;0;1
2017-10-13 11:40:23;0;1
2017-10-13 11:41:32;0;1
2017-10-13 11:42:41;0;1
2017-10-13 11:43:50;0;1
2017-10-13 11:44:59;0;1
2017-10-13 11:46:08;0;1
2017-10-13 11:47:17;0;1
2017-10-13 11:48:26;0;1
2017-10-13 11:49:35;0;1
2017-10-13 11:50:44;0;1
2017-10-13 11:51:53;0;1
2017-10-13 11:53:02;0;1
2017-10-13 11:54:11;0;1
2017-10-13 11:55:20;0;1
2017-10-13 11:56:29;0;1
2017-10-13 11:57:38;52.178;1
2017-10-13 11:58:47;0;1
2017-10-13 11:59:56;0;1
2017-10-13 12:01:05;0;1
2017-10-13 12:02:14;0;1
2017-10-13 12:03:23;0;1
2017-10-13 12:04:32;0;1
2017-10-13 12:05:41;0;1
2017-10-13 12:06:50;0;1
2017-10-13 12:07:59;0;1
2017-10-13 12:09:08;0;1
2017-10-13 12:10:17;0;1
2017-10-13 12:11:26;0;1
2017-10-13 12:12:35;0;1
2017-10-13 12:13:44;0;1
2017-10-13 12:14:53;0;1
2017-10-13 12:16:02;0;1
2017-10-13 12:17:11;0;1
2017-10-13 12:18:20;0;1
2017-10-13 12:19:29;0;1
2017-10-13 12:20:38;0;1
2017-10-13 12:21:47;0;1
2017-10-13 12:22:56;0;1
2017-10-13 12:24:05;0;1
2017-10-13 12:25:14;0;1
2017-10-13 12:26:23;0;1
2017-10-13 12:27:32;0;1
2017-10-13 12:28:41;0;1
2017-10-13 12:29:50;0;1
2017-10-13 12:30:59;0;1
2017-10-13 12:32:08;0;1
2017-10-13 12:33:17;0;1
2017-10-13 12:34:26;0;1
2017-10-13 12:35:35;0;1
2017-10-13 12:36:44;0;1
2017-10-13 12:37:53;0;1
2017-10-13 12:39:02;0;1
2017-10-13 12:40:11;0;1
2017-10-13 12:41:20;0;1
2017-10-13 12:42:29;0;1
2017-10-13 12:43:38;0;1
2017-10-13 12:44:47;0;1
2017-10-13 12:45:56;0;1
2017-10-13 12:47:05;0;1
2017-10-13 12:48:14;0;1
2017-10-13 12:49:23;0;1
2017-10-13 12:50:32;0;1
2017-10-13 12:51:41;0;1
2017-10-13 12:52:50;0;1
2017-10-13 12:53:59;0;1
2017-10-13 12:55:08;0;1
2017-10-13 12:56:17;0;1
2017-10-13 12:57:26;0;1
2017-10-13 12:58:35;0;1
2017-10-13 12:59:44;0;1
2017-10-13 13:00:53;0;1
2017-10-13 13:02:02;0;1
2017-10-13 13:03:11;0;1
2017-10-13 13:04:20;0;1
2017-10-13 13:05:29;0;1
2017-10-13 13:06:38;0;1
2017-10-13 13:07:47;0;1
2017-10-13 13:08:56;0;1
2017-10-13 13:10:05;0;1
2017-10-13 13:11:14;0;1
2017-10-13 13:12:23;0;1
2017-10-13 13:13:32;0;1
2017-10-13 13:14:41;0;1
2017-10-13 13:15:50;0;1
2017-10-13 13:16:59;0;1
2017-10-13 13:18:08;0;1
2017-10-13 13:19:17;0;1
2017-10-13 13:20:26;0;1
2017-10-13 13:21:35;0;1
2017-10-13 13:22:44;0;1
2017-10-13 13:23:53;0;1
2017-10-13 13:25:02;0;1
2017-10-13 13:26:11;0;1
2017-10-13 13:27:20;0;1
2017-10-13 13:28:29;0;1
2017-10-13 13:29:38;0;1
2017-10-13 13:30:47;0;1
2017-10-13 13:31:56;0;1
2017-10-13 13:33:05;0;1
2017-10-13 13:34:14;0;1
2017-10-13 13:35:23;0;1
2017-10-13 13:36:32;0;1
2017-10-13 13:37:41;0;1
2017-10-13 13:38:50;0;1
2017-10-13 13:39:59;0;1
2017-10-13 13:41:08;0;1
2017-10-13 13:42:17;0;1
2017-10-13 13:43:26;0;1
2017-10-13 13:44:35;0;1
2017-10-13 13:45:44;0;1
2017-10-13 13:46:53;0;1
2017-10-13 13:48:02;0;1
2017-10-13 13:49:11;0;1
2017-10-13 13:50:20;0;1
2017-10-13 13:51:29;0;1
2017-10-13 13:52:38;0;1
2017-10-13 13:53:47;0;1
2017-10-13 13:54:56;0;1
2017-10-13 13:56:05;0;1
2017-10-13 13:57:14;0;1
2017-10-13 13:58:23;0;1
2017-10-13 13:59:32;0;1
2017-10-13 14:00:41;0;1
2017-10-13 14:01:50;0;1
2017-10-13 14:02:59;0;1
2017-10-13 14:04:08;0;1
2017-10-13 14:05:17;0;1
2017-10-13 14:06:26;0;1
2017-10-13 14:07:35;0;1
2017-10-13 14:08:44;0;1
2017-10-13 14:09:53;0;1
2017-10-13 14:11:02;0;1
2017-10-13 14:12:11;0;1
2017-10-13 14:13:20;0;1
2017-10-13 14:14:29;0;1
2017-10-13 14:15:38;0;1
2017-10-13 14:16:47;0;1
2017-10-13 14:17:56;0;1
2017-10-13 14:19:05;0;1
2017-10-13 14:20:14;0;1
2017-10-13 14:21:23;0;1
2017-10-13 14:22:32;0;1
2017-10-13 14:23:41;0;1
2017-10-13 14:24:50;0;1
2017-10-13 14:25:59;0;1
2017-10-13 14:27:08;0;1
2017-10-13 14:28:17;0;1
2017-10-13 14:29:26;0;1
2017-10-13 14:30:35;0;1
2017-10-13 14:31:44;0;1
2017-10-13 14:32:53;0;1
2017-10-13 14:34:02;0;1
2017-10-13 14:35:11;0;1
2017-10-13 14:36:20;0;1
2017-10-13 14:37:29;0;1
2017-10-13 14:38:38;0;1
2017-10-13 14:39:47;0;1
2017-10-13 14:40:56;0;1
2017-10-13 14:42:05;0;1
2017-10-13 14:43:14;0;1
2017-10-13 14:44:23;0;1
2017-10-13 14:45:32;0;1
2017-10-13 14:46:41;0;1
2017-10-13 14:47:50;0;1
2017-10-13 14:48:59;0;1
2017-10-13 14:50:08;0;1
2017-10-13 14:51:17;0;1
2017-10-13 14:52:26;0;1
2017-10-13 14:53:35;0;1
2017-10-13 14:54:44;0;1
2017-10-13 14:55:53;0;1
2017-10-13 14:57:02;0;1
2017-10-13 14:58:11;0;1
2017-10-13 14:59:20;0;1
2017-10-13 15:00:29;0;1
2017-10-13 15:01:38;0;1
2017-10-13 15:02:47;0;1
2017-10-13 15:03:56;0;1
2017-10-13 15:05:05;0;1
2017-10-13 15:06:14;0;1
2017-10-13 15:07:23;0;1
2017-10-13 15:08:32;0;1
2017-10-13 15:09:41;0;1
2017-10-13 15:10:50;0;1
2017-10-13 15:11:59;0;1
2017-10-13 15:13:08;0;1
2017-10-13 15:14:17;0;1
2017-10-13 15:15:26;0;1
2017-10-13 15:16:35;0;1
2017-10-13 15:17:44;0;1
2017-10-13 15:18:53;0;1
2017-10-13 15:20:02;0;1
2017-10-13 15:21:11;0;1
2017-10-13 15:22:20;0;1
2017-10-13 15:23:29;0;1
2017-10-13 15:24:38;0;1
2017-10-13 15:25:47;0;1
2017-10-13 15:26:56;0;1
2017-10-13 15:28:05;0;1
2017-10-13 15:29:14;0;1
2017-10-13 15:30:23;0;1
2017-10-13 15:31:32;0;1
2017-10-13 15:32:41;0;1
2017-10-13 15:33:50;0;1
2017-10-13 15:34:59;0;1
2017-10-13 15:36:08;0;1
2017-10-13 15:37:17;0;1
2017-10-13 15:38:26;0;1
2017-10-13 15:39:35;0;1
2017-10-13 15:40:44;0;1
2017-10-13 15:41:53;0;1
2017-10-13 15:43:02;0;1
2017-10-13 15:44:11;0;1
2017-10-13 15:45:20;0;1
2017-10-13 15:46:29;0;1
2017-10-13 15:47:38;0;1
2017-10-13 15:48:47;0;1
2017-10-13 15:49:56;0;1
2017-10-13 15:51:05;0;1
2017-10-13 15:52:14;0;1
2017-10-13 15:53:23;0;1
2017-10-13 15:54:32;0;1
2017-10-13 15:55:41;0;1
2017-10-13 15:56:50;0;1
2017-10-13 15:57:59;0;1
2017-10-13 15:59:08;0;1
2017-10-13 16:00:17;0;1
2017-10-13 16:01:26;0;1
2017-10-13 16:02:35;0;1
2017-10-13 16:03:44;52.175;1
2017-10-13 16:04:53;0;1
2017-10-13 16:06:02;0;1
2017-10-13 16:07:11;0;1
2017-10-13 16:08:20;0;1
2017-10-13 16:09:29;0;1
2017-10-13 16:10:38;0;1
2017-10-13 16:11:47;0;1
2017-10-13 16:12:56;0;1
2017-10-13 16:14:05;0;1
2017-10-13 16:15:14;0;1
2017-10-13 16:16:23;0;1
2017-10-13 16:17:32;0;1
2017-10-13 16:18:41;0;1
2017-10-13 16:19:50;0;1
2017-10-13 16:20:59;0;1
2017-10-13 16:22:08;0;1
2017-10-13 16:23:17;0;1
2017-10-13 16:24:26;0;1
2017-10-13 16:25:35;0;1
2017-10-13 16:26:44;0;1
2017-10-13 16:27:53;0;1
2017-10-13 16:29:02;0;1
2017-10-13 16:30:11;0;1
2017-10-13 16:31:20;0;1
2017-10-13 16:32:29;0;1
2017-10-13 16:33:38;0;1
2017-10-13 16:34:47;0;1
2017-10-13 16:35:56;0;1
2017-10-13 16:37:05;0;1
2017-10-13 16:38:14;0;1
2017-10-13 16:39:23;0;1
2017-10-13 16:40:32;0;1
2017-10-13 16:41:41;0;1
2017-10-13 16:42:50;0;1
2017-10-13 16:43:59;0;1
2017-10-13 16:45:08;0;1
2017-10-13 16:46:17;0;1
2017-10-13 16:47:26;0;1
2017-10-13 16:48:35;0;1
2017-10-13 16:49:44;0;1
2017-10-13 16:50:53;0;1
2017-10-13 16:52:02;0;1
2017-10-13 16:53:11;0;1
2017-10-13 16:54:20;0;1
2017-10-13 16:55:29;0;1
2017-10-13 16:56:38;0;1
2017-10-13 16:57:47;0;1
2017-10-13 16:58:56;0;1
2017-10-13 17:00:05;0;1
2017-10-13 17:01:14;0;1
2017-10-13 17:02:23;0;1
2017-10-13 17:03:32;0;1
2017-10-13 17:04:41;0;1
2017-10-13 17:05:50;0;1
2017-10-13 17:06:59;0;1
2017-10-13 17:08:08;0;1
2017-10-13 17:09:17;0;1
2017-10-13 17:10:26;0;1
2017-10-13 17:11:35;0;1
2017-10-13 17:12:44;0;1
2017-10-13 17:13:53;0;1
2017-10-13 17:15:02;0;1
2017-10-13 17:16:11;0;1
2017-10-13 17:17:20;0;1
2017-10-13 17:18:29;0;1
2017-10-13 17:19:38;0;1
2017-10-13 17:20:47;0;1
2017-10-13 17:21:56;0;1
2017-10-13 17:23:05;0;1
2017-10-13 17:24:14;52.178;1
2017-10-13 17:25:23;52.177;1
2017-10-13 17:26:32;0;1
2017-10-13 17:27:41;0;1
2017-10-13 17:28:50;0;1
2017-10-13 17:29:59;52.177;1
2017-10-13 17:31:08;52.178;1
2017-10-13 17:32:17;104.361;1
2017-10-13 17:33:26;104.363;1
2017-10-13 17:34:35;52.178;1
2017-10-13 17:35:44;156.535;1
2017-10-13 17:36:53;104.357;1
2017-10-13 17:38:02;156.542;1
2017-10-13 17:39:11;156.54;1
2017-10-13 17:40:20;156.535;1
2017-10-13 17:41:29;208.702;1
2017-10-13 17:42:38;208.69;1
2017-10-13 17:43:47;260.877;1
2017-10-13 17:44:56;260.885;1
2017-10-13 17:46:05;260.9;1
2017-10-13 17:47:14;260.896;1
2017-10-13 17:48:23;313.048;1
2017-10-13 17:49:32;313.062;1
2017-10-13 17:50:41;365.249;1
2017-10-13 17:51:50;365.228;1
2017-10-13 17:52:59;365.228;1
2017-10-13 17:54:08;417.416;1
2017-10-13 17:55:17;417.428;1
2017-10-13 17:56:26;417.409;1
2017-10-13 17:57:35;469.586;1
2017-10-13 17:58:44;417.409;1
2017-10-13 17:59:53;521.8;1
2017-10-13 18:01:02;469.579;1
2017-10-13 18:02:11;1565.376;1
2017-10-13 18:03:20;3339.227;1
2017-10-13 18:04:29;3339.421;1
2017-10-13 18:05:38;3339.324;1
2017-10-13 18:06:47;3391.403;1
2017-10-13 18:07:56;3443.728;1
2017-10-13 18:09:05;3443.927;1
2017-10-13 18:10:14;3391.55;1
2017-10-13 18:11:23;3443.728;1
2017-10-13 18:12:32;1460.87;1
2017-10-13 18:13:41;782.665;1
2017-10-13 18:14:50;730.509;1
2017-10-13 18:15:59;730.488;1
2017-10-13 18:17:08;678.31;1
2017-10-13 18:18:17;730.456;1
2017-10-13 18:19:26;678.32;1
2017-10-13 18:20:35;730.477;1
2017-10-13 18:21:44;2869.773;1
2017-10-13 18:22:53;2869.773;1
2017-10-13 18:24:02;678.31;1
2017-10-13 18:25:10;678.34;1
2017-10-13 18:26:19;678.349;1
2017-10-13 18:27:28;678.31;1
2017-10-13 18:28:37;678.281;1
2017-10-13 18:29:46;678.251;1
2017-10-13 18:30:55;678.34;1
2017-10-13 18:32:04;730.53;1
2017-10-13 18:33:13;730.467;1
2017-10-13 18:34:22;678.34;1
2017-10-13 18:35:31;730.509;1
2017-10-13 18:36:40;730.488;1
2017-10-13 18:37:49;730.424;1
2017-10-13 18:38:58;730.477;1
2017-10-13 18:40:07;730.414;1
2017-10-13 18:41:16;782.62;1
2017-10-13 18:42:25;730.414;1
2017-10-13 18:43:34;730.414;1
2017-10-13 18:44:43;730.414;1
2017-10-13 18:45:52;887.021;1
2017-10-13 18:47:01;1513.022;1
2017-10-13 18:48:10;991.276;1
2017-10-13 18:49:19;939.103;1
2017-10-13 18:50:28;1043.493;1
2017-10-13 18:51:37;991.362;1
2017-10-13 18:52:46;991.319;1
2017-10-13 18:53:55;991.304;1
2017-10-13 18:55:04;886.905;1
2017-10-13 18:56:13;939.294;1
2017-10-13 18:57:22;887.034;1
2017-10-13 18:58:31;991.347;1
2017-10-13 18:59:40;1043.524;1
2017-10-13 19:00:49;1043.509;1
2017-10-13 19:01:58;1043.599;1
2017-10-13 19:03:07;1043.554;1
2017-10-13 19:04:16;991.405;1
2017-10-13 19:05:25;1043.403;1
2017-10-13 19:06:34;991.204;1
2017-10-13 19:07:43;1043.509;1
2017-10-13 19:08:52;1043.509;1
2017-10-13 19:10:01;991.333;1
2017-10-13 19:11:10;991.362;1
2017-10-13 19:12:19;1043.463;1
2017-10-13 19:13:28;991.189;1
2017-10-13 19:14:37;991.319;1
2017-10-13 19:15:46;991.304;1
2017-10-13 19:16:55;991.276;1
2017-10-13 19:18:04;1043.569;1
2017-10-13 19:19:13;1356.423;1
2017-10-13 19:20:22;1408.839;1
2017-10-13 19:21:31;1043.493;1
2017-10-13 19:22:40;1043.388;1
2017-10-13 19:23:49;1043.493;1
2017-10-13 19:24:58;1043.539;1
2017-10-13 19:26:07;1043.418;1
2017-10-13 19:27:16;1095.7;1
2017-10-13 19:28:25;1043.509;1
2017-10-13 19:29:34;1043.403;1
2017-10-13 19:30:43;1043.539;1
2017-10-13 19:31:52;1043.614;1
2017-10-13 19:33:01;1043.327;1
2017-10-13 19:34:10;1043.357;1
2017-10-13 19:35:19;1043.478;1
2017-10-13 19:36:28;1043.493;1
2017-10-13 19:37:37;991.333;1
2017-10-13 19:38:46;991.347;1
2017-10-13 19:39:55;991.218;1
2017-10-13 19:41:04;991.304;1
2017-10-13 19:42:13;1200.052;1
2017-10-13 19:43:22;1199.878;1
2017-10-13 19:44:31;1147.876;1
2017-10-13 19:45:40;1147.66;1
2017-10-13 19:46:49;1199.965;1
2017-10-13 19:47:58;1147.793;1
2017-10-13 19:49:07;1199.948;1
2017-10-13 19:50:16;1147.876;1
2017-10-13 19:51:25;1147.843;1
2017-10-13 19:52:34;1199.983;1
2017-10-13 19:53:43;1147.843;1
2017-10-13 19:54:52;1199.93;1
2017-10-13 19:56:01;1147.876;1
2017-10-13 19:57:10;1147.809;1
2017-10-13 19:58:19;1199.948;1
2017-10-13 19:59:28;1147.76;1
2017-10-13 20:00:37;1200.122;1
2017-10-13 20:01:46;1252.228;1
2017-10-13 20:02:55;1356.345;1
2017-10-13 20:04:04;1460.87;1
2017-10-13 20:05:13;1408.716;1
2017-10-13 20:06:22;1408.716;1
2017-10-13 20:07:31;1356.6;1
2017-10-13 20:08:40;1408.736;1
2017-10-13 20:09:49;1356.482;1
2017-10-13 20:10:58;1408.634;1
2017-10-13 20:12:07;1356.482;1
2017-10-13 20:13:16;1356.482;1
2017-10-13 20:14:25;1408.736;1
2017-10-13 20:15:34;1356.62;1
2017-10-13 20:16:43;1408.553;1
2017-10-13 20:17:52;1356.502;1
2017-10-13 20:19:01;1408.634;1
2017-10-13 20:20:10;1356.659;1
2017-10-13 20:21:19;1356.384;1
2017-10-13 20:22:28;1408.839;1
2017-10-13 20:23:37;1356.522;1
2017-10-13 20:24:46;1356.423;1
2017-10-13 20:25:55;1356.522;1
2017-10-13 20:27:04;1356.62;1
2017-10-13 20:28:13;1408.696;1
2017-10-13 20:29:22;1356.463;1
2017-10-13 20:30:31;1356.404;1
2017-10-13 20:31:40;1408.859;1
2017-10-13 20:32:49;1356.364;1
2017-10-13 20:33:58;1356.679;1
2017-10-13 20:35:07;1408.716;1
2017-10-13 20:36:16;1356.404;1
2017-10-13 20:37:25;1356.6;1
2017-10-13 20:38:34;1356.404;1
2017-10-13 20:39:43;1408.777;1
2017-10-13 20:40:52;1356.463;1
2017-10-13 20:42:01;1356.443;1
2017-10-13 20:43:10;1356.64;1
2017-10-13 20:44:19;1304.405;1
2017-10-13 20:45:28;1252.21;1
2017-10-13 20:46:37;1304.14;1
2017-10-13 20:47:46;1252.301;1
2017-10-13 20:48:55;1252.101;1
2017-10-13 20:50:04;1252.192;1
2017-10-13 20:51:13;1252.065;1
2017-10-13 20:52:22;1252.301;1
2017-10-13 20:53:31;1252.192;1
2017-10-13 20:54:40;1252.119;1
2017-10-13 20:55:49;1252.101;1
2017-10-13 20:56:58;1043.63;1
2017-10-13 20:58:07;991.218;1
2017-10-13 20:59:16;939.158;1
2017-10-13 21:00:25;991.233;1
2017-10-13 21:01:34;939.171;1
2017-10-13 21:02:43;991.376;1
2017-10-13 21:03:52;991.233;1
2017-10-13 21:05:01;991.218;1
2017-10-13 21:06:10;939.13;1
2017-10-13 21:07:19;991.405;1
2017-10-13 21:08:28;991.261;1
2017-10-13 21:09:37;991.29;1
2017-10-13 21:10:46;991.333;1
2017-10-13 21:11:55;991.319;1
2017-10-13 21:13:04;991.189;1
2017-10-13 21:14:13;991.448;1
2017-10-13 21:15:22;991.247;1
2017-10-13 21:16:31;991.276;1
2017-10-13 21:17:40;991.362;1
2017-10-13 21:18:49;991.233;1
2017-10-13 21:19:58;939.158;1
2017-10-13 21:21:07;991.333;1
2017-10-13 21:22:16;939.049;1
2017-10-13 21:23:25;991.362;1
2017-10-13 21:24:34;991.247;1
2017-10-13 21:25:43;939.13;1
2017-10-13 21:26:52;991.362;1
2017-10-13 21:28:01;939.008;1
2017-10-13 21:29:10;991.376;1
2017-10-13 21:30:19;991.333;1
2017-10-13 21:31:28;991.204;1
2017-10-13 21:32:37;991.304;1
2017-10-13 21:33:46;939.158;1
2017-10-13 21:34:55;991.319;1
2017-10-13 21:36:04;991.304;1
2017-10-13 21:37:13;939.171;1
2017-10-13 21:38:22;991.261;1
2017-10-13 21:39:31;991.218;1
2017-10-13 21:40:40;991.419;1
2017-10-13 21:41:49;939.13;1
2017-10-13 21:42:58;991.29;1
2017-10-13 21:44:07;991.319;1
2017-10-13 21:45:16;991.276;1
2017-10-13 21:46:25;939.171;1
2017-10-13 21:47:34;886.931;1
2017-10-13 21:48:43;782.62;1
2017-10-13 21:49:52;782.529;1
2017-10-13 21:51:01;782.597;1
2017-10-13 21:52:10;782.586;1
2017-10-13 21:53:19;782.654;1
2017-10-13 21:54:28;782.62;1
2017-10-13 21:55:37;782.631;1
2017-10-13 21:56:46;782.575;1
2017-10-13 21:57:55;782.665;1
2017-10-13 21:59:04;782.552;1
2017-10-13 22:00:13;782.518;1
2017-10-13 22:01:22;782.609;1
2017-10-13 22:02:31;782.677;1
2017-10-13 22:03:40;782.609;1
2017-10-13 22:04:49;782.631;1
2017-10-13 22:05:58;52.172;1
2017-10-13 22:07:07;0;1
2017-10-13 22:08:16;0;1
2017-10-13 22:09:25;0;1
2017-10-13 22:10:34;0;1
2017-10-13 22:11:43;0;1
2017-10-13 22:12:52;0;1
2017-10-13 22:14:01;0;1
2017-10-13 22:15:10;0;1
2017-10-13 22:16:19;0;1
2017-10-13 22:17:28;0;1
2017-10-13 22:18:37;0;1
2017-10-13 22:19:46;0;1
2017-10-13 22:20:55;0;1
2017-10-13 22:22:04;0;1
2017-10-13 22:23:13;0;1
2017-10-13 22:24:22;0;1
2017-10-13 22:25:31;0;1
2017-10-13 22:26:40;0;1
2017-10-13 22:27:49;0;1
2017-10-13 22:28:58;0;1
2017-10-13 22:30:07;0;1
2017-10-13 22:31:16;0;1
2017-10-13 22:32:25;0;1
2017-10-13 22:33:34;0;1
2017-10-13 22:34:43;0;1
2017-10-13 22:35:52;0;1
2017-10-13 22:37:01;0;1
2017-10-13 22:38:10;0;1
2017-10-13 22:39:19;0;1
2017-10-13 22:40:28;0;1
2017-10-13 22:41:37;0;1
2017-10-13 22:42:46;0;1
2017-10-13 22:43:55;0;1
2017-10-13 22:45:04;0;1
2017-10-13 22:46:13;0;1
2017-10-13 22:47:22;0;1
2017-10-13 22:48:31;0;1
2017-10-13 22:49:40;0;1
2017-10-13 22:50:49;0;1
2017-10-13 22:51:58;0;1
2017-10-13 22:53:07;0;1
2017-10-13 22:54:16;0;1
2017-10-13 22:55:25;0;1
2017-10-13 22:56:34;0;1
2017-10-13 22:57:43;0;1
2017-10-13 22:58:52;0;1
2017-10-13 23:00:01;0;1
2017-10-13 23:01:10;0;1
2017-10-13 23:02:19;0;1
2017-10-13 23:03:28;0;1
2017-10-13 23:04:37;0;1
2017-10-13 23:05:46;0;1
2017-10-13 23:06:55;0;1
2017-10-13 23:08:04;0;1
2017-10-13 23:09:13;0;1
2017-10-13 23:10:22;0;1
2017-10-13 23:11:31;0;1
2017-10-13 23:12:40;0;1
2017-10-13 23:13:49;0;1
2017-10-13 23:14:58;0;1
2017-10-13 23:16:07;0;1
2017-10-13 23:17:16;0;1
2017-10-13 23:18:25;0;1
2017-10-13 23:19:34;0;1
2017-10-13 23:20:43;0;1
2017-10-13 23:21:52;0;1
2017-10-13 23:23:01;0;1
2017-10-13 23:24:10;0;1
2017-10-13 23:25:19;0;1
2017-10-13 23:26:28;0;1
2017-10-13 23:27:37;0;1
2017-10-13 23:28:46;0;1
2017-10-13 23:29:55;0;1
2017-10-13 23:31:04;0;1
2017-10-13 23:32:13;0;1
2017-10-13 23:33:22;0;1
2017-10-13 23:34:31;0;1
2017-10-13 23:35:40;0;1
2017-10-13 23:36:49;0;1
2017-10-13 23:37:58;0;1
2017-10-13 23:39:07;0;1
2017-10-13 23:40:16;0;1
2017-10-13 23:41:25;0;1
2017-10-13 23:42:34;0;1
2017-10-13 23:43:43;0;1
2017-10-13 23:44:52;0;1
2017-10-13 23:46:01;0;1
2017-10-13 23:47:10;0;1
2017-10-13 23:48:19;0;1
2017-10-13 23:49:28;0;1
2017-10-13 23:50:37;0;1
2017-10-13 23:51:46;0;1
2017-10-13 23:52:55;0;1
2017-10-13 23:54:04;0;1
2017-10-13 23:55:13;0;1
2017-10-13 23:56:22;0;1
2017-10-13 23:57:31;0;1
2017-10-13 23:58:40;0;1
2017-10-13 23:59:49;0;1
2017-10-14 00:00:58;0;1
2017-10-14 00:02:07;0;1
2017-10-14 00:03:16;0;1
2017-10-14 00:04:25;0;1
2017-10-14 00:05:34;0;1
2017-10-14 00:06:43;0;1
2017-10-14 00:07:52;0;1
2017-10-14 00:09:02;0;1
2017-10-14 00:10:10;0;1
2017-10-14 00:11:20;0;1
2017-10-14 00:12:28;0;1
2017-10-14 00:13:37;0;1
2017-10-14 00:14:46;0;1
2017-10-14 00:15:55;0;1
2017-10-14 00:17:05;0;1
2017-10-14 00:18:13;0;1
2017-10-14 00:19:22;0;1
2017-10-14 00:20:31;0;1
2017-10-14 00:21:40;0;1
2017-10-14 00:22:49;0;1
2017-10-14 00:23:58;0;1
2017-10-14 00:25:07;0;1
2017-10-14 00:26:16;0;1
2017-10-14 00:27:26;0;1
2017-10-14 00:28:34;0;1
2017-10-14 00:29:44;0;1
2017-10-14 00:30:52;0;1
2017-10-14 00:32:01;0;1
2017-10-14 00:33:10;0;1
2017-10-14 00:34:19;0;1
2017-10-14 00:35:29;0;1
2017-10-14 00:36:38;0;1
2017-10-14 00:37:46;0;1
2017-10-14 00:38:56;0;1
2017-10-14 00:40:04;0;1
2017-10-14 00:41:13;0;1
2017-10-14 00:42:22;0;1
2017-10-14 00:43:31;0;1
2017-10-14 00:44:41;0;1
2017-10-14 00:45:50;0;1
2017-10-14 00:46:58;0;1
2017-10-14 00:48:08;0;1
2017-10-14 00:49:16;0;1
2017-10-14 00:50:26;0;1
2017-10-14 00:51:35;0;1
2017-10-14 00:52:44;0;1
2017-10-14 00:53:52;0;1
2017-10-14 00:55:02;0;1
2017-10-14 00:56:11;0;1
2017-10-14 00:57:20;0;1
2017-10-14 00:58:29;0;1
2017-10-14 00:59:38;0;1
2017-10-14 01:00:47;0;1
2017-10-14 01:01:55;0;1
2017-10-14 01:03:05;0;1
2017-10-14 01:04:14;0;1
2017-10-14 01:05:23;0;1
2017-10-14 01:06:32;0;1
2017-10-14 01:07:41;0;1
2017-10-14 01:08:50;0;1
2017-10-14 01:09:59;0;1
2017-10-14 01:11:08;0;1
2017-10-14 01:12:17;0;1
2017-10-14 01:13:26;0;1
2017-10-14 01:14:35;0;1
2017-10-14 01:15:44;0;1
2017-10-14 01:16:52;0;1
2017-10-14 01:18:02;0;1
2017-10-14 01:19:11;0;1
2017-10-14 01:20:20;0;1
2017-10-14 01:21:29;0;1
2017-10-14 01:22:38;0;1
2017-10-14 01:23:47;0;1
2017-10-14 01:24:56;0;1
2017-10-14 01:26:05;0;1
2017-10-14 01:27:14;0;1
2017-10-14 01:28:23;0;1
2017-10-14 01:29:32;0;1
2017-10-14 01:30:41;0;1
2017-10-14 01:31:50;0;1
2017-10-14 01:32:59;0;1
2017-10-14 01:34:08;0;1
2017-10-14 01:35:17;0;1
2017-10-14 01:36:26;0;1
2017-10-14 01:37:35;0;1
2017-10-14 01:38:44;0;1
2017-10-14 01:39:53;0;1
2017-10-14 01:41:02;0;1
2017-10-14 01:42:10;0;1
2017-10-14 01:43:19;0;1
2017-10-14 01:44:28;0;1
2017-10-14 01:45:37;0;1
2017-10-14 01:46:46;0;1
2017-10-14 01:47:55;0;1
2017-10-14 01:49:04;0;1
2017-10-14 01:50:13;0;1
2017-10-14 01:51:22;0;1
2017-10-14 01:52:31;0;1
2017-10-14 01:53:40;0;1
2017-10-14 01:54:49;0;1
2017-10-14 01:55:58;0;1
2017-10-14 01:57:07;0;1
2017-10-14 01:58:16;0;1
2017-10-14 01:59:25;0;1
2017-10-14 02:00:34;0;1
2017-10-14 02:01:43;0;1
2017-10-14 02:02:52;0;1
2017-10-14 02:04:01;0;1
2017-10-14 02:05:10;0;1
2017-10-14 02:06:19;0;1
2017-10-14 02:07:28;0;1
2017-10-14 02:08:37;0;1
2017-10-14 02:09:46;0;1
2017-10-14 02:10:55;0;1
2017-10-14 02:12:04;0;1
2017-10-14 02:13:13;0;1
2017-10-14 02:14:22;0;1
2017-10-14 02:15:31;0;1
2017-10-14 02:16:40;0;1
2017-10-14 02:17:49;0;1
2017-10-14 02:18:58;0;1
2017-10-14 02:20:07;0;1
2017-10-14 02:21:16;0;1
2017-10-14 02:22:25;0;1
2017-10-14 02:23:34;0;1
2017-10-14 02:24:43;0;1
2017-10-14 02:25:52;0;1
2017-10-14 02:27:01;0;1
2017-10-14 02:28:10;0;1
2017-10-14 02:29:19;0;1
2017-10-14 02:30:28;0;1
2017-10-14 02:31:37;0;1
2017-10-14 02:32:46;0;1
2017-10-14 02:33:55;0;1
2017-10-14 02:35:04;0;1
2017-10-14 02:36:13;0;1
2017-10-14 02:37:22;0;1
2017-10-14 02:38:31;0;1
2017-10-14 02:39:40;0;1
2017-10-14 02:40:49;0;1
2017-10-14 02:41:58;0;1
2017-10-14 02:43:07;0;1
2017-10-14 02:44:16;0;1
2017-10-14 02:45:25;0;1
2017-10-14 02:46:34;0;1
2017-10-14 02:47:43;0;1
2017-10-14 02:48:52;0;1
2017-10-14 02:50:01;0;1
2017-10-14 02:51:10;0;1
2017-10-14 02:52:19;0;1
2017-10-14 02:53:28;0;1
2017-10-14 02:54:37;0;1
2017-10-14 02:55:46;0;1
2017-10-14 02:56:55;0;1
2017-10-14 02:58:04;0;1
2017-10-14 02:59:13;0;1
2017-10-14 03:00:22;0;1
2017-10-14 03:01:31;0;1
2017-10-14 03:02:40;0;1
2017-10-14 03:03:49;0;1
2017-10-14 03:04:58;0;1
2017-10-14 03:06:07;0;1
2017-10-14 03:07:16;0;1
2017-10-14 03:08:25;0;1
2017-10-14 03:09:34;0;1
2017-10-14 03:10:43;0;1
2017-10-14 03:11:52;0;1
2017-10-14 03:13:01;0;1
2017-10-14 03:14:10;0;1
2017-10-14 03:15:19;0;1
2017-10-14 03:16:28;0;1
2017-10-14 03:17:37;0;1
2017-10-14 03:18:46;0;1
2017-10-14 03:19:55;0;1
2017-10-14 03:21:04;0;1
2017-10-14 03:22:13;0;1
2017-10-14 03:23:22;0;1
2017-10-14 03:24:31;0;1
2017-10-14 03:25:40;0;1
2017-10-14 03:26:49;0;1
2017-10-14 03:27:58;0;1
2017-10-14 03:29:07;0;1
2017-10-14 03:30:16;0;1
2017-10-14 03:31:25;0;1
2017-10-14 03:32:34;0;1
2017-10-14 03:33:43;0;1
2017-10-14 03:34:52;0;1
2017-10-14 03:36:01;0;1
2017-10-14 03:37:10;0;1
2017-10-14 03:38:19;0;1
2017-10-14 03:39:28;0;1
2017-10-14 03:40:37;0;1
2017-10-14 03:41:46;0;1
2017-10-14 03:42:55;0;1
2017-10-14 03:44:04;0;1
2017-10-14 03:45:13;0;1
2017-10-14 03:46:22;0;1
2017-10-14 03:47:31;0;1
2017-10-14 03:48:40;0;1
2017-10-14 03:49:49;0;1
2017-10-14 03:50:58;0;1
2017-10-14 03:52:07;0;1
2017-10-14 03:53:16;0;1
2017-10-14 03:54:25;0;1
2017-10-14 03:55:34;0;1
2017-10-14 03:56:43;0;1
2017-10-14 03:57:52;0;1
2017-10-14 03:59:01;0;1
2017-10-14 04:00:10;0;1
2017-10-14 04:01:19;0;1
2017-10-14 04:02:28;0;1
2017-10-14 04:03:37;0;1
2017-10-14 04:04:46;0;1
2017-10-14 04:07:21;0;1
2017-10-14 04:08:38;0;1
2017-10-14 04:09:47;0;1
2017-10-14 04:10:56;0;1
2017-10-14 04:12:05;0;1
2017-10-14 04:13:14;0;1
2017-10-14 04:14:23;0;1
2017-10-14 04:15:32;0;1
2017-10-14 04:16:41;0;1
2017-10-14 04:17:50;0;1
2017-10-14 04:18:59;0;1
2017-10-14 04:20:08;0;1
2017-10-14 04:21:17;0;1
2017-10-14 04:22:26;0;1
2017-10-14 04:23:35;0;1
2017-10-14 04:24:44;0;1
2017-10-14 04:25:53;0;1
2017-10-14 04:27:02;0;1
2017-10-14 04:28:11;0;1
2017-10-14 04:29:20;0;1
2017-10-14 04:30:29;0;1
2017-10-14 04:31:38;0;1
2017-10-14 04:32:47;0;1
2017-10-14 04:33:56;0;1
2017-10-14 04:35:05;0;1
2017-10-14 04:36:14;0;1
2017-10-14 04:37:23;0;1
2017-10-14 04:38:32;0;1
2017-10-14 04:39:41;0;1
2017-10-14 04:40:50;0;1
2017-10-14 04:41:59;0;1
2017-10-14 04:43:08;0;1
2017-10-14 04:44:17;0;1
2017-10-14 04:45:26;0;1
2017-10-14 04:46:35;0;1
2017-10-14 04:47:44;0;1
2017-10-14 04:48:53;0;1
2017-10-14 04:50:02;0;1
2017-10-14 04:51:11;0;1
2017-10-14 04:52:20;0;1
2017-10-14 04:53:29;0;1
2017-10-14 04:54:38;0;1
2017-10-14 04:55:47;0;1
2017-10-14 04:56:56;0;1
2017-10-14 04:58:04;0;1
2017-10-14 04:59:13;0;1
2017-10-14 05:00:22;0;1
2017-10-14 05:01:31;0;1
2017-10-14 05:02:40;0;1
2017-10-14 05:03:49;0;1
2017-10-14 05:04:58;0;1
2017-10-14 05:06:07;0;1
2017-10-14 05:07:16;0;1
2017-10-14 05:08:25;0;1
2017-10-14 05:09:34;0;1
2017-10-14 05:10:43;0;1
2017-10-14 05:11:52;0;1
2017-10-14 05:13:01;0;1
2017-10-14 05:14:10;0;1
2017-10-14 05:15:19;0;1
2017-10-14 05:16:28;0;1
2017-10-14 05:17:37;0;1
2017-10-14 05:18:46;0;1
2017-10-14 05:19:55;0;1
2017-10-14 05:21:04;0;1
2017-10-14 05:22:13;0;1
2017-10-14 05:23:22;0;1
2017-10-14 05:24:31;0;1
2017-10-14 05:25:40;0;1
2017-10-14 05:26:49;0;1
2017-10-14 05:27:58;0;1
2017-10-14 05:29:07;0;1
2017-10-14 05:30:16;0;1
2017-10-14 05:31:25;0;1
2017-10-14 05:32:34;0;1
2017-10-14 05:33:43;0;1
2017-10-14 05:34:52;0;1
2017-10-14 05:36:01;0;1
2017-10-14 05:37:10;0;1
2017-10-14 05:38:19;0;1
2017-10-14 05:39:28;0;1
2017-10-14 05:40:37;0;1
2017-10-14 05:41:46;0;1
2017-10-14 05:42:55;0;1
2017-10-14 05:44:04;0;1
2017-10-14 05:45:13;0;1
2017-10-14 05:46:22;0;1
2017-10-14 05:47:31;0;1
2017-10-14 05:48:40;0;1
2017-10-14 05:49:49;0;1
2017-10-14 05:50:58;0;1
2017-10-14 05:52:07;0;1
2017-10-14 05:53:16;0;1
2017-10-14 05:54:25;0;1
2017-10-14 05:55:34;0;1
2017-10-14 05:56:43;0;1
2017-10-14 05:57:52;0;1
2017-10-14 05:59:01;0;1
2017-10-14 06:00:10;0;1
2017-10-14 06:01:19;0;1
2017-10-14 06:02:28;0;1
2017-10-14 06:03:37;0;1
2017-10-14 06:04:46;0;1
2017-10-14 06:05:55;730.445;1
2017-10-14 06:07:04;782.631;1
2017-10-14 06:08:13;782.699;1
2017-10-14 06:09:22;782.677;1
2017-10-14 06:10:31;834.843;1
2017-10-14 06:11:40;782.631;1
2017-10-14 06:12:49;782.643;1
2017-10-14 06:13:58;782.654;1
2017-10-14 06:15:07;834.819;1
2017-10-14 06:16:16;782.586;1
2017-10-14 06:17:25;782.654;1
2017-10-14 06:18:34;834.843;1
2017-10-14 06:19:43;782.575;1
2017-10-14 06:20:52;782.609;1
2017-10-14 06:22:01;834.807;1
2017-10-14 06:23:10;782.575;1
2017-10-14 06:24:19;782.722;1
2017-10-14 06:25:28;782.529;1
2017-10-14 06:26:37;782.597;1
2017-10-14 06:27:46;782.711;1
2017-10-14 06:28:55;782.563;1
2017-10-14 06:30:04;782.665;1
2017-10-14 06:31:13;782.541;1
2017-10-14 06:32:22;834.746;1
2017-10-14 06:33:31;782.62;1
2017-10-14 06:34:40;782.541;1
2017-10-14 06:35:49;782.597;1
2017-10-14 06:36:58;782.62;1
2017-10-14 06:38:07;782.631;1
2017-10-14 06:39:16;782.597;1
2017-10-14 06:40:25;782.586;1
2017-10-14 06:41:34;782.597;1
2017-10-14 06:42:43;782.699;1
2017-10-14 06:43:52;834.795;1
2017-10-14 06:45:01;782.62;1
2017-10-14 06:46:10;782.552;1
2017-10-14 06:47:19;782.631;1
2017-10-14 06:48:28;782.541;1
2017-10-14 06:49:37;782.586;1
2017-10-14 06:50:46;782.699;1
2017-10-14 06:51:55;834.722;1
2017-10-14 06:53:04;782.563;1
2017-10-14 06:54:13;782.609;1
2017-10-14 06:55:22;782.631;1
2017-10-14 06:56:31;782.586;1
2017-10-14 06:57:40;782.586;1
2017-10-14 06:58:49;626.132;1
2017-10-14 06:59:58;730.403;1
2017-10-14 07:01:07;678.281;1
2017-10-14 07:02:16;678.251;1
2017-10-14 07:03:25;678.29;1
2017-10-14 07:04:34;678.192;1
2017-10-14 07:05:43;678.3;1
2017-10-14 07:06:52;678.281;1
2017-10-14 07:08:01;678.261;1
2017-10-14 07:09:10;678.231;1
2017-10-14 07:10:19;678.29;1
2017-10-14 07:11:28;678.241;1
2017-10-14 07:12:37;678.202;1
2017-10-14 07:13:46;678.281;1
2017-10-14 07:14:55;626.087;1
2017-10-14 07:16:04;678.241;1
2017-10-14 07:17:13;678.231;1
2017-10-14 07:18:22;678.271;1
2017-10-14 07:19:31;678.3;1
2017-10-14 07:20:40;678.212;1
2017-10-14 07:21:49;678.281;1
2017-10-14 07:22:58;678.3;1
2017-10-14 07:24:07;678.172;1
2017-10-14 07:25:16;678.29;1
2017-10-14 07:26:25;678.281;1
2017-10-14 07:27:34;678.29;1
2017-10-14 07:28:43;626.023;1
2017-10-14 07:29:52;678.33;1
2017-10-14 07:31:01;678.182;1
2017-10-14 07:32:10;678.251;1
2017-10-14 07:33:19;678.33;1
2017-10-14 07:34:28;678.3;1
2017-10-14 07:35:37;678.212;1
2017-10-14 07:36:46;678.261;1
2017-10-14 07:37:55;626.078;1
2017-10-14 07:39:04;730.509;1
2017-10-14 07:40:13;626.096;1
2017-10-14 07:41:22;678.31;1
2017-10-14 07:42:31;678.231;1
2017-10-14 07:43:40;678.251;1
2017-10-14 07:44:49;678.251;1
2017-10-14 07:45:58;678.379;1
2017-10-14 07:47:07;678.182;1
2017-10-14 07:48:16;678.222;1
2017-10-14 07:49:25;730.467;1
2017-10-14 07:50:34;678.29;1
2017-10-14 07:51:43;678.271;1
2017-10-14 07:52:52;730.424;1
2017-10-14 07:54:01;678.32;1
2017-10-14 07:55:10;730.361;1
2017-10-14 07:56:19;626.096;1
2017-10-14 07:57:28;573.888;1
2017-10-14 07:58:37;626.078;1
2017-10-14 07:59:46;521.754;1
2017-10-14 08:00:55;521.686;1
2017-10-14 08:02:04;469.572;1
2017-10-14 08:03:13;469.592;1
2017-10-14 08:04:22;417.367;1
2017-10-14 08:05:31;469.552;1
2017-10-14 08:06:40;521.747;1
2017-10-14 08:07:49;573.896;1
2017-10-14 08:08:58;573.946;1
2017-10-14 08:10:07;573.888;1
2017-10-14 08:11:16;573.938;1
2017-10-14 08:12:25;573.888;1
2017-10-14 08:13:34;521.724;1
2017-10-14 08:14:43;521.792;1
2017-10-14 08:15:52;521.716;1
2017-10-14 08:17:01;469.572;1
2017-10-14 08:18:10;469.586;1
2017-10-14 08:19:19;417.379;1
2017-10-14 08:20:28;417.367;1
2017-10-14 08:21:37;313.048;1
2017-10-14 08:22:46;260.847;1
2017-10-14 08:23:55;208.699;1
2017-10-14 08:25:04;208.702;1
2017-10-14 08:26:13;208.714;1
2017-10-14 08:27:22;208.693;1
2017-10-14 08:28:31;313.048;1
2017-10-14 08:29:40;260.862;1
2017-10-14 08:30:49;260.839;1
2017-10-14 08:31:58;208.702;1
2017-10-14 08:33:07;156.526;1
2017-10-14 08:34:16;104.346;1
2017-10-14 08:35:25;0;1
2017-10-14 08:36:34;52.174;1
2017-10-14 08:37:43;0;1
2017-10-14 08:38:52;0;1
2017-10-14 08:40:01;0;1
2017-10-14 08:41:10;0;1
2017-10-14 08:42:19;0;1
2017-10-14 08:43:28;0;1
2017-10-14 08:44:37;0;1
2017-10-14 08:45:46;156.517;1
2017-10-14 08:46:55;2765.057;1
2017-10-14 08:48:04;1930.715;1
2017-10-14 08:49:13;678.261;1
2017-10-14 08:50:22;730.445;1
2017-10-14 08:51:31;730.35;1
2017-10-14 08:52:40;365.281;1
2017-10-14 08:53:49;312.998;1
2017-10-14 08:54:58;260.881;1
2017-10-14 08:56:07;260.866;1
2017-10-14 08:57:16;156.526;1
2017-10-14 08:58:25;156.517;1
2017-10-14 08:59:34;208.702;1
2017-10-14 09:00:43;208.678;1
2017-10-14 09:01:52;104.351;1
2017-10-14 09:03:01;0;1
2017-10-14 09:04:10;0;1
2017-10-14 09:05:19;52.176;1
2017-10-14 09:06:28;52.169;1
2017-10-14 09:07:37;0;1
2017-10-14 09:08:46;0;1
2017-10-14 09:09:55;0;1
2017-10-14 09:11:04;0;1
2017-10-14 09:12:13;0;1
2017-10-14 09:13:22;0;1
2017-10-14 09:14:31;0;1
2017-10-14 09:15:40;0;1
2017-10-14 09:16:49;0;1
2017-10-14 09:17:58;0;1
2017-10-14 09:19:07;0;1
2017-10-14 09:20:16;0;1
2017-10-14 09:21:25;0;1
2017-10-14 09:22:34;0;1
2017-10-14 09:23:43;0;1
2017-10-14 09:24:52;0;1
2017-10-14 09:26:01;0;1
2017-10-14 09:27:10;0;1
2017-10-14 09:28:19;0;1
2017-10-14 09:29:28;0;1
2017-10-14 09:30:37;0;1
2017-10-14 09:31:46;0;1
2017-10-14 09:32:55;0;1
2017-10-14 09:34:04;0;1
2017-10-14 09:35:13;0;1
2017-10-14 09:36:22;0;1
2017-10-14 09:37:31;0;1
2017-10-14 09:38:40;0;1
2017-10-14 09:39:49;0;1
2017-10-14 09:40:58;0;1
2017-10-14 09:42:07;0;1
2017-10-14 09:43:16;0;1
2017-10-14 09:44:25;0;1
2017-10-14 09:45:34;0;1
2017-10-14 09:46:43;0;1
2017-10-14 09:47:52;0;1
2017-10-14 09:49:01;0;1
2017-10-14 09:50:10;0;1
2017-10-14 09:51:19;0;1
2017-10-14 09:52:28;0;1
2017-10-14 09:53:37;0;1
2017-10-14 09:54:46;0;1
2017-10-14 09:55:55;0;1
2017-10-14 09:57:04;0;1
2017-10-14 09:58:13;0;1
2017-10-14 09:59:22;0;1
2017-10-14 10:00:31;0;1
2017-10-14 10:01:40;0;1
2017-10-14 10:02:49;0;1
2017-10-14 10:03:58;0;1
2017-10-14 10:05:07;0;1
2017-10-14 10:06:16;0;1
2017-10-14 10:07:25;0;1
2017-10-14 10:08:34;0;1
2017-10-14 10:09:43;0;1
2017-10-14 10:10:52;0;1
2017-10-14 10:12:01;0;1
2017-10-14 10:13:10;0;1
2017-10-14 10:14:19;0;1
2017-10-14 10:15:28;0;1
2017-10-14 10:16:37;0;1
2017-10-14 10:17:46;0;1
2017-10-14 10:18:55;0;1
2017-10-14 10:20:04;0;1
2017-10-14 10:21:13;0;1
2017-10-14 10:22:22;0;1
2017-10-14 10:23:31;0;1
2017-10-14 10:24:40;0;1
2017-10-14 10:25:49;0;1
2017-10-14 10:26:58;0;1
2017-10-14 10:28:07;0;1
2017-10-14 10:29:16;0;1
2017-10-14 10:30:25;0;1
2017-10-14 10:31:34;0;1
2017-10-14 10:32:43;0;1
2017-10-14 10:33:52;0;1
2017-10-14 10:35:01;0;1
2017-10-14 10:36:10;0;1
2017-10-14 10:37:19;0;1
2017-10-14 10:38:28;0;1
2017-10-14 10:39:37;0;1
2017-10-14 10:40:46;0;1
2017-10-14 10:41:55;0;1
2017-10-14 10:43:04;0;1
2017-10-14 10:44:13;0;1
2017-10-14 10:45:22;0;1
2017-10-14 10:46:31;0;1
2017-10-14 10:47:40;0;1
2017-10-14 10:48:49;0;1
2017-10-14 10:49:58;0;1
2017-10-14 10:51:07;0;1
2017-10-14 10:52:16;0;1
2017-10-14 10:53:25;0;1
2017-10-14 10:54:34;0;1
2017-10-14 10:55:43;0;1
2017-10-14 10:56:52;0;1
2017-10-14 10:58:01;0;1
2017-10-14 10:59:10;0;1
2017-10-14 11:00:19;0;1
2017-10-14 11:01:28;0;1
2017-10-14 11:02:37;0;1
2017-10-14 11:03:46;0;1
2017-10-14 11:04:55;0;1
2017-10-14 11:06:04;0;1
2017-10-14 11:07:13;0;1
2017-10-14 11:08:22;0;1
2017-10-14 11:09:31;0;1
2017-10-14 11:10:40;0;1
2017-10-14 11:11:49;0;1
2017-10-14 11:12:58;0;1
2017-10-14 11:14:07;0;1
2017-10-14 11:15:16;0;1
2017-10-14 11:16:25;0;1
2017-10-14 11:17:34;0;1
2017-10-14 11:18:43;0;1
2017-10-14 11:19:52;0;1
2017-10-14 11:21:01;0;1
2017-10-14 11:22:10;0;1
2017-10-14 11:23:19;0;1
2017-10-14 11:24:28;0;1
2017-10-14 11:25:37;0;1
2017-10-14 11:26:46;0;1
2017-10-14 11:27:55;0;1
2017-10-14 11:29:04;0;1
2017-10-14 11:30:13;0;1
2017-10-14 11:31:22;0;1
2017-10-14 11:32:31;0;1
2017-10-14 11:33:40;0;1
2017-10-14 11:34:49;0;1
2017-10-14 11:35:58;0;1
2017-10-14 11:37:07;0;1
2017-10-14 11:38:16;0;1
2017-10-14 11:39:25;0;1
2017-10-14 11:40:34;0;1
2017-10-14 11:41:43;0;1
2017-10-14 11:42:52;0;1
2017-10-14 11:44:01;0;1
2017-10-14 11:45:10;0;1
2017-10-14 11:46:19;0;1
2017-10-14 11:47:28;0;1
2017-10-14 11:48:37;0;1
2017-10-14 11:49:46;0;1
2017-10-14 11:50:55;0;1
2017-10-14 11:52:04;0;1
2017-10-14 11:53:13;0;1
2017-10-14 11:54:22;0;1
2017-10-14 11:55:31;0;1
2017-10-14 11:56:40;0;1
2017-10-14 11:57:49;0;1
2017-10-14 11:58:58;0;1
2017-10-14 12:00:07;0;1
2017-10-14 12:01:16;0;1
2017-10-14 12:02:25;0;1
2017-10-14 12:03:34;0;1
2017-10-14 12:04:43;0;1
2017-10-14 12:05:52;0;1
2017-10-14 12:07:01;0;1
2017-10-14 12:08:10;0;1
2017-10-14 12:09:19;0;1
2017-10-14 12:10:28;0;1
2017-10-14 12:11:37;0;1
2017-10-14 12:12:46;0;1
2017-10-14 12:13:55;0;1
2017-10-14 12:15:04;0;1
2017-10-14 12:16:13;0;1
2017-10-14 12:17:22;0;1
2017-10-14 12:18:31;0;1
2017-10-14 12:19:40;0;1
2017-10-14 12:20:49;0;1
2017-10-14 12:21:58;0;1
2017-10-14 12:23:07;0;1
2017-10-14 12:24:16;0;1
2017-10-14 12:25:25;0;1
2017-10-14 12:26:34;0;1
2017-10-14 12:27:43;0;1
2017-10-14 12:28:52;0;1
2017-10-14 12:30:01;0;1
2017-10-14 12:31:10;0;1
2017-10-14 12:32:19;0;1
2017-10-14 12:33:28;0;1
2017-10-14 12:34:37;156.531;1
2017-10-14 12:35:46;208.708;1
2017-10-14 12:36:55;0;1
2017-10-14 12:38:04;0;1
2017-10-14 12:39:13;0;1
2017-10-14 12:40:22;0;1
2017-10-14 12:41:31;0;1
2017-10-14 12:42:40;0;1
2017-10-14 12:43:49;0;1
2017-10-14 12:44:58;0;1
2017-10-14 12:46:07;0;1
2017-10-14 12:47:16;0;1
2017-10-14 12:48:25;0;1
2017-10-14 12:49:34;0;1
2017-10-14 12:50:43;0;1
2017-10-14 12:51:52;0;1
2017-10-14 12:53:01;0;1
2017-10-14 12:54:10;0;1
2017-10-14 12:55:19;0;1
2017-10-14 12:56:28;0;1
2017-10-14 12:57:37;0;1
2017-10-14 12:58:46;0;1
2017-10-14 12:59:55;0;1
2017-10-14 13:01:04;0;1
2017-10-14 13:02:13;0;1
2017-10-14 13:03:22;0;1
2017-10-14 13:04:31;0;1
2017-10-14 13:05:40;0;1
2017-10-14 13:06:49;0;1
2017-10-14 13:07:58;0;1
2017-10-14 13:09:07;0;1
2017-10-14 13:10:16;0;1
2017-10-14 13:11:25;0;1
2017-10-14 13:12:34;0;1
2017-10-14 13:13:43;0;1
2017-10-14 13:14:52;0;1
2017-10-14 13:16:01;0;1
2017-10-14 13:17:10;0;1
2017-10-14 13:18:19;0;1
2017-10-14 13:19:28;0;1
2017-10-14 13:20:37;0;1
2017-10-14 13:21:46;0;1
2017-10-14 13:22:55;0;1
2017-10-14 13:24:04;0;1
2017-10-14 13:25:13;0;1
2017-10-14 13:26:22;0;1
2017-10-14 13:27:31;0;1
2017-10-14 13:28:40;0;1
2017-10-14 13:29:49;0;1
2017-10-14 13:30:58;0;1
2017-10-14 13:32:07;0;1
2017-10-14 13:33:16;0;1
2017-10-14 13:34:25;0;1
2017-10-14 13:35:34;0;1
2017-10-14 13:36:43;0;1
2017-10-14 13:37:52;0;1
2017-10-14 13:39:01;0;1
2017-10-14 13:40:10;0;1
2017-10-14 13:41:19;0;1
2017-10-14 13:42:28;0;1
2017-10-14 13:43:37;0;1
2017-10-14 13:44:46;0;1
2017-10-14 13:45:55;0;1
2017-10-14 13:47:04;0;1
2017-10-14 13:48:13;0;1
2017-10-14 13:49:22;0;1
2017-10-14 13:50:31;0;1
2017-10-14 13:51:40;0;1
2017-10-14 13:52:49;0;1
2017-10-14 13:53:58;0;1
2017-10-14 13:55:07;0;1
2017-10-14 13:56:16;0;1
2017-10-14 13:57:25;0;1
2017-10-14 13:58:34;0;1
2017-10-14 13:59:43;0;1
2017-10-14 14:00:52;0;1
2017-10-14 14:02:01;0;1
2017-10-14 14:03:10;0;1
2017-10-14 14:04:19;0;1
2017-10-14 14:05:28;0;1
2017-10-14 14:06:37;0;1
2017-10-14 14:07:46;0;1
2017-10-14 14:08:55;0;1
2017-10-14 14:10:04;0;1
2017-10-14 14:11:13;0;1
2017-10-14 14:12:22;0;1
2017-10-14 14:13:31;0;1
2017-10-14 14:14:40;0;1
2017-10-14 14:15:49;0;1
2017-10-14 14:16:58;0;1
2017-10-14 14:18:07;0;1
2017-10-14 14:19:16;0;1
2017-10-14 14:20:25;0;1
2017-10-14 14:21:34;0;1
2017-10-14 14:22:43;0;1
2017-10-14 14:23:52;0;1
2017-10-14 14:25:01;0;1
2017-10-14 14:26:10;0;1
2017-10-14 14:27:19;0;1
2017-10-14 14:28:28;0;1
2017-10-14 14:29:37;0;1
2017-10-14 14:30:46;0;1
2017-10-14 14:31:55;0;1
2017-10-14 14:33:04;0;1
2017-10-14 14:34:13;0;1
2017-10-14 14:35:22;0;1
2017-10-14 14:36:31;0;1
2017-10-14 14:37:40;0;1
2017-10-14 14:38:49;0;1
2017-10-14 14:39:58;0;1
2017-10-14 14:41:07;0;1
2017-10-14 14:42:16;0;1
2017-10-14 14:43:25;0;1
2017-10-14 14:44:34;0;1
2017-10-14 14:45:43;0;1
2017-10-14 14:46:52;0;1
2017-10-14 14:48:01;0;1
2017-10-14 14:49:10;0;1
2017-10-14 14:50:19;0;1
2017-10-14 14:51:28;0;1
2017-10-14 14:52:37;0;1
2017-10-14 14:53:46;0;1
2017-10-14 14:54:55;0;1
2017-10-14 14:56:04;0;1
2017-10-14 14:57:13;0;1
2017-10-14 14:58:22;0;1
2017-10-14 14:59:31;0;1
2017-10-14 15:00:40;0;1
2017-10-14 15:01:49;0;1
2017-10-14 15:02:58;0;1
2017-10-14 15:04:07;0;1
2017-10-14 15:05:16;0;1
2017-10-14 15:06:25;0;1
2017-10-14 15:07:34;0;1
2017-10-14 15:08:43;0;1
2017-10-14 15:09:52;0;1
2017-10-14 15:11:01;0;1
2017-10-14 15:12:10;0;1
2017-10-14 15:13:19;0;1
2017-10-14 15:14:28;0;1
2017-10-14 15:15:37;0;1
2017-10-14 15:16:46;0;1
2017-10-14 15:17:55;0;1
2017-10-14 15:19:04;0;1
2017-10-14 15:20:13;0;1
2017-10-14 15:21:22;0;1
2017-10-14 15:22:31;0;1
2017-10-14 15:23:40;0;1
2017-10-14 15:24:49;0;1
2017-10-14 15:25:58;0;1
2017-10-14 15:27:07;0;1
2017-10-14 15:28:16;0;1
2017-10-14 15:29:25;0;1
2017-10-14 15:30:34;0;1
2017-10-14 15:31:43;0;1
2017-10-14 15:32:52;0;1
2017-10-14 15:34:01;0;1
2017-10-14 15:35:10;0;1
2017-10-14 15:36:19;0;1
2017-10-14 15:37:28;0;1
2017-10-14 15:38:37;0;1
2017-10-14 15:39:46;0;1
2017-10-14 15:40:55;0;1
2017-10-14 15:42:04;0;1
2017-10-14 15:43:13;0;1
2017-10-14 15:44:22;0;1
2017-10-14 15:45:31;0;1
2017-10-14 15:46:40;0;1
2017-10-14 15:47:49;0;1
2017-10-14 15:48:58;0;1
2017-10-14 15:50:07;0;1
2017-10-14 15:51:16;0;1
2017-10-14 15:52:25;0;1
2017-10-14 15:53:34;0;1
2017-10-14 15:54:43;0;1
2017-10-14 15:55:52;0;1
2017-10-14 15:57:01;0;1
2017-10-14 15:58:10;0;1
2017-10-14 15:59:19;0;1
2017-10-14 16:00:28;0;1
2017-10-14 16:01:37;0;1
2017-10-14 16:02:46;0;1
2017-10-14 16:03:55;0;1
2017-10-14 16:05:04;0;1
2017-10-14 16:06:13;0;1
2017-10-14 16:07:22;0;1
2017-10-14 16:08:31;0;1
2017-10-14 16:09:40;0;1
2017-10-14 16:10:49;0;1
2017-10-14 16:11:58;0;1
2017-10-14 16:13:07;0;1
2017-10-14 16:14:16;0;1
2017-10-14 16:15:25;0;1
2017-10-14 16:16:34;0;1
2017-10-14 16:17:43;0;1
2017-10-14 16:18:52;0;1
2017-10-14 16:20:01;0;1
2017-10-14 16:21:10;0;1
2017-10-14 16:22:19;0;1
2017-10-14 16:23:28;0;1
2017-10-14 16:24:37;0;1
2017-10-14 16:25:46;0;1
2017-10-14 16:26:55;0;1
2017-10-14 16:28:04;0;1
2017-10-14 16:29:13;0;1
2017-10-14 16:30:22;0;1
2017-10-14 16:31:31;0;1
2017-10-14 16:32:40;0;1
2017-10-14 16:33:49;0;1
2017-10-14 16:34:58;0;1
2017-10-14 16:36:07;0;1
2017-10-14 16:37:16;0;1
2017-10-14 16:38:25;0;1
2017-10-14 16:39:34;0;1
2017-10-14 16:40:43;0;1
2017-10-14 16:41:52;0;1
2017-10-14 16:43:01;0;1
2017-10-14 16:44:10;0;1
2017-10-14 16:45:19;0;1
2017-10-14 16:46:28;0;1
2017-10-14 16:47:37;0;1
2017-10-14 16:48:46;0;1
2017-10-14 16:49:55;0;1
2017-10-14 16:51:04;0;1
2017-10-14 16:52:13;0;1
2017-10-14 16:53:22;0;1
2017-10-14 16:54:31;0;1
2017-10-14 16:55:40;0;1
2017-10-14 16:56:49;0;1
2017-10-14 16:57:58;0;1
2017-10-14 16:59:07;0;1
2017-10-14 17:00:16;0;1
2017-10-14 17:01:25;0;1
2017-10-14 17:02:34;0;1
2017-10-14 17:03:43;0;1
2017-10-14 17:04:52;0;1
2017-10-14 17:06:01;0;1
2017-10-14 17:07:10;0;1
2017-10-14 17:08:19;0;1
2017-10-14 17:09:28;0;1
2017-10-14 17:10:37;0;1
2017-10-14 17:11:46;0;1
2017-10-14 17:12:55;0;1
2017-10-14 17:14:04;0;1
2017-10-14 17:15:13;0;1
2017-10-14 17:16:22;0;1
2017-10-14 17:17:31;0;1
2017-10-14 17:18:40;0;1
2017-10-14 17:19:49;0;1
2017-10-14 17:20:58;0;1
2017-10-14 17:22:07;0;1
2017-10-14 17:23:16;0;1
2017-10-14 17:24:25;0;1
2017-10-14 17:25:34;0;1
2017-10-14 17:26:43;0;1
2017-10-14 17:27:52;0;1
2017-10-14 17:29:01;0;1
2017-10-14 17:30:10;0;1
2017-10-14 17:31:19;0;1
2017-10-14 17:32:28;0;1
2017-10-14 17:33:37;0;1
2017-10-14 17:34:46;0;1
2017-10-14 17:35:55;0;1
2017-10-14 17:37:03;0;1
2017-10-14 17:38:12;0;1
2017-10-14 17:39:21;0;1
2017-10-14 17:40:30;0;1
2017-10-14 17:41:39;0;1
2017-10-14 17:42:48;0;1
2017-10-14 17:43:57;0;1
2017-10-14 17:45:06;0;1
2017-10-14 17:46:15;0;1
2017-10-14 17:47:24;0;1
2017-10-14 17:48:33;0;1
2017-10-14 17:49:42;0;1
2017-10-14 17:50:51;0;1
2017-10-14 17:52:00;0;1
2017-10-14 17:53:09;0;1
2017-10-14 17:54:18;0;1
2017-10-14 17:55:27;0;1
2017-10-14 17:56:36;0;1
2017-10-14 17:57:45;0;1
2017-10-14 17:58:54;0;1
2017-10-14 18:00:03;0;1
2017-10-14 18:01:12;0;1
2017-10-14 18:02:21;0;1
2017-10-14 18:03:30;0;1
2017-10-14 18:04:39;0;1
2017-10-14 18:05:48;0;1
2017-10-14 18:06:57;0;1
2017-10-14 18:08:06;0;1
2017-10-14 18:09:15;0;1
2017-10-14 18:10:24;0;1
2017-10-14 18:11:33;0;1
2017-10-14 18:12:42;0;1
2017-10-14 18:13:51;0;1
2017-10-14 18:15:00;0;1
2017-10-14 18:16:09;0;1
2017-10-14 18:17:18;0;1
2017-10-14 18:18:27;0;1
2017-10-14 18:19:36;0;1
2017-10-14 18:20:45;0;1
2017-10-14 18:21:54;0;1
2017-10-14 18:23:03;0;1
2017-10-14 18:24:12;0;1
2017-10-14 18:25:21;0;1
2017-10-14 18:26:30;0;1
2017-10-14 18:27:39;0;1
2017-10-14 18:28:48;0;1
2017-10-14 18:29:57;0;1
2017-10-14 18:31:06;0;1
2017-10-14 18:32:15;0;1
2017-10-14 18:33:24;0;1
2017-10-14 18:34:33;0;1
2017-10-14 18:35:42;0;1
2017-10-14 18:36:51;0;1
2017-10-14 18:38:00;0;1
2017-10-14 18:39:09;0;1
2017-10-14 18:40:18;0;1
2017-10-14 18:41:27;0;1
2017-10-14 18:42:36;0;1
2017-10-14 18:43:45;0;1
2017-10-14 18:44:54;0;1
2017-10-14 18:46:03;0;1
2017-10-14 18:47:12;0;1
2017-10-14 18:48:21;0;1
2017-10-14 18:49:30;0;1
2017-10-14 18:50:39;0;1
2017-10-14 18:51:48;0;1
2017-10-14 18:52:57;0;1
2017-10-14 18:54:06;0;1
2017-10-14 18:55:15;0;1
2017-10-14 18:56:24;0;1
2017-10-14 18:57:33;0;1
2017-10-14 18:58:42;0;1
2017-10-14 18:59:51;0;1
2017-10-14 19:01:00;0;1
2017-10-14 19:02:09;0;1
2017-10-14 19:03:18;0;1
2017-10-14 19:04:27;0;1
2017-10-14 19:05:36;0;1
2017-10-14 19:06:45;0;1
2017-10-14 19:07:54;0;1
2017-10-14 19:09:03;0;1
2017-10-14 19:10:12;0;1
2017-10-14 19:11:21;0;1
2017-10-14 19:12:30;0;1
2017-10-14 19:13:39;0;1
2017-10-14 19:14:48;0;1
2017-10-14 19:15:57;0;1
2017-10-14 19:17:06;0;1
2017-10-14 19:18:15;0;1
2017-10-14 19:19:24;0;1
2017-10-14 19:20:33;0;1
2017-10-14 19:21:42;0;1
2017-10-14 19:22:51;0;1
2017-10-14 19:24:00;0;1
2017-10-14 19:25:09;0;1
2017-10-14 19:26:18;0;1
2017-10-14 19:27:27;0;1
2017-10-14 19:28:36;0;1
2017-10-14 19:29:45;0;1
2017-10-14 19:30:54;0;1
2017-10-14 19:32:03;0;1
2017-10-14 19:33:12;0;1
2017-10-14 19:34:21;0;1
2017-10-14 19:35:30;0;1
2017-10-14 19:36:39;0;1
2017-10-14 19:37:48;0;1
2017-10-14 19:38:57;0;1
2017-10-14 19:40:06;0;1
2017-10-14 19:41:15;0;1
2017-10-14 19:42:24;0;1
2017-10-14 19:43:33;0;1
2017-10-14 19:44:42;0;1
2017-10-14 19:45:51;0;1
2017-10-14 19:47:00;0;1
2017-10-14 19:48:09;0;1
2017-10-14 19:49:18;0;1
2017-10-14 19:50:27;0;1
2017-10-14 19:51:36;0;1
2017-10-14 19:52:45;0;1
2017-10-14 19:53:54;0;1
2017-10-14 19:55:03;0;1
2017-10-14 19:56:12;0;1
2017-10-14 19:57:21;0;1
2017-10-14 19:58:30;0;1
2017-10-14 19:59:39;0;1
2017-10-14 20:00:48;0;1
2017-10-14 20:01:57;0;1
2017-10-14 20:03:06;0;1
2017-10-14 20:04:15;0;1
2017-10-14 20:05:24;0;1
2017-10-14 20:06:33;0;1
2017-10-14 20:07:42;0;1
2017-10-14 20:08:51;0;1
2017-10-14 20:10:00;0;1
2017-10-14 20:11:09;0;1
2017-10-14 20:12:18;0;1
2017-10-14 20:13:27;0;1
2017-10-14 20:14:36;0;1
2017-10-14 20:15:45;0;1
2017-10-14 20:16:54;0;1
2017-10-14 20:18:03;0;1
2017-10-14 20:19:12;0;1
2017-10-14 20:20:21;0;1
2017-10-14 20:21:30;0;1
2017-10-14 20:22:39;0;1
2017-10-14 20:23:48;0;1
2017-10-14 20:24:57;0;1
2017-10-14 20:26:06;0;1
2017-10-14 20:27:15;0;1
2017-10-14 20:28:24;0;1
2017-10-14 20:29:33;0;1
2017-10-14 20:30:42;0;1
2017-10-14 20:31:51;0;1
2017-10-14 20:33:00;0;1
2017-10-14 20:34:09;0;1
2017-10-14 20:35:18;0;1
2017-10-14 20:36:27;0;1
2017-10-14 20:37:36;0;1
2017-10-14 20:38:45;0;1
2017-10-14 20:39:54;0;1
2017-10-14 20:41:03;0;1
2017-10-14 20:42:12;0;1
2017-10-14 20:43:21;0;1
2017-10-14 20:44:30;0;1
2017-10-14 20:45:39;0;1
2017-10-14 20:46:48;0;1
2017-10-14 20:47:57;0;1
2017-10-14 20:49:06;0;1
2017-10-14 20:50:15;0;1
2017-10-14 20:51:24;0;1
2017-10-14 20:52:33;0;1
2017-10-14 20:53:42;0;1
2017-10-14 20:54:51;0;1
2017-10-14 20:56:00;0;1
2017-10-14 20:57:09;0;1
2017-10-14 20:58:18;0;1
2017-10-14 20:59:27;0;1
2017-10-14 21:00:36;0;1
2017-10-14 21:01:45;0;1
2017-10-14 21:02:54;0;1
2017-10-14 21:04:03;0;1
2017-10-14 21:05:12;0;1
2017-10-14 21:06:21;0;1
2017-10-14 21:07:30;0;1
2017-10-14 21:08:39;0;1
2017-10-14 21:09:48;0;1
2017-10-14 21:10:57;0;1
2017-10-14 21:12:06;0;1
2017-10-14 21:13:15;0;1
2017-10-14 21:14:24;0;1
2017-10-14 21:15:33;0;1
2017-10-14 21:16:42;0;1
2017-10-14 21:17:51;0;1
2017-10-14 21:19:00;0;1
2017-10-14 21:20:09;0;1
2017-10-14 21:21:18;0;1
2017-10-14 21:22:27;0;1
2017-10-14 21:23:36;0;1
2017-10-14 21:24:45;0;1
2017-10-14 21:25:54;0;1
2017-10-14 21:27:03;0;1
2017-10-14 21:28:12;0;1
2017-10-14 21:29:21;0;1
2017-10-14 21:30:30;0;1
2017-10-14 21:31:39;0;1
2017-10-14 21:32:48;0;1
2017-10-14 21:33:57;0;1
2017-10-14 21:35:06;0;1
2017-10-14 21:36:15;0;1
2017-10-14 21:37:24;0;1
2017-10-14 21:38:33;0;1
2017-10-14 21:39:42;0;1
2017-10-14 21:40:51;0;1
2017-10-14 21:42:00;0;1
2017-10-14 21:43:09;0;1
2017-10-14 21:44:18;0;1
2017-10-14 21:45:27;0;1
2017-10-14 21:46:36;0;1
2017-10-14 21:47:45;0;1
2017-10-14 21:48:54;0;1
2017-10-14 21:50:03;0;1
2017-10-14 21:51:12;0;1
2017-10-14 21:52:21;0;1
2017-10-14 21:53:30;0;1
2017-10-14 21:54:39;0;1
2017-10-14 21:55:48;0;1
2017-10-14 21:56:57;0;1
2017-10-14 21:58:06;0;1
2017-10-14 21:59:15;0;1
2017-10-14 22:00:24;0;1
2017-10-14 22:01:33;0;1
2017-10-14 22:02:42;0;1
2017-10-14 22:03:51;0;1
2017-10-14 22:05:00;0;1
2017-10-14 22:06:09;0;1
2017-10-14 22:07:18;0;1
2017-10-14 22:08:27;0;1
2017-10-14 22:09:36;0;1
2017-10-14 22:10:45;0;1
2017-10-14 22:11:54;0;1
2017-10-14 22:13:03;0;1
2017-10-14 22:14:12;0;1
2017-10-14 22:15:21;0;1
2017-10-14 22:16:30;0;1
2017-10-14 22:17:39;0;1
2017-10-14 22:18:48;0;1
2017-10-14 22:19:57;0;1
2017-10-14 22:21:06;0;1
2017-10-14 22:22:15;0;1
2017-10-14 22:23:24;0;1
2017-10-14 22:24:33;0;1
2017-10-14 22:25:42;0;1
2017-10-14 22:26:51;0;1
2017-10-14 22:28:00;0;1
2017-10-14 22:29:09;0;1
2017-10-14 22:30:18;0;1
2017-10-14 22:31:27;0;1
2017-10-14 22:32:36;0;1
2017-10-14 22:33:45;0;1
2017-10-14 22:34:54;0;1
2017-10-14 22:36:03;0;1
2017-10-14 22:37:12;0;1
2017-10-14 22:38:21;0;1
2017-10-14 22:39:30;0;1
2017-10-14 22:40:39;0;1
2017-10-14 22:41:48;0;1
2017-10-14 22:42:57;0;1
2017-10-14 22:44:06;0;1
2017-10-14 22:45:15;0;1
2017-10-14 22:46:24;0;1
2017-10-14 22:47:33;0;1
2017-10-14 22:48:42;0;1
2017-10-14 22:49:51;0;1
2017-10-14 22:51:00;0;1
2017-10-14 22:52:09;0;1
2017-10-14 22:53:18;0;1
2017-10-14 22:54:27;0;1
2017-10-14 22:55:36;0;1
2017-10-14 22:56:45;0;1
2017-10-14 22:57:54;0;1
2017-10-14 22:59:03;0;1
2017-10-14 23:00:12;0;1
2017-10-14 23:01:21;0;1
2017-10-14 23:02:30;0;1
2017-10-14 23:03:39;0;1
2017-10-14 23:04:48;0;1
2017-10-14 23:05:57;0;1
2017-10-14 23:07:06;0;1
2017-10-14 23:08:15;0;1
2017-10-14 23:09:24;0;1
2017-10-14 23:10:33;0;1
2017-10-14 23:11:42;0;1
2017-10-14 23:12:51;0;1
2017-10-14 23:14:00;0;1
2017-10-14 23:15:09;0;1
2017-10-14 23:16:18;0;1
2017-10-14 23:17:27;0;1
2017-10-14 23:18:36;0;1
2017-10-14 23:19:45;0;1
2017-10-14 23:20:54;0;1
2017-10-14 23:22:03;0;1
2017-10-14 23:23:12;0;1
2017-10-14 23:24:21;0;1
2017-10-14 23:25:30;0;1
2017-10-14 23:26:39;0;1
2017-10-14 23:27:48;0;1
2017-10-14 23:28:57;0;1
2017-10-14 23:30:06;0;1
2017-10-14 23:31:15;0;1
2017-10-14 23:32:24;0;1
2017-10-14 23:33:33;0;1
2017-10-14 23:34:42;0;1
2017-10-14 23:35:51;0;1
2017-10-14 23:37:00;0;1
2017-10-14 23:38:09;0;1
2017-10-14 23:39:18;0;1
2017-10-14 23:40:27;0;1
2017-10-14 23:41:36;0;1
2017-10-14 23:42:45;0;1
2017-10-14 23:43:54;0;1
2017-10-14 23:45:03;0;1
2017-10-14 23:46:12;0;1
2017-10-14 23:47:21;0;1
2017-10-14 23:48:30;0;1
2017-10-14 23:49:39;0;1
2017-10-14 23:50:48;0;1
2017-10-14 23:51:57;0;1
2017-10-14 23:53:06;0;1
2017-10-14 23:54:15;0;1
2017-10-14 23:55:24;0;1
2017-10-14 23:56:33;0;1
2017-10-14 23:57:42;0;1
2017-10-14 23:58:51;0;1
2017-10-15 00:00:00;0;1
2017-10-15 00:01:09;0;1
2017-10-15 00:02:18;0;1
2017-10-15 00:03:27;0;1
2017-10-15 00:04:36;0;1
2017-10-15 00:05:45;0;1
2017-10-15 00:06:54;0;1
2017-10-15 00:08:03;0;1
2017-10-15 00:09:12;0;1
2017-10-15 00:10:21;0;1
2017-10-15 00:11:30;0;1
2017-10-15 00:12:39;0;1
2017-10-15 00:13:48;0;1
2017-10-15 00:14:57;0;1
2017-10-15 00:16:06;0;1
2017-10-15 00:17:15;0;1
2017-10-15 00:18:24;0;1
2017-10-15 00:19:33;0;1
2017-10-15 00:20:42;0;1
2017-10-15 00:21:51;0;1
2017-10-15 00:23:00;0;1
2017-10-15 00:24:09;0;1
2017-10-15 00:25:18;0;1
2017-10-15 00:26:27;0;1
2017-10-15 00:27:36;0;1
2017-10-15 00:28:45;0;1
2017-10-15 00:29:54;0;1
2017-10-15 00:31:03;0;1
2017-10-15 00:32:12;0;1
2017-10-15 00:33:21;0;1
2017-10-15 00:34:30;0;1
2017-10-15 00:35:39;0;1
2017-10-15 00:36:48;0;1
2017-10-15 00:37:57;0;1
2017-10-15 00:39:06;0;1
2017-10-15 00:40:15;0;1
2017-10-15 00:41:24;0;1
2017-10-15 00:42:33;0;1
2017-10-15 00:43:42;0;1
2017-10-15 00:44:51;0;1
2017-10-15 00:46:00;0;1
2017-10-15 00:47:09;0;1
2017-10-15 00:48:18;0;1
2017-10-15 00:49:27;0;1
2017-10-15 00:50:36;0;1
2017-10-15 00:51:45;0;1
2017-10-15 00:52:54;0;1
2017-10-15 00:54:03;0;1
2017-10-15 00:55:12;0;1
2017-10-15 00:56:21;0;1
2017-10-15 00:57:30;0;1
2017-10-15 00:58:39;0;1
2017-10-15 00:59:48;0;1
2017-10-15 01:00:57;0;1
2017-10-15 01:02:06;0;1
2017-10-15 01:03:15;0;1
2017-10-15 01:04:24;0;1
2017-10-15 01:05:33;0;1
2017-10-15 01:06:42;0;1
2017-10-15 01:07:51;0;1
2017-10-15 01:09:00;0;1
2017-10-15 01:10:09;0;1
2017-10-15 01:11:18;0;1
2017-10-15 01:12:27;0;1
2017-10-15 01:13:36;0;1
2017-10-15 01:14:45;0;1
2017-10-15 01:15:54;0;1
2017-10-15 01:17:03;0;1
2017-10-15 01:18:12;0;1
2017-10-15 01:19:21;0;1
2017-10-15 01:20:30;0;1
2017-10-15 01:21:39;0;1
2017-10-15 01:22:48;0;1
2017-10-15 01:23:57;0;1
2017-10-15 01:25:06;0;1
2017-10-15 01:26:15;0;1
2017-10-15 01:27:24;0;1
2017-10-15 01:28:33;0;1
2017-10-15 01:29:42;0;1
2017-10-15 01:30:51;0;1
2017-10-15 01:32:00;0;1
2017-10-15 01:33:09;0;1
2017-10-15 01:34:18;0;1
2017-10-15 01:35:27;0;1
2017-10-15 01:36:36;0;1
2017-10-15 01:37:45;0;1
2017-10-15 01:38:54;0;1
2017-10-15 01:40:03;0;1
2017-10-15 01:41:12;0;1
2017-10-15 01:42:21;0;1
2017-10-15 01:43:30;0;1
2017-10-15 01:44:39;0;1
2017-10-15 01:45:48;0;1
2017-10-15 01:46:57;0;1
2017-10-15 01:48:06;0;1
2017-10-15 01:49:15;0;1
2017-10-15 01:50:24;0;1
2017-10-15 01:51:33;0;1
2017-10-15 01:52:42;0;1
2017-10-15 01:53:51;0;1
2017-10-15 01:55:00;0;1
2017-10-15 01:56:09;0;1
2017-10-15 01:57:18;0;1
2017-10-15 01:58:27;0;1
2017-10-15 01:59:36;0;1
2017-10-15 02:00:45;0;1
2017-10-15 02:01:54;0;1
2017-10-15 02:03:03;0;1
2017-10-15 02:04:12;0;1
2017-10-15 02:05:21;0;1
2017-10-15 02:06:30;0;1
2017-10-15 02:07:39;0;1
2017-10-15 02:08:48;0;1
2017-10-15 02:09:57;0;1
2017-10-15 02:11:06;0;1
2017-10-15 02:12:15;0;1
2017-10-15 02:13:24;0;1
2017-10-15 02:14:33;0;1
2017-10-15 02:15:42;0;1
2017-10-15 02:16:51;0;1
2017-10-15 02:18:00;0;1
2017-10-15 02:19:09;0;1
2017-10-15 02:20:18;0;1
2017-10-15 02:21:27;0;1
2017-10-15 02:22:36;0;1
2017-10-15 02:23:45;0;1
2017-10-15 02:24:54;0;1
2017-10-15 02:26:03;0;1
2017-10-15 02:27:12;0;1
2017-10-15 02:28:21;0;1
2017-10-15 02:29:30;0;1
2017-10-15 02:30:39;0;1
2017-10-15 02:31:48;0;1
2017-10-15 02:32:57;0;1
2017-10-15 02:34:06;0;1
2017-10-15 02:35:15;0;1
2017-10-15 02:36:24;0;1
2017-10-15 02:37:33;0;1
2017-10-15 02:38:42;0;1
2017-10-15 02:39:51;0;1
2017-10-15 02:41:00;0;1
2017-10-15 02:42:09;0;1
2017-10-15 02:43:18;0;1
2017-10-15 02:44:27;0;1
2017-10-15 02:45:36;0;1
2017-10-15 02:46:45;0;1
2017-10-15 02:47:54;0;1
2017-10-15 02:49:03;0;1
2017-10-15 02:50:12;0;1
2017-10-15 02:51:21;0;1
2017-10-15 02:52:30;0;1
2017-10-15 02:53:39;0;1
2017-10-15 02:54:48;0;1
2017-10-15 02:55:57;0;1
2017-10-15 02:57:06;0;1
2017-10-15 02:58:15;0;1
2017-10-15 02:59:24;0;1
2017-10-15 03:00:33;0;1
2017-10-15 03:01:42;0;1
2017-10-15 03:02:51;0;1
2017-10-15 03:04:00;0;1
2017-10-15 03:05:09;0;1
2017-10-15 03:06:18;0;1
2017-10-15 03:07:27;0;1
2017-10-15 03:08:36;0;1
2017-10-15 03:09:45;0;1
2017-10-15 03:10:54;0;1
2017-10-15 03:12:03;0;1
2017-10-15 03:13:12;0;1
2017-10-15 03:14:21;0;1
2017-10-15 03:15:30;0;1
2017-10-15 03:16:39;0;1
2017-10-15 03:17:48;0;1
2017-10-15 03:18:57;0;1
2017-10-15 03:20:06;0;1
2017-10-15 03:21:15;0;1
2017-10-15 03:22:24;0;1
2017-10-15 03:23:33;0;1
2017-10-15 03:24:42;0;1
2017-10-15 03:25:51;0;1
2017-10-15 03:27:00;0;1
2017-10-15 03:28:09;0;1
2017-10-15 03:29:18;0;1
2017-10-15 03:30:27;0;1
2017-10-15 03:31:36;0;1
2017-10-15 03:32:45;0;1
2017-10-15 03:33:54;0;1
2017-10-15 03:35:03;0;1
2017-10-15 03:36:12;0;1
2017-10-15 03:37:21;0;1
2017-10-15 03:38:30;0;1
2017-10-15 03:39:39;0;1
2017-10-15 03:40:48;0;1
2017-10-15 03:41:57;0;1
2017-10-15 03:43:06;0;1
2017-10-15 03:44:15;0;1
2017-10-15 03:45:24;0;1
2017-10-15 03:46:33;0;1
2017-10-15 03:47:42;0;1
2017-10-15 03:48:51;0;1
2017-10-15 03:50:00;0;1
2017-10-15 03:51:09;0;1
2017-10-15 03:52:18;0;1
2017-10-15 03:53:27;0;1
2017-10-15 03:54:36;0;1
2017-10-15 03:55:45;0;1
2017-10-15 03:56:54;0;1
2017-10-15 03:58:03;0;1
2017-10-15 03:59:12;0;1
2017-10-15 04:00:21;0;1
2017-10-15 04:01:30;0;1
2017-10-15 04:02:39;0;1
2017-10-15 04:03:48;0;1
2017-10-15 04:04:57;0;1
2017-10-15 04:07:21;0;1
2017-10-15 04:08:37;0;1
2017-10-15 04:09:46;0;1
2017-10-15 04:10:55;0;1
2017-10-15 04:12:04;0;1
2017-10-15 04:13:13;0;1
2017-10-15 04:14:22;0;1
2017-10-15 04:15:31;0;1
2017-10-15 04:16:40;0;1
2017-10-15 04:17:49;0;1
2017-10-15 04:18:58;0;1
2017-10-15 04:20:07;0;1
2017-10-15 04:21:16;0;1
2017-10-15 04:22:25;0;1
2017-10-15 04:23:34;0;1
2017-10-15 04:24:43;0;1
2017-10-15 04:25:52;0;1
2017-10-15 04:27:01;0;1
2017-10-15 04:28:10;0;1
2017-10-15 04:29:19;0;1
2017-10-15 04:30:28;0;1
2017-10-15 04:31:37;0;1
2017-10-15 04:32:46;0;1
2017-10-15 04:33:55;0;1
2017-10-15 04:35:04;0;1
2017-10-15 04:36:13;0;1
2017-10-15 04:37:22;0;1
2017-10-15 04:38:31;0;1
2017-10-15 04:39:40;0;1
2017-10-15 04:40:49;0;1
2017-10-15 04:41:58;0;1
2017-10-15 04:43:07;0;1
2017-10-15 04:44:16;0;1
2017-10-15 04:45:25;0;1
2017-10-15 04:46:34;0;1
2017-10-15 04:47:43;0;1
2017-10-15 04:48:52;0;1
2017-10-15 04:50:01;0;1
2017-10-15 04:51:10;0;1
2017-10-15 04:52:19;0;1
2017-10-15 04:53:28;0;1
2017-10-15 04:54:37;0;1
2017-10-15 04:55:46;0;1
2017-10-15 04:56:55;0;1
2017-10-15 04:58:04;0;1
2017-10-15 04:59:13;0;1
2017-10-15 05:00:22;0;1
2017-10-15 05:01:31;0;1
2017-10-15 05:02:40;0;1
2017-10-15 05:03:49;0;1
2017-10-15 05:04:58;0;1
2017-10-15 05:06:07;0;1
2017-10-15 05:07:16;0;1
2017-10-15 05:08:25;0;1
2017-10-15 05:09:34;0;1
2017-10-15 05:10:43;0;1
2017-10-15 05:11:52;0;1
2017-10-15 05:13:01;0;1
2017-10-15 05:14:10;0;1
2017-10-15 05:15:19;0;1
2017-10-15 05:16:28;0;1
2017-10-15 05:17:37;0;1
2017-10-15 05:18:46;0;1
2017-10-15 05:19:55;0;1
2017-10-15 05:21:04;0;1
2017-10-15 05:22:13;0;1
2017-10-15 05:23:22;0;1
2017-10-15 05:24:31;0;1
2017-10-15 05:25:40;0;1
2017-10-15 05:26:49;0;1
2017-10-15 05:27:58;0;1
2017-10-15 05:29:07;0;1
2017-10-15 05:30:16;0;1
2017-10-15 05:31:25;0;1
2017-10-15 05:32:34;0;1
2017-10-15 05:33:43;0;1
2017-10-15 05:34:52;0;1
2017-10-15 05:36:01;0;1
2017-10-15 05:37:10;0;1
2017-10-15 05:38:19;0;1
2017-10-15 05:39:28;0;1
2017-10-15 05:40:37;0;1
2017-10-15 05:41:46;0;1
2017-10-15 05:42:55;0;1
2017-10-15 05:44:04;0;1
2017-10-15 05:45:13;0;1
2017-10-15 05:46:22;0;1
2017-10-15 05:47:31;0;1
2017-10-15 05:48:40;0;1
2017-10-15 05:49:49;0;1
2017-10-15 05:50:58;0;1
2017-10-15 05:52:07;0;1
2017-10-15 05:53:16;0;1
2017-10-15 05:54:25;0;1
2017-10-15 05:55:34;0;1
2017-10-15 05:56:43;0;1
2017-10-15 05:57:52;0;1
2017-10-15 05:59:01;0;1
2017-10-15 06:00:10;0;1
2017-10-15 06:01:19;0;1
2017-10-15 06:02:28;0;1
2017-10-15 06:03:37;0;1
2017-10-15 06:04:46;0;1
2017-10-15 06:05:55;782.609;1
2017-10-15 06:07:04;834.855;1
2017-10-15 06:08:13;834.746;1
2017-10-15 06:09:22;782.575;1
2017-10-15 06:10:31;834.758;1
2017-10-15 06:11:40;834.807;1
2017-10-15 06:12:49;782.62;1
2017-10-15 06:13:58;834.746;1
2017-10-15 06:15:07;782.631;1
2017-10-15 06:16:16;834.771;1
2017-10-15 06:17:25;834.771;1
2017-10-15 06:18:34;782.597;1
2017-10-15 06:19:43;834.807;1
2017-10-15 06:20:52;730.435;1
2017-10-15 06:22:01;678.29;1
2017-10-15 06:23:10;730.392;1
2017-10-15 06:24:19;678.271;1
2017-10-15 06:25:28;730.382;1
2017-10-15 06:26:37;678.33;1
2017-10-15 06:27:46;730.456;1
2017-10-15 06:28:55;730.392;1
2017-10-15 06:30:04;678.231;1
2017-10-15 06:31:13;730.467;1
2017-10-15 06:32:22;678.231;1
2017-10-15 06:33:31;678.281;1
2017-10-15 06:34:40;730.371;1
2017-10-15 06:35:49;678.32;1
2017-10-15 06:36:58;730.477;1
2017-10-15 06:38:07;730.392;1
2017-10-15 06:39:16;678.29;1
2017-10-15 06:40:25;678.202;1
2017-10-15 06:41:34;730.445;1
2017-10-15 06:42:43;678.222;1
2017-10-15 06:43:52;678.281;1
2017-10-15 06:45:01;730.456;1
2017-10-15 06:46:10;678.261;1
2017-10-15 06:47:19;730.456;1
2017-10-15 06:48:28;678.271;1
2017-10-15 06:49:37;678.163;1
2017-10-15 06:50:46;730.467;1
2017-10-15 06:51:55;678.31;1
2017-10-15 06:53:04;678.202;1
2017-10-15 06:54:13;730.445;1
2017-10-15 06:55:22;678.3;1
2017-10-15 06:56:31;678.281;1
2017-10-15 06:57:40;730.382;1
2017-10-15 06:58:49;678.31;1
2017-10-15 06:59:58;678.241;1
2017-10-15 07:01:07;730.382;1
2017-10-15 07:02:16;678.261;1
2017-10-15 07:03:25;678.231;1
2017-10-15 07:04:34;678.34;1
2017-10-15 07:05:43;678.251;1
2017-10-15 07:06:52;730.361;1
2017-10-15 07:08:01;678.281;1
2017-10-15 07:09:10;730.445;1
2017-10-15 07:10:19;678.222;1
2017-10-15 07:11:28;678.31;1
2017-10-15 07:12:37;730.371;1
2017-10-15 07:13:46;678.29;1
2017-10-15 07:14:55;730.498;1
2017-10-15 07:16:04;678.192;1
2017-10-15 07:17:13;730.424;1
2017-10-15 07:18:22;678.133;1
2017-10-15 07:19:31;730.414;1
2017-10-15 07:20:40;678.271;1
2017-10-15 07:21:49;730.403;1
2017-10-15 07:22:58;678.33;1
2017-10-15 07:24:07;730.403;1
2017-10-15 07:25:16;678.261;1
2017-10-15 07:26:25;678.231;1
2017-10-15 07:27:34;678.231;1
2017-10-15 07:28:43;730.435;1
2017-10-15 07:29:52;678.251;1
2017-10-15 07:31:01;730.488;1
2017-10-15 07:32:10;678.241;1
2017-10-15 07:33:19;730.488;1
2017-10-15 07:34:28;678.182;1
2017-10-15 07:35:37;730.456;1
2017-10-15 07:36:46;678.3;1
2017-10-15 07:37:55;678.251;1
2017-10-15 07:39:04;730.467;1
2017-10-15 07:40:13;678.222;1
2017-10-15 07:41:22;678.231;1
2017-10-15 07:42:31;730.414;1
2017-10-15 07:43:40;678.32;1
2017-10-15 07:44:49;678.251;1
2017-10-15 07:45:58;678.241;1
2017-10-15 07:47:07;730.414;1
2017-10-15 07:48:16;678.251;1
2017-10-15 07:49:25;678.251;1
2017-10-15 07:50:34;678.271;1
2017-10-15 07:51:43;730.488;1
2017-10-15 07:52:52;730.403;1
2017-10-15 07:54:01;678.281;1
2017-10-15 07:55:10;730.371;1
2017-10-15 07:56:19;730.445;1
2017-10-15 07:57:28;678.32;1
2017-10-15 07:58:37;730.329;1
2017-10-15 07:59:46;730.467;1
2017-10-15 08:00:55;730.403;1
2017-10-15 08:02:04;626.15;1
2017-10-15 08:03:13;573.921;1
2017-10-15 08:04:22;573.905;1
2017-10-15 08:05:31;573.855;1
2017-10-15 08:06:40;678.271;1
2017-10-15 08:07:49;573.971;1
2017-10-15 08:08:58;573.863;1
2017-10-15 08:10:07;573.955;1
2017-10-15 08:11:16;573.847;1
2017-10-15 08:12:25;730.488;1
2017-10-15 08:13:34;678.241;1
2017-10-15 08:14:43;678.281;1
2017-10-15 08:15:52;678.231;1
2017-10-15 08:17:01;730.456;1
2017-10-15 08:18:10;678.231;1
2017-10-15 08:19:19;678.271;1
2017-10-15 08:20:28;626.087;1
2017-10-15 08:21:37;626.114;1
2017-10-15 08:22:46;730.424;1
2017-10-15 08:23:55;573.913;1
2017-10-15 08:25:04;521.747;1
2017-10-15 08:26:13;469.572;1
2017-10-15 08:27:22;313.039;1
2017-10-15 08:28:31;365.26;1
2017-10-15 08:29:40;417.422;1
2017-10-15 08:30:49;260.896;1
2017-10-15 08:31:58;260.885;1
2017-10-15 08:33:07;260.896;1
2017-10-15 08:34:16;260.885;1
2017-10-15 08:35:25;260.892;1
2017-10-15 08:36:34;208.668;1
2017-10-15 08:37:43;156.531;1
2017-10-15 08:38:52;313.066;1
2017-10-15 08:40:01;156.508;1
2017-10-15 08:41:10;156.519;1
2017-10-15 08:42:19;208.714;1
2017-10-15 08:43:28;104.339;1
2017-10-15 08:44:37;52.179;1
2017-10-15 08:45:46;0;1
2017-10-15 08:46:55;0;1
2017-10-15 08:48:04;0;1
2017-10-15 08:49:13;0;1
2017-10-15 08:50:22;0;1
2017-10-15 08:51:31;0;1
2017-10-15 08:52:40;0;1
2017-10-15 08:53:49;0;1
2017-10-15 08:54:58;0;1
2017-10-15 08:56:07;0;1
2017-10-15 08:57:16;1460.912;1
2017-10-15 08:58:25;2713.122;1
2017-10-15 08:59:34;2973.827;1
2017-10-15 09:00:43;365.233;1
2017-10-15 09:01:52;313.071;1
2017-10-15 09:03:01;208.72;1
2017-10-15 09:04:10;208.72;1
2017-10-15 09:05:19;52.181;1
2017-10-15 09:06:28;0;1
2017-10-15 09:07:37;0;1
2017-10-15 09:08:46;0;1
2017-10-15 09:09:55;0;1
2017-10-15 09:11:04;0;1
2017-10-15 09:12:13;0;1
2017-10-15 09:13:22;0;1
2017-10-15 09:14:31;0;1
2017-10-15 09:15:40;0;1
2017-10-15 09:16:49;0;1
2017-10-15 09:17:58;0;1
2017-10-15 09:19:07;0;1
2017-10-15 09:20:16;0;1
2017-10-15 09:21:25;0;1
2017-10-15 09:22:34;0;1
2017-10-15 09:23:43;626.141;1
2017-10-15 09:24:52;887.008;1
2017-10-15 09:26:01;939.226;1
2017-10-15 09:27:10;887.008;1
2017-10-15 09:28:19;887.034;1
2017-10-15 09:29:28;1043.478;1
2017-10-15 09:30:37;1147.959;1
2017-10-15 09:31:46;1147.859;1
2017-10-15 09:32:55;1095.636;1
2017-10-15 09:34:04;1095.684;1
2017-10-15 09:35:13;991.333;1
2017-10-15 09:36:22;834.831;1
2017-10-15 09:37:31;887.047;1
2017-10-15 09:38:40;991.419;1
2017-10-15 09:39:49;834.807;1
2017-10-15 09:40:58;626.096;1
2017-10-15 09:42:07;730.467;1
2017-10-15 09:43:16;678.281;1
2017-10-15 09:44:25;678.3;1
2017-10-15 09:45:34;678.29;1
2017-10-15 09:46:43;834.807;1
2017-10-15 09:47:52;834.831;1
2017-10-15 09:49:01;991.448;1
2017-10-15 09:50:10;1147.826;1
2017-10-15 09:51:19;939.239;1
2017-10-15 09:52:28;782.733;1
2017-10-15 09:53:37;573.946;1
2017-10-15 09:54:46;469.599;1
2017-10-15 09:55:55;469.599;1
2017-10-15 09:57:04;521.785;1
2017-10-15 09:58:13;573.888;1
2017-10-15 09:59:22;573.971;1
2017-10-15 10:00:31;573.921;1
2017-10-15 10:01:40;678.33;1
2017-10-15 10:02:49;730.456;1
2017-10-15 10:03:58;730.519;1
2017-10-15 10:05:07;730.519;1
2017-10-15 10:06:16;782.677;1
2017-10-15 10:07:25;782.699;1
2017-10-15 10:08:34;521.792;1
2017-10-15 10:09:43;365.244;1
2017-10-15 10:10:52;417.458;1
2017-10-15 10:12:01;469.586;1
2017-10-15 10:13:10;521.807;1
2017-10-15 10:14:19;469.647;1
2017-10-15 10:15:28;469.572;1
2017-10-15 10:16:37;521.739;1
2017-10-15 10:17:46;313.08;1
2017-10-15 10:18:55;208.668;1
2017-10-15 10:20:04;104.351;1
2017-10-15 10:21:13;0;1
2017-10-15 10:22:22;0;1
2017-10-15 10:23:31;0;1
2017-10-15 10:24:40;0;1
2017-10-15 10:25:49;0;1
2017-10-15 10:26:58;0;1
2017-10-15 10:28:07;0;1
2017-10-15 10:29:16;0;1
2017-10-15 10:30:25;0;1
2017-10-15 10:31:34;0;1
2017-10-15 10:32:43;0;1
2017-10-15 10:33:52;0;1
2017-10-15 10:35:01;0;1
2017-10-15 10:36:10;0;1
2017-10-15 10:37:19;0;1
2017-10-15 10:38:28;0;1
2017-10-15 10:39:37;0;1
2017-10-15 10:40:46;0;1
2017-10-15 10:41:55;0;1
2017-10-15 10:43:04;0;1
2017-10-15 10:44:13;0;1
2017-10-15 10:45:22;0;1
2017-10-15 10:46:31;0;1
2017-10-15 10:47:40;0;1
2017-10-15 10:48:49;0;1
2017-10-15 10:49:58;0;1
2017-10-15 10:51:07;0;1
2017-10-15 10:52:16;0;1
2017-10-15 10:53:25;0;1
2017-10-15 10:54:34;0;1
2017-10-15 10:55:43;0;1
2017-10-15 10:56:52;0;1
2017-10-15 10:58:01;0;1
2017-10-15 10:59:10;0;1
2017-10-15 11:00:19;0;1
2017-10-15 11:01:28;0;1
2017-10-15 11:02:37;0;1
2017-10-15 11:03:46;104.348;1
2017-10-15 11:04:55;0;1
2017-10-15 11:06:04;0;1
2017-10-15 11:07:13;0;1
2017-10-15 11:08:22;0;1
2017-10-15 11:09:31;0;1
2017-10-15 11:10:40;0;1
2017-10-15 11:11:49;0;1
2017-10-15 11:12:58;0;1
2017-10-15 11:14:07;0;1
2017-10-15 11:15:16;0;1
2017-10-15 11:16:25;0;1
2017-10-15 11:17:34;0;1
2017-10-15 11:18:43;0;1
2017-10-15 11:19:52;0;1
2017-10-15 11:21:01;0;1
2017-10-15 11:22:10;0;1
2017-10-15 11:23:19;0;1
2017-10-15 11:24:28;0;1
2017-10-15 11:25:37;0;1
2017-10-15 11:26:46;0;1
2017-10-15 11:27:55;0;1
2017-10-15 11:29:04;0;1
2017-10-15 11:30:13;0;1
2017-10-15 11:31:22;0;1
2017-10-15 11:32:31;0;1
2017-10-15 11:33:40;0;1
2017-10-15 11:34:49;0;1
2017-10-15 11:35:58;0;1
2017-10-15 11:37:07;0;1
2017-10-15 11:38:16;0;1
2017-10-15 11:39:25;0;1
2017-10-15 11:40:34;0;1
2017-10-15 11:41:43;0;1
2017-10-15 11:42:52;0;1
2017-10-15 11:44:01;0;1
2017-10-15 11:45:10;0;1
2017-10-15 11:46:19;0;1
2017-10-15 11:47:28;0;1
2017-10-15 11:48:37;0;1
2017-10-15 11:49:46;0;1
2017-10-15 11:50:55;0;1
2017-10-15 11:52:04;0;1
2017-10-15 11:53:13;0;1
2017-10-15 11:54:22;0;1
2017-10-15 11:55:31;0;1
2017-10-15 11:56:40;0;1
2017-10-15 11:57:49;0;1
2017-10-15 11:58:58;0;1
2017-10-15 12:00:07;0;1
2017-10-15 12:01:16;0;1
2017-10-15 12:02:25;0;1
2017-10-15 12:03:34;0;1
2017-10-15 12:04:43;0;1
2017-10-15 12:05:52;0;1
2017-10-15 12:07:01;0;1
2017-10-15 12:08:10;0;1
2017-10-15 12:09:19;0;1
2017-10-15 12:10:28;0;1
2017-10-15 12:11:37;0;1
2017-10-15 12:12:46;0;1
2017-10-15 12:13:55;0;1
2017-10-15 12:15:04;0;1
2017-10-15 12:16:13;0;1
2017-10-15 12:17:22;0;1
2017-10-15 12:18:31;0;1
2017-10-15 12:19:40;1826.034;1
2017-10-15 12:20:49;3026.087;1
2017-10-15 12:21:58;2660.754;1
2017-10-15 12:23:07;2452.245;1
2017-10-15 12:24:16;2452.103;1
2017-10-15 12:25:25;2452.067;1
2017-10-15 12:26:34;2504.312;1
2017-10-15 12:27:43;2608.885;1
2017-10-15 12:28:52;1617.415;1
2017-10-15 12:30:01;1408.675;1
2017-10-15 12:31:10;1252.156;1
2017-10-15 12:32:19;1147.876;1
2017-10-15 12:33:28;991.233;1
2017-10-15 12:34:37;2295.752;1
2017-10-15 12:35:46;1408.757;1
2017-10-15 12:36:55;1982.494;1
2017-10-15 12:38:04;2034.576;1
2017-10-15 12:39:13;1513.197;1
2017-10-15 12:40:22;469.524;1
2017-10-15 12:41:31;991.319;1
2017-10-15 12:42:40;678.3;1
2017-10-15 12:43:49;1304.253;1
2017-10-15 12:44:58;2921.697;1
2017-10-15 12:46:07;3548.135;1
2017-10-15 12:47:16;2765.338;1
2017-10-15 12:48:25;2921.612;1
2017-10-15 12:49:34;1513;1
2017-10-15 12:50:43;626.105;1
2017-10-15 12:51:52;313.025;1
2017-10-15 12:53:01;521.747;1
2017-10-15 12:54:10;260.877;1
2017-10-15 12:55:19;0;1
2017-10-15 12:56:28;0;1
2017-10-15 12:57:37;0;1
2017-10-15 12:58:46;0;1
2017-10-15 12:59:55;0;1
2017-10-15 13:01:04;0;1
2017-10-15 13:02:13;0;1
2017-10-15 13:03:22;52.172;1
2017-10-15 13:04:31;260.862;1
2017-10-15 13:05:40;52.171;1
2017-10-15 13:06:49;104.358;1
2017-10-15 13:07:58;104.336;1
2017-10-15 13:09:07;208.681;1
2017-10-15 13:10:16;104.354;1
2017-10-15 13:11:25;104.355;1
2017-10-15 13:12:34;104.343;1
2017-10-15 13:13:43;0;1
2017-10-15 13:14:52;0;1
2017-10-15 13:16:01;104.355;1
2017-10-15 13:17:10;52.172;1
2017-10-15 13:18:19;0;1
2017-10-15 13:19:28;0;1
2017-10-15 13:20:37;0;1
2017-10-15 13:21:46;0;1
2017-10-15 13:22:55;0;1
2017-10-15 13:24:04;0;1
2017-10-15 13:25:13;0;1
2017-10-15 13:26:22;0;1
2017-10-15 13:27:31;0;1
2017-10-15 13:28:40;0;1
2017-10-15 13:29:49;0;1
2017-10-15 13:30:58;0;1
2017-10-15 13:32:07;0;1
2017-10-15 13:33:16;0;1
2017-10-15 13:34:25;0;1
2017-10-15 13:35:34;0;1
2017-10-15 13:36:43;0;1
2017-10-15 13:37:52;0;1
2017-10-15 13:39:01;0;1
2017-10-15 13:40:10;0;1
2017-10-15 13:41:19;0;1
2017-10-15 13:42:28;0;1
2017-10-15 13:43:37;0;1
2017-10-15 13:44:46;0;1
2017-10-15 13:45:55;0;1
2017-10-15 13:47:04;0;1
2017-10-15 13:48:13;0;1
2017-10-15 13:49:22;0;1
2017-10-15 13:50:31;0;1
2017-10-15 13:51:40;0;1
2017-10-15 13:52:49;0;1
2017-10-15 13:53:58;0;1
2017-10-15 13:55:07;0;1
2017-10-15 13:56:16;0;1
2017-10-15 13:57:25;0;1
2017-10-15 13:58:34;0;1
2017-10-15 13:59:43;0;1
2017-10-15 14:00:52;0;1
2017-10-15 14:02:01;0;1
2017-10-15 14:03:10;0;1
2017-10-15 14:04:19;0;1
2017-10-15 14:05:28;0;1
2017-10-15 14:06:37;0;1
2017-10-15 14:07:46;0;1
2017-10-15 14:08:55;0;1
2017-10-15 14:10:04;0;1
2017-10-15 14:11:13;0;1
2017-10-15 14:12:22;0;1
2017-10-15 14:13:31;104.348;1
2017-10-15 14:14:40;0;1
2017-10-15 14:15:49;0;1
2017-10-15 14:16:58;0;1
2017-10-15 14:18:07;0;1
2017-10-15 14:19:16;0;1
2017-10-15 14:20:25;0;1
2017-10-15 14:21:34;0;1
2017-10-15 14:22:43;0;1
2017-10-15 14:23:52;0;1
2017-10-15 14:25:01;0;1
2017-10-15 14:26:10;0;1
2017-10-15 14:27:19;0;1
2017-10-15 14:28:28;0;1
2017-10-15 14:29:37;0;1
2017-10-15 14:30:46;0;1
2017-10-15 14:31:55;0;1
2017-10-15 14:33:04;0;1
2017-10-15 14:34:13;0;1
2017-10-15 14:35:22;0;1
2017-10-15 14:36:31;0;1
2017-10-15 14:37:40;0;1
2017-10-15 14:38:49;0;1
2017-10-15 14:39:58;0;1
2017-10-15 14:41:07;0;1
2017-10-15 14:42:16;0;1
2017-10-15 14:43:25;0;1
2017-10-15 14:44:34;0;1
2017-10-15 14:45:43;0;1
2017-10-15 14:46:52;0;1
2017-10-15 14:48:01;0;1
2017-10-15 14:49:10;0;1
2017-10-15 14:50:19;0;1
2017-10-15 14:51:28;0;1
2017-10-15 14:52:37;0;1
2017-10-15 14:53:46;0;1
2017-10-15 14:54:55;0;1
2017-10-15 14:56:04;0;1
2017-10-15 14:57:13;0;1
2017-10-15 14:58:22;0;1
2017-10-15 14:59:31;52.176;1
2017-10-15 15:00:40;208.705;1
2017-10-15 15:01:49;208.705;1
2017-10-15 15:02:58;469.613;1
2017-10-15 15:04:07;1200.035;1
2017-10-15 15:05:16;0;1
2017-10-15 15:06:25;0;1
2017-10-15 15:07:33;0;1
2017-10-15 15:08:42;0;1
2017-10-15 15:09:51;0;1
2017-10-15 15:11:00;0;1
2017-10-15 15:12:09;0;1
2017-10-15 15:13:18;0;1
2017-10-15 15:14:27;0;1
2017-10-15 15:15:36;0;1
2017-10-15 15:16:45;0;1
2017-10-15 15:17:54;0;1
2017-10-15 15:19:03;0;1
2017-10-15 15:20:12;0;1
2017-10-15 15:21:21;0;1
2017-10-15 15:22:30;0;1
2017-10-15 15:23:39;0;1
2017-10-15 15:24:48;0;1
2017-10-15 15:25:57;0;1
2017-10-15 15:27:06;0;1
2017-10-15 15:28:15;0;1
2017-10-15 15:29:24;0;1
2017-10-15 15:30:33;0;1
2017-10-15 15:31:42;0;1
2017-10-15 15:32:51;0;1
2017-10-15 15:34:00;0;1
2017-10-15 15:35:09;0;1
2017-10-15 15:36:18;0;1
2017-10-15 15:37:27;0;1
2017-10-15 15:38:36;0;1
2017-10-15 15:39:45;0;1
2017-10-15 15:40:54;0;1
2017-10-15 15:42:03;0;1
2017-10-15 15:43:12;0;1
2017-10-15 15:44:21;0;1
2017-10-15 15:45:30;0;1
2017-10-15 15:46:39;0;1
2017-10-15 15:47:48;0;1
2017-10-15 15:48:57;0;1
2017-10-15 15:50:06;0;1
2017-10-15 15:51:15;0;1
2017-10-15 15:52:24;0;1
2017-10-15 15:53:33;313.08;1
2017-10-15 15:54:42;0;1
2017-10-15 15:55:51;0;1
2017-10-15 15:57:00;0;1
2017-10-15 15:58:09;0;1
2017-10-15 15:59:18;0;1
2017-10-15 16:00:27;0;1
2017-10-15 16:01:36;0;1
2017-10-15 16:02:45;0;1
2017-10-15 16:03:54;0;1
2017-10-15 16:05:03;0;1
2017-10-15 16:06:12;0;1
2017-10-15 16:07:21;0;1
2017-10-15 16:08:30;0;1
2017-10-15 16:09:39;0;1
2017-10-15 16:10:48;0;1
2017-10-15 16:11:57;0;1
2017-10-15 16:13:06;0;1
2017-10-15 16:14:15;0;1
2017-10-15 16:15:24;52.171;1
2017-10-15 16:16:33;156.526;1
2017-10-15 16:17:42;260.888;1
2017-10-15 16:18:51;208.674;1
2017-10-15 16:20:00;156.526;1
2017-10-15 16:21:09;0;1
2017-10-15 16:22:18;0;1
2017-10-15 16:23:27;0;1
2017-10-15 16:24:36;0;1
2017-10-15 16:25:45;0;1
2017-10-15 16:26:54;0;1
2017-10-15 16:28:03;0;1
2017-10-15 16:29:12;0;1
2017-10-15 16:30:21;0;1
2017-10-15 16:31:30;0;1
2017-10-15 16:32:39;0;1
2017-10-15 16:33:48;0;1
2017-10-15 16:34:57;0;1
2017-10-15 16:36:06;0;1
2017-10-15 16:37:15;0;1
2017-10-15 16:38:24;0;1
2017-10-15 16:39:33;0;1
2017-10-15 16:40:42;0;1
2017-10-15 16:41:51;0;1
2017-10-15 16:43:00;0;1
2017-10-15 16:44:09;0;1
2017-10-15 16:45:18;0;1
2017-10-15 16:46:27;0;1
2017-10-15 16:47:36;0;1
2017-10-15 16:48:45;0;1
2017-10-15 16:49:54;0;1
2017-10-15 16:51:03;0;1
2017-10-15 16:52:12;0;1
2017-10-15 16:53:21;0;1
2017-10-15 16:54:30;0;1
2017-10-15 16:55:39;0;1
2017-10-15 16:56:48;0;1
2017-10-15 16:57:57;0;1
2017-10-15 16:59:06;0;1
2017-10-15 17:00:15;0;1
2017-10-15 17:01:24;0;1
2017-10-15 17:02:33;0;1
2017-10-15 17:03:42;0;1
2017-10-15 17:04:51;0;1
2017-10-15 17:06:00;0;1
2017-10-15 17:07:09;0;1
2017-10-15 17:08:18;0;1
2017-10-15 17:09:27;0;1
2017-10-15 17:10:36;0;1
2017-10-15 17:11:45;0;1
2017-10-15 17:12:54;0;1
2017-10-15 17:14:03;0;1
2017-10-15 17:15:12;0;1
2017-10-15 17:16:21;0;1
2017-10-15 17:17:30;0;1
2017-10-15 17:18:39;0;1
2017-10-15 17:19:48;0;1
2017-10-15 17:20:57;0;1
2017-10-15 17:22:06;0;1
2017-10-15 17:23:15;0;1
2017-10-15 17:24:24;0;1
2017-10-15 17:25:33;0;1
2017-10-15 17:26:42;156.51;1
2017-10-15 17:27:51;313.043;1
2017-10-15 17:29:00;313.039;1
2017-10-15 17:30:09;365.217;1
2017-10-15 17:31:18;156.524;1
2017-10-15 17:32:27;52.172;1
2017-10-15 17:33:36;104.345;1
2017-10-15 17:34:45;104.348;1
2017-10-15 17:35:54;156.529;1
2017-10-15 17:37:03;156.526;1
2017-10-15 17:38:12;1460.827;1
2017-10-15 17:39:21;2139.254;1
2017-10-15 17:40:30;2139.099;1
2017-10-15 17:41:39;2191.146;1
2017-10-15 17:42:48;2191.336;1
2017-10-15 17:43:57;2191.431;1
2017-10-15 17:45:06;2243.348;1
2017-10-15 17:46:15;2243.381;1
2017-10-15 17:47:24;417.373;1
2017-10-15 17:48:33;834.795;1
2017-10-15 17:49:42;2295.652;1
2017-10-15 17:50:51;2295.819;1
2017-10-15 17:52:00;1565.149;1
2017-10-15 17:53:09;469.606;1
2017-10-15 17:54:18;469.579;1
2017-10-15 17:55:27;678.182;1
2017-10-15 17:56:36;678.222;1
2017-10-15 17:57:45;678.271;1
2017-10-15 17:58:54;730.414;1
2017-10-15 18:00:03;678.251;1
2017-10-15 18:01:12;730.445;1
2017-10-15 18:02:21;782.597;1
2017-10-15 18:03:30;834.867;1
2017-10-15 18:04:39;886.879;1
2017-10-15 18:05:48;834.795;1
2017-10-15 18:06:57;939.158;1
2017-10-15 18:08:06;1982.551;1
2017-10-15 18:09:15;1982.666;1
2017-10-15 18:10:24;1982.609;1
2017-10-15 18:11:33;1982.666;1
2017-10-15 18:12:42;2139.006;1
2017-10-15 18:13:51;1930.407;1
2017-10-15 18:15:00;2034.812;1
2017-10-15 18:16:09;1982.752;1
2017-10-15 18:17:18;1982.436;1
2017-10-15 18:18:27;2034.665;1
2017-10-15 18:19:36;1930.407;1
2017-10-15 18:20:45;1982.839;1
2017-10-15 18:21:54;1930.351;1
2017-10-15 18:23:03;1930.379;1
2017-10-15 18:24:12;2034.576;1
2017-10-15 18:25:21;3913.384;1
2017-10-15 18:26:30;3078.082;1
2017-10-15 18:27:39;3287.29;1
2017-10-15 18:28:48;2973.913;1
2017-10-15 18:29:57;2138.975;1
2017-10-15 18:31:06;3182.609;1
2017-10-15 18:32:15;2087.138;1
2017-10-15 18:33:24;2086.866;1
2017-10-15 18:34:33;2087.047;1
2017-10-15 18:35:42;1669.589;1
2017-10-15 18:36:51;886.841;1
2017-10-15 18:38:00;1199.93;1
2017-10-15 18:39:09;1617.415;1
2017-10-15 18:40:18;1252.265;1
2017-10-15 18:41:27;887.021;1
2017-10-15 18:42:36;886.918;1
2017-10-15 18:43:45;886.944;1
2017-10-15 18:44:54;886.931;1
2017-10-15 18:46:03;1304.48;1
2017-10-15 18:47:12;1565.308;1
2017-10-15 18:48:21;1147.693;1
2017-10-15 18:49:30;886.957;1
2017-10-15 18:50:39;834.698;1
2017-10-15 18:51:48;887.008;1
2017-10-15 18:52:57;834.758;1
2017-10-15 18:54:06;834.831;1
2017-10-15 18:55:15;834.783;1
2017-10-15 18:56:24;886.841;1
2017-10-15 18:57:33;834.795;1
2017-10-15 18:58:42;834.783;1
2017-10-15 18:59:51;834.867;1
2017-10-15 19:01:00;886.905;1
2017-10-15 19:02:09;886.995;1
2017-10-15 19:03:18;834.698;1
2017-10-15 19:04:27;886.969;1
2017-10-15 19:05:36;939.144;1
2017-10-15 19:06:45;939.239;1
2017-10-15 19:07:54;1043.584;1
2017-10-15 19:09:03;991.347;1
2017-10-15 19:10:12;1043.433;1
2017-10-15 19:11:21;1043.539;1
2017-10-15 19:12:30;991.434;1
2017-10-15 19:13:39;1147.943;1
2017-10-15 19:14:48;1147.876;1
2017-10-15 19:15:57;1200.07;1
2017-10-15 19:17:06;1147.876;1
2017-10-15 19:18:15;1356.679;1
2017-10-15 19:19:24;1252.247;1
2017-10-15 19:20:33;1252.138;1
2017-10-15 19:21:42;1252.247;1
2017-10-15 19:22:51;1147.909;1
2017-10-15 19:24:00;1200.139;1
2017-10-15 19:25:09;1200.017;1
2017-10-15 19:26:18;1147.843;1
2017-10-15 19:27:27;1200.035;1
2017-10-15 19:28:36;1982.666;1
2017-10-15 19:29:45;2243.511;1
2017-10-15 19:30:54;2295.752;1
2017-10-15 19:32:03;2243.673;1
2017-10-15 19:33:12;2400.07;1
2017-10-15 19:34:21;3235.158;1
2017-10-15 19:35:30;4904.632;1
2017-10-15 19:36:39;3130.662;1
2017-10-15 19:37:48;2347.928;1
2017-10-15 19:38:57;2347.826;1
2017-10-15 19:40:06;2347.894;1
2017-10-15 19:41:15;2348.064;1
2017-10-15 19:42:24;2347.996;1
2017-10-15 19:43:33;1408.675;1
2017-10-15 19:44:42;1304.48;1
2017-10-15 19:45:51;1304.405;1
2017-10-15 19:47:00;1304.423;1
2017-10-15 19:48:09;1252.228;1
2017-10-15 19:49:18;1252.21;1
2017-10-15 19:50:27;1304.405;1
2017-10-15 19:51:36;1304.442;1
2017-10-15 19:52:45;1356.561;1
2017-10-15 19:53:54;1304.348;1
2017-10-15 19:55:03;1304.405;1
2017-10-15 19:56:12;1304.348;1
2017-10-15 19:57:21;1304.386;1
2017-10-15 19:58:30;1356.561;1
2017-10-15 19:59:39;1304.386;1
2017-10-15 20:00:48;1304.461;1
2017-10-15 20:01:57;1304.556;1
2017-10-15 20:03:06;1304.386;1
2017-10-15 20:04:15;1304.48;1
2017-10-15 20:05:24;1304.386;1
2017-10-15 20:06:33;1304.405;1
2017-10-15 20:07:42;1043.584;1
2017-10-15 20:08:51;1043.569;1
2017-10-15 20:10:00;1043.554;1
2017-10-15 20:11:09;1043.554;1
2017-10-15 20:12:18;991.362;1
2017-10-15 20:13:27;1043.448;1
2017-10-15 20:14:36;1043.539;1
2017-10-15 20:15:45;991.462;1
2017-10-15 20:16:54;1043.509;1
2017-10-15 20:18:03;991.391;1
2017-10-15 20:19:12;991.362;1
2017-10-15 20:20:21;991.376;1
2017-10-15 20:21:30;991.362;1
2017-10-15 20:22:39;939.13;1
2017-10-15 20:23:48;991.347;1
2017-10-15 20:24:57;991.333;1
2017-10-15 20:26:06;939.239;1
2017-10-15 20:27:15;939.212;1
2017-10-15 20:28:24;991.405;1
2017-10-15 20:29:33;991.391;1
2017-10-15 20:30:42;1043.584;1
2017-10-15 20:31:51;1147.909;1
2017-10-15 20:33:00;1200.052;1
2017-10-15 20:34:09;1200.174;1
2017-10-15 20:35:18;1147.893;1
2017-10-15 20:36:27;1200.174;1
2017-10-15 20:37:36;1200.104;1
2017-10-15 20:38:45;1147.876;1
2017-10-15 20:39:54;1200.087;1
2017-10-15 20:41:03;1147.909;1
2017-10-15 20:42:12;1200.191;1
2017-10-15 20:43:21;1200.017;1
2017-10-15 20:44:30;1147.943;1
2017-10-15 20:45:39;1200.122;1
2017-10-15 20:46:48;1147.859;1
2017-10-15 20:47:57;1200.104;1
2017-10-15 20:49:06;1147.893;1
2017-10-15 20:50:15;1147.843;1
2017-10-15 20:51:24;1304.197;1
2017-10-15 20:52:33;3808.53;1
2017-10-15 20:53:42;2347.894;1
2017-10-15 20:54:51;1147.859;1
2017-10-15 20:56:00;1095.493;1
2017-10-15 20:57:09;1147.893;1
2017-10-15 20:58:18;1147.826;1
2017-10-15 20:59:27;1095.684;1
2017-10-15 21:00:36;1095.652;1
2017-10-15 21:01:45;1095.605;1
2017-10-15 21:02:54;1147.876;1
2017-10-15 21:04:03;1147.826;1
2017-10-15 21:05:12;1095.668;1
2017-10-15 21:06:21;1095.605;1
2017-10-15 21:07:30;1043.509;1
2017-10-15 21:08:39;1095.636;1
2017-10-15 21:09:48;1043.418;1
2017-10-15 21:10:57;1095.557;1
2017-10-15 21:12:06;1043.569;1
2017-10-15 21:13:15;1043.463;1
2017-10-15 21:14:24;1043.478;1
2017-10-15 21:15:33;1043.448;1
2017-10-15 21:16:42;1043.584;1
2017-10-15 21:17:51;1043.493;1
2017-10-15 21:19:00;1095.478;1
2017-10-15 21:20:09;991.405;1
2017-10-15 21:21:18;1043.433;1
2017-10-15 21:22:27;1095.573;1
2017-10-15 21:23:36;1043.509;1
2017-10-15 21:24:45;1043.569;1
2017-10-15 21:25:54;991.247;1
2017-10-15 21:27:03;1043.493;1
2017-10-15 21:28:12;1043.493;1
2017-10-15 21:29:21;1043.569;1
2017-10-15 21:30:30;1043.433;1
2017-10-15 21:31:39;1043.372;1
2017-10-15 21:32:48;1043.584;1
2017-10-15 21:33:57;991.218;1
2017-10-15 21:35:06;1043.584;1
2017-10-15 21:36:15;1043.569;1
2017-10-15 21:37:24;1043.524;1
2017-10-15 21:38:33;1043.463;1
2017-10-15 21:39:42;991.132;1
2017-10-15 21:40:51;886.918;1
2017-10-15 21:42:00;834.686;1
2017-10-15 21:43:09;887.059;1
2017-10-15 21:44:18;939.062;1
2017-10-15 21:45:27;887.072;1
2017-10-15 21:46:36;938.967;1
2017-10-15 21:47:45;886.957;1
2017-10-15 21:48:54;939.158;1
2017-10-15 21:50:03;939.171;1
2017-10-15 21:51:12;886.969;1
2017-10-15 21:52:21;886.931;1
2017-10-15 21:53:30;887.008;1
2017-10-15 21:54:39;939.13;1
2017-10-15 21:55:48;834.758;1
2017-10-15 21:56:57;886.944;1
2017-10-15 21:58:06;886.905;1
2017-10-15 21:59:15;886.995;1
2017-10-15 22:00:24;886.969;1
2017-10-15 22:01:33;887.047;1
2017-10-15 22:02:42;834.734;1
2017-10-15 22:03:51;886.867;1
2017-10-15 22:05:00;730.477;1
2017-10-15 22:06:09;0;1
2017-10-15 22:07:18;0;1
2017-10-15 22:08:27;0;1
2017-10-15 22:09:36;0;1
2017-10-15 22:10:45;0;1
2017-10-15 22:11:54;0;1
2017-10-15 22:13:03;0;1
2017-10-15 22:14:12;0;1
2017-10-15 22:15:21;0;1
2017-10-15 22:16:30;0;1
2017-10-15 22:17:39;0;1
2017-10-15 22:18:48;0;1
2017-10-15 22:19:57;0;1
2017-10-15 22:21:06;0;1
2017-10-15 22:22:15;0;1
2017-10-15 22:23:24;0;1
2017-10-15 22:24:33;0;1
2017-10-15 22:25:42;0;1
2017-10-15 22:26:51;0;1
2017-10-15 22:28:00;0;1
2017-10-15 22:29:09;0;1
2017-10-15 22:30:18;0;1
2017-10-15 22:31:27;0;1
2017-10-15 22:32:36;0;1
2017-10-15 22:33:45;0;1
2017-10-15 22:34:54;0;1
2017-10-15 22:36:03;0;1
2017-10-15 22:37:12;0;1
2017-10-15 22:38:21;0;1
2017-10-15 22:39:30;0;1
2017-10-15 22:40:39;0;1
2017-10-15 22:41:48;0;1
2017-10-15 22:42:57;0;1
2017-10-15 22:44:06;0;1
2017-10-15 22:45:15;0;1
2017-10-15 22:46:24;0;1
2017-10-15 22:47:33;0;1
2017-10-15 22:48:42;0;1
2017-10-15 22:49:51;0;1
2017-10-15 22:51:00;0;1
2017-10-15 22:52:09;0;1
2017-10-15 22:53:18;0;1
2017-10-15 22:54:27;0;1
2017-10-15 22:55:36;0;1
2017-10-15 22:56:45;0;1
2017-10-15 22:57:54;0;1
2017-10-15 22:59:03;0;1
2017-10-15 23:00:12;0;1
2017-10-15 23:01:21;0;1
2017-10-15 23:02:30;0;1
2017-10-15 23:03:39;0;1
2017-10-15 23:04:48;0;1
2017-10-15 23:05:57;0;1
2017-10-15 23:07:06;0;1
2017-10-15 23:08:15;0;1
2017-10-15 23:09:24;0;1
2017-10-15 23:10:33;0;1
2017-10-15 23:11:42;0;1
2017-10-15 23:12:51;0;1
2017-10-15 23:14:00;0;1
2017-10-15 23:15:09;0;1
2017-10-15 23:16:18;0;1
2017-10-15 23:17:27;0;1
2017-10-15 23:18:36;0;1
2017-10-15 23:19:45;0;1
2017-10-15 23:20:54;0;1
2017-10-15 23:22:03;0;1
2017-10-15 23:23:12;0;1
2017-10-15 23:24:21;0;1
2017-10-15 23:25:30;0;1
2017-10-15 23:26:39;0;1
2017-10-15 23:27:48;0;1
2017-10-15 23:28:57;0;1
2017-10-15 23:30:06;0;1
2017-10-15 23:31:15;0;1
2017-10-15 23:32:24;0;1
2017-10-15 23:33:33;0;1
2017-10-15 23:34:42;0;1
2017-10-15 23:35:51;0;1
2017-10-15 23:37:00;0;1
2017-10-15 23:38:09;0;1
2017-10-15 23:39:18;0;1
2017-10-15 23:40:27;0;1
2017-10-15 23:41:36;0;1
2017-10-15 23:42:45;0;1
2017-10-15 23:43:54;0;1
2017-10-15 23:45:03;0;1
2017-10-15 23:46:12;0;1
2017-10-15 23:47:21;0;1
2017-10-15 23:48:30;0;1
2017-10-15 23:49:39;0;1
2017-10-15 23:50:48;0;1
2017-10-15 23:51:57;0;1
2017-10-15 23:53:06;0;1
2017-10-15 23:54:15;0;1
2017-10-15 23:55:24;0;1
2017-10-15 23:56:33;0;1
2017-10-15 23:57:42;0;1
2017-10-15 23:58:51;0;1
2017-10-16 00:00:00;0;1
2017-10-16 00:01:09;0;1
2017-10-16 00:02:18;0;1
2017-10-16 00:03:27;0;1
2017-10-16 00:04:36;0;1
2017-10-16 00:05:45;0;1
2017-10-16 00:06:54;0;1
2017-10-16 00:08:03;0;1
2017-10-16 00:09:12;0;1
2017-10-16 00:10:21;0;1
2017-10-16 00:11:30;0;1
2017-10-16 00:12:39;0;1
2017-10-16 00:13:48;0;1
2017-10-16 00:14:57;0;1
2017-10-16 00:16:06;0;1
2017-10-16 00:17:15;0;1
2017-10-16 00:18:24;0;1
2017-10-16 00:19:33;0;1
2017-10-16 00:20:42;0;1
2017-10-16 00:21:51;0;1
2017-10-16 00:23:00;0;1
2017-10-16 00:24:09;0;1
2017-10-16 00:25:18;0;1
2017-10-16 00:26:27;0;1
2017-10-16 00:27:36;0;1
2017-10-16 00:28:45;0;1
2017-10-16 00:29:54;0;1
2017-10-16 00:31:03;0;1
2017-10-16 00:32:12;0;1
2017-10-16 00:33:21;0;1
2017-10-16 00:34:30;0;1
2017-10-16 00:35:39;0;1
2017-10-16 00:36:48;0;1
2017-10-16 00:37:57;0;1
2017-10-16 00:39:06;0;1
2017-10-16 00:40:15;0;1
2017-10-16 00:41:24;0;1
2017-10-16 00:42:33;0;1
2017-10-16 00:43:42;0;1
2017-10-16 00:44:51;0;1
2017-10-16 00:46:00;0;1
2017-10-16 00:47:09;0;1
2017-10-16 00:48:18;0;1
2017-10-16 00:49:27;0;1
2017-10-16 00:50:36;0;1
2017-10-16 00:51:45;0;1
2017-10-16 00:52:54;0;1
2017-10-16 00:54:03;0;1
2017-10-16 00:55:12;0;1
2017-10-16 00:56:21;0;1
2017-10-16 00:57:30;0;1
2017-10-16 00:58:39;0;1
2017-10-16 00:59:48;0;1
2017-10-16 01:00:57;0;1
2017-10-16 01:02:06;0;1
2017-10-16 01:03:15;0;1
2017-10-16 01:04:24;0;1
2017-10-16 01:05:33;0;1
2017-10-16 01:06:42;0;1
2017-10-16 01:07:51;0;1
2017-10-16 01:09:00;0;1
2017-10-16 01:10:09;0;1
2017-10-16 01:11:18;0;1
2017-10-16 01:12:27;0;1
2017-10-16 01:13:36;0;1
2017-10-16 01:14:45;0;1
2017-10-16 01:15:54;0;1
2017-10-16 01:17:03;0;1
2017-10-16 01:18:12;0;1
2017-10-16 01:19:21;0;1
2017-10-16 01:20:30;0;1
2017-10-16 01:21:39;0;1
2017-10-16 01:22:48;0;1
2017-10-16 01:23:57;0;1
2017-10-16 01:25:06;0;1
2017-10-16 01:26:15;0;1
2017-10-16 01:27:24;0;1
2017-10-16 01:28:33;0;1
2017-10-16 01:29:42;0;1
2017-10-16 01:30:51;0;1
2017-10-16 01:32:00;0;1
2017-10-16 01:33:09;0;1
2017-10-16 01:34:18;0;1
2017-10-16 01:35:27;0;1
2017-10-16 01:36:36;0;1
2017-10-16 01:37:45;0;1
2017-10-16 01:38:54;0;1
2017-10-16 01:40:03;0;1
2017-10-16 01:41:12;0;1
2017-10-16 01:42:21;0;1
2017-10-16 01:43:30;0;1
2017-10-16 01:44:39;0;1
2017-10-16 01:45:48;0;1
2017-10-16 01:46:57;0;1
2017-10-16 01:48:06;0;1
2017-10-16 01:49:15;0;1
2017-10-16 01:50:24;0;1
2017-10-16 01:51:33;0;1
2017-10-16 01:52:42;0;1
2017-10-16 01:53:51;0;1
2017-10-16 01:55:00;0;1
2017-10-16 01:56:09;0;1
2017-10-16 01:57:18;0;1
2017-10-16 01:58:27;0;1
2017-10-16 01:59:36;0;1
2017-10-16 02:00:45;0;1
2017-10-16 02:01:54;0;1
2017-10-16 02:03:03;0;1
2017-10-16 02:04:12;0;1
2017-10-16 02:05:21;0;1
2017-10-16 02:06:30;0;1
2017-10-16 02:07:39;0;1
2017-10-16 02:08:48;0;1
2017-10-16 02:09:57;0;1
2017-10-16 02:11:06;0;1
2017-10-16 02:12:15;0;1
2017-10-16 02:13:24;0;1
2017-10-16 02:14:33;0;1
2017-10-16 02:15:42;0;1
2017-10-16 02:16:51;0;1
2017-10-16 02:18:00;0;1
2017-10-16 02:19:09;0;1
2017-10-16 02:20:18;0;1
2017-10-16 02:21:27;0;1
2017-10-16 02:22:36;0;1
2017-10-16 02:23:45;0;1
2017-10-16 02:24:54;0;1
2017-10-16 02:26:03;0;1
2017-10-16 02:27:12;0;1
2017-10-16 02:28:21;0;1
2017-10-16 02:29:30;0;1
2017-10-16 02:30:39;0;1
2017-10-16 02:31:48;0;1
2017-10-16 02:32:57;0;1
2017-10-16 02:34:06;0;1
2017-10-16 02:35:15;0;1
2017-10-16 02:36:24;0;1
2017-10-16 02:37:33;0;1
2017-10-16 02:38:42;0;1
2017-10-16 02:39:51;0;1
2017-10-16 02:41:00;0;1
2017-10-16 02:42:09;0;1
2017-10-16 02:43:18;0;1
2017-10-16 02:44:27;0;1
2017-10-16 02:45:36;0;1
2017-10-16 02:46:45;0;1
2017-10-16 02:47:54;0;1
2017-10-16 02:49:03;0;1
2017-10-16 02:50:12;0;1
2017-10-16 02:51:21;0;1
2017-10-16 02:52:30;0;1
2017-10-16 02:53:39;0;1
2017-10-16 02:54:48;0;1
2017-10-16 02:55:57;0;1
2017-10-16 02:57:06;0;1
2017-10-16 02:58:15;0;1
2017-10-16 02:59:24;0;1
2017-10-16 03:00:33;0;1
2017-10-16 03:01:42;0;1
2017-10-16 03:02:51;0;1
2017-10-16 03:04:00;0;1
2017-10-16 03:05:09;0;1
2017-10-16 03:06:18;0;1
2017-10-16 03:07:27;0;1
2017-10-16 03:08:36;0;1
2017-10-16 03:09:45;0;1
2017-10-16 03:10:54;0;1
2017-10-16 03:12:03;0;1
2017-10-16 03:13:12;0;1
2017-10-16 03:14:21;0;1
2017-10-16 03:15:30;0;1
2017-10-16 03:16:39;0;1
2017-10-16 03:17:48;0;1
2017-10-16 03:18:57;0;1
2017-10-16 03:20:06;0;1
2017-10-16 03:21:15;0;1
2017-10-16 03:22:24;0;1
2017-10-16 03:23:33;0;1
2017-10-16 03:24:42;0;1
2017-10-16 03:25:51;0;1
2017-10-16 03:27:00;0;1
2017-10-16 03:28:09;0;1
2017-10-16 03:29:18;0;1
2017-10-16 03:30:27;0;1
2017-10-16 03:31:36;0;1
2017-10-16 03:32:45;0;1
2017-10-16 03:33:54;0;1
2017-10-16 03:35:03;0;1
2017-10-16 03:36:12;0;1
2017-10-16 03:37:21;0;1
2017-10-16 03:38:30;0;1
2017-10-16 03:39:39;0;1
2017-10-16 03:40:48;0;1
2017-10-16 03:41:57;0;1
2017-10-16 03:43:06;0;1
2017-10-16 03:44:15;0;1
2017-10-16 03:45:24;0;1
2017-10-16 03:46:33;0;1
2017-10-16 03:47:42;0;1
2017-10-16 03:48:51;0;1
2017-10-16 03:50:00;0;1
2017-10-16 03:51:09;0;1
2017-10-16 03:52:18;0;1
2017-10-16 03:53:27;0;1
2017-10-16 03:54:36;0;1
2017-10-16 03:55:45;0;1
2017-10-16 03:56:54;0;1
2017-10-16 03:58:03;0;1
2017-10-16 03:59:12;0;1
2017-10-16 04:00:21;0;1
2017-10-16 04:01:30;0;1
2017-10-16 04:02:39;0;1
2017-10-16 04:03:48;0;1
2017-10-16 04:04:57;0;1
2017-10-16 04:07:16;0;1
2017-10-16 04:08:33;0;1
2017-10-16 04:09:42;0;1
2017-10-16 04:10:51;0;1
2017-10-16 04:12:00;0;1
2017-10-16 04:13:09;0;1
2017-10-16 04:14:18;0;1
2017-10-16 04:15:27;0;1
2017-10-16 04:16:36;0;1
2017-10-16 04:17:45;0;1
2017-10-16 04:18:54;0;1
2017-10-16 04:20:03;0;1
2017-10-16 04:21:12;0;1
2017-10-16 04:22:21;0;1
2017-10-16 04:23:30;0;1
2017-10-16 04:24:39;0;1
2017-10-16 04:25:48;0;1
2017-10-16 04:26:57;0;1
2017-10-16 04:28:06;0;1
2017-10-16 04:29:15;0;1
2017-10-16 04:30:24;0;1
2017-10-16 04:31:33;0;1
2017-10-16 04:32:42;0;1
2017-10-16 04:33:51;0;1
2017-10-16 04:35:00;0;1
2017-10-16 04:36:09;0;1
2017-10-16 04:37:18;0;1
2017-10-16 04:38:27;0;1
2017-10-16 04:39:36;0;1
2017-10-16 04:40:45;0;1
2017-10-16 04:41:54;0;1
2017-10-16 04:43:03;0;1
2017-10-16 04:44:12;0;1
2017-10-16 04:45:21;0;1
2017-10-16 04:46:30;0;1
2017-10-16 04:47:39;0;1
2017-10-16 04:48:48;0;1
2017-10-16 04:49:57;0;1
2017-10-16 04:51:06;0;1
2017-10-16 04:52:15;0;1
2017-10-16 04:53:24;0;1
2017-10-16 04:54:33;0;1
2017-10-16 04:55:42;0;1
2017-10-16 04:56:51;0;1
2017-10-16 04:58:00;0;1
2017-10-16 04:59:09;0;1
2017-10-16 05:00:18;0;1
2017-10-16 05:01:27;0;1
2017-10-16 05:02:36;0;1
2017-10-16 05:03:45;0;1
2017-10-16 05:04:54;0;1
2017-10-16 05:06:03;0;1
2017-10-16 05:07:12;0;1
2017-10-16 05:08:21;0;1
2017-10-16 05:09:30;0;1
2017-10-16 05:10:39;0;1
2017-10-16 05:11:48;0;1
2017-10-16 05:12:57;0;1
2017-10-16 05:14:06;0;1
2017-10-16 05:15:15;0;1
2017-10-16 05:16:24;0;1
2017-10-16 05:17:33;0;1
2017-10-16 05:18:42;0;1
2017-10-16 05:19:51;0;1
2017-10-16 05:21:00;0;1
2017-10-16 05:22:09;0;1
2017-10-16 05:23:18;0;1
2017-10-16 05:24:27;0;1
2017-10-16 05:25:36;0;1
2017-10-16 05:26:45;0;1
2017-10-16 05:27:54;0;1
2017-10-16 05:29:03;0;1
2017-10-16 05:30:12;0;1
2017-10-16 05:31:21;0;1
2017-10-16 05:32:30;0;1
2017-10-16 05:33:39;0;1
2017-10-16 05:34:48;0;1
2017-10-16 05:35:57;0;1
2017-10-16 05:37:06;0;1
2017-10-16 05:38:15;0;1
2017-10-16 05:39:24;0;1
2017-10-16 05:40:33;0;1
2017-10-16 05:41:42;0;1
2017-10-16 05:42:51;0;1
2017-10-16 05:44:00;0;1
2017-10-16 05:45:09;0;1
2017-10-16 05:46:18;0;1
2017-10-16 05:47:27;0;1
2017-10-16 05:48:36;0;1
2017-10-16 05:49:45;0;1
2017-10-16 05:50:54;0;1
2017-10-16 05:52:03;0;1
2017-10-16 05:53:12;0;1
2017-10-16 05:54:21;0;1
2017-10-16 05:55:30;0;1
2017-10-16 05:56:39;0;1
2017-10-16 05:57:48;0;1
2017-10-16 05:58:57;0;1
2017-10-16 06:00:06;0;1
2017-10-16 06:01:15;0;1
2017-10-16 06:02:24;0;1
2017-10-16 06:03:33;0;1
2017-10-16 06:04:42;0;1
2017-10-16 06:05:51;1043.312;1
2017-10-16 06:07:00;1200.035;1
2017-10-16 06:08:09;991.29;1
2017-10-16 06:09:18;886.982;1
2017-10-16 06:10:27;887.021;1
2017-10-16 06:11:36;834.65;1
2017-10-16 06:12:45;886.982;1
2017-10-16 06:13:54;886.957;1
2017-10-16 06:15:03;886.969;1
2017-10-16 06:16:12;834.771;1
2017-10-16 06:17:21;886.969;1
2017-10-16 06:18:30;887.008;1
2017-10-16 06:19:39;834.783;1
2017-10-16 06:20:48;730.35;1
2017-10-16 06:21:57;782.586;1
2017-10-16 06:23:06;730.414;1
2017-10-16 06:24:15;782.575;1
2017-10-16 06:25:24;782.575;1
2017-10-16 06:26:33;730.414;1
2017-10-16 06:27:42;782.643;1
2017-10-16 06:28:51;730.467;1
2017-10-16 06:30:00;782.609;1
2017-10-16 06:31:09;834.867;1
2017-10-16 06:32:18;1043.478;1
2017-10-16 06:33:27;1043.418;1
2017-10-16 06:34:36;1669.638;1
2017-10-16 06:35:45;1304.367;1
2017-10-16 06:36:54;1878.206;1
2017-10-16 06:38:03;1199.93;1
2017-10-16 06:39:12;1200.035;1
2017-10-16 06:40:21;1200.035;1
2017-10-16 06:41:30;1669.662;1
2017-10-16 06:42:39;1930.323;1
2017-10-16 06:43:48;1513;1
2017-10-16 06:44:57;1304.386;1
2017-10-16 06:46:06;1669.71;1
2017-10-16 06:47:15;1460.87;1
2017-10-16 06:48:24;1408.614;1
2017-10-16 06:49:33;1408.614;1
2017-10-16 06:50:42;1304.31;1
2017-10-16 06:51:51;1304.386;1
2017-10-16 06:53:00;1304.386;1
2017-10-16 06:54:09;1304.272;1
2017-10-16 06:55:18;1304.272;1
2017-10-16 06:56:27;1304.442;1
2017-10-16 06:57:36;1304.329;1
2017-10-16 06:58:45;1304.291;1
2017-10-16 06:59:54;1304.405;1
2017-10-16 07:01:03;1304.442;1
2017-10-16 07:02:12;1304.499;1
2017-10-16 07:03:21;1356.62;1
2017-10-16 07:04:30;1356.699;1
2017-10-16 07:05:39;1408.859;1
2017-10-16 07:06:48;1356.561;1
2017-10-16 07:07:57;1356.64;1
2017-10-16 07:09:06;1408.818;1
2017-10-16 07:10:15;1356.64;1
2017-10-16 07:11:24;1513.087;1
2017-10-16 07:12:33;1513.197;1
2017-10-16 07:13:42;1356.62;1
2017-10-16 07:14:51;1460.933;1
2017-10-16 07:16:00;2452.423;1
2017-10-16 07:17:09;1617.485;1
2017-10-16 07:18:18;1565.376;1
2017-10-16 07:19:27;1930.715;1
2017-10-16 07:20:36;1721.914;1
2017-10-16 07:21:45;1461.06;1
2017-10-16 07:22:54;1617.532;1
2017-10-16 07:24:03;1721.814;1
2017-10-16 07:25:12;1617.415;1
2017-10-16 07:26:21;1513.109;1
2017-10-16 07:27:30;1461.018;1
2017-10-16 07:28:39;1460.912;1
2017-10-16 07:29:48;1669.759;1
2017-10-16 07:30:57;1930.631;1
2017-10-16 07:32:06;1774.119;1
2017-10-16 07:33:15;1460.912;1
2017-10-16 07:34:24;1878.288;1
2017-10-16 07:35:33;1513.263;1
2017-10-16 07:36:42;1461.018;1
2017-10-16 07:37:51;1461.102;1
2017-10-16 07:39:00;1460.954;1
2017-10-16 07:40:09;1513.109;1
2017-10-16 07:41:18;1565.331;1
2017-10-16 07:42:27;2034.96;1
2017-10-16 07:43:36;2347.928;1
2017-10-16 07:44:45;1565.467;1
2017-10-16 07:45:54;2556.448;1
2017-10-16 07:47:03;2348.166;1
2017-10-16 07:48:12;1513.241;1
2017-10-16 07:49:21;1513.197;1
2017-10-16 07:50:30;1460.975;1
2017-10-16 07:51:39;1513.153;1
2017-10-16 07:52:48;1513.219;1
2017-10-16 07:53:57;1513.109;1
2017-10-16 07:55:06;1513.219;1
2017-10-16 07:56:15;1513.175;1
2017-10-16 07:57:24;1461.06;1
2017-10-16 07:58:33;1513.263;1
2017-10-16 07:59:42;2191.495;1
2017-10-16 08:00:51;2452.529;1
2017-10-16 08:02:00;2452.494;1
2017-10-16 08:03:09;2347.928;1
2017-10-16 08:04:18;2452.529;1
2017-10-16 08:05:27;2348.132;1
2017-10-16 08:06:36;2400.209;1
2017-10-16 08:07:45;2504.529;1
2017-10-16 08:08:54;2400.139;1
2017-10-16 08:10:03;2400.174;1
2017-10-16 08:11:12;2347.962;1
2017-10-16 08:12:21;2400.174;1
2017-10-16 08:13:30;2400.174;1
2017-10-16 08:14:39;2452.281;1
2017-10-16 08:15:48;2400.244;1
2017-10-16 08:16:57;2348.03;1
2017-10-16 08:18:06;2400.174;1
2017-10-16 08:19:15;2400.209;1
2017-10-16 08:20:24;2347.996;1
2017-10-16 08:21:33;2295.985;1
2017-10-16 08:22:42;2295.952;1
2017-10-16 08:23:51;2504.457;1
2017-10-16 08:25:00;3548.032;1
2017-10-16 08:26:09;2556.855;1
2017-10-16 08:27:18;2661.101;1
2017-10-16 08:28:27;2921.951;1
2017-10-16 08:29:36;2243.738;1
2017-10-16 08:30:45;2139.13;1
2017-10-16 08:31:54;2295.885;1
2017-10-16 08:33:03;2243.576;1
2017-10-16 08:34:12;2139.254;1
2017-10-16 08:35:20;2191.431;1
2017-10-16 08:36:29;2191.463;1
2017-10-16 08:37:38;2139.037;1
2017-10-16 08:38:47;2191.4;1
2017-10-16 08:39:56;2139.161;1
2017-10-16 08:41:05;2243.446;1
2017-10-16 08:42:14;2243.316;1
2017-10-16 08:43:24;2608.658;1
2017-10-16 08:44:32;2400.035;1
2017-10-16 08:45:41;2921.866;1
2017-10-16 08:46:50;2191.431;1
2017-10-16 08:48:00;2921.4;1
2017-10-16 08:49:09;3860.758;1
2017-10-16 08:50:17;3965.735;1
2017-10-16 08:51:27;3912.647;1
2017-10-16 08:52:35;3913.384;1
2017-10-16 08:53:45;3964.815;1
2017-10-16 08:54:54;3965.217;1
2017-10-16 08:56:03;3756.576;1
2017-10-16 08:57:11;2295.685;1
2017-10-16 08:58:21;2243.186;1
2017-10-16 08:59:30;2661.101;1
2017-10-16 09:00:39;1878.179;1
2017-10-16 09:01:48;1826.219;1
2017-10-16 09:02:56;1773.99;1
2017-10-16 09:04:05;1617.391;1
2017-10-16 09:05:14;1513;1
2017-10-16 09:06:24;2191.209;1
2017-10-16 09:07:33;1721.714;1
2017-10-16 09:08:42;1616.548;1
2017-10-16 09:09:51;1565.331;1
2017-10-16 09:11:00;1721.939;1
2017-10-16 09:12:09;3287.099;1
2017-10-16 09:13:18;3391.648;1
2017-10-16 09:14:27;3287.385;1
2017-10-16 09:15:36;3130.616;1
2017-10-16 09:16:45;2765.217;1
2017-10-16 09:17:54;2817.269;1
2017-10-16 09:19:03;2973.999;1
2017-10-16 09:20:12;2504.239;1
2017-10-16 09:21:21;2191.241;1
2017-10-16 09:22:30;2295.619;1
2017-10-16 09:23:39;2348.03;1
2017-10-16 09:24:48;2504.348;1
2017-10-16 09:25:57;2817.31;1
2017-10-16 09:27:06;1460.912;1
2017-10-16 09:28:15;730.414;1
2017-10-16 09:29:24;365.186;1
2017-10-16 09:30:33;0;1
2017-10-16 09:31:42;156.515;1
2017-10-16 09:32:51;0;1
2017-10-16 09:34:00;573.955;1
2017-10-16 09:35:09;1095.636;1
2017-10-16 09:36:18;1095.62;1
2017-10-16 09:37:27;1669.614;1
2017-10-16 09:38:36;2139.037;1
2017-10-16 09:39:45;1147.876;1
2017-10-16 09:40:54;1356.561;1
2017-10-16 09:42:03;1304.329;1
2017-10-16 09:43:12;939.076;1
2017-10-16 09:44:21;208.693;1
2017-10-16 09:45:30;104.345;1
2017-10-16 09:46:39;52.173;1
2017-10-16 09:47:48;417.391;1
2017-10-16 09:48:57;260.87;1
2017-10-16 09:50:06;313.053;1
2017-10-16 09:51:15;52.175;1
2017-10-16 09:52:24;0;1
2017-10-16 09:53:33;0;1
2017-10-16 09:54:42;156.517;1
2017-10-16 09:55:51;0;1
2017-10-16 09:57:00;0;1
2017-10-16 09:58:09;313.053;1
2017-10-16 09:59:18;0;1
2017-10-16 10:00:27;156.535;1
2017-10-16 10:01:35;365.239;1
2017-10-16 10:02:44;313.075;1
2017-10-16 10:03:53;208.702;1
2017-10-16 10:05:02;208.696;1
2017-10-16 10:06:11;52.178;1
2017-10-16 10:07:20;312.989;1
2017-10-16 10:08:29;260.873;1
2017-10-16 10:09:38;156.535;1
2017-10-16 10:10:47;260.858;1
2017-10-16 10:11:56;156.54;1
2017-10-16 10:13:05;208.696;1
2017-10-16 10:14:14;104.343;1
2017-10-16 10:15:23;52.17;1
2017-10-16 10:16:33;156.427;1
2017-10-16 10:17:42;260.862;1
2017-10-16 10:18:51;104.348;1
2017-10-16 10:20:00;0;1
2017-10-16 10:21:09;0;1
2017-10-16 10:22:18;52.169;1
2017-10-16 10:23:27;156.524;1
2017-10-16 10:24:36;52.174;1
2017-10-16 10:25:45;52.179;1
2017-10-16 10:26:54;52.174;1
2017-10-16 10:28:03;0;1
2017-10-16 10:29:12;52.171;1
2017-10-16 10:30:21;991.347;1
2017-10-16 10:31:30;104.351;1
2017-10-16 10:32:39;0;1
2017-10-16 10:33:48;0;1
2017-10-16 10:34:57;0;1
2017-10-16 10:36:06;0;1
2017-10-16 10:37:15;0;1
2017-10-16 10:38:24;0;1
2017-10-16 10:39:33;0;1
2017-10-16 10:40:42;0;1
2017-10-16 10:41:51;0;1
2017-10-16 10:43:00;0;1
2017-10-16 10:44:09;0;1
2017-10-16 10:45:18;469.592;1
2017-10-16 10:46:27;260.862;1
2017-10-16 10:47:36;156.51;1
2017-10-16 10:48:45;0;1
2017-10-16 10:49:54;0;1
2017-10-16 10:51:03;0;1
2017-10-16 10:52:12;0;1
2017-10-16 10:53:21;0;1
2017-10-16 10:54:30;0;1
2017-10-16 10:55:39;0;1
2017-10-16 10:56:48;0;1
2017-10-16 10:57:57;52.173;1
2017-10-16 10:59:06;0;1
2017-10-16 11:00:15;208.699;1
2017-10-16 11:01:24;208.671;1
2017-10-16 11:02:33;0;1
2017-10-16 11:03:42;0;1
2017-10-16 11:04:51;0;1
2017-10-16 11:06:00;730.371;1
2017-10-16 11:07:09;678.349;1
2017-10-16 11:08:18;521.694;1
2017-10-16 11:09:27;313.062;1
2017-10-16 11:10:36;156.524;1
2017-10-16 11:11:45;52.173;1
2017-10-16 11:12:54;52.175;1
2017-10-16 11:14:03;0;1
2017-10-16 11:15:12;0;1
2017-10-16 11:16:21;52.175;1
2017-10-16 11:17:30;0;1
2017-10-16 11:18:39;0;1
2017-10-16 11:19:48;0;1
2017-10-16 11:20:57;0;1
2017-10-16 11:22:06;0;1
2017-10-16 11:23:15;0;1
2017-10-16 11:24:24;0;1
2017-10-16 11:25:33;0;1
2017-10-16 11:26:42;0;1
2017-10-16 11:27:51;0;1
2017-10-16 11:29:00;0;1
2017-10-16 11:30:09;0;1
2017-10-16 11:31:18;0;1
2017-10-16 11:32:27;0;1
2017-10-16 11:33:36;0;1
2017-10-16 11:34:45;0;1
2017-10-16 11:35:54;0;1
2017-10-16 11:37:03;0;1
2017-10-16 11:38:12;0;1
2017-10-16 11:39:21;0;1
2017-10-16 11:40:30;0;1
2017-10-16 11:41:39;0;1
2017-10-16 11:42:48;0;1
2017-10-16 11:43:57;0;1
2017-10-16 11:45:06;0;1
2017-10-16 11:46:15;0;1
2017-10-16 11:47:24;0;1
2017-10-16 11:48:33;0;1
2017-10-16 11:49:42;0;1
2017-10-16 11:50:51;0;1
2017-10-16 11:52:00;0;1
2017-10-16 11:53:09;0;1
2017-10-16 11:54:18;0;1
2017-10-16 11:55:27;0;1
2017-10-16 11:56:36;0;1
2017-10-16 11:57:45;0;1
2017-10-16 11:58:54;0;1
2017-10-16 12:00:03;0;1
2017-10-16 12:01:12;0;1
2017-10-16 12:02:21;0;1
2017-10-16 12:03:30;0;1
2017-10-16 12:04:39;0;1
2017-10-16 12:05:48;0;1
2017-10-16 12:06:57;0;1
2017-10-16 12:08:06;0;1
2017-10-16 12:09:15;0;1
2017-10-16 12:10:24;0;1
2017-10-16 12:11:33;0;1
2017-10-16 12:12:42;0;1
2017-10-16 12:13:51;0;1
2017-10-16 12:15:00;0;1
2017-10-16 12:16:09;0;1
2017-10-16 12:17:18;0;1
2017-10-16 12:18:27;0;1
2017-10-16 12:19:36;0;1
2017-10-16 12:20:45;0;1
2017-10-16 12:21:54;0;1
2017-10-16 12:23:03;0;1
2017-10-16 12:24:12;0;1
2017-10-16 12:25:21;0;1
2017-10-16 12:26:30;0;1
2017-10-16 12:27:39;0;1
2017-10-16 12:28:48;0;1
2017-10-16 12:29:57;0;1
2017-10-16 12:31:06;0;1
2017-10-16 12:32:15;0;1
2017-10-16 12:33:24;0;1
2017-10-16 12:34:33;0;1
2017-10-16 12:35:42;0;1
2017-10-16 12:36:51;0;1
2017-10-16 12:38:00;0;1
2017-10-16 12:39:09;0;1
2017-10-16 12:40:18;0;1
2017-10-16 12:41:27;0;1
2017-10-16 12:42:36;0;1
2017-10-16 12:43:45;0;1
2017-10-16 12:44:54;0;1
2017-10-16 12:46:03;0;1
2017-10-16 12:47:12;0;1
2017-10-16 12:48:21;0;1
2017-10-16 12:49:30;0;1
2017-10-16 12:50:39;0;1
2017-10-16 12:51:48;0;1
2017-10-16 12:52:57;0;1
2017-10-16 12:54:06;0;1
2017-10-16 12:55:15;0;1
2017-10-16 12:56:24;0;1
2017-10-16 12:57:33;0;1
2017-10-16 12:58:42;0;1
2017-10-16 12:59:51;0;1
2017-10-16 13:01:00;0;1
2017-10-16 13:02:09;0;1
2017-10-16 13:03:18;0;1
2017-10-16 13:04:27;0;1
2017-10-16 13:05:36;0;1
2017-10-16 13:06:45;0;1
2017-10-16 13:07:54;0;1
2017-10-16 13:09:03;0;1
2017-10-16 13:10:12;0;1
2017-10-16 13:11:21;0;1
2017-10-16 13:12:30;0;1
2017-10-16 13:13:39;0;1
2017-10-16 13:14:48;0;1
2017-10-16 13:15:57;0;1
2017-10-16 13:17:06;0;1
2017-10-16 13:18:15;0;1
2017-10-16 13:19:24;0;1
2017-10-16 13:20:33;0;1
2017-10-16 13:21:42;0;1
2017-10-16 13:22:51;0;1
2017-10-16 13:24:00;0;1
2017-10-16 13:25:09;0;1
2017-10-16 13:26:18;0;1
2017-10-16 13:27:27;0;1
2017-10-16 13:28:36;0;1
2017-10-16 13:29:45;0;1
2017-10-16 13:30:54;0;1
2017-10-16 13:32:03;0;1
2017-10-16 13:33:12;0;1
2017-10-16 13:34:21;0;1
2017-10-16 13:35:30;0;1
2017-10-16 13:36:39;0;1
2017-10-16 13:37:48;0;1
2017-10-16 13:38:57;0;1
2017-10-16 13:40:06;0;1
2017-10-16 13:41:15;0;1
2017-10-16 13:42:24;0;1
2017-10-16 13:43:33;0;1
2017-10-16 13:44:42;0;1
2017-10-16 13:45:51;0;1
2017-10-16 13:47:00;0;1
2017-10-16 13:48:09;0;1
2017-10-16 13:49:18;0;1
2017-10-16 13:50:27;0;1
2017-10-16 13:51:36;0;1
2017-10-16 13:52:45;0;1
2017-10-16 13:53:54;0;1
2017-10-16 13:55:03;0;1
2017-10-16 13:56:12;0;1
2017-10-16 13:57:21;0;1
2017-10-16 13:58:30;0;1
2017-10-16 13:59:39;0;1
2017-10-16 14:00:48;0;1
2017-10-16 14:01:57;0;1
2017-10-16 14:03:06;0;1
2017-10-16 14:04:15;0;1
2017-10-16 14:05:24;0;1
2017-10-16 14:06:33;0;1
2017-10-16 14:07:42;0;1
2017-10-16 14:08:51;0;1
2017-10-16 14:10:00;0;1
2017-10-16 14:11:09;0;1
2017-10-16 14:12:18;0;1
2017-10-16 14:13:27;0;1
2017-10-16 14:14:36;0;1
2017-10-16 14:15:45;0;1
2017-10-16 14:16:54;0;1
2017-10-16 14:18:03;0;1
2017-10-16 14:19:12;0;1
2017-10-16 14:20:21;0;1
2017-10-16 14:21:30;0;1
2017-10-16 14:22:39;0;1
2017-10-16 14:23:48;0;1
2017-10-16 14:24:57;0;1
2017-10-16 14:26:06;0;1
2017-10-16 14:27:15;0;1
2017-10-16 14:28:24;0;1
2017-10-16 14:29:33;0;1
2017-10-16 14:30:42;0;1
2017-10-16 14:31:51;0;1
2017-10-16 14:33:00;0;1
2017-10-16 14:34:09;0;1
2017-10-16 14:35:18;0;1
2017-10-16 14:36:27;0;1
2017-10-16 14:37:36;0;1
2017-10-16 14:38:45;0;1
2017-10-16 14:39:54;0;1
2017-10-16 14:41:03;0;1
2017-10-16 14:42:12;0;1
2017-10-16 14:43:21;0;1
2017-10-16 14:44:30;0;1
2017-10-16 14:45:39;0;1
2017-10-16 14:46:48;0;1
2017-10-16 14:47:57;0;1
2017-10-16 14:49:06;0;1
2017-10-16 14:50:15;0;1
2017-10-16 14:51:24;0;1
2017-10-16 14:52:33;0;1
2017-10-16 14:53:42;0;1
2017-10-16 14:54:51;0;1
2017-10-16 14:56:00;0;1
2017-10-16 14:57:09;0;1
2017-10-16 14:58:18;0;1
2017-10-16 14:59:27;0;1
2017-10-16 15:00:36;0;1
2017-10-16 15:01:45;0;1
2017-10-16 15:02:54;0;1
2017-10-16 15:04:03;0;1
2017-10-16 15:05:12;0;1
2017-10-16 15:06:21;0;1
2017-10-16 15:07:30;0;1
2017-10-16 15:08:39;0;1
2017-10-16 15:09:48;0;1
2017-10-16 15:10:57;0;1
2017-10-16 15:12:06;0;1
2017-10-16 15:13:15;0;1
2017-10-16 15:14:24;0;1
2017-10-16 15:15:33;0;1
2017-10-16 15:16:42;0;1
2017-10-16 15:17:51;0;1
2017-10-16 15:19:00;0;1
2017-10-16 15:20:09;0;1
2017-10-16 15:21:18;0;1
2017-10-16 15:22:27;0;1
2017-10-16 15:23:36;0;1
2017-10-16 15:24:45;0;1
2017-10-16 15:25:54;0;1
2017-10-16 15:27:03;0;1
2017-10-16 15:28:12;0;1
2017-10-16 15:29:21;0;1
2017-10-16 15:30:30;0;1
2017-10-16 15:31:39;0;1
2017-10-16 15:32:48;0;1
2017-10-16 15:33:57;0;1
2017-10-16 15:35:06;0;1
2017-10-16 15:36:15;0;1
2017-10-16 15:37:24;0;1
2017-10-16 15:38:33;0;1
2017-10-16 15:39:42;0;1
2017-10-16 15:40:51;0;1
2017-10-16 15:42:00;0;1
2017-10-16 15:43:09;0;1
2017-10-16 15:44:18;0;1
2017-10-16 15:45:27;0;1
2017-10-16 15:46:36;0;1
2017-10-16 15:47:45;0;1
2017-10-16 15:48:54;0;1
2017-10-16 15:50:03;0;1
2017-10-16 15:51:12;0;1
2017-10-16 15:52:21;0;1
2017-10-16 15:53:30;0;1
2017-10-16 15:54:39;0;1
2017-10-16 15:55:48;0;1
2017-10-16 15:56:57;0;1
2017-10-16 15:58:06;0;1
2017-10-16 15:59:15;0;1
2017-10-16 16:00:24;0;1
2017-10-16 16:01:33;0;1
2017-10-16 16:02:42;0;1
2017-10-16 16:03:51;0;1
2017-10-16 16:05:00;0;1
2017-10-16 16:06:09;0;1
2017-10-16 16:07:18;0;1
2017-10-16 16:08:27;0;1
2017-10-16 16:09:36;0;1
2017-10-16 16:10:45;0;1
2017-10-16 16:11:54;0;1
2017-10-16 16:13:03;0;1
2017-10-16 16:14:12;0;1
2017-10-16 16:15:20;0;1
2017-10-16 16:16:29;0;1
2017-10-16 16:17:38;0;1
2017-10-16 16:18:47;0;1
2017-10-16 16:19:56;0;1
2017-10-16 16:21:05;0;1
2017-10-16 16:22:14;0;1
2017-10-16 16:23:23;0;1
2017-10-16 16:24:32;0;1
2017-10-16 16:25:41;0;1
2017-10-16 16:26:50;0;1
2017-10-16 16:27:59;0;1
2017-10-16 16:29:08;0;1
2017-10-16 16:30:17;0;1
2017-10-16 16:31:26;0;1
2017-10-16 16:32:35;0;1
2017-10-16 16:33:44;0;1
2017-10-16 16:34:53;0;1
2017-10-16 16:36:02;0;1
2017-10-16 16:37:11;0;1
2017-10-16 16:38:20;0;1
2017-10-16 16:39:29;0;1
2017-10-16 16:40:38;0;1
2017-10-16 16:41:47;0;1
2017-10-16 16:42:56;313.062;1
2017-10-16 16:44:05;417.416;1
2017-10-16 16:45:14;417.416;1
2017-10-16 16:46:23;469.626;1
2017-10-16 16:47:32;417.403;1
2017-10-16 16:48:41;260.896;1
2017-10-16 16:49:50;313.048;1
2017-10-16 16:50:59;365.265;1
2017-10-16 16:52:08;313.071;1
2017-10-16 16:53:17;417.44;1
2017-10-16 16:54:26;417.428;1
2017-10-16 16:55:35;365.244;1
2017-10-16 16:56:44;469.613;1
2017-10-16 16:57:53;521.739;1
2017-10-16 16:59:02;365.26;1
2017-10-16 17:00:11;0;1
2017-10-16 17:01:20;0;1
2017-10-16 17:02:29;0;1
2017-10-16 17:03:38;0;1
2017-10-16 17:04:47;0;1
2017-10-16 17:05:56;0;1
2017-10-16 17:07:05;0;1
2017-10-16 17:08:14;0;1
2017-10-16 17:09:23;0;1
2017-10-16 17:10:32;0;1
2017-10-16 17:11:41;0;1
2017-10-16 17:12:50;0;1
2017-10-16 17:13:59;0;1
2017-10-16 17:15:08;0;1
2017-10-16 17:16:17;0;1
2017-10-16 17:17:26;0;1
2017-10-16 17:18:35;0;1
2017-10-16 17:19:44;52.176;1
2017-10-16 17:20:53;0;1
2017-10-16 17:22:02;52.173;1
2017-10-16 17:23:11;52.175;1
2017-10-16 17:24:20;52.175;1
2017-10-16 17:25:29;104.34;1
2017-10-16 17:26:38;52.174;1
2017-10-16 17:27:47;104.36;1
2017-10-16 17:28:56;156.504;1
2017-10-16 17:30:05;104.36;1
2017-10-16 17:31:14;156.54;1
2017-10-16 17:32:23;208.702;1
2017-10-16 17:33:32;208.693;1
2017-10-16 17:34:41;260.87;1
2017-10-16 17:35:50;260.828;1
2017-10-16 17:36:59;260.839;1
2017-10-16 17:38:08;313.08;1
2017-10-16 17:39:17;313.034;1
2017-10-16 17:40:26;313.034;1
2017-10-16 17:41:35;365.202;1
2017-10-16 17:42:44;365.228;1
2017-10-16 17:43:53;417.349;1
2017-10-16 17:45:02;417.397;1
2017-10-16 17:46:11;417.391;1
2017-10-16 17:47:20;469.62;1
2017-10-16 17:48:29;469.518;1
2017-10-16 17:49:38;521.785;1
2017-10-16 17:50:47;469.545;1
2017-10-16 17:51:56;521.732;1
2017-10-16 17:53:05;521.747;1
2017-10-16 17:54:14;521.747;1
2017-10-16 17:55:23;573.863;1
2017-10-16 17:56:32;521.739;1
2017-10-16 17:57:41;626.06;1
2017-10-16 17:58:50;573.971;1
2017-10-16 17:59:59;573.888;1
2017-10-16 18:01:08;678.212;1
2017-10-16 18:02:17;730.551;1
2017-10-16 18:03:26;678.212;1
2017-10-16 18:04:35;782.575;1
2017-10-16 18:05:44;730.435;1
2017-10-16 18:06:53;730.456;1
2017-10-16 18:08:02;782.575;1
2017-10-16 18:09:11;730.477;1
2017-10-16 18:10:20;730.414;1
2017-10-16 18:11:29;834.771;1
2017-10-16 18:12:38;730.467;1
2017-10-16 18:13:47;782.529;1
2017-10-16 18:14:56;782.631;1
2017-10-16 18:16:05;782.654;1
2017-10-16 18:17:14;730.371;1
2017-10-16 18:18:23;939.226;1
2017-10-16 18:19:32;2295.552;1
2017-10-16 18:20:41;2243.706;1
2017-10-16 18:21:50;1930.547;1
2017-10-16 18:22:59;886.841;1
2017-10-16 18:24:08;782.507;1
2017-10-16 18:25:17;782.643;1
2017-10-16 18:26:26;782.631;1
2017-10-16 18:27:35;782.654;1
2017-10-16 18:28:44;782.563;1
2017-10-16 18:29:53;782.631;1
2017-10-16 18:31:02;782.586;1
2017-10-16 18:32:11;730.488;1
2017-10-16 18:33:20;730.329;1
2017-10-16 18:34:29;730.467;1
2017-10-16 18:35:38;730.445;1
2017-10-16 18:36:47;730.467;1
2017-10-16 18:37:56;782.609;1
2017-10-16 18:39:05;730.445;1
2017-10-16 18:40:14;782.541;1
2017-10-16 18:41:23;782.609;1
2017-10-16 18:42:32;834.795;1
2017-10-16 18:43:41;782.631;1
2017-10-16 18:44:50;730.329;1
2017-10-16 18:45:59;782.643;1
2017-10-16 18:47:08;782.631;1
2017-10-16 18:48:17;782.586;1
2017-10-16 18:49:26;782.688;1
2017-10-16 18:50:35;991.218;1
2017-10-16 18:51:44;887.008;1
2017-10-16 18:52:53;834.807;1
2017-10-16 18:54:02;782.654;1
2017-10-16 18:55:11;782.609;1
2017-10-16 18:56:20;730.477;1
2017-10-16 18:57:29;782.654;1
2017-10-16 18:58:38;730.371;1
2017-10-16 18:59:47;730.467;1
2017-10-16 19:00:56;782.631;1
2017-10-16 19:02:05;886.995;1
2017-10-16 19:03:14;834.746;1
2017-10-16 19:04:23;887.008;1
2017-10-16 19:05:32;782.495;1
2017-10-16 19:06:41;730.477;1
2017-10-16 19:07:50;782.677;1
2017-10-16 19:08:59;730.318;1
2017-10-16 19:10:08;782.597;1
2017-10-16 19:11:17;730.467;1
2017-10-16 19:12:26;782.665;1
2017-10-16 19:13:35;730.456;1
2017-10-16 19:14:44;730.361;1
2017-10-16 19:15:53;782.62;1
2017-10-16 19:17:02;730.403;1
2017-10-16 19:18:11;730.424;1
2017-10-16 19:19:20;730.467;1
2017-10-16 19:20:29;730.467;1
2017-10-16 19:21:38;782.563;1
2017-10-16 19:22:47;730.414;1
2017-10-16 19:23:56;730.403;1
2017-10-16 19:25:05;782.586;1
2017-10-16 19:26:14;834.795;1
2017-10-16 19:27:23;2087.047;1
2017-10-16 19:28:32;2973.999;1
2017-10-16 19:29:41;2921.781;1
2017-10-16 19:30:50;2869.607;1
2017-10-16 19:31:59;2973.827;1
2017-10-16 19:33:08;3130.435;1
2017-10-16 19:34:17;2869.648;1
2017-10-16 19:35:26;2243.218;1
2017-10-16 19:36:35;2191.273;1
2017-10-16 19:37:44;2243.478;1
2017-10-16 19:38:53;2295.619;1
2017-10-16 19:40:02;2348.03;1
2017-10-16 19:41:11;1304.442;1
2017-10-16 19:42:20;1304.253;1
2017-10-16 19:43:29;1304.272;1
2017-10-16 19:44:38;1304.272;1
2017-10-16 19:45:47;1252.265;1
2017-10-16 19:46:56;1304.367;1
2017-10-16 19:48:05;1304.31;1
2017-10-16 19:49:14;1252.192;1
2017-10-16 19:50:23;1304.348;1
2017-10-16 19:51:32;1304.291;1
2017-10-16 19:52:41;1252.138;1
2017-10-16 19:53:50;1304.461;1
2017-10-16 19:54:59;1304.272;1
2017-10-16 19:56:08;1252.119;1
2017-10-16 19:57:17;1252.265;1
2017-10-16 19:58:26;1252.192;1
2017-10-16 19:59:35;1252.047;1
2017-10-16 20:00:44;1200.104;1
2017-10-16 20:01:53;1252.21;1
2017-10-16 20:03:02;1252.119;1
2017-10-16 20:04:11;1199.948;1
2017-10-16 20:05:20;1252.228;1
2017-10-16 20:06:29;1252.156;1
2017-10-16 20:07:38;1252.265;1
2017-10-16 20:08:47;1199.861;1
2017-10-16 20:09:56;1200.07;1
2017-10-16 20:11:05;1199.948;1
2017-10-16 20:12:14;1200.035;1
2017-10-16 20:13:23;1252.21;1
2017-10-16 20:14:32;1199.861;1
2017-10-16 20:15:41;1199.93;1
2017-10-16 20:16:50;1200.052;1
2017-10-16 20:17:59;1200.052;1
2017-10-16 20:19:08;1200.052;1
2017-10-16 20:20:17;1147.893;1
2017-10-16 20:21:26;1200.052;1
2017-10-16 20:22:35;1147.793;1
2017-10-16 20:23:44;1199.983;1
2017-10-16 20:24:53;1147.76;1
2017-10-16 20:26:02;1199.965;1
2017-10-16 20:27:11;1147.893;1
2017-10-16 20:28:20;1147.726;1
2017-10-16 20:29:29;1095.7;1
2017-10-16 20:30:38;1147.943;1
2017-10-16 20:31:47;1095.509;1
2017-10-16 20:32:56;1095.557;1
2017-10-16 20:34:05;1095.684;1
2017-10-16 20:35:14;1095.7;1
2017-10-16 20:36:23;1095.668;1
2017-10-16 20:37:32;1043.463;1
2017-10-16 20:38:41;1095.652;1
2017-10-16 20:39:50;1095.62;1
2017-10-16 20:40:59;1043.463;1
2017-10-16 20:42:08;1252.247;1
2017-10-16 20:43:17;1147.793;1
2017-10-16 20:44:26;1147.859;1
2017-10-16 20:45:35;1147.893;1
2017-10-16 20:46:44;1043.433;1
2017-10-16 20:47:53;1043.584;1
2017-10-16 20:49:02;939.035;1
2017-10-16 20:50:11;939.171;1
2017-10-16 20:51:20;991.189;1
2017-10-16 20:52:29;939.212;1
2017-10-16 20:53:38;939.076;1
2017-10-16 20:54:47;939.158;1
2017-10-16 20:55:56;886.969;1
2017-10-16 20:57:05;886.944;1
2017-10-16 20:58:14;886.892;1
2017-10-16 20:59:23;886.969;1
2017-10-16 21:00:32;886.957;1
2017-10-16 21:01:41;886.982;1
2017-10-16 21:02:50;939.062;1
2017-10-16 21:03:59;886.918;1
2017-10-16 21:05:08;939.212;1
2017-10-16 21:06:17;991.333;1
2017-10-16 21:07:26;939.158;1
2017-10-16 21:08:35;939.117;1
2017-10-16 21:09:44;939.035;1
2017-10-16 21:10:53;991.333;1
2017-10-16 21:12:02;939.198;1
2017-10-16 21:13:11;939.171;1
2017-10-16 21:14:20;886.944;1
2017-10-16 21:15:29;834.71;1
2017-10-16 21:16:38;782.609;1
2017-10-16 21:17:47;834.722;1
2017-10-16 21:18:56;834.783;1
2017-10-16 21:20:05;834.843;1
2017-10-16 21:21:14;834.795;1
2017-10-16 21:22:23;834.698;1
2017-10-16 21:23:32;782.643;1
2017-10-16 21:24:41;834.71;1
2017-10-16 21:25:50;834.807;1
2017-10-16 21:26:59;782.563;1
2017-10-16 21:28:08;834.771;1
2017-10-16 21:29:17;782.11;1
2017-10-16 21:30:26;782.643;1
2017-10-16 21:31:35;887.021;1
2017-10-16 21:32:44;991.376;1
2017-10-16 21:33:53;939.212;1
2017-10-16 21:35:02;939.267;1
2017-10-16 21:36:11;886.867;1
2017-10-16 21:37:20;834.831;1
2017-10-16 21:38:29;834.928;1
2017-10-16 21:39:38;834.758;1
2017-10-16 21:40:47;782.597;1
2017-10-16 21:41:56;834.637;1
2017-10-16 21:43:05;2817.065;1
2017-10-16 21:44:14;2817.555;1
2017-10-16 21:45:23;834.807;1
2017-10-16 21:46:32;834.746;1
2017-10-16 21:47:41;886.969;1
2017-10-16 21:48:50;1721.939;1
2017-10-16 21:49:59;2399.93;1
2017-10-16 21:51:08;2347.962;1
2017-10-16 21:52:17;2087.078;1
2017-10-16 21:53:26;1878.315;1
2017-10-16 21:54:35;1147.693;1
2017-10-16 21:55:44;834.807;1
2017-10-16 21:56:53;887.008;1
2017-10-16 21:58:02;834.855;1
2017-10-16 21:59:11;834.686;1
2017-10-16 22:00:20;834.795;1
2017-10-16 22:01:29;782.609;1
2017-10-16 22:02:38;782.563;1
2017-10-16 22:03:47;834.758;1
2017-10-16 22:04:56;730.477;1
2017-10-16 22:06:05;0;1
2017-10-16 22:07:14;0;1
2017-10-16 22:08:23;0;1
2017-10-16 22:09:32;0;1
2017-10-16 22:10:41;0;1
2017-10-16 22:11:50;0;1
2017-10-16 22:12:59;0;1
2017-10-16 22:14:08;0;1
2017-10-16 22:15:17;0;1
2017-10-16 22:16:26;0;1
2017-10-16 22:17:35;0;1
2017-10-16 22:18:44;0;1
2017-10-16 22:19:53;0;1
2017-10-16 22:21:02;0;1
2017-10-16 22:22:11;0;1
2017-10-16 22:23:20;0;1
2017-10-16 22:24:29;0;1
2017-10-16 22:25:38;0;1
2017-10-16 22:26:47;0;1
2017-10-16 22:27:56;0;1
2017-10-16 22:29:05;0;1
2017-10-16 22:30:14;0;1
2017-10-16 22:31:23;0;1
2017-10-16 22:32:32;0;1
2017-10-16 22:33:41;0;1
2017-10-16 22:34:50;0;1
2017-10-16 22:35:59;0;1
2017-10-16 22:37:08;0;1
2017-10-16 22:38:17;0;1
2017-10-16 22:39:26;0;1
2017-10-16 22:40:35;0;1
2017-10-16 22:41:44;0;1
2017-10-16 22:42:53;0;1
2017-10-16 22:44:02;0;1
2017-10-16 22:45:11;0;1
2017-10-16 22:46:20;0;1
2017-10-16 22:47:29;0;1
2017-10-16 22:48:38;0;1
2017-10-16 22:49:47;0;1
2017-10-16 22:50:56;0;1
2017-10-16 22:52:05;0;1
2017-10-16 22:53:14;0;1
2017-10-16 22:54:23;0;1
2017-10-16 22:55:32;0;1
2017-10-16 22:56:41;0;1
2017-10-16 22:57:50;0;1
2017-10-16 22:58:59;0;1
2017-10-16 23:00:08;0;1
2017-10-16 23:01:17;0;1
2017-10-16 23:02:26;0;1
2017-10-16 23:03:35;0;1
2017-10-16 23:04:44;0;1
2017-10-16 23:05:53;0;1
2017-10-16 23:07:02;0;1
2017-10-16 23:08:11;0;1
2017-10-16 23:09:20;0;1
2017-10-16 23:10:29;0;1
2017-10-16 23:11:38;0;1
2017-10-16 23:12:47;0;1
2017-10-16 23:13:56;0;1
2017-10-16 23:15:05;0;1
2017-10-16 23:16:14;0;1
2017-10-16 23:17:23;0;1
2017-10-16 23:18:32;0;1
2017-10-16 23:19:41;0;1
2017-10-16 23:20:50;0;1
2017-10-16 23:21:59;0;1
2017-10-16 23:23:08;0;1
2017-10-16 23:24:17;0;1
2017-10-16 23:25:26;0;1
2017-10-16 23:26:35;0;1
2017-10-16 23:27:44;0;1
2017-10-16 23:28:53;0;1
2017-10-16 23:30:02;0;1
2017-10-16 23:31:11;0;1
2017-10-16 23:32:20;0;1
2017-10-16 23:33:29;0;1
2017-10-16 23:34:38;0;1
2017-10-16 23:35:47;0;1
2017-10-16 23:36:56;0;1
2017-10-16 23:38:05;0;1
2017-10-16 23:39:14;0;1
2017-10-16 23:40:23;0;1
2017-10-16 23:41:32;0;1
2017-10-16 23:42:41;0;1
2017-10-16 23:43:50;0;1
2017-10-16 23:44:59;0;1
2017-10-16 23:46:08;0;1
2017-10-16 23:47:17;0;1
2017-10-16 23:48:26;0;1
2017-10-16 23:49:35;0;1
2017-10-16 23:50:44;0;1
2017-10-16 23:51:53;0;1
2017-10-16 23:53:02;0;1
2017-10-16 23:54:11;0;1
2017-10-16 23:55:20;0;1
2017-10-16 23:56:29;0;1
2017-10-16 23:57:38;0;1
2017-10-16 23:58:47;0;1
2017-10-16 23:59:56;0;1
2017-10-17 00:01:05;0;1
2017-10-17 00:02:14;0;1
2017-10-17 00:03:23;0;1
2017-10-17 00:04:32;0;1
2017-10-17 00:05:41;0;1
2017-10-17 00:06:50;0;1
2017-10-17 00:07:59;0;1
2017-10-17 00:09:08;0;1
2017-10-17 00:10:17;0;1
2017-10-17 00:11:26;0;1
2017-10-17 00:12:35;0;1
2017-10-17 00:13:44;0;1
2017-10-17 00:14:53;0;1
2017-10-17 00:16:02;0;1
2017-10-17 00:17:11;0;1
2017-10-17 00:18:20;0;1
2017-10-17 00:19:29;0;1
2017-10-17 00:20:38;0;1
2017-10-17 00:21:47;0;1
2017-10-17 00:22:56;0;1
2017-10-17 00:24:05;0;1
2017-10-17 00:25:14;0;1
2017-10-17 00:26:23;0;1
2017-10-17 00:27:32;0;1
2017-10-17 00:28:41;0;1
2017-10-17 00:29:50;0;1
2017-10-17 00:30:59;0;1
2017-10-17 00:32:08;0;1
2017-10-17 00:33:17;0;1
2017-10-17 00:34:26;0;1
2017-10-17 00:35:35;0;1
2017-10-17 00:36:44;0;1
2017-10-17 00:37:53;0;1
2017-10-17 00:39:02;0;1
2017-10-17 00:40:11;0;1
2017-10-17 00:41:20;0;1
2017-10-17 00:42:29;0;1
2017-10-17 00:43:38;0;1
2017-10-17 00:44:47;0;1
2017-10-17 00:45:56;0;1
2017-10-17 00:47:05;0;1
2017-10-17 00:48:14;0;1
2017-10-17 00:49:23;0;1
2017-10-17 00:50:32;0;1
2017-10-17 00:51:41;0;1
2017-10-17 00:52:50;0;1
2017-10-17 00:53:59;0;1
2017-10-17 00:55:08;0;1
2017-10-17 00:56:17;0;1
2017-10-17 00:57:26;0;1
2017-10-17 00:58:35;0;1
2017-10-17 00:59:44;0;1
2017-10-17 01:00:53;0;1
2017-10-17 01:02:02;0;1
2017-10-17 01:03:11;0;1
2017-10-17 01:04:20;0;1
2017-10-17 01:05:29;0;1
2017-10-17 01:06:38;0;1
2017-10-17 01:07:47;0;1
2017-10-17 01:08:56;0;1
2017-10-17 01:10:05;0;1
2017-10-17 01:11:14;0;1
2017-10-17 01:12:23;0;1
2017-10-17 01:13:32;0;1
2017-10-17 01:14:41;0;1
2017-10-17 01:15:50;0;1
2017-10-17 01:16:59;0;1
2017-10-17 01:18:08;0;1
2017-10-17 01:19:17;0;1
2017-10-17 01:20:26;0;1
2017-10-17 01:21:35;0;1
2017-10-17 01:22:44;0;1
2017-10-17 01:23:53;0;1
2017-10-17 01:25:02;0;1
2017-10-17 01:26:11;0;1
2017-10-17 01:27:20;0;1
2017-10-17 01:28:29;0;1
2017-10-17 01:29:38;0;1
2017-10-17 01:30:47;0;1
2017-10-17 01:31:56;0;1
2017-10-17 01:33:05;0;1
2017-10-17 01:34:14;0;1
2017-10-17 01:35:23;0;1
2017-10-17 01:36:32;0;1
2017-10-17 01:37:41;0;1
2017-10-17 01:38:50;0;1
2017-10-17 01:39:59;0;1
2017-10-17 01:41:08;0;1
2017-10-17 01:42:17;0;1
2017-10-17 01:43:26;0;1
2017-10-17 01:44:35;0;1
2017-10-17 01:45:44;0;1
2017-10-17 01:46:53;0;1
2017-10-17 01:48:02;0;1
2017-10-17 01:49:11;0;1
2017-10-17 01:50:20;0;1
2017-10-17 01:51:29;0;1
2017-10-17 01:52:38;0;1
2017-10-17 01:53:47;0;1
2017-10-17 01:54:56;0;1
2017-10-17 01:56:05;0;1
2017-10-17 01:57:14;0;1
2017-10-17 01:58:23;0;1
2017-10-17 01:59:32;0;1
2017-10-17 02:00:41;0;1
2017-10-17 02:01:50;0;1
2017-10-17 02:02:59;0;1
2017-10-17 02:04:08;0;1
2017-10-17 02:05:17;0;1
2017-10-17 02:06:26;0;1
2017-10-17 02:07:35;0;1
2017-10-17 02:08:44;0;1
2017-10-17 02:09:53;0;1
2017-10-17 02:11:02;0;1
2017-10-17 02:12:11;0;1
2017-10-17 02:13:20;0;1
2017-10-17 02:14:29;0;1
2017-10-17 02:15:38;0;1
2017-10-17 02:16:47;0;1
2017-10-17 02:17:56;0;1
2017-10-17 02:19:05;0;1
2017-10-17 02:20:14;0;1
2017-10-17 02:21:23;0;1
2017-10-17 02:22:32;0;1
2017-10-17 02:23:41;0;1
2017-10-17 02:24:50;0;1
2017-10-17 02:25:59;0;1
2017-10-17 02:27:08;0;1
2017-10-17 02:28:17;0;1
2017-10-17 02:29:26;0;1
2017-10-17 02:30:35;0;1
2017-10-17 02:31:44;0;1
2017-10-17 02:32:53;0;1
2017-10-17 02:34:02;0;1
2017-10-17 02:35:11;0;1
2017-10-17 02:36:20;0;1
2017-10-17 02:37:29;0;1
2017-10-17 02:38:38;0;1
2017-10-17 02:39:47;0;1
2017-10-17 02:40:56;0;1
2017-10-17 02:42:05;0;1
2017-10-17 02:43:14;0;1
2017-10-17 02:44:23;0;1
2017-10-17 02:45:32;0;1
2017-10-17 02:46:41;0;1
2017-10-17 02:47:50;0;1
2017-10-17 02:48:59;0;1
2017-10-17 02:50:08;0;1
2017-10-17 02:51:17;0;1
2017-10-17 02:52:26;0;1
2017-10-17 02:53:35;0;1
2017-10-17 02:54:44;0;1
2017-10-17 02:55:53;0;1
2017-10-17 02:57:02;0;1
2017-10-17 02:58:11;0;1
2017-10-17 02:59:20;0;1
2017-10-17 03:00:29;0;1
2017-10-17 03:01:38;0;1
2017-10-17 03:02:47;0;1
2017-10-17 03:03:56;0;1
2017-10-17 03:05:05;0;1
2017-10-17 03:06:14;0;1
2017-10-17 03:07:23;0;1
2017-10-17 03:08:32;0;1
2017-10-17 03:09:41;0;1
2017-10-17 03:10:50;0;1
2017-10-17 03:11:59;0;1
2017-10-17 03:13:08;0;1
2017-10-17 03:14:17;0;1
2017-10-17 03:15:26;0;1
2017-10-17 03:16:35;0;1
2017-10-17 03:17:44;0;1
2017-10-17 03:18:53;0;1
2017-10-17 03:20:02;0;1
2017-10-17 03:21:11;0;1
2017-10-17 03:22:20;0;1
2017-10-17 03:23:29;0;1
2017-10-17 03:24:38;0;1
2017-10-17 03:25:47;0;1
2017-10-17 03:26:56;0;1
2017-10-17 03:28:05;0;1
2017-10-17 03:29:14;0;1
2017-10-17 03:30:23;0;1
2017-10-17 03:31:32;0;1
2017-10-17 03:32:41;0;1
2017-10-17 03:33:50;0;1
2017-10-17 03:34:59;0;1
2017-10-17 03:36:08;0;1
2017-10-17 03:37:17;0;1
2017-10-17 03:38:26;0;1
2017-10-17 03:39:35;0;1
2017-10-17 03:40:44;0;1
2017-10-17 03:41:53;0;1
2017-10-17 03:43:02;0;1
2017-10-17 03:44:11;0;1
2017-10-17 03:45:20;0;1
2017-10-17 03:46:29;0;1
2017-10-17 03:47:38;0;1
2017-10-17 03:48:47;0;1
2017-10-17 03:49:56;0;1
2017-10-17 03:51:05;0;1
2017-10-17 03:52:14;0;1
2017-10-17 03:53:23;0;1
2017-10-17 03:54:32;0;1
2017-10-17 03:55:41;0;1
2017-10-17 03:56:50;0;1
2017-10-17 03:57:59;0;1
2017-10-17 03:59:08;0;1
2017-10-17 04:00:17;0;1
2017-10-17 04:01:26;0;1
2017-10-17 04:02:35;0;1
2017-10-17 04:03:44;0;1
2017-10-17 04:04:53;0;1
2017-10-17 04:07:32;0;1
2017-10-17 04:08:49;0;1
2017-10-17 04:09:58;0;1
2017-10-17 04:11:07;0;1
2017-10-17 04:12:16;0;1
2017-10-17 04:13:25;0;1
2017-10-17 04:14:34;0;1
2017-10-17 04:15:43;0;1
2017-10-17 04:16:52;0;1
2017-10-17 04:18:01;0;1
2017-10-17 04:19:10;0;1
2017-10-17 04:20:19;0;1
2017-10-17 04:21:28;0;1
2017-10-17 04:22:37;0;1
2017-10-17 04:23:46;0;1
2017-10-17 04:24:55;0;1
2017-10-17 04:26:04;0;1
2017-10-17 04:27:13;0;1
2017-10-17 04:28:22;0;1
2017-10-17 04:29:31;0;1
2017-10-17 04:30:40;0;1
2017-10-17 04:31:49;0;1
2017-10-17 04:32:58;0;1
2017-10-17 04:34:07;0;1
2017-10-17 04:35:16;0;1
2017-10-17 04:36:25;0;1
2017-10-17 04:37:34;0;1
2017-10-17 04:38:43;0;1
2017-10-17 04:39:52;0;1
2017-10-17 04:41:01;0;1
2017-10-17 04:42:10;0;1
2017-10-17 04:43:19;0;1
2017-10-17 04:44:28;0;1
2017-10-17 04:45:37;0;1
2017-10-17 04:46:46;0;1
2017-10-17 04:47:55;0;1
2017-10-17 04:49:04;0;1
2017-10-17 04:50:13;0;1
2017-10-17 04:51:22;0;1
2017-10-17 04:52:31;0;1
2017-10-17 04:53:40;0;1
2017-10-17 04:54:49;0;1
2017-10-17 04:55:58;0;1
2017-10-17 04:57:07;0;1
2017-10-17 04:58:16;0;1
2017-10-17 04:59:25;0;1
2017-10-17 05:00:34;0;1
2017-10-17 05:01:43;0;1
2017-10-17 05:02:52;0;1
2017-10-17 05:04:01;0;1
2017-10-17 05:05:10;0;1
2017-10-17 05:06:19;0;1
2017-10-17 05:07:28;0;1
2017-10-17 05:08:37;0;1
2017-10-17 05:09:46;0;1
2017-10-17 05:10:55;0;1
2017-10-17 05:12:04;0;1
2017-10-17 05:13:13;0;1
2017-10-17 05:14:22;0;1
2017-10-17 05:15:31;0;1
2017-10-17 05:16:40;0;1
2017-10-17 05:17:49;0;1
2017-10-17 05:18:58;0;1
2017-10-17 05:20:07;0;1
2017-10-17 05:21:16;0;1
2017-10-17 05:22:25;0;1
2017-10-17 05:23:34;0;1
2017-10-17 05:24:43;0;1
2017-10-17 05:25:52;0;1
2017-10-17 05:27:01;0;1
2017-10-17 05:28:10;0;1
2017-10-17 05:29:19;0;1
2017-10-17 05:30:28;0;1
2017-10-17 05:31:37;0;1
2017-10-17 05:32:46;0;1
2017-10-17 05:33:55;0;1
2017-10-17 05:35:04;0;1
2017-10-17 05:36:13;0;1
2017-10-17 05:37:22;0;1
2017-10-17 05:38:31;0;1
2017-10-17 05:39:40;0;1
2017-10-17 05:40:49;0;1
2017-10-17 05:41:58;0;1
2017-10-17 05:43:07;0;1
2017-10-17 05:44:16;0;1
2017-10-17 05:45:25;0;1
2017-10-17 05:46:34;0;1
2017-10-17 05:47:43;0;1
2017-10-17 05:48:52;0;1
2017-10-17 05:50:01;0;1
2017-10-17 05:51:10;0;1
2017-10-17 05:52:19;0;1
2017-10-17 05:53:28;0;1
2017-10-17 05:54:37;0;1
2017-10-17 05:55:46;0;1
2017-10-17 05:56:55;0;1
2017-10-17 05:58:04;0;1
2017-10-17 05:59:13;0;1
2017-10-17 06:00:22;0;1
2017-10-17 06:01:31;0;1
2017-10-17 06:02:40;0;1
2017-10-17 06:03:49;0;1
2017-10-17 06:04:58;104.354;1
2017-10-17 06:06:07;1252.247;1
2017-10-17 06:07:16;1043.493;1
2017-10-17 06:08:25;886.841;1
2017-10-17 06:09:34;887.034;1
2017-10-17 06:10:43;886.944;1
2017-10-17 06:11:52;939.076;1
2017-10-17 06:13:01;886.969;1
2017-10-17 06:14:10;886.944;1
2017-10-17 06:15:19;886.918;1
2017-10-17 06:16:28;939.239;1
2017-10-17 06:17:37;886.918;1
2017-10-17 06:18:46;886.995;1
2017-10-17 06:19:55;886.879;1
2017-10-17 06:21:04;939.144;1
2017-10-17 06:22:13;887.008;1
2017-10-17 06:23:22;886.931;1
2017-10-17 06:24:31;886.867;1
2017-10-17 06:25:40;991.347;1
2017-10-17 06:26:49;1252.174;1
2017-10-17 06:27:58;1304.48;1
2017-10-17 06:29:07;1199.93;1
2017-10-17 06:30:16;1200.035;1
2017-10-17 06:31:25;1147.726;1
2017-10-17 06:32:34;1200;1
2017-10-17 06:33:43;1200.035;1
2017-10-17 06:34:52;1252.247;1
2017-10-17 06:36:01;1147.743;1
2017-10-17 06:37:10;1199.913;1
2017-10-17 06:38:19;1147.909;1
2017-10-17 06:39:28;1147.826;1
2017-10-17 06:40:37;1930.491;1
2017-10-17 06:41:46;1304.329;1
2017-10-17 06:42:55;1252.283;1
2017-10-17 06:44:04;1356.561;1
2017-10-17 06:45:13;2869.69;1
2017-10-17 06:46:22;2504.638;1
2017-10-17 06:47:31;1252.228;1
2017-10-17 06:48:40;1774.042;1
2017-10-17 06:49:49;2400.139;1
2017-10-17 06:50:58;1461.018;1
2017-10-17 06:52:07;1460.912;1
2017-10-17 06:53:16;1565.285;1
2017-10-17 06:54:25;1513.153;1
2017-10-17 06:55:34;1565.308;1
2017-10-17 06:56:43;1617.462;1
2017-10-17 06:57:52;1461.018;1
2017-10-17 06:59:01;1513.175;1
2017-10-17 07:00:10;1408.757;1
2017-10-17 07:01:19;1356.64;1
2017-10-17 07:02:28;1304.461;1
2017-10-17 07:03:37;1356.718;1
2017-10-17 07:04:46;1304.518;1
2017-10-17 07:05:55;1356.502;1
2017-10-17 07:07:04;1356.64;1
2017-10-17 07:08:13;1304.442;1
2017-10-17 07:09:22;1408.777;1
2017-10-17 07:10:31;1356.541;1
2017-10-17 07:11:40;1460.954;1
2017-10-17 07:12:49;1565.285;1
2017-10-17 07:13:58;1617.532;1
2017-10-17 07:15:07;1513.175;1
2017-10-17 07:16:16;1460.933;1
2017-10-17 07:17:25;1460.933;1
2017-10-17 07:18:34;1513.219;1
2017-10-17 07:19:43;1460.891;1
2017-10-17 07:20:52;1408.879;1
2017-10-17 07:22:01;1408.757;1
2017-10-17 07:23:10;1408.655;1
2017-10-17 07:24:19;1356.62;1
2017-10-17 07:25:28;1461.039;1
2017-10-17 07:26:37;1408.757;1
2017-10-17 07:27:46;1460.933;1
2017-10-17 07:28:55;3026.175;1
2017-10-17 07:30:04;3443.628;1
2017-10-17 07:31:13;3443.478;1
2017-10-17 07:32:22;3339.372;1
2017-10-17 07:33:31;3443.528;1
2017-10-17 07:34:40;3391.698;1
2017-10-17 07:35:49;3339.469;1
2017-10-17 07:36:58;3391.452;1
2017-10-17 07:38:07;3338.985;1
2017-10-17 07:39:16;2765.378;1
2017-10-17 07:40:25;1460.954;1
2017-10-17 07:41:34;1669.614;1
2017-10-17 07:42:43;1721.889;1
2017-10-17 07:43:52;1669.735;1
2017-10-17 07:45:01;3287.242;1
2017-10-17 07:46:10;3391.452;1
2017-10-17 07:47:19;3808.751;1
2017-10-17 07:48:28;3339.179;1
2017-10-17 07:49:37;3756.74;1
2017-10-17 07:50:46;3287.385;1
2017-10-17 07:51:55;3287.29;1
2017-10-17 07:53:04;2921.909;1
2017-10-17 07:54:13;1408.736;1
2017-10-17 07:55:22;1408.9;1
2017-10-17 07:56:31;1356.679;1
2017-10-17 07:57:40;2139.409;1
2017-10-17 07:58:49;1773.964;1
2017-10-17 07:59:58;1565.376;1
2017-10-17 08:01:07;1930.547;1
2017-10-17 08:02:16;1930.491;1
2017-10-17 08:03:25;1930.575;1
2017-10-17 08:04:34;2608.96;1
2017-10-17 08:05:43;3861.093;1
2017-10-17 08:06:52;3600.417;1
2017-10-17 08:08:01;3391.501;1
2017-10-17 08:09:10;1513.065;1
2017-10-17 08:10:19;1513.022;1
2017-10-17 08:11:28;3391.501;1
2017-10-17 08:12:37;4226.271;1
2017-10-17 08:13:46;3391.747;1
2017-10-17 08:14:55;3235.205;1
2017-10-17 08:16:04;3600.209;1
2017-10-17 08:17:12;3756.903;1
2017-10-17 08:18:21;3704.777;1
2017-10-17 08:19:30;3443.678;1
2017-10-17 08:20:39;3287.433;1
2017-10-17 08:21:48;3600.209;1
2017-10-17 08:22:57;2765.418;1
2017-10-17 08:24:06;1460.87;1
2017-10-17 08:25:15;1200.122;1
2017-10-17 08:26:24;730.35;1
2017-10-17 08:27:33;887.059;1
2017-10-17 08:28:42;991.189;1
2017-10-17 08:29:51;2451.961;1
2017-10-17 08:31:00;469.599;1
2017-10-17 08:32:09;417.361;1
2017-10-17 08:33:18;365.249;1
2017-10-17 08:34:27;521.671;1
2017-10-17 08:35:36;260.904;1
2017-10-17 08:36:45;678.261;1
2017-10-17 08:37:54;573.905;1
2017-10-17 08:39:03;0;1
2017-10-17 08:40:12;104.349;1
2017-10-17 08:41:21;991.261;1
2017-10-17 08:42:30;1147.793;1
2017-10-17 08:43:39;1513.197;1
2017-10-17 08:44:48;1721.614;1
2017-10-17 08:45:57;1356.482;1
2017-10-17 08:47:06;1408.634;1
2017-10-17 08:48:15;1356.541;1
2017-10-17 08:49:24;1304.442;1
2017-10-17 08:50:33;1512.956;1
2017-10-17 08:51:42;1356.581;1
2017-10-17 08:52:51;1513.022;1
2017-10-17 08:54:00;1356.423;1
2017-10-17 08:55:09;1304.348;1
2017-10-17 08:56:18;1043.554;1
2017-10-17 08:57:27;886.905;1
2017-10-17 08:58:36;1095.732;1
2017-10-17 08:59:45;1408.675;1
2017-10-17 09:00:54;1147.793;1
2017-10-17 09:02:03;1304.31;1
2017-10-17 09:03:12;1460.912;1
2017-10-17 09:04:21;2399.965;1
2017-10-17 09:05:30;1930.491;1
2017-10-17 09:06:39;1252.174;1
2017-10-17 09:07:48;991.161;1
2017-10-17 09:08:57;1617.555;1
2017-10-17 09:10:06;3130.752;1
2017-10-17 09:11:15;3443.628;1
2017-10-17 09:12:24;3339.324;1
2017-10-17 09:13:33;3130.344;1
2017-10-17 09:14:42;3443.778;1
2017-10-17 09:15:51;3548.237;1
2017-10-17 09:17:00;3443.528;1
2017-10-17 09:18:09;3495.5;1
2017-10-17 09:19:18;3391.304;1
2017-10-17 09:20:27;3495.5;1
2017-10-17 09:21:36;3600.052;1
2017-10-17 09:22:45;3548.083;1
2017-10-17 09:23:54;3547.569;1
2017-10-17 09:25:03;3339.082;1
2017-10-17 09:26:12;3235.111;1
2017-10-17 09:27:21;3078.261;1
2017-10-17 09:28:30;3078.082;1
2017-10-17 09:29:39;2764.977;1
2017-10-17 09:30:48;3026.087;1
2017-10-17 09:31:57;1513.043;1
2017-10-17 09:33:06;1408.716;1
2017-10-17 09:34:15;1200.07;1
2017-10-17 09:35:24;1095.636;1
2017-10-17 09:36:33;1617.368;1
2017-10-17 09:37:42;2034.635;1
2017-10-17 09:38:51;1304.386;1
2017-10-17 09:40:00;1147.893;1
2017-10-17 09:41:09;1200.035;1
2017-10-17 09:42:18;1043.539;1
2017-10-17 09:43:27;1095.7;1
2017-10-17 09:44:36;1043.554;1
2017-10-17 09:45:45;1147.893;1
2017-10-17 09:46:54;991.376;1
2017-10-17 09:48:03;887.021;1
2017-10-17 09:49:12;991.333;1
2017-10-17 09:50:21;1043.554;1
2017-10-17 09:51:30;834.843;1
2017-10-17 09:52:39;886.995;1
2017-10-17 09:53:48;886.982;1
2017-10-17 09:54:57;939.212;1
2017-10-17 09:56:06;991.391;1
2017-10-17 09:57:15;939.226;1
2017-10-17 09:58:24;782.643;1
2017-10-17 09:59:33;730.519;1
2017-10-17 10:00:42;678.29;1
2017-10-17 10:01:51;521.762;1
2017-10-17 10:03:00;365.249;1
2017-10-17 10:04:09;156.524;1
2017-10-17 10:05:18;0;1
2017-10-17 10:06:27;0;1
2017-10-17 10:07:36;0;1
2017-10-17 10:08:45;104.363;1
2017-10-17 10:09:54;52.178;1
2017-10-17 10:11:03;0;1
2017-10-17 10:12:12;0;1
2017-10-17 10:13:21;0;1
2017-10-17 10:14:30;0;1
2017-10-17 10:15:39;0;1
2017-10-17 10:16:48;0;1
2017-10-17 10:17:57;208.717;1
2017-10-17 10:19:06;0;1
2017-10-17 10:20:15;0;1
2017-10-17 10:21:24;0;1
2017-10-17 10:22:33;521.792;1
2017-10-17 10:23:42;260.907;1
2017-10-17 10:24:51;52.178;1
2017-10-17 10:26:00;0;1
2017-10-17 10:27:09;0;1
2017-10-17 10:28:18;208.705;1
2017-10-17 10:29:27;313.057;1
2017-10-17 10:30:36;208.717;1
2017-10-17 10:31:45;52.177;1
2017-10-17 10:32:54;0;1
2017-10-17 10:34:03;0;1
2017-10-17 10:35:12;0;1
2017-10-17 10:36:21;0;1
2017-10-17 10:37:30;0;1
2017-10-17 10:38:39;0;1
2017-10-17 10:39:48;0;1
2017-10-17 10:40:57;0;1
2017-10-17 10:42:06;0;1
2017-10-17 10:43:15;0;1
2017-10-17 10:44:24;0;1
2017-10-17 10:45:33;0;1
2017-10-17 10:46:42;0;1
2017-10-17 10:47:51;0;1
2017-10-17 10:49:00;0;1
2017-10-17 10:50:09;0;1
2017-10-17 10:51:18;0;1
2017-10-17 10:52:27;0;1
2017-10-17 10:53:36;0;1
2017-10-17 10:54:45;0;1
2017-10-17 10:55:54;0;1
2017-10-17 10:57:03;0;1
2017-10-17 10:58:12;0;1
2017-10-17 10:59:21;0;1
2017-10-17 11:00:30;0;1
2017-10-17 11:01:39;0;1
2017-10-17 11:02:48;0;1
2017-10-17 11:03:57;0;1
2017-10-17 11:05:06;0;1
2017-10-17 11:06:15;0;1
2017-10-17 11:07:24;0;1
2017-10-17 11:08:33;0;1
2017-10-17 11:09:42;0;1
2017-10-17 11:10:51;0;1
2017-10-17 11:12:00;0;1
2017-10-17 11:13:09;0;1
2017-10-17 11:14:18;0;1
2017-10-17 11:15:27;0;1
2017-10-17 11:16:36;0;1
2017-10-17 11:17:45;0;1
2017-10-17 11:18:54;0;1
2017-10-17 11:20:03;0;1
2017-10-17 11:21:12;0;1
2017-10-17 11:22:21;0;1
2017-10-17 11:23:30;0;1
2017-10-17 11:24:39;0;1
2017-10-17 11:25:48;0;1
2017-10-17 11:26:57;0;1
2017-10-17 11:28:06;0;1
2017-10-17 11:29:15;0;1
2017-10-17 11:30:24;208.717;1
2017-10-17 11:31:33;0;1
2017-10-17 11:32:42;0;1
2017-10-17 11:33:51;0;1
2017-10-17 11:35:00;0;1
2017-10-17 11:36:09;0;1
2017-10-17 11:37:18;0;1
2017-10-17 11:38:27;0;1
2017-10-17 11:39:36;0;1
2017-10-17 11:40:45;0;1
2017-10-17 11:41:54;0;1
2017-10-17 11:43:03;0;1
2017-10-17 11:44:12;0;1
2017-10-17 11:45:21;0;1
2017-10-17 11:46:30;0;1
2017-10-17 11:47:39;0;1
2017-10-17 11:48:48;0;1
2017-10-17 11:49:57;0;1
2017-10-17 11:51:06;0;1
2017-10-17 11:52:15;0;1
2017-10-17 11:53:24;0;1
2017-10-17 11:54:33;0;1
2017-10-17 11:55:42;0;1
2017-10-17 11:56:51;0;1
2017-10-17 11:58:00;0;1
2017-10-17 11:59:09;0;1
2017-10-17 12:00:18;0;1
2017-10-17 12:01:27;0;1
2017-10-17 12:02:36;0;1
2017-10-17 12:03:45;0;1
2017-10-17 12:04:54;0;1
2017-10-17 12:06:03;0;1
2017-10-17 12:07:12;0;1
2017-10-17 12:08:21;0;1
2017-10-17 12:09:30;0;1
2017-10-17 12:10:39;0;1
2017-10-17 12:11:48;0;1
2017-10-17 12:12:57;0;1
2017-10-17 12:14:06;0;1
2017-10-17 12:15:15;0;1
2017-10-17 12:16:24;0;1
2017-10-17 12:17:33;0;1
2017-10-17 12:18:42;0;1
2017-10-17 12:19:51;0;1
2017-10-17 12:21:00;0;1
2017-10-17 12:22:09;104.345;1
2017-10-17 12:23:18;0;1
2017-10-17 12:24:27;0;1
2017-10-17 12:25:36;0;1
2017-10-17 12:26:45;0;1
2017-10-17 12:27:54;0;1
2017-10-17 12:29:03;0;1
2017-10-17 12:30:12;0;1
2017-10-17 12:31:21;0;1
2017-10-17 12:32:30;0;1
2017-10-17 12:33:39;0;1
2017-10-17 12:34:48;0;1
2017-10-17 12:35:57;0;1
2017-10-17 12:37:06;0;1
2017-10-17 12:38:15;0;1
2017-10-17 12:39:24;0;1
2017-10-17 12:40:33;0;1
2017-10-17 12:41:42;0;1
2017-10-17 12:42:51;0;1
2017-10-17 12:44:00;0;1
2017-10-17 12:45:09;0;1
2017-10-17 12:46:18;0;1
2017-10-17 12:47:27;0;1
2017-10-17 12:48:36;0;1
2017-10-17 12:49:45;0;1
2017-10-17 12:50:54;0;1
2017-10-17 12:52:03;0;1
2017-10-17 12:53:12;0;1
2017-10-17 12:54:21;0;1
2017-10-17 12:55:30;0;1
2017-10-17 12:56:39;0;1
2017-10-17 12:57:48;0;1
2017-10-17 12:58:57;0;1
2017-10-17 13:00:06;0;1
2017-10-17 13:01:15;0;1
2017-10-17 13:02:24;0;1
2017-10-17 13:03:33;0;1
2017-10-17 13:04:42;0;1
2017-10-17 13:05:51;0;1
2017-10-17 13:07:00;0;1
2017-10-17 13:08:09;0;1
2017-10-17 13:09:18;0;1
2017-10-17 13:10:27;0;1
2017-10-17 13:11:36;0;1
2017-10-17 13:12:45;0;1
2017-10-17 13:13:54;0;1
2017-10-17 13:15:03;0;1
2017-10-17 13:16:12;0;1
2017-10-17 13:17:21;0;1
2017-10-17 13:18:30;0;1
2017-10-17 13:19:39;0;1
2017-10-17 13:20:48;0;1
2017-10-17 13:21:57;0;1
2017-10-17 13:23:06;0;1
2017-10-17 13:24:15;0;1
2017-10-17 13:25:24;0;1
2017-10-17 13:26:33;0;1
2017-10-17 13:27:42;0;1
2017-10-17 13:28:51;0;1
2017-10-17 13:30:00;0;1
2017-10-17 13:31:09;0;1
2017-10-17 13:32:18;0;1
2017-10-17 13:33:27;0;1
2017-10-17 13:34:36;0;1
2017-10-17 13:35:45;0;1
2017-10-17 13:36:54;0;1
2017-10-17 13:38:03;0;1
2017-10-17 13:39:12;0;1
2017-10-17 13:40:21;0;1
2017-10-17 13:41:30;0;1
2017-10-17 13:42:39;0;1
2017-10-17 13:43:48;0;1
2017-10-17 13:44:57;0;1
2017-10-17 13:46:06;0;1
2017-10-17 13:47:15;0;1
2017-10-17 13:48:24;0;1
2017-10-17 13:49:33;0;1
2017-10-17 13:50:42;0;1
2017-10-17 13:51:51;0;1
2017-10-17 13:53:00;0;1
2017-10-17 13:54:09;0;1
2017-10-17 13:55:18;0;1
2017-10-17 13:56:27;0;1
2017-10-17 13:57:36;0;1
2017-10-17 13:58:45;0;1
2017-10-17 13:59:54;0;1
2017-10-17 14:01:03;0;1
2017-10-17 14:02:12;0;1
2017-10-17 14:03:21;0;1
2017-10-17 14:04:30;0;1
2017-10-17 14:05:39;0;1
2017-10-17 14:06:48;0;1
2017-10-17 14:07:57;0;1
2017-10-17 14:09:06;0;1
2017-10-17 14:10:15;0;1
2017-10-17 14:11:24;0;1
2017-10-17 14:12:33;0;1
2017-10-17 14:13:42;0;1
2017-10-17 14:14:51;0;1
2017-10-17 14:16:00;0;1
2017-10-17 14:17:09;0;1
2017-10-17 14:18:18;0;1
2017-10-17 14:19:27;0;1
2017-10-17 14:20:36;0;1
2017-10-17 14:21:45;0;1
2017-10-17 14:22:54;0;1
2017-10-17 14:24:03;0;1
2017-10-17 14:25:12;0;1
2017-10-17 14:26:21;0;1
2017-10-17 14:27:30;0;1
2017-10-17 14:28:39;0;1
2017-10-17 14:29:48;0;1
2017-10-17 14:30:57;0;1
2017-10-17 14:32:06;0;1
2017-10-17 14:33:15;0;1
2017-10-17 14:34:24;0;1
2017-10-17 14:35:33;0;1
2017-10-17 14:36:42;0;1
2017-10-17 14:37:51;0;1
2017-10-17 14:39:00;0;1
2017-10-17 14:40:09;0;1
2017-10-17 14:41:18;0;1
2017-10-17 14:42:27;0;1
2017-10-17 14:43:36;0;1
2017-10-17 14:44:45;0;1
2017-10-17 14:45:54;0;1
2017-10-17 14:47:03;0;1
2017-10-17 14:48:12;0;1
2017-10-17 14:49:21;0;1
2017-10-17 14:50:30;0;1
2017-10-17 14:51:39;0;1
2017-10-17 14:52:48;0;1
2017-10-17 14:53:57;0;1
2017-10-17 14:55:06;0;1
2017-10-17 14:56:15;0;1
2017-10-17 14:57:24;0;1
2017-10-17 14:58:33;0;1
2017-10-17 14:59:42;0;1
2017-10-17 15:00:51;0;1
2017-10-17 15:02:00;0;1
2017-10-17 15:03:09;0;1
2017-10-17 15:04:18;0;1
2017-10-17 15:05:27;0;1
2017-10-17 15:06:36;0;1
2017-10-17 15:07:45;0;1
2017-10-17 15:08:54;0;1
2017-10-17 15:10:03;0;1
2017-10-17 15:11:12;0;1
2017-10-17 15:12:21;0;1
2017-10-17 15:13:30;0;1
2017-10-17 15:14:39;0;1
2017-10-17 15:15:48;0;1
2017-10-17 15:16:57;0;1
2017-10-17 15:18:06;0;1
2017-10-17 15:19:15;0;1
2017-10-17 15:20:24;0;1
2017-10-17 15:21:33;0;1
2017-10-17 15:22:42;0;1
2017-10-17 15:23:51;0;1
2017-10-17 15:25:00;0;1
2017-10-17 15:26:09;0;1
2017-10-17 15:27:18;0;1
2017-10-17 15:28:27;0;1
2017-10-17 15:29:36;0;1
2017-10-17 15:30:45;0;1
2017-10-17 15:31:54;0;1
2017-10-17 15:33:03;0;1
2017-10-17 15:34:12;156.519;1
2017-10-17 15:35:21;104.361;1
2017-10-17 15:36:30;52.18;1
2017-10-17 15:37:39;0;1
2017-10-17 15:38:48;0;1
2017-10-17 15:39:57;0;1
2017-10-17 15:41:06;0;1
2017-10-17 15:42:15;0;1
2017-10-17 15:43:24;0;1
2017-10-17 15:44:33;0;1
2017-10-17 15:45:42;0;1
2017-10-17 15:46:51;0;1
2017-10-17 15:47:59;0;1
2017-10-17 15:49:08;0;1
2017-10-17 15:50:17;0;1
2017-10-17 15:51:26;0;1
2017-10-17 15:52:35;0;1
2017-10-17 15:53:44;0;1
2017-10-17 15:54:53;0;1
2017-10-17 15:56:02;0;1
2017-10-17 15:57:11;0;1
2017-10-17 15:58:20;0;1
2017-10-17 15:59:29;0;1
2017-10-17 16:00:38;0;1
2017-10-17 16:01:47;0;1
2017-10-17 16:02:56;0;1
2017-10-17 16:04:05;0;1
2017-10-17 16:05:14;0;1
2017-10-17 16:06:23;0;1
2017-10-17 16:07:32;0;1
2017-10-17 16:08:41;0;1
2017-10-17 16:09:50;0;1
2017-10-17 16:10:59;0;1
2017-10-17 16:12:08;0;1
2017-10-17 16:13:17;0;1
2017-10-17 16:14:26;0;1
2017-10-17 16:15:35;0;1
2017-10-17 16:16:44;0;1
2017-10-17 16:17:53;0;1
2017-10-17 16:19:02;0;1
2017-10-17 16:20:11;0;1
2017-10-17 16:21:20;0;1
2017-10-17 16:22:29;0;1
2017-10-17 16:23:38;0;1
2017-10-17 16:24:47;0;1
2017-10-17 16:25:56;0;1
2017-10-17 16:27:05;0;1
2017-10-17 16:28:14;0;1
2017-10-17 16:29:23;0;1
2017-10-17 16:30:32;0;1
2017-10-17 16:31:41;0;1
2017-10-17 16:32:50;0;1
2017-10-17 16:33:59;0;1
2017-10-17 16:35:08;0;1
2017-10-17 16:36:17;0;1
2017-10-17 16:37:26;0;1
2017-10-17 16:38:35;0;1
2017-10-17 16:39:44;0;1
2017-10-17 16:40:53;0;1
2017-10-17 16:42:02;0;1
2017-10-17 16:43:11;0;1
2017-10-17 16:44:20;0;1
2017-10-17 16:45:29;0;1
2017-10-17 16:46:38;0;1
2017-10-17 16:47:47;0;1
2017-10-17 16:48:56;0;1
2017-10-17 16:50:05;0;1
2017-10-17 16:51:14;0;1
2017-10-17 16:52:23;0;1
2017-10-17 16:53:32;0;1
2017-10-17 16:54:41;0;1
2017-10-17 16:55:50;0;1
2017-10-17 16:56:59;0;1
2017-10-17 16:58:08;0;1
2017-10-17 16:59:17;0;1
2017-10-17 17:00:26;0;1
2017-10-17 17:01:35;0;1
2017-10-17 17:02:44;0;1
2017-10-17 17:03:53;0;1
2017-10-17 17:05:02;0;1
2017-10-17 17:06:11;0;1
2017-10-17 17:07:20;0;1
2017-10-17 17:08:29;0;1
2017-10-17 17:09:38;0;1
2017-10-17 17:10:47;0;1
2017-10-17 17:11:56;0;1
2017-10-17 17:13:05;0;1
2017-10-17 17:14:14;0;1
2017-10-17 17:15:23;0;1
2017-10-17 17:16:32;0;1
2017-10-17 17:17:41;0;1
2017-10-17 17:18:50;0;1
2017-10-17 17:19:59;52.172;1
2017-10-17 17:21:08;52.177;1
2017-10-17 17:22:17;0;1
2017-10-17 17:23:26;0;1
2017-10-17 17:24:35;0;1
2017-10-17 17:25:44;0;1
2017-10-17 17:26:53;0;1
2017-10-17 17:28:02;0;1
2017-10-17 17:29:11;0;1
2017-10-17 17:30:20;0;1
2017-10-17 17:31:29;0;1
2017-10-17 17:32:38;52.172;1
2017-10-17 17:33:47;104.345;1
2017-10-17 17:34:56;156.515;1
2017-10-17 17:36:05;208.708;1
2017-10-17 17:37:14;208.681;1
2017-10-17 17:38:23;260.877;1
2017-10-17 17:39:32;313.057;1
2017-10-17 17:40:41;313.053;1
2017-10-17 17:41:50;313.016;1
2017-10-17 17:42:59;365.196;1
2017-10-17 17:44:08;313.062;1
2017-10-17 17:45:17;365.186;1
2017-10-17 17:46:26;313.071;1
2017-10-17 17:47:35;365.207;1
2017-10-17 17:48:44;365.223;1
2017-10-17 17:49:53;313.025;1
2017-10-17 17:51:02;365.217;1
2017-10-17 17:52:11;365.244;1
2017-10-17 17:53:20;365.217;1
2017-10-17 17:54:29;417.379;1
2017-10-17 17:55:38;365.244;1
2017-10-17 17:56:47;469.511;1
2017-10-17 17:57:56;521.792;1
2017-10-17 17:59:05;469.552;1
2017-10-17 18:00:14;573.93;1
2017-10-17 18:01:23;573.98;1
2017-10-17 18:02:32;573.946;1
2017-10-17 18:03:41;626.16;1
2017-10-17 18:04:50;574.005;1
2017-10-17 18:05:59;678.29;1
2017-10-17 18:07:08;626.123;1
2017-10-17 18:08:17;626.141;1
2017-10-17 18:09:26;678.369;1
2017-10-17 18:10:35;626.114;1
2017-10-17 18:11:44;678.32;1
2017-10-17 18:12:53;730.424;1
2017-10-17 18:14:02;678.281;1
2017-10-17 18:15:11;886.995;1
2017-10-17 18:16:20;782.654;1
2017-10-17 18:17:29;1878.397;1
2017-10-17 18:18:38;3600.522;1
2017-10-17 18:19:47;3547.826;1
2017-10-17 18:20:56;5791.976;1
2017-10-17 18:22:05;5426.402;1
2017-10-17 18:23:14;3547.929;1
2017-10-17 18:24:23;3600.261;1
2017-10-17 18:25:32;1252.21;1
2017-10-17 18:26:41;991.276;1
2017-10-17 18:27:50;939.117;1
2017-10-17 18:28:59;991.376;1
2017-10-17 18:30:08;939.198;1
2017-10-17 18:31:17;991.405;1
2017-10-17 18:32:26;991.376;1
2017-10-17 18:33:35;939.158;1
2017-10-17 18:34:44;939.13;1
2017-10-17 18:35:53;887.098;1
2017-10-17 18:37:02;887.072;1
2017-10-17 18:38:11;886.982;1
2017-10-17 18:39:20;887.047;1
2017-10-17 18:40:29;834.867;1
2017-10-17 18:41:38;991.347;1
2017-10-17 18:42:47;1565.217;1
2017-10-17 18:43:56;1565.308;1
2017-10-17 18:45:05;887.021;1
2017-10-17 18:46:14;886.995;1
2017-10-17 18:47:23;887.072;1
2017-10-17 18:48:32;887.047;1
2017-10-17 18:49:41;939.198;1
2017-10-17 18:50:50;991.333;1
2017-10-17 18:51:59;939.13;1
2017-10-17 18:53:08;887.059;1
2017-10-17 18:54:17;887.034;1
2017-10-17 18:55:26;939.212;1
2017-10-17 18:56:35;1460.997;1
2017-10-17 18:57:44;1721.789;1
2017-10-17 18:58:53;1147.859;1
2017-10-17 19:00:02;991.419;1
2017-10-17 19:01:11;991.405;1
2017-10-17 19:02:20;1095.747;1
2017-10-17 19:03:29;1043.599;1
2017-10-17 19:04:38;991.333;1
2017-10-17 19:05:47;991.362;1
2017-10-17 19:06:56;1043.478;1
2017-10-17 19:08:05;991.434;1
2017-10-17 19:09:14;1043.66;1
2017-10-17 19:10:23;991.419;1
2017-10-17 19:11:32;991.391;1
2017-10-17 19:12:41;991.362;1
2017-10-17 19:13:50;1043.599;1
2017-10-17 19:14:59;991.333;1
2017-10-17 19:16:08;1043.599;1
2017-10-17 19:17:17;1147.943;1
2017-10-17 19:18:26;1095.747;1
2017-10-17 19:19:35;2660.947;1
2017-10-17 19:20:44;3756.794;1
2017-10-17 19:21:53;3756.631;1
2017-10-17 19:23:02;3809.027;1
2017-10-17 19:24:11;1513.307;1
2017-10-17 19:25:20;1147.992;1
2017-10-17 19:26:29;1513.263;1
2017-10-17 19:27:38;1095.636;1
2017-10-17 19:28:47;939.171;1
2017-10-17 19:29:56;887.047;1
2017-10-17 19:31:05;939.198;1
2017-10-17 19:32:14;939.171;1
2017-10-17 19:33:23;886.944;1
2017-10-17 19:34:32;939.144;1
2017-10-17 19:35:41;886.944;1
2017-10-17 19:36:50;991.347;1
2017-10-17 19:37:59;1147.909;1
2017-10-17 19:39:08;1147.859;1
2017-10-17 19:40:17;1147.743;1
2017-10-17 19:41:26;1043.342;1
2017-10-17 19:42:35;1043.524;1
2017-10-17 19:43:44;1043.418;1
2017-10-17 19:44:53;1095.636;1
2017-10-17 19:46:02;1043.554;1
2017-10-17 19:47:11;1095.62;1
2017-10-17 19:48:20;1095.684;1
2017-10-17 19:49:29;1095.541;1
2017-10-17 19:50:38;1095.684;1
2017-10-17 19:51:47;1147.943;1
2017-10-17 19:52:56;1095.557;1
2017-10-17 19:54:05;1147.793;1
2017-10-17 19:55:14;1095.668;1
2017-10-17 19:56:23;1095.62;1
2017-10-17 19:57:32;1095.747;1
2017-10-17 19:58:41;1043.524;1
2017-10-17 19:59:50;991.218;1
2017-10-17 20:00:59;782.688;1
2017-10-17 20:02:08;782.507;1
2017-10-17 20:03:17;782.631;1
2017-10-17 20:04:26;886.957;1
2017-10-17 20:05:35;782.575;1
2017-10-17 20:06:44;834.795;1
2017-10-17 20:07:53;834.746;1
2017-10-17 20:09:02;834.807;1
2017-10-17 20:10:11;782.597;1
2017-10-17 20:11:20;782.631;1
2017-10-17 20:12:29;730.456;1
2017-10-17 20:13:38;782.495;1
2017-10-17 20:14:47;782.631;1
2017-10-17 20:15:56;834.867;1
2017-10-17 20:17:05;782.631;1
2017-10-17 20:18:14;782.484;1
2017-10-17 20:19:23;782.643;1
2017-10-17 20:20:32;782.586;1
2017-10-17 20:21:41;782.654;1
2017-10-17 20:22:50;730.424;1
2017-10-17 20:23:59;782.654;1
2017-10-17 20:25:08;782.575;1
2017-10-17 20:26:17;730.361;1
2017-10-17 20:27:26;782.631;1
2017-10-17 20:28:35;782.586;1
2017-10-17 20:29:44;782.643;1
2017-10-17 20:30:53;730.445;1
2017-10-17 20:32:02;782.575;1
2017-10-17 20:33:11;887.034;1
2017-10-17 20:34:20;1095.636;1
2017-10-17 20:35:29;1095.668;1
2017-10-17 20:36:38;1043.493;1
2017-10-17 20:37:47;1043.448;1
2017-10-17 20:38:56;1043.418;1
2017-10-17 20:40:05;1043.66;1
2017-10-17 20:41:14;1043.357;1
2017-10-17 20:42:23;1043.418;1
2017-10-17 20:43:32;991.319;1
2017-10-17 20:44:41;1043.433;1
2017-10-17 20:45:50;991.347;1
2017-10-17 20:46:59;1043.539;1
2017-10-17 20:48:08;1043.403;1
2017-10-17 20:49:17;991.29;1
2017-10-17 20:50:26;1043.569;1
2017-10-17 20:51:35;1043.342;1
2017-10-17 20:52:44;991.362;1
2017-10-17 20:53:53;1043.403;1
2017-10-17 20:55:02;991.333;1
2017-10-17 20:56:11;1043.463;1
2017-10-17 20:57:20;991.29;1
2017-10-17 20:58:29;991.304;1
2017-10-17 20:59:38;1043.463;1
2017-10-17 21:00:47;939.158;1
2017-10-17 21:01:56;1200.122;1
2017-10-17 21:03:05;1147.826;1
2017-10-17 21:04:14;1199.913;1
2017-10-17 21:05:23;1095.62;1
2017-10-17 21:06:32;1147.826;1
2017-10-17 21:07:41;1304.386;1
2017-10-17 21:08:50;1408.655;1
2017-10-17 21:09:59;1408.696;1
2017-10-17 21:11:08;1408.757;1
2017-10-17 21:12:17;1408.736;1
2017-10-17 21:13:26;1408.839;1
2017-10-17 21:14:35;1252.21;1
2017-10-17 21:15:44;1147.859;1
2017-10-17 21:16:53;1147.859;1
2017-10-17 21:18:02;1147.859;1
2017-10-17 21:19:11;1147.859;1
2017-10-17 21:20:20;1095.747;1
2017-10-17 21:21:29;1095.605;1
2017-10-17 21:22:38;1095.668;1
2017-10-17 21:23:47;1095.7;1
2017-10-17 21:24:56;1095.62;1
2017-10-17 21:26:05;1043.493;1
2017-10-17 21:27:14;1095.62;1
2017-10-17 21:28:23;1043.539;1
2017-10-17 21:29:32;1043.327;1
2017-10-17 21:30:41;1095.716;1
2017-10-17 21:31:50;1043.645;1
2017-10-17 21:32:59;1095.7;1
2017-10-17 21:34:08;1043.493;1
2017-10-17 21:35:17;1043.524;1
2017-10-17 21:36:26;1043.509;1
2017-10-17 21:37:35;1043.569;1
2017-10-17 21:38:44;1043.569;1
2017-10-17 21:39:53;991.376;1
2017-10-17 21:41:02;1043.478;1
2017-10-17 21:42:11;1043.509;1
2017-10-17 21:43:20;991.391;1
2017-10-17 21:44:29;1043.63;1
2017-10-17 21:45:38;939.212;1
2017-10-17 21:46:47;991.319;1
2017-10-17 21:47:56;991.405;1
2017-10-17 21:49:05;991.477;1
2017-10-17 21:50:14;991.333;1
2017-10-17 21:51:23;939.267;1
2017-10-17 21:52:32;991.434;1
2017-10-17 21:53:41;991.376;1
2017-10-17 21:54:50;939.212;1
2017-10-17 21:55:59;991.333;1
2017-10-17 21:57:08;991.448;1
2017-10-17 21:58:17;939.226;1
2017-10-17 21:59:26;991.419;1
2017-10-17 22:00:35;991.391;1
2017-10-17 22:01:44;991.304;1
2017-10-17 22:02:53;939.239;1
2017-10-17 22:04:02;991.362;1
2017-10-17 22:05:11;730.467;1
2017-10-17 22:06:20;0;1
2017-10-17 22:07:29;0;1
2017-10-17 22:08:38;0;1
2017-10-17 22:09:46;0;1
2017-10-17 22:10:55;0;1
2017-10-17 22:12:04;0;1
2017-10-17 22:13:13;0;1
2017-10-17 22:14:22;0;1
2017-10-17 22:15:31;0;1
2017-10-17 22:16:40;0;1
2017-10-17 22:17:49;0;1
2017-10-17 22:18:58;0;1
2017-10-17 22:20:07;0;1
2017-10-17 22:21:16;0;1
2017-10-17 22:22:25;0;1
2017-10-17 22:23:34;0;1
2017-10-17 22:24:43;0;1
2017-10-17 22:25:52;0;1
2017-10-17 22:27:01;0;1
2017-10-17 22:28:10;0;1
2017-10-17 22:29:19;0;1
2017-10-17 22:30:28;0;1
2017-10-17 22:31:37;0;1
2017-10-17 22:32:46;0;1
2017-10-17 22:33:55;0;1
2017-10-17 22:35:04;0;1
2017-10-17 22:36:13;0;1
2017-10-17 22:37:22;0;1
2017-10-17 22:38:31;0;1
2017-10-17 22:39:40;0;1
2017-10-17 22:40:49;0;1
2017-10-17 22:41:58;0;1
2017-10-17 22:43:07;0;1
2017-10-17 22:44:16;0;1
2017-10-17 22:45:25;0;1
2017-10-17 22:46:34;0;1
2017-10-17 22:47:43;0;1
2017-10-17 22:48:52;0;1
2017-10-17 22:50:01;0;1
2017-10-17 22:51:10;0;1
2017-10-17 22:52:19;0;1
2017-10-17 22:53:28;0;1
2017-10-17 22:54:37;0;1
2017-10-17 22:55:46;0;1
2017-10-17 22:56:55;0;1
2017-10-17 22:58:04;0;1
2017-10-17 22:59:13;0;1
2017-10-17 23:00:22;0;1
2017-10-17 23:01:31;0;1
2017-10-17 23:02:40;0;1
2017-10-17 23:03:49;0;1
2017-10-17 23:04:58;0;1
2017-10-17 23:06:07;0;1
2017-10-17 23:07:16;0;1
2017-10-17 23:08:25;0;1
2017-10-17 23:09:34;0;1
2017-10-17 23:10:43;0;1
2017-10-17 23:11:52;0;1
2017-10-17 23:13:01;0;1
2017-10-17 23:14:10;0;1
2017-10-17 23:15:19;0;1
2017-10-17 23:16:28;0;1
2017-10-17 23:17:37;0;1
2017-10-17 23:18:46;0;1
2017-10-17 23:19:55;0;1
2017-10-17 23:21:04;0;1
2017-10-17 23:22:13;0;1
2017-10-17 23:23:22;0;1
2017-10-17 23:24:31;0;1
2017-10-17 23:25:40;0;1
2017-10-17 23:26:49;0;1
2017-10-17 23:27:58;0;1
2017-10-17 23:29:07;0;1
2017-10-17 23:30:16;0;1
2017-10-17 23:31:25;0;1
2017-10-17 23:32:34;0;1
2017-10-17 23:33:43;0;1
2017-10-17 23:34:52;0;1
2017-10-17 23:36:01;0;1
2017-10-17 23:37:10;0;1
2017-10-17 23:38:19;0;1
2017-10-17 23:39:28;0;1
2017-10-17 23:40:37;0;1
2017-10-17 23:41:46;0;1
2017-10-17 23:42:55;0;1
2017-10-17 23:44:04;0;1
2017-10-17 23:45:13;0;1
2017-10-17 23:46:22;0;1
2017-10-17 23:47:31;0;1
2017-10-17 23:48:40;0;1
2017-10-17 23:49:49;0;1
2017-10-17 23:50:58;0;1
2017-10-17 23:52:07;0;1
2017-10-17 23:53:16;0;1
2017-10-17 23:54:25;0;1
2017-10-17 23:55:34;0;1
2017-10-17 23:56:43;0;1
2017-10-17 23:57:52;0;1
2017-10-17 23:59:01;0;1
2017-10-18 00:00:10;0;1
2017-10-18 00:01:19;0;1
2017-10-18 00:02:28;0;1
2017-10-18 00:03:37;0;1
2017-10-18 00:04:46;0;1
2017-10-18 00:05:55;0;1
2017-10-18 00:07:04;0;1
2017-10-18 00:08:13;0;1
2017-10-18 00:09:22;0;1
2017-10-18 00:10:31;0;1
2017-10-18 00:11:40;0;1
2017-10-18 00:12:49;0;1
2017-10-18 00:13:58;0;1
2017-10-18 00:15:07;0;1
2017-10-18 00:16:16;0;1
2017-10-18 00:17:25;0;1
2017-10-18 00:18:34;0;1
2017-10-18 00:19:43;0;1
2017-10-18 00:20:52;0;1
2017-10-18 00:22:01;0;1
2017-10-18 00:23:10;0;1
2017-10-18 00:24:19;0;1
2017-10-18 00:25:28;0;1
2017-10-18 00:26:37;0;1
2017-10-18 00:27:46;0;1
2017-10-18 00:28:55;0;1
2017-10-18 00:30:04;0;1
2017-10-18 00:31:13;0;1
2017-10-18 00:32:22;0;1
2017-10-18 00:33:31;0;1
2017-10-18 00:34:40;0;1
2017-10-18 00:35:49;0;1
2017-10-18 00:36:58;0;1
2017-10-18 00:38:07;0;1
2017-10-18 00:39:16;0;1
2017-10-18 00:40:25;0;1
2017-10-18 00:41:34;0;1
2017-10-18 00:42:43;0;1
2017-10-18 00:43:52;0;1
2017-10-18 00:45:01;0;1
2017-10-18 00:46:10;0;1
2017-10-18 00:47:19;0;1
2017-10-18 00:48:28;0;1
2017-10-18 00:49:37;0;1
2017-10-18 00:50:46;0;1
2017-10-18 00:51:55;0;1
2017-10-18 00:53:04;0;1
2017-10-18 00:54:13;0;1
2017-10-18 00:55:22;0;1
2017-10-18 00:56:31;0;1
2017-10-18 00:57:40;0;1
2017-10-18 00:58:49;0;1
2017-10-18 00:59:58;0;1
2017-10-18 01:01:07;0;1
2017-10-18 01:02:16;0;1
2017-10-18 01:03:25;0;1
2017-10-18 01:04:34;0;1
2017-10-18 01:05:43;0;1
2017-10-18 01:06:52;0;1
2017-10-18 01:08:01;0;1
2017-10-18 01:09:10;0;1
2017-10-18 01:10:19;0;1
2017-10-18 01:11:28;0;1
2017-10-18 01:12:37;0;1
2017-10-18 01:13:46;0;1
2017-10-18 01:14:55;0;1
2017-10-18 01:16:04;0;1
2017-10-18 01:17:13;0;1
2017-10-18 01:18:22;0;1
2017-10-18 01:19:31;0;1
2017-10-18 01:20:40;0;1
2017-10-18 01:21:49;0;1
2017-10-18 01:22:58;0;1
2017-10-18 01:24:07;0;1
2017-10-18 01:25:16;0;1
2017-10-18 01:26:25;0;1
2017-10-18 01:27:34;0;1
2017-10-18 01:28:43;0;1
2017-10-18 01:29:52;0;1
2017-10-18 01:31:01;0;1
2017-10-18 01:32:10;0;1
2017-10-18 01:33:19;0;1
2017-10-18 01:34:28;0;1
2017-10-18 01:35:37;0;1
2017-10-18 01:36:46;0;1
2017-10-18 01:37:55;0;1
2017-10-18 01:39:04;0;1
2017-10-18 01:40:13;0;1
2017-10-18 01:41:22;0;1
2017-10-18 01:42:31;0;1
2017-10-18 01:43:40;0;1
2017-10-18 01:44:49;0;1
2017-10-18 01:45:58;0;1
2017-10-18 01:47:07;0;1
2017-10-18 01:48:16;0;1
2017-10-18 01:49:25;0;1
2017-10-18 01:50:34;0;1
2017-10-18 01:51:43;0;1
2017-10-18 01:52:52;0;1
2017-10-18 01:54:01;0;1
2017-10-18 01:55:10;0;1
2017-10-18 01:56:19;0;1
2017-10-18 01:57:28;0;1
2017-10-18 01:58:37;0;1
2017-10-18 01:59:46;0;1
2017-10-18 02:00:55;0;1
2017-10-18 02:02:04;0;1
2017-10-18 02:03:13;0;1
2017-10-18 02:04:22;0;1
2017-10-18 02:05:31;0;1
2017-10-18 02:06:40;0;1
2017-10-18 02:07:49;0;1
2017-10-18 02:08:58;0;1
2017-10-18 02:10:07;0;1
2017-10-18 02:11:16;0;1
2017-10-18 02:12:25;0;1
2017-10-18 02:13:34;0;1
2017-10-18 02:14:43;0;1
2017-10-18 02:15:52;0;1
2017-10-18 02:17:01;0;1
2017-10-18 02:18:10;0;1
2017-10-18 02:19:19;0;1
2017-10-18 02:20:28;0;1
2017-10-18 02:21:37;0;1
2017-10-18 02:22:46;0;1
2017-10-18 02:23:55;0;1
2017-10-18 02:25:04;0;1
2017-10-18 02:26:13;0;1
2017-10-18 02:27:22;0;1
2017-10-18 02:28:31;0;1
2017-10-18 02:29:40;0;1
2017-10-18 02:30:49;0;1
2017-10-18 02:31:58;0;1
2017-10-18 02:33:07;0;1
2017-10-18 02:34:16;0;1
2017-10-18 02:35:25;0;1
2017-10-18 02:36:34;0;1
2017-10-18 02:37:43;0;1
2017-10-18 02:38:52;0;1
2017-10-18 02:40:01;0;1
2017-10-18 02:41:10;0;1
2017-10-18 02:42:19;0;1
2017-10-18 02:43:28;0;1
2017-10-18 02:44:37;0;1
2017-10-18 02:45:46;0;1
2017-10-18 02:46:55;0;1
2017-10-18 02:48:04;0;1
2017-10-18 02:49:13;0;1
2017-10-18 02:50:22;0;1
2017-10-18 02:51:31;0;1
2017-10-18 02:52:40;0;1
2017-10-18 02:53:49;0;1
2017-10-18 02:54:58;0;1
2017-10-18 02:56:07;0;1
2017-10-18 02:57:16;0;1
2017-10-18 02:58:25;0;1
2017-10-18 02:59:34;0;1
2017-10-18 03:00:43;0;1
2017-10-18 03:01:52;0;1
2017-10-18 03:03:01;0;1
2017-10-18 03:04:10;0;1
2017-10-18 03:05:19;0;1
2017-10-18 03:06:28;0;1
2017-10-18 03:07:37;0;1
2017-10-18 03:08:46;0;1
2017-10-18 03:09:55;0;1
2017-10-18 03:11:04;0;1
2017-10-18 03:12:13;0;1
2017-10-18 03:13:22;0;1
2017-10-18 03:14:31;0;1
2017-10-18 03:15:40;0;1
2017-10-18 03:16:49;0;1
2017-10-18 03:17:58;0;1
2017-10-18 03:19:07;0;1
2017-10-18 03:20:16;0;1
2017-10-18 03:21:25;0;1
2017-10-18 03:22:34;0;1
2017-10-18 03:23:43;0;1
2017-10-18 03:24:52;0;1
2017-10-18 03:26:01;0;1
2017-10-18 03:27:10;0;1
2017-10-18 03:28:19;0;1
2017-10-18 03:29:28;0;1
2017-10-18 03:30:37;0;1
2017-10-18 03:31:46;0;1
2017-10-18 03:32:55;0;1
2017-10-18 03:34:04;0;1
2017-10-18 03:35:13;0;1
2017-10-18 03:36:22;0;1
2017-10-18 03:37:31;0;1
2017-10-18 03:38:40;0;1
2017-10-18 03:39:49;0;1
2017-10-18 03:40:58;0;1
2017-10-18 03:42:07;0;1
2017-10-18 03:43:16;0;1
2017-10-18 03:44:25;0;1
2017-10-18 03:45:34;0;1
2017-10-18 03:46:43;0;1
2017-10-18 03:47:52;0;1
2017-10-18 03:49:01;0;1
2017-10-18 03:50:10;0;1
2017-10-18 03:51:19;0;1
2017-10-18 03:52:28;0;1
2017-10-18 03:53:37;0;1
2017-10-18 03:54:46;0;1
2017-10-18 03:55:55;0;1
2017-10-18 03:57:04;0;1
2017-10-18 03:58:13;0;1
2017-10-18 03:59:22;0;1
2017-10-18 04:00:31;0;1
2017-10-18 04:01:40;0;1
2017-10-18 04:02:49;0;1
2017-10-18 04:03:58;0;1
2017-10-18 04:07:01;0;1
2017-10-18 04:08:17;0;1
2017-10-18 04:09:26;0;1
2017-10-18 04:10:35;0;1
2017-10-18 04:11:44;0;1
2017-10-18 04:12:53;0;1
2017-10-18 04:14:02;0;1
2017-10-18 04:15:11;0;1
2017-10-18 04:16:20;0;1
2017-10-18 04:17:29;0;1
2017-10-18 04:18:38;0;1
2017-10-18 04:19:47;0;1
2017-10-18 04:20:56;0;1
2017-10-18 04:22:05;0;1
2017-10-18 04:23:14;0;1
2017-10-18 04:24:23;0;1
2017-10-18 04:25:32;0;1
2017-10-18 04:26:41;0;1
2017-10-18 04:27:50;0;1
2017-10-18 04:28:59;0;1
2017-10-18 04:30:08;0;1
2017-10-18 04:31:17;0;1
2017-10-18 04:32:25;0;1
2017-10-18 04:33:34;0;1
2017-10-18 04:34:43;0;1
2017-10-18 04:35:52;0;1
2017-10-18 04:37:01;0;1
2017-10-18 04:38:10;0;1
2017-10-18 04:39:19;0;1
2017-10-18 04:40:28;0;1
2017-10-18 04:41:37;0;1
2017-10-18 04:42:46;0;1
2017-10-18 04:43:55;0;1
2017-10-18 04:45:04;0;1
2017-10-18 04:46:13;0;1
2017-10-18 04:47:22;0;1
2017-10-18 04:48:31;0;1
2017-10-18 04:49:40;0;1
2017-10-18 04:50:49;0;1
2017-10-18 04:51:58;0;1
2017-10-18 04:53:07;0;1
2017-10-18 04:54:16;0;1
2017-10-18 04:55:25;0;1
2017-10-18 04:56:34;0;1
2017-10-18 04:57:43;0;1
2017-10-18 04:58:52;0;1
2017-10-18 05:00:01;0;1
2017-10-18 05:01:10;0;1
2017-10-18 05:02:19;0;1
2017-10-18 05:03:28;0;1
2017-10-18 05:04:37;0;1
2017-10-18 05:05:46;0;1
2017-10-18 05:06:55;0;1
2017-10-18 05:08:04;0;1
2017-10-18 05:09:13;0;1
2017-10-18 05:10:22;0;1
2017-10-18 05:11:31;0;1
2017-10-18 05:12:40;0;1
2017-10-18 05:13:49;0;1
2017-10-18 05:14:58;0;1
2017-10-18 05:16:07;0;1
2017-10-18 05:17:16;0;1
2017-10-18 05:18:25;0;1
2017-10-18 05:19:34;0;1
2017-10-18 05:20:43;0;1
2017-10-18 05:21:52;0;1
2017-10-18 05:23:01;0;1
2017-10-18 05:24:10;0;1
2017-10-18 05:25:19;0;1
2017-10-18 05:26:28;0;1
2017-10-18 05:27:37;0;1
2017-10-18 05:28:46;0;1
2017-10-18 05:29:55;0;1
2017-10-18 05:31:04;0;1
2017-10-18 05:32:13;0;1
2017-10-18 05:33:22;0;1
2017-10-18 05:34:31;0;1
2017-10-18 05:35:40;0;1
2017-10-18 05:36:49;0;1
2017-10-18 05:37:58;0;1
2017-10-18 05:39:07;0;1
2017-10-18 05:40:16;0;1
2017-10-18 05:41:25;0;1
2017-10-18 05:42:34;0;1
2017-10-18 05:43:43;0;1
2017-10-18 05:44:52;0;1
2017-10-18 05:46:01;0;1
2017-10-18 05:47:10;0;1
2017-10-18 05:48:19;0;1
2017-10-18 05:49:28;0;1
2017-10-18 05:50:37;0;1
2017-10-18 05:51:46;0;1
2017-10-18 05:52:55;0;1
2017-10-18 05:54:04;0;1
2017-10-18 05:55:13;0;1
2017-10-18 05:56:22;0;1
2017-10-18 05:57:31;0;1
2017-10-18 05:58:40;0;1
2017-10-18 05:59:49;0;1
2017-10-18 06:00:58;0;1
2017-10-18 06:02:07;0;1
2017-10-18 06:03:16;0;1
2017-10-18 06:04:25;0;1
2017-10-18 06:05:34;782.677;1
2017-10-18 06:06:43;1304.253;1
2017-10-18 06:07:52;1252.138;1
2017-10-18 06:09:01;1199.983;1
2017-10-18 06:10:10;1565.263;1
2017-10-18 06:11:19;1669.638;1
2017-10-18 06:12:28;1043.493;1
2017-10-18 06:13:37;939.049;1
2017-10-18 06:14:46;939.144;1
2017-10-18 06:15:55;939.171;1
2017-10-18 06:17:04;939.185;1
2017-10-18 06:18:13;939.09;1
2017-10-18 06:19:22;939.062;1
2017-10-18 06:20:31;834.771;1
2017-10-18 06:21:40;834.819;1
2017-10-18 06:22:49;782.677;1
2017-10-18 06:23:58;834.71;1
2017-10-18 06:25:07;834.843;1
2017-10-18 06:26:16;782.665;1
2017-10-18 06:27:25;887.111;1
2017-10-18 06:28:34;1304.405;1
2017-10-18 06:29:43;1930.435;1
2017-10-18 06:30:52;1826.034;1
2017-10-18 06:32:01;1252.138;1
2017-10-18 06:33:10;1252.283;1
2017-10-18 06:34:19;1252.138;1
2017-10-18 06:35:28;1565.217;1
2017-10-18 06:36:37;1721.789;1
2017-10-18 06:37:46;1199.93;1
2017-10-18 06:38:55;1200.052;1
2017-10-18 06:40:04;1252.119;1
2017-10-18 06:41:13;1304.461;1
2017-10-18 06:42:22;1252.192;1
2017-10-18 06:43:31;1669.396;1
2017-10-18 06:44:40;2660.985;1
2017-10-18 06:45:49;1930.239;1
2017-10-18 06:46:58;1408.757;1
2017-10-18 06:48:07;2295.852;1
2017-10-18 06:49:16;1930.239;1
2017-10-18 06:50:25;1513.087;1
2017-10-18 06:51:34;1408.716;1
2017-10-18 06:52:43;1408.634;1
2017-10-18 06:53:52;1356.64;1
2017-10-18 06:55:01;1356.502;1
2017-10-18 06:56:10;1460.785;1
2017-10-18 06:57:19;1512.912;1
2017-10-18 06:58:28;1513.219;1
2017-10-18 06:59:37;2034.783;1
2017-10-18 07:00:46;1669.662;1
2017-10-18 07:01:55;1669.735;1
2017-10-18 07:03:04;1669.759;1
2017-10-18 07:04:13;1617.438;1
2017-10-18 07:05:22;1565.24;1
2017-10-18 07:06:31;1513.285;1
2017-10-18 07:07:40;1721.689;1
2017-10-18 07:08:49;1930.491;1
2017-10-18 07:09:58;1826.219;1
2017-10-18 07:11:07;2452.458;1
2017-10-18 07:12:16;1878.451;1
2017-10-18 07:13:25;1826.299;1
2017-10-18 07:14:34;2139.378;1
2017-10-18 07:15:43;2139.316;1
2017-10-18 07:16:52;2087.168;1
2017-10-18 07:18:01;2400.278;1
2017-10-18 07:19:10;2243.446;1
2017-10-18 07:20:19;2087.108;1
2017-10-18 07:21:28;2295.785;1
2017-10-18 07:22:37;1669.614;1
2017-10-18 07:23:46;1617.555;1
2017-10-18 07:24:55;1513.131;1
2017-10-18 07:26:04;1721.839;1
2017-10-18 07:27:13;1513.087;1
2017-10-18 07:28:22;1774.093;1
2017-10-18 07:29:31;1513.109;1
2017-10-18 07:30:40;1513.197;1
2017-10-18 07:31:49;2191.463;1
2017-10-18 07:32:58;1669.71;1
2017-10-18 07:34:07;1513.153;1
2017-10-18 07:35:16;1930.575;1
2017-10-18 07:36:25;1565.263;1
2017-10-18 07:37:34;1513.153;1
2017-10-18 07:38:43;1721.939;1
2017-10-18 07:39:52;1513.175;1
2017-10-18 07:41:01;1408.777;1
2017-10-18 07:42:10;1461.018;1
2017-10-18 07:43:19;1408.777;1
2017-10-18 07:44:28;1408.736;1
2017-10-18 07:45:37;1408.839;1
2017-10-18 07:46:46;1408.9;1
2017-10-18 07:47:55;2347.962;1
2017-10-18 07:49:04;1721.939;1
2017-10-18 07:50:13;1408.736;1
2017-10-18 07:51:22;1408.777;1
2017-10-18 07:52:31;1356.738;1
2017-10-18 07:53:40;1356.659;1
2017-10-18 07:54:49;1565.331;1
2017-10-18 07:55:58;2556.744;1
2017-10-18 07:57:07;2087.047;1
2017-10-18 07:58:16;1565.331;1
2017-10-18 07:59:25;1774.144;1
2017-10-18 08:00:34;1773.862;1
2017-10-18 08:01:43;1826.166;1
2017-10-18 08:02:52;1721.914;1
2017-10-18 08:04:01;1774.067;1
2017-10-18 08:05:10;1669.565;1
2017-10-18 08:06:19;1617.555;1
2017-10-18 08:07:28;1460.975;1
2017-10-18 08:08:37;1304.423;1
2017-10-18 08:09:46;1304.537;1
2017-10-18 08:10:55;1356.64;1
2017-10-18 08:12:04;1252.283;1
2017-10-18 08:13:13;1200.017;1
2017-10-18 08:14:22;1147.943;1
2017-10-18 08:15:31;1356.502;1
2017-10-18 08:16:40;1460.997;1
2017-10-18 08:17:49;1774.042;1
2017-10-18 08:18:58;1200.139;1
2017-10-18 08:20:07;991.405;1
2017-10-18 08:21:16;887.072;1
2017-10-18 08:22:25;782.665;1
2017-10-18 08:23:34;678.281;1
2017-10-18 08:24:43;574.021;1
2017-10-18 08:25:52;573.921;1
2017-10-18 08:27:01;521.679;1
2017-10-18 08:28:10;521.762;1
2017-10-18 08:29:19;521.747;1
2017-10-18 08:30:28;626.023;1
2017-10-18 08:31:37;1200.052;1
2017-10-18 08:32:46;1252.119;1
2017-10-18 08:33:55;1252.228;1
2017-10-18 08:35:04;1199.965;1
2017-10-18 08:36:13;834.855;1
2017-10-18 08:37:22;782.518;1
2017-10-18 08:38:31;0;1
2017-10-18 08:39:40;0;1
2017-10-18 08:40:49;104.351;1
2017-10-18 08:41:58;730.414;1
2017-10-18 08:43:07;730.403;1
2017-10-18 08:44:16;156.51;1
2017-10-18 08:45:25;626.114;1
2017-10-18 08:46:34;1043.554;1
2017-10-18 08:47:43;1252.083;1
2017-10-18 08:48:52;1252.355;1
2017-10-18 08:50:01;2138.913;1
2017-10-18 08:51:10;1774.119;1
2017-10-18 08:52:19;1304.405;1
2017-10-18 08:53:28;469.64;1
2017-10-18 08:54:37;208.714;1
2017-10-18 08:55:46;156.529;1
2017-10-18 08:56:55;521.762;1
2017-10-18 08:58:04;52.173;1
2017-10-18 08:59:13;52.17;1
2017-10-18 09:00:22;626.114;1
2017-10-18 09:01:31;469.579;1
2017-10-18 09:02:40;521.732;1
2017-10-18 09:03:49;521.709;1
2017-10-18 09:04:58;1095.7;1
2017-10-18 09:06:07;1252.029;1
2017-10-18 09:07:16;1147.859;1
2017-10-18 09:08:25;1304.329;1
2017-10-18 09:09:34;1617.415;1
2017-10-18 09:10:43;2400.07;1
2017-10-18 09:11:52;1617.344;1
2017-10-18 09:13:01;1460.933;1
2017-10-18 09:14:10;1408.614;1
2017-10-18 09:15:19;1408.818;1
2017-10-18 09:16:28;1617.344;1
2017-10-18 09:17:37;1565.127;1
2017-10-18 09:18:46;1043.584;1
2017-10-18 09:19:55;1095.589;1
2017-10-18 09:21:04;1408.675;1
2017-10-18 09:22:13;1721.564;1
2017-10-18 09:23:22;1565.036;1
2017-10-18 09:24:31;1408.634;1
2017-10-18 09:25:40;1460.87;1
2017-10-18 09:26:49;1669.638;1
2017-10-18 09:27:58;1512.846;1
2017-10-18 09:29:07;1252.228;1
2017-10-18 09:30:16;1095.62;1
2017-10-18 09:31:25;887.021;1
2017-10-18 09:32:34;678.241;1
2017-10-18 09:33:43;834.758;1
2017-10-18 09:34:52;730.562;1
2017-10-18 09:36:01;1200.122;1
2017-10-18 09:37:10;1147.926;1
2017-10-18 09:38:19;1408.859;1
2017-10-18 09:39:28;1304.423;1
2017-10-18 09:40:37;991.347;1
2017-10-18 09:41:46;1095.668;1
2017-10-18 09:42:55;1147.876;1
2017-10-18 09:44:04;939.212;1
2017-10-18 09:45:13;1147.809;1
2017-10-18 09:46:22;1356.679;1
2017-10-18 09:47:31;1095.732;1
2017-10-18 09:48:40;1200.07;1
2017-10-18 09:49:49;3078.618;1
2017-10-18 09:50:58;2974.215;1
2017-10-18 09:52:07;2817.473;1
2017-10-18 09:53:16;2974.258;1
2017-10-18 09:54:25;1617.649;1
2017-10-18 09:55:34;2556.744;1
2017-10-18 09:56:43;2087.047;1
2017-10-18 09:57:52;1095.7;1
2017-10-18 09:59:01;1252.192;1
2017-10-18 10:00:10;1043.599;1
2017-10-18 10:01:19;939.171;1
2017-10-18 10:02:28;782.665;1
2017-10-18 10:03:37;782.688;1
2017-10-18 10:04:46;782.597;1
2017-10-18 10:05:55;834.807;1
2017-10-18 10:07:04;156.535;1
2017-10-18 10:08:13;52.174;1
2017-10-18 10:09:22;313.057;1
2017-10-18 10:10:31;156.538;1
2017-10-18 10:11:40;0;1
2017-10-18 10:12:49;1460.997;1
2017-10-18 10:13:58;2504.384;1
2017-10-18 10:15:07;2504.675;1
2017-10-18 10:16:16;1930.631;1
2017-10-18 10:17:25;1669.638;1
2017-10-18 10:18:34;1721.814;1
2017-10-18 10:19:43;1826.378;1
2017-10-18 10:20:52;1721.714;1
2017-10-18 10:22:01;1200.035;1
2017-10-18 10:23:10;3339.372;1
2017-10-18 10:24:19;3287.29;1
2017-10-18 10:25:28;573.971;1
2017-10-18 10:26:37;2765.298;1
2017-10-18 10:27:46;4069.919;1
2017-10-18 10:28:55;4434.911;1
2017-10-18 10:30:04;4591.77;1
2017-10-18 10:31:13;4226.516;1
2017-10-18 10:32:22;3704.831;1
2017-10-18 10:33:31;2348.064;1
2017-10-18 10:34:40;2191.558;1
2017-10-18 10:35:49;2295.752;1
2017-10-18 10:36:58;2034.989;1
2017-10-18 10:38:07;1982.81;1
2017-10-18 10:39:16;3965.505;1
2017-10-18 10:40:25;4330.56;1
2017-10-18 10:41:34;4278.447;1
2017-10-18 10:42:43;4487.542;1
2017-10-18 10:43:52;4278.447;1
2017-10-18 10:45:01;1982.695;1
2017-10-18 10:46:10;2556.855;1
2017-10-18 10:47:19;1200.122;1
2017-10-18 10:48:28;2087.078;1
2017-10-18 10:49:37;2504.384;1
2017-10-18 10:50:46;1252.247;1
2017-10-18 10:51:55;3547.98;1
2017-10-18 10:53:04;3600.209;1
2017-10-18 10:54:13;2243.446;1
2017-10-18 10:55:22;2295.885;1
2017-10-18 10:56:31;2139.378;1
2017-10-18 10:57:40;1408.736;1
2017-10-18 10:58:49;573.93;1
2017-10-18 10:59:58;573.963;1
2017-10-18 11:01:07;469.579;1
2017-10-18 11:02:16;834.867;1
2017-10-18 11:03:25;887.034;1
2017-10-18 11:04:34;782.711;1
2017-10-18 11:05:42;730.467;1
2017-10-18 11:06:51;365.27;1
2017-10-18 11:08:00;313.075;1
2017-10-18 11:09:09;469.613;1
2017-10-18 11:10:18;573.955;1
2017-10-18 11:11:27;782.665;1
2017-10-18 11:12:36;1252.228;1
2017-10-18 11:13:45;573.938;1
2017-10-18 11:14:54;939.171;1
2017-10-18 11:16:03;2452.387;1
2017-10-18 11:17:12;3078.529;1
2017-10-18 11:18:21;2660.908;1
2017-10-18 11:19:30;1408.798;1
2017-10-18 11:20:39;678.32;1
2017-10-18 11:21:48;365.244;1
2017-10-18 11:22:57;1252.374;1
2017-10-18 11:24:06;1826.166;1
2017-10-18 11:25:15;1669.735;1
2017-10-18 11:26:24;1513.087;1
2017-10-18 11:27:33;1304.499;1
2017-10-18 11:28:42;1774.067;1
2017-10-18 11:29:51;1513.043;1
2017-10-18 11:31:00;1147.909;1
2017-10-18 11:32:09;1408.675;1
2017-10-18 11:33:18;2400.313;1
2017-10-18 11:34:27;2087.168;1
2017-10-18 11:35:36;2087.138;1
2017-10-18 11:36:45;1930.519;1
2017-10-18 11:37:54;1095.716;1
2017-10-18 11:39:03;887.072;1
2017-10-18 11:40:12;730.477;1
2017-10-18 11:41:21;365.186;1
2017-10-18 11:42:30;0;1
2017-10-18 11:43:39;0;1
2017-10-18 11:44:48;0;1
2017-10-18 11:45:57;0;1
2017-10-18 11:47:06;0;1
2017-10-18 11:48:15;0;1
2017-10-18 11:49:24;0;1
2017-10-18 11:50:33;0;1
2017-10-18 11:51:42;0;1
2017-10-18 11:52:51;0;1
2017-10-18 11:54:00;0;1
2017-10-18 11:55:09;0;1
2017-10-18 11:56:18;0;1
2017-10-18 11:57:27;0;1
2017-10-18 11:58:36;0;1
2017-10-18 11:59:45;0;1
2017-10-18 12:00:54;0;1
2017-10-18 12:02:03;0;1
2017-10-18 12:03:12;0;1
2017-10-18 12:04:21;0;1
2017-10-18 12:05:30;0;1
2017-10-18 12:06:39;0;1
2017-10-18 12:07:48;0;1
2017-10-18 12:08:57;0;1
2017-10-18 12:10:06;0;1
2017-10-18 12:11:15;0;1
2017-10-18 12:12:24;0;1
2017-10-18 12:13:33;0;1
2017-10-18 12:14:42;0;1
2017-10-18 12:15:51;0;1
2017-10-18 12:17:00;0;1
2017-10-18 12:18:09;0;1
2017-10-18 12:19:18;0;1
2017-10-18 12:20:27;0;1
2017-10-18 12:21:36;0;1
2017-10-18 12:22:45;0;1
2017-10-18 12:23:54;0;1
2017-10-18 12:25:03;0;1
2017-10-18 12:26:12;0;1
2017-10-18 12:27:21;0;1
2017-10-18 12:28:30;0;1
2017-10-18 12:29:39;0;1
2017-10-18 12:30:48;0;1
2017-10-18 12:31:57;0;1
2017-10-18 12:33:06;0;1
2017-10-18 12:34:15;0;1
2017-10-18 12:35:24;0;1
2017-10-18 12:36:33;0;1
2017-10-18 12:37:42;260.873;1
2017-10-18 12:38:51;469.626;1
2017-10-18 12:40:00;0;1
2017-10-18 12:41:09;0;1
2017-10-18 12:42:18;0;1
2017-10-18 12:43:27;0;1
2017-10-18 12:44:36;0;1
2017-10-18 12:45:45;0;1
2017-10-18 12:46:54;0;1
2017-10-18 12:48:03;0;1
2017-10-18 12:49:12;0;1
2017-10-18 12:50:21;0;1
2017-10-18 12:51:30;0;1
2017-10-18 12:52:39;0;1
2017-10-18 12:53:48;0;1
2017-10-18 12:54:57;0;1
2017-10-18 12:56:06;0;1
2017-10-18 12:57:15;0;1
2017-10-18 12:58:24;0;1
2017-10-18 12:59:33;0;1
2017-10-18 13:00:42;0;1
2017-10-18 13:01:51;0;1
2017-10-18 13:03:00;0;1
2017-10-18 13:04:09;0;1
2017-10-18 13:05:18;0;1
2017-10-18 13:06:27;0;1
2017-10-18 13:07:36;0;1
2017-10-18 13:08:45;0;1
2017-10-18 13:09:54;0;1
2017-10-18 13:11:03;0;1
2017-10-18 13:12:12;0;1
2017-10-18 13:13:21;0;1
2017-10-18 13:14:30;0;1
2017-10-18 13:15:39;0;1
2017-10-18 13:16:48;0;1
2017-10-18 13:17:57;0;1
2017-10-18 13:19:06;0;1
2017-10-18 13:20:15;0;1
2017-10-18 13:21:24;0;1
2017-10-18 13:22:33;0;1
2017-10-18 13:23:42;0;1
2017-10-18 13:24:51;0;1
2017-10-18 13:26:00;0;1
2017-10-18 13:27:09;0;1
2017-10-18 13:28:18;0;1
2017-10-18 13:29:27;0;1
2017-10-18 13:30:36;0;1
2017-10-18 13:31:45;0;1
2017-10-18 13:32:54;0;1
2017-10-18 13:34:03;0;1
2017-10-18 13:35:12;0;1
2017-10-18 13:36:21;0;1
2017-10-18 13:37:30;0;1
2017-10-18 13:38:39;0;1
2017-10-18 13:39:48;0;1
2017-10-18 13:40:57;0;1
2017-10-18 13:42:06;0;1
2017-10-18 13:43:15;0;1
2017-10-18 13:44:24;0;1
2017-10-18 13:45:33;0;1
2017-10-18 13:46:42;0;1
2017-10-18 13:47:51;0;1
2017-10-18 13:49:00;0;1
2017-10-18 13:50:09;0;1
2017-10-18 13:51:18;0;1
2017-10-18 13:52:27;0;1
2017-10-18 13:53:36;0;1
2017-10-18 13:54:45;0;1
2017-10-18 13:55:54;0;1
2017-10-18 13:57:03;0;1
2017-10-18 13:58:12;0;1
2017-10-18 13:59:21;0;1
2017-10-18 14:00:30;0;1
2017-10-18 14:01:39;0;1
2017-10-18 14:02:48;0;1
2017-10-18 14:03:57;0;1
2017-10-18 14:05:06;0;1
2017-10-18 14:06:15;0;1
2017-10-18 14:07:24;0;1
2017-10-18 14:08:33;0;1
2017-10-18 14:09:42;0;1
2017-10-18 14:10:51;0;1
2017-10-18 14:12:00;0;1
2017-10-18 14:13:09;0;1
2017-10-18 14:14:18;0;1
2017-10-18 14:15:27;0;1
2017-10-18 14:16:36;0;1
2017-10-18 14:17:45;0;1
2017-10-18 14:18:54;0;1
2017-10-18 14:20:03;0;1
2017-10-18 14:21:12;0;1
2017-10-18 14:22:21;0;1
2017-10-18 14:23:30;0;1
2017-10-18 14:24:39;0;1
2017-10-18 14:25:48;0;1
2017-10-18 14:26:57;0;1
2017-10-18 14:28:06;0;1
2017-10-18 14:29:15;0;1
2017-10-18 14:30:24;0;1
2017-10-18 14:31:33;0;1
2017-10-18 14:32:42;0;1
2017-10-18 14:33:51;0;1
2017-10-18 14:35:00;0;1
2017-10-18 14:36:09;0;1
2017-10-18 14:37:18;0;1
2017-10-18 14:38:27;0;1
2017-10-18 14:39:36;0;1
2017-10-18 14:40:45;0;1
2017-10-18 14:41:54;0;1
2017-10-18 14:43:03;0;1
2017-10-18 14:44:12;0;1
2017-10-18 14:45:21;0;1
2017-10-18 14:46:30;0;1
2017-10-18 14:47:39;0;1
2017-10-18 14:48:48;0;1
2017-10-18 14:49:57;0;1
2017-10-18 14:51:06;0;1
2017-10-18 14:52:15;0;1
2017-10-18 14:53:24;0;1
2017-10-18 14:54:33;0;1
2017-10-18 14:55:42;0;1
2017-10-18 14:56:51;0;1
2017-10-18 14:58:00;0;1
2017-10-18 14:59:09;0;1
2017-10-18 15:00:18;0;1
2017-10-18 15:01:27;0;1
2017-10-18 15:02:36;0;1
2017-10-18 15:03:45;0;1
2017-10-18 15:04:54;0;1
2017-10-18 15:06:03;0;1
2017-10-18 15:07:12;0;1
2017-10-18 15:08:21;0;1
2017-10-18 15:09:30;0;1
2017-10-18 15:10:39;0;1
2017-10-18 15:11:48;0;1
2017-10-18 15:12:57;0;1
2017-10-18 15:14:06;0;1
2017-10-18 15:15:15;0;1
2017-10-18 15:16:24;0;1
2017-10-18 15:17:33;0;1
2017-10-18 15:18:42;0;1
2017-10-18 15:19:51;0;1
2017-10-18 15:21:00;417.385;1
2017-10-18 15:22:09;0;1
2017-10-18 15:23:18;0;1
2017-10-18 15:24:27;0;1
2017-10-18 15:25:36;0;1
2017-10-18 15:26:45;0;1
2017-10-18 15:27:54;0;1
2017-10-18 15:29:03;0;1
2017-10-18 15:30:12;0;1
2017-10-18 15:31:21;0;1
2017-10-18 15:32:30;0;1
2017-10-18 15:33:39;0;1
2017-10-18 15:34:48;0;1
2017-10-18 15:35:57;0;1
2017-10-18 15:37:06;0;1
2017-10-18 15:38:15;0;1
2017-10-18 15:39:24;0;1
2017-10-18 15:40:33;0;1
2017-10-18 15:41:42;0;1
2017-10-18 15:42:51;0;1
2017-10-18 15:44:00;0;1
2017-10-18 15:45:09;0;1
2017-10-18 15:46:18;0;1
2017-10-18 15:47:27;0;1
2017-10-18 15:48:36;0;1
2017-10-18 15:49:45;0;1
2017-10-18 15:50:54;0;1
2017-10-18 15:52:03;0;1
2017-10-18 15:53:12;0;1
2017-10-18 15:54:21;0;1
2017-10-18 15:55:30;0;1
2017-10-18 15:56:39;0;1
2017-10-18 15:57:48;0;1
2017-10-18 15:58:57;0;1
2017-10-18 16:00:06;0;1
2017-10-18 16:01:15;0;1
2017-10-18 16:02:24;0;1
2017-10-18 16:03:33;0;1
2017-10-18 16:04:42;0;1
2017-10-18 16:05:51;0;1
2017-10-18 16:07:00;0;1
2017-10-18 16:08:09;0;1
2017-10-18 16:09:18;0;1
2017-10-18 16:10:27;0;1
2017-10-18 16:11:36;0;1
2017-10-18 16:12:45;0;1
2017-10-18 16:13:54;0;1
2017-10-18 16:15:03;0;1
2017-10-18 16:16:12;0;1
2017-10-18 16:17:21;0;1
2017-10-18 16:18:30;0;1
2017-10-18 16:19:39;0;1
2017-10-18 16:20:48;0;1
2017-10-18 16:21:57;0;1
2017-10-18 16:23:06;0;1
2017-10-18 16:24:15;0;1
2017-10-18 16:25:24;0;1
2017-10-18 16:26:33;0;1
2017-10-18 16:27:42;0;1
2017-10-18 16:28:51;0;1
2017-10-18 16:30:00;0;1
2017-10-18 16:31:09;0;1
2017-10-18 16:32:18;0;1
2017-10-18 16:33:27;0;1
2017-10-18 16:34:36;0;1
2017-10-18 16:35:45;0;1
2017-10-18 16:36:54;0;1
2017-10-18 16:38:03;0;1
2017-10-18 16:39:12;0;1
2017-10-18 16:40:21;0;1
2017-10-18 16:41:30;0;1
2017-10-18 16:42:39;0;1
2017-10-18 16:43:48;0;1
2017-10-18 16:44:57;0;1
2017-10-18 16:46:06;0;1
2017-10-18 16:47:15;0;1
2017-10-18 16:48:24;0;1
2017-10-18 16:49:33;0;1
2017-10-18 16:50:42;0;1
2017-10-18 16:51:51;0;1
2017-10-18 16:53:00;0;1
2017-10-18 16:54:09;0;1
2017-10-18 16:55:18;0;1
2017-10-18 16:56:27;0;1
2017-10-18 16:57:36;0;1
2017-10-18 16:58:45;0;1
2017-10-18 16:59:54;0;1
2017-10-18 17:01:03;0;1
2017-10-18 17:02:12;0;1
2017-10-18 17:03:21;0;1
2017-10-18 17:04:30;0;1
2017-10-18 17:05:39;0;1
2017-10-18 17:06:48;0;1
2017-10-18 17:07:57;0;1
2017-10-18 17:09:06;0;1
2017-10-18 17:10:15;0;1
2017-10-18 17:11:24;0;1
2017-10-18 17:12:33;0;1
2017-10-18 17:13:42;0;1
2017-10-18 17:14:51;0;1
2017-10-18 17:16:00;0;1
2017-10-18 17:17:09;0;1
2017-10-18 17:18:18;0;1
2017-10-18 17:19:27;0;1
2017-10-18 17:20:36;0;1
2017-10-18 17:21:45;0;1
2017-10-18 17:22:54;52.169;1
2017-10-18 17:24:03;52.177;1
2017-10-18 17:25:12;52.173;1
2017-10-18 17:26:21;104.339;1
2017-10-18 17:27:30;104.354;1
2017-10-18 17:28:39;104.343;1
2017-10-18 17:29:48;104.351;1
2017-10-18 17:30:57;156.517;1
2017-10-18 17:32:06;260.888;1
2017-10-18 17:33:15;208.693;1
2017-10-18 17:34:24;208.693;1
2017-10-18 17:35:33;260.885;1
2017-10-18 17:36:42;260.858;1
2017-10-18 17:37:51;313.025;1
2017-10-18 17:39:00;260.854;1
2017-10-18 17:40:09;313.066;1
2017-10-18 17:41:18;365.202;1
2017-10-18 17:42:27;365.196;1
2017-10-18 17:43:36;313.048;1
2017-10-18 17:44:45;417.385;1
2017-10-18 17:45:54;365.228;1
2017-10-18 17:47:03;417.422;1
2017-10-18 17:48:12;417.391;1
2017-10-18 17:49:21;469.592;1
2017-10-18 17:50:30;469.511;1
2017-10-18 17:51:39;469.545;1
2017-10-18 17:52:48;469.579;1
2017-10-18 17:53:57;521.769;1
2017-10-18 17:55:06;469.531;1
2017-10-18 17:56:15;573.938;1
2017-10-18 17:57:24;521.739;1
2017-10-18 17:58:33;626.051;1
2017-10-18 17:59:42;573.905;1
2017-10-18 18:00:51;626.096;1
2017-10-18 18:02:00;626.069;1
2017-10-18 18:03:09;678.222;1
2017-10-18 18:04:18;678.222;1
2017-10-18 18:05:27;730.435;1
2017-10-18 18:06:36;1773.81;1
2017-10-18 18:07:45;3182.655;1
2017-10-18 18:08:54;5530.755;1
2017-10-18 18:10:03;3756.467;1
2017-10-18 18:11:12;3704.509;1
2017-10-18 18:12:21;6104.613;1
2017-10-18 18:13:30;3809.027;1
2017-10-18 18:14:39;3077.993;1
2017-10-18 18:15:48;3182.655;1
2017-10-18 18:16:57;3547.466;1
2017-10-18 18:18:06;3391.157;1
2017-10-18 18:19:15;3443.329;1
2017-10-18 18:20:24;3287.099;1
2017-10-18 18:21:33;4591.038;1
2017-10-18 18:22:42;5216.862;1
2017-10-18 18:23:51;5373.835;1
2017-10-18 18:25:00;4643.478;1
2017-10-18 18:26:09;2921.697;1
2017-10-18 18:27:18;2869.648;1
2017-10-18 18:28:27;2817.636;1
2017-10-18 18:29:36;2817.228;1
2017-10-18 18:30:45;2817.473;1
2017-10-18 18:31:54;2869.44;1
2017-10-18 18:33:03;2869.44;1
2017-10-18 18:34:12;2087.138;1
2017-10-18 18:35:21;991.233;1
2017-10-18 18:36:30;939.253;1
2017-10-18 18:37:39;991.204;1
2017-10-18 18:38:48;991.233;1
2017-10-18 18:39:57;939.198;1
2017-10-18 18:41:06;991.276;1
2017-10-18 18:42:15;939.171;1
2017-10-18 18:43:24;991.247;1
2017-10-18 18:44:33;939.185;1
2017-10-18 18:45:42;939.13;1
2017-10-18 18:46:51;939.171;1
2017-10-18 18:48:00;939.022;1
2017-10-18 18:49:09;991.304;1
2017-10-18 18:50:18;886.918;1
2017-10-18 18:51:27;991.276;1
2017-10-18 18:52:36;939.171;1
2017-10-18 18:53:45;886.957;1
2017-10-18 18:54:54;939.103;1
2017-10-18 18:56:03;939.158;1
2017-10-18 18:57:12;939.103;1
2017-10-18 18:58:21;939.185;1
2017-10-18 18:59:30;1617.298;1
2017-10-18 19:00:39;1982.81;1
2017-10-18 19:01:48;2086.926;1
2017-10-18 19:02:57;2034.812;1
2017-10-18 19:04:06;2139.037;1
2017-10-18 19:05:15;2139.068;1
2017-10-18 19:06:24;2139.13;1
2017-10-18 19:07:33;1982.58;1
2017-10-18 19:08:42;1043.463;1
2017-10-18 19:09:51;1147.943;1
2017-10-18 19:11:00;1147.793;1
2017-10-18 19:12:09;1095.636;1
2017-10-18 19:13:18;1095.589;1
2017-10-18 19:14:27;1147.776;1
2017-10-18 19:15:36;1252.301;1
2017-10-18 19:16:45;1199.965;1
2017-10-18 19:17:54;1252.138;1
2017-10-18 19:19:03;1200.035;1
2017-10-18 19:20:12;1252.21;1
2017-10-18 19:21:21;1252.156;1
2017-10-18 19:22:30;1199.983;1
2017-10-18 19:23:39;1252.21;1
2017-10-18 19:24:48;1356.423;1
2017-10-18 19:25:57;1408.594;1
2017-10-18 19:27:06;1356.482;1
2017-10-18 19:28:15;1304.348;1
2017-10-18 19:29:24;1304.461;1
2017-10-18 19:30:33;1252.228;1
2017-10-18 19:31:42;1304.442;1
2017-10-18 19:32:51;1251.992;1
2017-10-18 19:34:00;1252.192;1
2017-10-18 19:35:09;1356.6;1
2017-10-18 19:36:18;1199.896;1
2017-10-18 19:37:27;1252.21;1
2017-10-18 19:38:36;1200.017;1
2017-10-18 19:39:45;2869.44;1
2017-10-18 19:40:54;3861.093;1
2017-10-18 19:42:03;2086.957;1
2017-10-18 19:43:12;1252.083;1
2017-10-18 19:44:21;1200.087;1
2017-10-18 19:45:30;1252.119;1
2017-10-18 19:46:39;1252.174;1
2017-10-18 19:47:48;1199.948;1
2017-10-18 19:48:57;1200.087;1
2017-10-18 19:50:06;939.022;1
2017-10-18 19:51:15;886.982;1
2017-10-18 19:52:24;939.198;1
2017-10-18 19:53:33;886.944;1
2017-10-18 19:54:42;939.103;1
2017-10-18 19:55:51;886.969;1
2017-10-18 19:57:00;939.103;1
2017-10-18 19:58:09;939.185;1
2017-10-18 19:59:18;1304.291;1
2017-10-18 20:00:27;1043.478;1
2017-10-18 20:01:36;939.158;1
2017-10-18 20:02:45;939.103;1
2017-10-18 20:03:54;939.13;1
2017-10-18 20:05:03;939.13;1
2017-10-18 20:06:12;939.185;1
2017-10-18 20:07:21;939.035;1
2017-10-18 20:08:30;1200.017;1
2017-10-18 20:09:39;1252.138;1
2017-10-18 20:10:48;1565.127;1
2017-10-18 20:11:57;1826.246;1
2017-10-18 20:13:06;1669.565;1
2017-10-18 20:14:15;1721.689;1
2017-10-18 20:15:24;1565.217;1
2017-10-18 20:16:33;1565.24;1
2017-10-18 20:17:42;1513.131;1
2017-10-18 20:18:51;1565.422;1
2017-10-18 20:20:00;1513.065;1
2017-10-18 20:21:09;1512.824;1
2017-10-18 20:22:18;1512.912;1
2017-10-18 20:23:27;1513.087;1
2017-10-18 20:24:36;1460.848;1
2017-10-18 20:25:45;1512.978;1
2017-10-18 20:26:54;1513.219;1
2017-10-18 20:28:03;1512.912;1
2017-10-18 20:29:12;1513;1
2017-10-18 20:30:21;1460.933;1
2017-10-18 20:31:30;1512.934;1
2017-10-18 20:32:39;1460.806;1
2017-10-18 20:33:48;1460.806;1
2017-10-18 20:34:57;1460.997;1
2017-10-18 20:36:06;1252.247;1
2017-10-18 20:37:15;991.247;1
2017-10-18 20:38:24;1043.509;1
2017-10-18 20:39:33;991.233;1
2017-10-18 20:40:42;991.362;1
2017-10-18 20:41:51;991.319;1
2017-10-18 20:43:00;939.13;1
2017-10-18 20:44:09;991.304;1
2017-10-18 20:45:18;1043.463;1
2017-10-18 20:46:27;991.276;1
2017-10-18 20:47:36;939.171;1
2017-10-18 20:48:45;939.022;1
2017-10-18 20:49:54;991.304;1
2017-10-18 20:51:03;939.212;1
2017-10-18 20:52:12;939.103;1
2017-10-18 20:53:21;939.158;1
2017-10-18 20:54:30;886.931;1
2017-10-18 20:55:39;939.198;1
2017-10-18 20:56:48;886.867;1
2017-10-18 20:57:57;887.034;1
2017-10-18 20:59:06;886.879;1
2017-10-18 21:00:15;939.212;1
2017-10-18 21:01:24;886.892;1
2017-10-18 21:02:33;886.969;1
2017-10-18 21:03:42;939.09;1
2017-10-18 21:04:51;886.969;1
2017-10-18 21:06:00;886.892;1
2017-10-18 21:07:09;887.034;1
2017-10-18 21:08:18;886.892;1
2017-10-18 21:09:27;886.957;1
2017-10-18 21:10:36;834.831;1
2017-10-18 21:11:45;886.931;1
2017-10-18 21:12:54;886.969;1
2017-10-18 21:14:03;887.034;1
2017-10-18 21:15:12;887.072;1
2017-10-18 21:16:21;887.047;1
2017-10-18 21:17:30;834.819;1
2017-10-18 21:18:39;887.047;1
2017-10-18 21:19:48;887.085;1
2017-10-18 21:20:57;939.212;1
2017-10-18 21:22:06;1043.63;1
2017-10-18 21:23:15;991.434;1
2017-10-18 21:24:24;1043.509;1
2017-10-18 21:25:33;991.391;1
2017-10-18 21:26:42;991.333;1
2017-10-18 21:27:51;1043.599;1
2017-10-18 21:29:00;991.319;1
2017-10-18 21:30:09;991.434;1
2017-10-18 21:31:18;1043.524;1
2017-10-18 21:32:27;991.419;1
2017-10-18 21:33:36;991.434;1
2017-10-18 21:34:45;1043.554;1
2017-10-18 21:35:54;1043.509;1
2017-10-18 21:37:03;991.333;1
2017-10-18 21:38:12;991.333;1
2017-10-18 21:39:21;1043.539;1
2017-10-18 21:40:30;991.319;1
2017-10-18 21:41:39;991.419;1
2017-10-18 21:42:48;991.405;1
2017-10-18 21:43:57;991.391;1
2017-10-18 21:45:06;939.158;1
2017-10-18 21:46:15;991.405;1
2017-10-18 21:47:24;939.226;1
2017-10-18 21:48:33;991.434;1
2017-10-18 21:49:42;939.212;1
2017-10-18 21:50:51;939.226;1
2017-10-18 21:52:00;939.212;1
2017-10-18 21:53:09;939.185;1
2017-10-18 21:54:18;939.212;1
2017-10-18 21:55:27;939.212;1
2017-10-18 21:56:36;939.253;1
2017-10-18 21:57:45;887.034;1
2017-10-18 21:58:54;939.171;1
2017-10-18 22:00:03;887.008;1
2017-10-18 22:01:12;939.13;1
2017-10-18 22:02:21;887.059;1
2017-10-18 22:03:30;939.212;1
2017-10-18 22:04:39;887.021;1
2017-10-18 22:05:48;208.714;1
2017-10-18 22:06:57;0;1
2017-10-18 22:08:06;0;1
2017-10-18 22:09:15;0;1
2017-10-18 22:10:24;0;1
2017-10-18 22:11:33;0;1
2017-10-18 22:12:42;0;1
2017-10-18 22:13:51;0;1
2017-10-18 22:15:00;0;1
2017-10-18 22:16:09;0;1
2017-10-18 22:17:18;0;1
2017-10-18 22:18:27;0;1
2017-10-18 22:19:36;0;1
2017-10-18 22:20:45;0;1
2017-10-18 22:21:54;0;1
2017-10-18 22:23:03;0;1
2017-10-18 22:24:12;0;1
2017-10-18 22:25:21;0;1
2017-10-18 22:26:30;0;1
2017-10-18 22:27:39;0;1
2017-10-18 22:28:48;0;1
2017-10-18 22:29:57;0;1
2017-10-18 22:31:06;0;1
2017-10-18 22:32:15;0;1
2017-10-18 22:33:24;0;1
2017-10-18 22:34:33;0;1
2017-10-18 22:35:42;0;1
2017-10-18 22:36:51;0;1
2017-10-18 22:38:00;0;1
2017-10-18 22:39:09;0;1
2017-10-18 22:40:18;0;1
2017-10-18 22:41:27;0;1
2017-10-18 22:42:36;0;1
2017-10-18 22:43:45;0;1
2017-10-18 22:44:54;0;1
2017-10-18 22:46:03;0;1
2017-10-18 22:47:12;0;1
2017-10-18 22:48:21;0;1
2017-10-18 22:49:30;0;1
2017-10-18 22:50:39;0;1
2017-10-18 22:51:48;0;1
2017-10-18 22:52:57;0;1
2017-10-18 22:54:06;0;1
2017-10-18 22:55:15;0;1
2017-10-18 22:56:24;0;1
2017-10-18 22:57:33;0;1
2017-10-18 22:58:42;0;1
2017-10-18 22:59:51;0;1
2017-10-18 23:01:00;0;1
2017-10-18 23:02:09;0;1
2017-10-18 23:03:18;0;1
2017-10-18 23:04:27;0;1
2017-10-18 23:05:36;0;1
2017-10-18 23:06:45;0;1
2017-10-18 23:07:54;0;1
2017-10-18 23:09:03;0;1
2017-10-18 23:10:12;0;1
2017-10-18 23:11:21;0;1
2017-10-18 23:12:30;0;1
2017-10-18 23:13:39;0;1
2017-10-18 23:14:48;0;1
2017-10-18 23:15:57;0;1
2017-10-18 23:17:06;0;1
2017-10-18 23:18:15;0;1
2017-10-18 23:19:24;0;1
2017-10-18 23:20:33;0;1
2017-10-18 23:21:42;0;1
2017-10-18 23:22:51;0;1
2017-10-18 23:24:00;0;1
2017-10-18 23:25:09;0;1
2017-10-18 23:26:18;0;1
2017-10-18 23:27:27;0;1
2017-10-18 23:28:36;0;1
2017-10-18 23:29:45;0;1
2017-10-18 23:30:54;0;1
2017-10-18 23:32:03;0;1
2017-10-18 23:33:12;0;1
2017-10-18 23:34:21;0;1
2017-10-18 23:35:30;0;1
2017-10-18 23:36:39;0;1
2017-10-18 23:37:48;0;1
2017-10-18 23:38:57;0;1
2017-10-18 23:40:06;0;1
2017-10-18 23:41:15;0;1
2017-10-18 23:42:24;0;1
2017-10-18 23:43:33;0;1
2017-10-18 23:44:42;0;1
2017-10-18 23:45:51;0;1
2017-10-18 23:47:00;0;1
2017-10-18 23:48:09;0;1
2017-10-18 23:49:18;0;1
2017-10-18 23:50:27;0;1
2017-10-18 23:51:36;0;1
2017-10-18 23:52:45;0;1
2017-10-18 23:53:54;0;1
2017-10-18 23:55:03;0;1
2017-10-18 23:56:12;0;1
2017-10-18 23:57:21;0;1
2017-10-18 23:58:30;0;1
2017-10-18 23:59:39;0;1
2017-10-19 00:00:48;0;1
2017-10-19 00:01:57;0;1
2017-10-19 00:03:06;0;1
2017-10-19 00:04:15;0;1
2017-10-19 00:05:24;0;1
2017-10-19 00:06:33;0;1
2017-10-19 00:07:42;0;1
2017-10-19 00:08:51;0;1
2017-10-19 00:10:00;0;1
2017-10-19 00:11:09;0;1
2017-10-19 00:12:18;0;1
2017-10-19 00:13:27;0;1
2017-10-19 00:14:36;0;1
2017-10-19 00:15:45;0;1
2017-10-19 00:16:54;0;1
2017-10-19 00:18:03;0;1
2017-10-19 00:19:12;0;1
2017-10-19 00:20:21;0;1
2017-10-19 00:21:30;0;1
2017-10-19 00:22:39;0;1
2017-10-19 00:23:48;0;1
2017-10-19 00:24:57;0;1
2017-10-19 00:26:06;0;1
2017-10-19 00:27:15;0;1
2017-10-19 00:28:24;0;1
2017-10-19 00:29:33;0;1
2017-10-19 00:30:42;0;1
2017-10-19 00:31:51;0;1
2017-10-19 00:33:00;0;1
2017-10-19 00:34:09;0;1
2017-10-19 00:35:18;0;1
2017-10-19 00:36:27;0;1
2017-10-19 00:37:36;0;1
2017-10-19 00:38:45;0;1
2017-10-19 00:39:54;0;1
2017-10-19 00:41:03;0;1
2017-10-19 00:42:12;0;1
2017-10-19 00:43:21;0;1
2017-10-19 00:44:30;0;1
2017-10-19 00:45:39;0;1
2017-10-19 00:46:48;0;1
2017-10-19 00:47:57;0;1
2017-10-19 00:49:06;0;1
2017-10-19 00:50:15;0;1
2017-10-19 00:51:24;0;1
2017-10-19 00:52:33;0;1
2017-10-19 00:53:42;0;1
2017-10-19 00:54:51;0;1
2017-10-19 00:56:00;0;1
2017-10-19 00:57:09;0;1
2017-10-19 00:58:18;0;1
2017-10-19 00:59:27;0;1
2017-10-19 01:00:36;0;1
2017-10-19 01:01:45;0;1
2017-10-19 01:02:54;0;1
2017-10-19 01:04:03;0;1
2017-10-19 01:05:12;0;1
2017-10-19 01:06:21;0;1
2017-10-19 01:07:30;0;1
2017-10-19 01:08:39;0;1
2017-10-19 01:09:48;0;1
2017-10-19 01:10:57;0;1
2017-10-19 01:12:06;0;1
2017-10-19 01:13:15;0;1
2017-10-19 01:14:24;0;1
2017-10-19 01:15:33;0;1
2017-10-19 01:16:42;0;1
2017-10-19 01:17:51;0;1
2017-10-19 01:19:00;0;1
2017-10-19 01:20:09;0;1
2017-10-19 01:21:18;0;1
2017-10-19 01:22:27;0;1
2017-10-19 01:23:36;0;1
2017-10-19 01:24:45;0;1
2017-10-19 01:25:54;0;1
2017-10-19 01:27:03;0;1
2017-10-19 01:28:12;0;1
2017-10-19 01:29:21;0;1
2017-10-19 01:30:30;0;1
2017-10-19 01:31:39;0;1
2017-10-19 01:32:48;0;1
2017-10-19 01:33:57;0;1
2017-10-19 01:35:06;0;1
2017-10-19 01:36:15;0;1
2017-10-19 01:37:24;0;1
2017-10-19 01:38:33;0;1
2017-10-19 01:39:42;0;1
2017-10-19 01:40:51;0;1
2017-10-19 01:42:00;0;1
2017-10-19 01:43:09;0;1
2017-10-19 01:44:18;0;1
2017-10-19 01:45:27;0;1
2017-10-19 01:46:36;0;1
2017-10-19 01:47:45;0;1
2017-10-19 01:48:54;0;1
2017-10-19 01:50:03;0;1
2017-10-19 01:51:12;0;1
2017-10-19 01:52:21;0;1
2017-10-19 01:53:30;0;1
2017-10-19 01:54:39;0;1
2017-10-19 01:55:48;0;1
2017-10-19 01:56:57;0;1
2017-10-19 01:58:06;0;1
2017-10-19 01:59:15;0;1
2017-10-19 02:00:24;0;1
2017-10-19 02:01:33;0;1
2017-10-19 02:02:42;0;1
2017-10-19 02:03:51;0;1
2017-10-19 02:05:00;0;1
2017-10-19 02:06:09;0;1
2017-10-19 02:07:18;0;1
2017-10-19 02:08:27;0;1
2017-10-19 02:09:36;0;1
2017-10-19 02:10:45;0;1
2017-10-19 02:11:54;0;1
2017-10-19 02:13:03;0;1
2017-10-19 02:14:12;0;1
2017-10-19 02:15:21;0;1
2017-10-19 02:16:30;0;1
2017-10-19 02:17:39;0;1
2017-10-19 02:18:48;0;1
2017-10-19 02:19:57;0;1
2017-10-19 02:21:06;0;1
2017-10-19 02:22:15;0;1
2017-10-19 02:23:24;0;1
2017-10-19 02:24:33;0;1
2017-10-19 02:25:42;0;1
2017-10-19 02:26:51;0;1
2017-10-19 02:28:00;0;1
2017-10-19 02:29:09;0;1
2017-10-19 02:30:18;0;1
2017-10-19 02:31:27;0;1
2017-10-19 02:32:36;0;1
2017-10-19 02:33:45;0;1
2017-10-19 02:34:54;0;1
2017-10-19 02:36:03;0;1
2017-10-19 02:37:12;0;1
2017-10-19 02:38:21;0;1
2017-10-19 02:39:30;0;1
2017-10-19 02:40:39;0;1
2017-10-19 02:41:48;0;1
2017-10-19 02:42:57;0;1
2017-10-19 02:44:06;0;1
2017-10-19 02:45:15;0;1
2017-10-19 02:46:24;0;1
2017-10-19 02:47:33;0;1
2017-10-19 02:48:42;0;1
2017-10-19 02:49:51;0;1
2017-10-19 02:51:00;0;1
2017-10-19 02:52:09;0;1
2017-10-19 02:53:18;0;1
2017-10-19 02:54:27;0;1
2017-10-19 02:55:36;0;1
2017-10-19 02:56:45;0;1
2017-10-19 02:57:54;0;1
2017-10-19 02:59:03;0;1
2017-10-19 03:00:12;0;1
2017-10-19 03:01:21;0;1
2017-10-19 03:02:30;0;1
2017-10-19 03:03:39;0;1
2017-10-19 03:04:48;0;1
2017-10-19 03:05:57;0;1
2017-10-19 03:07:06;0;1
2017-10-19 03:08:15;0;1
2017-10-19 03:09:24;0;1
2017-10-19 03:10:33;0;1
2017-10-19 03:11:42;0;1
2017-10-19 03:12:51;0;1
2017-10-19 03:14:00;0;1
2017-10-19 03:15:09;0;1
2017-10-19 03:16:18;0;1
2017-10-19 03:17:27;0;1
2017-10-19 03:18:36;0;1
2017-10-19 03:19:45;0;1
2017-10-19 03:20:54;0;1
2017-10-19 03:22:03;0;1
2017-10-19 03:23:12;0;1
2017-10-19 03:24:21;0;1
2017-10-19 03:25:30;0;1
2017-10-19 03:26:39;0;1
2017-10-19 03:27:48;0;1
2017-10-19 03:28:57;0;1
2017-10-19 03:30:06;0;1
2017-10-19 03:31:15;0;1
2017-10-19 03:32:24;0;1
2017-10-19 03:33:33;0;1
2017-10-19 03:34:42;0;1
2017-10-19 03:35:51;0;1
2017-10-19 03:37:00;0;1
2017-10-19 03:38:09;0;1
2017-10-19 03:39:18;0;1
2017-10-19 03:40:27;0;1
2017-10-19 03:41:36;0;1
2017-10-19 03:42:45;0;1
2017-10-19 03:43:54;0;1
2017-10-19 03:45:03;0;1
2017-10-19 03:46:12;0;1
2017-10-19 03:47:21;0;1
2017-10-19 03:48:30;0;1
2017-10-19 03:49:39;0;1
2017-10-19 03:50:47;0;1
2017-10-19 03:51:56;0;1
2017-10-19 03:53:05;0;1
2017-10-19 03:54:14;0;1
2017-10-19 03:55:23;0;1
2017-10-19 03:56:32;0;1
2017-10-19 03:57:41;0;1
2017-10-19 03:58:50;0;1
2017-10-19 03:59:59;0;1
2017-10-19 04:01:08;0;1
2017-10-19 04:02:17;0;1
2017-10-19 04:03:26;0;1
2017-10-19 04:04:35;0;1
2017-10-19 04:07:03;0;1
2017-10-19 04:08:19;0;1
2017-10-19 04:09:28;0;1
2017-10-19 04:10:37;0;1
2017-10-19 04:11:46;0;1
2017-10-19 04:12:55;0;1
2017-10-19 04:14:04;0;1
2017-10-19 04:15:13;0;1
2017-10-19 04:16:22;0;1
2017-10-19 04:17:31;0;1
2017-10-19 04:18:40;0;1
2017-10-19 04:19:49;0;1
2017-10-19 04:20:58;0;1
2017-10-19 04:22:07;0;1
2017-10-19 04:23:16;0;1
2017-10-19 04:24:25;0;1
2017-10-19 04:25:34;0;1
2017-10-19 04:26:43;0;1
2017-10-19 04:27:52;0;1
2017-10-19 04:29:01;0;1
2017-10-19 04:30:10;0;1
2017-10-19 04:31:19;0;1
2017-10-19 04:32:28;0;1
2017-10-19 04:33:37;0;1
2017-10-19 04:34:46;0;1
2017-10-19 04:35:55;0;1
2017-10-19 04:37:04;0;1
2017-10-19 04:38:13;0;1
2017-10-19 04:39:22;0;1
2017-10-19 04:40:31;0;1
2017-10-19 04:41:40;0;1
2017-10-19 04:42:49;0;1
2017-10-19 04:43:58;0;1
2017-10-19 04:45:07;0;1
2017-10-19 04:46:16;0;1
2017-10-19 04:47:25;0;1
2017-10-19 04:48:34;0;1
2017-10-19 04:49:43;0;1
2017-10-19 04:50:52;0;1
2017-10-19 04:52:01;0;1
2017-10-19 04:53:10;0;1
2017-10-19 04:54:19;0;1
2017-10-19 04:55:28;0;1
2017-10-19 04:56:37;0;1
2017-10-19 04:57:46;0;1
2017-10-19 04:58:55;0;1
2017-10-19 05:00:04;0;1
2017-10-19 05:01:13;0;1
2017-10-19 05:02:22;0;1
2017-10-19 05:03:31;0;1
2017-10-19 05:04:40;0;1
2017-10-19 05:05:49;0;1
2017-10-19 05:06:58;0;1
2017-10-19 05:08:07;0;1
2017-10-19 05:09:16;0;1
2017-10-19 05:10:25;0;1
2017-10-19 05:11:34;0;1
2017-10-19 05:12:43;0;1
2017-10-19 05:13:52;0;1
2017-10-19 05:15:01;0;1
2017-10-19 05:16:10;0;1
2017-10-19 05:17:19;0;1
2017-10-19 05:18:28;0;1
2017-10-19 05:19:37;0;1
2017-10-19 05:20:46;0;1
2017-10-19 05:21:55;0;1
2017-10-19 05:23:04;0;1
2017-10-19 05:24:13;0;1
2017-10-19 05:25:22;0;1
2017-10-19 05:26:31;0;1
2017-10-19 05:27:40;0;1
2017-10-19 05:28:49;0;1
2017-10-19 05:29:58;0;1
2017-10-19 05:31:07;0;1
2017-10-19 05:32:16;0;1
2017-10-19 05:33:25;0;1
2017-10-19 05:34:34;0;1
2017-10-19 05:35:43;0;1
2017-10-19 05:36:52;0;1
2017-10-19 05:38:01;0;1
2017-10-19 05:39:10;0;1
2017-10-19 05:40:19;0;1
2017-10-19 05:41:28;0;1
2017-10-19 05:42:37;0;1
2017-10-19 05:43:46;0;1
2017-10-19 05:44:55;0;1
2017-10-19 05:46:04;0;1
2017-10-19 05:47:13;0;1
2017-10-19 05:48:22;0;1
2017-10-19 05:49:31;0;1
2017-10-19 05:50:40;0;1
2017-10-19 05:51:49;0;1
2017-10-19 05:52:58;0;1
2017-10-19 05:54:07;0;1
2017-10-19 05:55:16;0;1
2017-10-19 05:56:25;0;1
2017-10-19 05:57:34;0;1
2017-10-19 05:58:43;0;1
2017-10-19 05:59:52;0;1
2017-10-19 06:01:01;0;1
2017-10-19 06:02:10;0;1
2017-10-19 06:03:19;0;1
2017-10-19 06:04:28;0;1
2017-10-19 06:05:37;2191.336;1
2017-10-19 06:06:46;3704.294;1
2017-10-19 06:07:55;3809.137;1
2017-10-19 06:09:04;1408.675;1
2017-10-19 06:10:13;1200.07;1
2017-10-19 06:11:22;1252.374;1
2017-10-19 06:12:31;1095.747;1
2017-10-19 06:13:40;887.047;1
2017-10-19 06:14:49;887.047;1
2017-10-19 06:15:58;939.117;1
2017-10-19 06:17:07;887.059;1
2017-10-19 06:18:16;886.995;1
2017-10-19 06:19:25;887.072;1
2017-10-19 06:20:34;887.021;1
2017-10-19 06:21:43;887.021;1
2017-10-19 06:22:52;887.034;1
2017-10-19 06:24:01;887.034;1
2017-10-19 06:25:10;1043.584;1
2017-10-19 06:26:19;1252.374;1
2017-10-19 06:27:28;1304.386;1
2017-10-19 06:28:37;1252.283;1
2017-10-19 06:29:46;1304.48;1
2017-10-19 06:30:55;1304.499;1
2017-10-19 06:32:04;1304.461;1
2017-10-19 06:33:13;1252.247;1
2017-10-19 06:34:22;1304.423;1
2017-10-19 06:35:31;1304.386;1
2017-10-19 06:36:40;1252.21;1
2017-10-19 06:37:49;1252.247;1
2017-10-19 06:38:58;1252.156;1
2017-10-19 06:40:07;1304.367;1
2017-10-19 06:41:16;1356.659;1
2017-10-19 06:42:25;1408.818;1
2017-10-19 06:43:34;2035.019;1
2017-10-19 06:44:43;1721.839;1
2017-10-19 06:45:52;1304.499;1
2017-10-19 06:47:01;1252.21;1
2017-10-19 06:48:10;1356.699;1
2017-10-19 06:49:19;1356.561;1
2017-10-19 06:50:28;1304.575;1
2017-10-19 06:51:37;1304.442;1
2017-10-19 06:52:46;1252.21;1
2017-10-19 06:53:55;1408.757;1
2017-10-19 06:55:04;1565.263;1
2017-10-19 06:56:13;1408.92;1
2017-10-19 06:57:22;1304.518;1
2017-10-19 06:58:31;1408.92;1
2017-10-19 06:59:40;1304.518;1
2017-10-19 07:00:49;1356.64;1
2017-10-19 07:01:58;1304.48;1
2017-10-19 07:03:07;1356.522;1
2017-10-19 07:04:16;1356.718;1
2017-10-19 07:05:25;1356.6;1
2017-10-19 07:06:34;1460.975;1
2017-10-19 07:07:43;1356.62;1
2017-10-19 07:08:52;1408.818;1
2017-10-19 07:10:01;1408.798;1
2017-10-19 07:11:10;1513.219;1
2017-10-19 07:12:19;1460.891;1
2017-10-19 07:13:28;1460.912;1
2017-10-19 07:14:37;1408.777;1
2017-10-19 07:15:46;1356.679;1
2017-10-19 07:16:55;1774.093;1
2017-10-19 07:18:04;2347.996;1
2017-10-19 07:19:13;1565.331;1
2017-10-19 07:20:22;1565.376;1
2017-10-19 07:21:31;1513.109;1
2017-10-19 07:22:40;1513.263;1
2017-10-19 07:23:49;1461.018;1
2017-10-19 07:24:58;1460.975;1
2017-10-19 07:26:07;1460.997;1
2017-10-19 07:27:16;1304.405;1
2017-10-19 07:28:25;1356.581;1
2017-10-19 07:29:34;1356.64;1
2017-10-19 07:30:43;1356.679;1
2017-10-19 07:31:52;1356.6;1
2017-10-19 07:33:01;1304.48;1
2017-10-19 07:34:10;1356.62;1
2017-10-19 07:35:19;1356.659;1
2017-10-19 07:36:28;1356.581;1
2017-10-19 07:37:37;1356.561;1
2017-10-19 07:38:46;1356.64;1
2017-10-19 07:39:55;1356.659;1
2017-10-19 07:41:04;1356.679;1
2017-10-19 07:42:13;1356.738;1
2017-10-19 07:43:22;1356.6;1
2017-10-19 07:44:31;1304.48;1
2017-10-19 07:45:40;1356.62;1
2017-10-19 07:46:49;1356.699;1
2017-10-19 07:47:58;1356.581;1
2017-10-19 07:49:07;1408.777;1
2017-10-19 07:50:16;1930.407;1
2017-10-19 07:51:25;1356.679;1
2017-10-19 07:52:34;1356.384;1
2017-10-19 07:53:43;1304.405;1
2017-10-19 07:54:52;1356.561;1
2017-10-19 07:56:01;1304.253;1
2017-10-19 07:57:10;1826.246;1
2017-10-19 07:58:19;1825.928;1
2017-10-19 07:59:28;1773.99;1
2017-10-19 08:00:37;1773.81;1
2017-10-19 08:01:46;1773.99;1
2017-10-19 08:02:55;2191.209;1
2017-10-19 08:04:04;1721.789;1
2017-10-19 08:05:13;1773.862;1
2017-10-19 08:06:22;1721.839;1
2017-10-19 08:07:31;1721.54;1
2017-10-19 08:08:40;1669.735;1
2017-10-19 08:09:49;1565.422;1
2017-10-19 08:10:58;1408.818;1
2017-10-19 08:12:07;1878.37;1
2017-10-19 08:13:16;2295.752;1
2017-10-19 08:14:25;1460.912;1
2017-10-19 08:15:34;1356.561;1
2017-10-19 08:16:43;1408.798;1
2017-10-19 08:17:52;1356.62;1
2017-10-19 08:19:01;1304.272;1
2017-10-19 08:20:10;1304.348;1
2017-10-19 08:21:19;1252.374;1
2017-10-19 08:22:28;1199.965;1
2017-10-19 08:23:37;1199.965;1
2017-10-19 08:24:46;1095.573;1
2017-10-19 08:25:55;1095.779;1
2017-10-19 08:27:04;991.161;1
2017-10-19 08:28:13;1043.599;1
2017-10-19 08:29:22;886.957;1
2017-10-19 08:30:31;834.674;1
2017-10-19 08:31:40;887.021;1
2017-10-19 08:32:49;1200.052;1
2017-10-19 08:33:58;834.698;1
2017-10-19 08:35:07;678.31;1
2017-10-19 08:36:16;2295.386;1
2017-10-19 08:37:25;4017.45;1
2017-10-19 08:38:34;2765.298;1
2017-10-19 08:39:43;2765.057;1
2017-10-19 08:40:52;2869.732;1
2017-10-19 08:42:01;2556.448;1
2017-10-19 08:43:10;2400.035;1
2017-10-19 08:44:19;2608.544;1
2017-10-19 08:45:28;1878.315;1
2017-10-19 08:46:37;1147.859;1
2017-10-19 08:47:46;1200.035;1
2017-10-19 08:48:55;1147.809;1
2017-10-19 08:50:04;1199.878;1
2017-10-19 08:51:13;1199.983;1
2017-10-19 08:52:22;1200.035;1
2017-10-19 08:53:31;1721.764;1
2017-10-19 08:54:40;2347.894;1
2017-10-19 08:55:49;1721.689;1
2017-10-19 08:56:58;2139.037;1
2017-10-19 08:58:07;991.419;1
2017-10-19 08:59:16;2191.209;1
2017-10-19 09:00:25;2191.114;1
2017-10-19 09:01:34;2295.552;1
2017-10-19 09:02:43;3443.628;1
2017-10-19 09:03:52;3026.087;1
2017-10-19 09:05:01;2243.608;1
2017-10-19 09:06:10;1721.864;1
2017-10-19 09:07:19;2243.771;1
2017-10-19 09:08:28;3965.447;1
2017-10-19 09:09:37;4069.624;1
2017-10-19 09:10:46;3756.848;1
2017-10-19 09:11:55;3548.032;1
2017-10-19 09:13:04;3547.929;1
2017-10-19 09:14:13;3808.972;1
2017-10-19 09:15:22;3548.186;1
2017-10-19 09:16:31;3391.206;1
2017-10-19 09:17:40;3286.861;1
2017-10-19 09:18:49;2504.493;1
2017-10-19 09:19:58;1460.933;1
2017-10-19 09:21:07;1982.781;1
2017-10-19 09:22:16;1826.299;1
2017-10-19 09:23:25;1721.814;1
2017-10-19 09:24:34;3339.372;1
2017-10-19 09:25:43;2817.473;1
2017-10-19 09:26:52;3808.861;1
2017-10-19 09:28:01;4069.683;1
2017-10-19 09:29:10;3652.121;1
2017-10-19 09:30:19;3808.751;1
2017-10-19 09:31:28;3913.327;1
2017-10-19 09:32:37;2348.064;1
2017-10-19 09:33:46;0;1
2017-10-19 09:34:55;0;1
2017-10-19 09:36:04;0;1
2017-10-19 09:37:13;0;1
2017-10-19 09:38:22;0;1
2017-10-19 09:39:31;0;1
2017-10-19 09:40:40;0;1
2017-10-19 09:41:49;0;1
2017-10-19 09:42:58;0;1
2017-10-19 09:44:07;0;1
2017-10-19 09:45:16;0;1
2017-10-19 09:46:25;0;1
2017-10-19 09:47:34;313.048;1
2017-10-19 09:48:43;52.182;1
2017-10-19 09:49:52;0;1
2017-10-19 09:51:01;0;1
2017-10-19 09:52:10;0;1
2017-10-19 09:53:19;730.519;1
2017-10-19 09:54:28;1513.087;1
2017-10-19 09:55:37;2922.036;1
2017-10-19 09:56:46;2869.607;1
2017-10-19 09:57:55;2869.69;1
2017-10-19 09:59:04;2765.618;1
2017-10-19 10:00:13;2608.771;1
2017-10-19 10:01:22;1356.64;1
2017-10-19 10:02:30;1930.715;1
2017-10-19 10:03:39;260.896;1
2017-10-19 10:04:48;0;1
2017-10-19 10:05:57;0;1
2017-10-19 10:07:06;0;1
2017-10-19 10:08:15;0;1
2017-10-19 10:09:24;0;1
2017-10-19 10:10:33;0;1
2017-10-19 10:11:42;0;1
2017-10-19 10:12:51;0;1
2017-10-19 10:14:00;0;1
2017-10-19 10:15:09;0;1
2017-10-19 10:16:18;0;1
2017-10-19 10:17:27;0;1
2017-10-19 10:18:36;0;1
2017-10-19 10:19:45;0;1
2017-10-19 10:20:54;0;1
2017-10-19 10:22:03;0;1
2017-10-19 10:23:12;0;1
2017-10-19 10:24:21;0;1
2017-10-19 10:25:30;0;1
2017-10-19 10:26:39;0;1
2017-10-19 10:27:48;0;1
2017-10-19 10:28:57;0;1
2017-10-19 10:30:06;0;1
2017-10-19 10:31:15;0;1
2017-10-19 10:32:24;0;1
2017-10-19 10:33:33;0;1
2017-10-19 10:34:42;0;1
2017-10-19 10:35:51;0;1
2017-10-19 10:37:00;52.176;1
2017-10-19 10:38:09;0;1
2017-10-19 10:39:18;0;1
2017-10-19 10:40:27;0;1
2017-10-19 10:41:36;0;1
2017-10-19 10:42:45;52.168;1
2017-10-19 10:43:54;313.057;1
2017-10-19 10:45:03;156.522;1
2017-10-19 10:46:12;156.517;1
2017-10-19 10:47:21;208.696;1
2017-10-19 10:48:30;313.053;1
2017-10-19 10:49:39;365.207;1
2017-10-19 10:50:48;417.446;1
2017-10-19 10:51:57;208.668;1
2017-10-19 10:53:06;104.36;1
2017-10-19 10:54:15;52.168;1
2017-10-19 10:55:24;0;1
2017-10-19 10:56:33;104.352;1
2017-10-19 10:57:42;104.336;1
2017-10-19 10:58:51;0;1
2017-10-19 11:00:00;0;1
2017-10-19 11:01:09;0;1
2017-10-19 11:02:18;0;1
2017-10-19 11:03:27;0;1
2017-10-19 11:04:36;0;1
2017-10-19 11:05:45;0;1
2017-10-19 11:06:54;0;1
2017-10-19 11:08:03;0;1
2017-10-19 11:09:12;0;1
2017-10-19 11:10:21;0;1
2017-10-19 11:11:30;0;1
2017-10-19 11:12:39;0;1
2017-10-19 11:13:48;0;1
2017-10-19 11:14:57;0;1
2017-10-19 11:16:06;0;1
2017-10-19 11:17:15;0;1
2017-10-19 11:18:24;0;1
2017-10-19 11:19:33;0;1
2017-10-19 11:20:42;0;1
2017-10-19 11:21:51;0;1
2017-10-19 11:23:00;0;1
2017-10-19 11:24:09;0;1
2017-10-19 11:25:18;0;1
2017-10-19 11:26:27;0;1
2017-10-19 11:27:36;0;1
2017-10-19 11:28:45;0;1
2017-10-19 11:29:54;0;1
2017-10-19 11:31:03;0;1
2017-10-19 11:32:12;0;1
2017-10-19 11:33:21;0;1
2017-10-19 11:34:30;0;1
2017-10-19 11:35:39;0;1
2017-10-19 11:36:48;0;1
2017-10-19 11:37:57;0;1
2017-10-19 11:39:06;0;1
2017-10-19 11:40:15;0;1
2017-10-19 11:41:24;0;1
2017-10-19 11:42:33;0;1
2017-10-19 11:43:42;0;1
2017-10-19 11:44:51;0;1
2017-10-19 11:46:00;0;1
2017-10-19 11:47:09;0;1
2017-10-19 11:48:18;0;1
2017-10-19 11:49:27;0;1
2017-10-19 11:50:36;0;1
2017-10-19 11:51:45;0;1
2017-10-19 11:52:54;0;1
2017-10-19 11:54:03;0;1
2017-10-19 11:55:12;0;1
2017-10-19 11:56:21;0;1
2017-10-19 11:57:30;0;1
2017-10-19 11:58:39;0;1
2017-10-19 11:59:48;0;1
2017-10-19 12:00:57;0;1
2017-10-19 12:02:06;0;1
2017-10-19 12:03:15;0;1
2017-10-19 12:04:24;0;1
2017-10-19 12:05:33;0;1
2017-10-19 12:06:42;0;1
2017-10-19 12:07:51;0;1
2017-10-19 12:09:00;0;1
2017-10-19 12:10:09;0;1
2017-10-19 12:11:18;0;1
2017-10-19 12:12:27;0;1
2017-10-19 12:13:36;0;1
2017-10-19 12:14:45;0;1
2017-10-19 12:15:54;0;1
2017-10-19 12:17:03;0;1
2017-10-19 12:18:12;0;1
2017-10-19 12:19:21;0;1
2017-10-19 12:20:30;0;1
2017-10-19 12:21:39;0;1
2017-10-19 12:22:48;0;1
2017-10-19 12:23:57;0;1
2017-10-19 12:25:06;0;1
2017-10-19 12:26:15;0;1
2017-10-19 12:27:24;104.352;1
2017-10-19 12:28:33;0;1
2017-10-19 12:29:42;0;1
2017-10-19 12:30:51;0;1
2017-10-19 12:32:00;156.526;1
2017-10-19 12:33:09;1147.809;1
2017-10-19 12:34:18;1408.655;1
2017-10-19 12:35:27;1826.008;1
2017-10-19 12:36:36;1930.547;1
2017-10-19 12:37:45;2556.374;1
2017-10-19 12:38:54;2556.374;1
2017-10-19 12:40:03;1200.052;1
2017-10-19 12:41:12;1095.652;1
2017-10-19 12:42:21;469.538;1
2017-10-19 12:43:30;313.043;1
2017-10-19 12:44:39;0;1
2017-10-19 12:45:48;0;1
2017-10-19 12:46:57;0;1
2017-10-19 12:48:06;0;1
2017-10-19 12:49:15;0;1
2017-10-19 12:50:24;0;1
2017-10-19 12:51:33;0;1
2017-10-19 12:52:42;0;1
2017-10-19 12:53:51;0;1
2017-10-19 12:55:00;0;1
2017-10-19 12:56:09;0;1
2017-10-19 12:57:18;0;1
2017-10-19 12:58:27;0;1
2017-10-19 12:59:36;0;1
2017-10-19 13:00:45;0;1
2017-10-19 13:01:54;0;1
2017-10-19 13:03:03;0;1
2017-10-19 13:04:12;0;1
2017-10-19 13:05:21;0;1
2017-10-19 13:06:30;0;1
2017-10-19 13:07:39;0;1
2017-10-19 13:08:48;0;1
2017-10-19 13:09:57;0;1
2017-10-19 13:11:06;0;1
2017-10-19 13:12:15;0;1
2017-10-19 13:13:24;0;1
2017-10-19 13:14:33;0;1
2017-10-19 13:15:42;0;1
2017-10-19 13:16:51;0;1
2017-10-19 13:18:00;0;1
2017-10-19 13:19:09;0;1
2017-10-19 13:20:18;0;1
2017-10-19 13:21:27;0;1
2017-10-19 13:22:36;0;1
2017-10-19 13:23:45;0;1
2017-10-19 13:24:54;0;1
2017-10-19 13:26:03;0;1
2017-10-19 13:27:12;0;1
2017-10-19 13:28:21;0;1
2017-10-19 13:29:30;0;1
2017-10-19 13:30:39;0;1
2017-10-19 13:31:48;0;1
2017-10-19 13:32:57;0;1
2017-10-19 13:34:06;0;1
2017-10-19 13:35:15;0;1
2017-10-19 13:36:24;0;1
2017-10-19 13:37:33;0;1
2017-10-19 13:38:42;0;1
2017-10-19 13:39:51;0;1
2017-10-19 13:41:00;0;1
2017-10-19 13:42:09;0;1
2017-10-19 13:43:18;0;1
2017-10-19 13:44:27;0;1
2017-10-19 13:45:36;0;1
2017-10-19 13:46:45;0;1
2017-10-19 13:47:54;0;1
2017-10-19 13:49:03;0;1
2017-10-19 13:50:12;0;1
2017-10-19 13:51:21;0;1
2017-10-19 13:52:30;0;1
2017-10-19 13:53:39;0;1
2017-10-19 13:54:48;0;1
2017-10-19 13:55:57;0;1
2017-10-19 13:57:06;0;1
2017-10-19 13:58:15;0;1
2017-10-19 13:59:24;0;1
2017-10-19 14:00:33;0;1
2017-10-19 14:01:42;0;1
2017-10-19 14:02:51;0;1
2017-10-19 14:04:00;0;1
2017-10-19 14:05:09;0;1
2017-10-19 14:06:18;0;1
2017-10-19 14:07:27;0;1
2017-10-19 14:08:36;0;1
2017-10-19 14:09:45;0;1
2017-10-19 14:10:54;0;1
2017-10-19 14:12:03;0;1
2017-10-19 14:13:12;0;1
2017-10-19 14:14:21;0;1
2017-10-19 14:15:30;0;1
2017-10-19 14:16:39;0;1
2017-10-19 14:17:48;0;1
2017-10-19 14:18:57;0;1
2017-10-19 14:20:06;0;1
2017-10-19 14:21:15;0;1
2017-10-19 14:22:24;0;1
2017-10-19 14:23:33;0;1
2017-10-19 14:24:42;0;1
2017-10-19 14:25:51;0;1
2017-10-19 14:27:00;0;1
2017-10-19 14:28:09;0;1
2017-10-19 14:29:18;0;1
2017-10-19 14:30:27;0;1
2017-10-19 14:31:36;0;1
2017-10-19 14:32:45;0;1
2017-10-19 14:33:54;0;1
2017-10-19 14:35:03;0;1
2017-10-19 14:36:12;0;1
2017-10-19 14:37:21;0;1
2017-10-19 14:38:30;0;1
2017-10-19 14:39:39;0;1
2017-10-19 14:40:48;0;1
2017-10-19 14:41:57;0;1
2017-10-19 14:43:06;0;1
2017-10-19 14:44:15;0;1
2017-10-19 14:45:24;0;1
2017-10-19 14:46:33;0;1
2017-10-19 14:47:42;0;1
2017-10-19 14:48:51;0;1
2017-10-19 14:50:00;0;1
2017-10-19 14:51:09;0;1
2017-10-19 14:52:18;0;1
2017-10-19 14:53:27;0;1
2017-10-19 14:54:36;0;1
2017-10-19 14:55:45;0;1
2017-10-19 14:56:54;0;1
2017-10-19 14:58:03;0;1
2017-10-19 14:59:12;0;1
2017-10-19 15:00:21;0;1
2017-10-19 15:01:30;0;1
2017-10-19 15:02:39;0;1
2017-10-19 15:03:48;0;1
2017-10-19 15:04:57;0;1
2017-10-19 15:06:06;0;1
2017-10-19 15:07:15;0;1
2017-10-19 15:08:24;0;1
2017-10-19 15:09:33;0;1
2017-10-19 15:10:42;0;1
2017-10-19 15:11:51;0;1
2017-10-19 15:13:00;0;1
2017-10-19 15:14:09;0;1
2017-10-19 15:15:18;0;1
2017-10-19 15:16:27;0;1
2017-10-19 15:17:36;0;1
2017-10-19 15:18:45;0;1
2017-10-19 15:19:54;0;1
2017-10-19 15:21:03;0;1
2017-10-19 15:22:12;0;1
2017-10-19 15:23:21;0;1
2017-10-19 15:24:30;0;1
2017-10-19 15:25:39;0;1
2017-10-19 15:26:48;0;1
2017-10-19 15:27:57;0;1
2017-10-19 15:29:06;0;1
2017-10-19 15:30:15;0;1
2017-10-19 15:31:24;0;1
2017-10-19 15:32:33;0;1
2017-10-19 15:33:42;0;1
2017-10-19 15:34:51;0;1
2017-10-19 15:36:00;0;1
2017-10-19 15:37:09;0;1
2017-10-19 15:38:18;0;1
2017-10-19 15:39:27;0;1
2017-10-19 15:40:36;0;1
2017-10-19 15:41:45;0;1
2017-10-19 15:42:54;0;1
2017-10-19 15:44:03;0;1
2017-10-19 15:45:12;0;1
2017-10-19 15:46:21;0;1
2017-10-19 15:47:30;0;1
2017-10-19 15:48:39;0;1
2017-10-19 15:49:48;0;1
2017-10-19 15:50:57;0;1
2017-10-19 15:52:06;0;1
2017-10-19 15:53:15;0;1
2017-10-19 15:54:24;0;1
2017-10-19 15:55:33;365.254;1
2017-10-19 15:56:42;1147.809;1
2017-10-19 15:57:51;260.87;1
2017-10-19 15:59:00;0;1
2017-10-19 16:00:09;0;1
2017-10-19 16:01:18;0;1
2017-10-19 16:02:27;0;1
2017-10-19 16:03:36;0;1
2017-10-19 16:04:45;0;1
2017-10-19 16:05:54;0;1
2017-10-19 16:07:03;0;1
2017-10-19 16:08:12;0;1
2017-10-19 16:09:21;0;1
2017-10-19 16:10:30;0;1
2017-10-19 16:11:39;0;1
2017-10-19 16:12:48;0;1
2017-10-19 16:13:57;0;1
2017-10-19 16:15:06;0;1
2017-10-19 16:16:15;0;1
2017-10-19 16:17:24;0;1
2017-10-19 16:18:33;0;1
2017-10-19 16:19:42;0;1
2017-10-19 16:20:51;0;1
2017-10-19 16:22:00;0;1
2017-10-19 16:23:09;0;1
2017-10-19 16:24:18;0;1
2017-10-19 16:25:27;0;1
2017-10-19 16:26:36;0;1
2017-10-19 16:27:45;0;1
2017-10-19 16:28:54;0;1
2017-10-19 16:30:03;0;1
2017-10-19 16:31:12;0;1
2017-10-19 16:32:21;0;1
2017-10-19 16:33:30;0;1
2017-10-19 16:34:39;0;1
2017-10-19 16:35:48;0;1
2017-10-19 16:36:57;0;1
2017-10-19 16:38:06;0;1
2017-10-19 16:39:15;0;1
2017-10-19 16:40:24;0;1
2017-10-19 16:41:33;0;1
2017-10-19 16:42:42;0;1
2017-10-19 16:43:51;0;1
2017-10-19 16:45:00;0;1
2017-10-19 16:46:09;0;1
2017-10-19 16:47:18;260.904;1
2017-10-19 16:48:27;156.538;1
2017-10-19 16:49:36;782.563;1
2017-10-19 16:50:45;782.609;1
2017-10-19 16:51:54;678.241;1
2017-10-19 16:53:03;0;1
2017-10-19 16:54:12;0;1
2017-10-19 16:55:21;521.694;1
2017-10-19 16:56:30;887.034;1
2017-10-19 16:57:39;730.361;1
2017-10-19 16:58:48;260.866;1
2017-10-19 16:59:57;0;1
2017-10-19 17:01:06;834.795;1
2017-10-19 17:02:15;782.529;1
2017-10-19 17:03:24;156.526;1
2017-10-19 17:04:33;417.391;1
2017-10-19 17:05:42;1043.509;1
2017-10-19 17:06:51;834.795;1
2017-10-19 17:08:00;0;1
2017-10-19 17:09:09;573.996;1
2017-10-19 17:10:18;1147.909;1
2017-10-19 17:11:27;834.843;1
2017-10-19 17:12:36;0;1
2017-10-19 17:13:45;939.171;1
2017-10-19 17:14:54;1200.017;1
2017-10-19 17:16:03;1147.776;1
2017-10-19 17:17:12;1095.668;1
2017-10-19 17:18:21;260.881;1
2017-10-19 17:19:30;1252.355;1
2017-10-19 17:20:39;1095.684;1
2017-10-19 17:21:48;887.008;1
2017-10-19 17:22:57;1408.736;1
2017-10-19 17:24:06;1252.192;1
2017-10-19 17:25:15;156.524;1
2017-10-19 17:26:24;208.702;1
2017-10-19 17:27:33;208.726;1
2017-10-19 17:28:42;208.723;1
2017-10-19 17:29:51;260.873;1
2017-10-19 17:31:00;313.025;1
2017-10-19 17:32:09;260.877;1
2017-10-19 17:33:18;313.043;1
2017-10-19 17:34:27;313.057;1
2017-10-19 17:35:36;365.244;1
2017-10-19 17:36:45;313.062;1
2017-10-19 17:37:54;365.223;1
2017-10-19 17:39:03;417.422;1
2017-10-19 17:40:12;365.254;1
2017-10-19 17:41:21;417.403;1
2017-10-19 17:42:30;417.428;1
2017-10-19 17:43:39;469.613;1
2017-10-19 17:44:48;469.633;1
2017-10-19 17:45:57;469.613;1
2017-10-19 17:47:06;521.762;1
2017-10-19 17:48:15;469.62;1
2017-10-19 17:49:24;521.762;1
2017-10-19 17:50:33;573.971;1
2017-10-19 17:51:42;521.769;1
2017-10-19 17:52:51;626.132;1
2017-10-19 17:54:00;626.123;1
2017-10-19 17:55:09;678.281;1
2017-10-19 17:56:18;678.29;1
2017-10-19 17:57:27;730.424;1
2017-10-19 17:58:36;730.456;1
2017-10-19 17:59:45;730.498;1
2017-10-19 18:00:54;730.498;1
2017-10-19 18:02:03;782.62;1
2017-10-19 18:03:12;730.467;1
2017-10-19 18:04:21;730.435;1
2017-10-19 18:05:30;834.771;1
2017-10-19 18:06:39;730.509;1
2017-10-19 18:07:48;834.819;1
2017-10-19 18:08:57;782.665;1
2017-10-19 18:10:06;782.654;1
2017-10-19 18:11:15;834.855;1
2017-10-19 18:12:24;782.677;1
2017-10-19 18:13:33;834.904;1
2017-10-19 18:14:42;834.819;1
2017-10-19 18:15:51;782.677;1
2017-10-19 18:17:00;834.795;1
2017-10-19 18:18:09;730.456;1
2017-10-19 18:19:18;834.843;1
2017-10-19 18:20:27;730.519;1
2017-10-19 18:21:36;678.349;1
2017-10-19 18:22:45;730.414;1
2017-10-19 18:23:54;626.105;1
2017-10-19 18:25:03;730.467;1
2017-10-19 18:26:12;678.32;1
2017-10-19 18:27:21;678.261;1
2017-10-19 18:28:30;678.369;1
2017-10-19 18:29:39;730.445;1
2017-10-19 18:30:48;678.34;1
2017-10-19 18:31:57;730.456;1
2017-10-19 18:33:06;730.509;1
2017-10-19 18:34:15;730.53;1
2017-10-19 18:35:24;730.498;1
2017-10-19 18:36:33;730.435;1
2017-10-19 18:37:42;730.445;1
2017-10-19 18:38:51;1200.052;1
2017-10-19 18:40:00;2243.641;1
2017-10-19 18:41:09;2243.706;1
2017-10-19 18:42:18;2087.108;1
2017-10-19 18:43:27;2034.96;1
2017-10-19 18:44:36;1878.343;1
2017-10-19 18:45:45;2191.527;1
2017-10-19 18:46:54;1669.686;1
2017-10-19 18:48:03;939.253;1
2017-10-19 18:49:12;887.034;1
2017-10-19 18:50:21;1043.584;1
2017-10-19 18:51:30;887.034;1
2017-10-19 18:52:39;991.347;1
2017-10-19 18:53:48;834.855;1
2017-10-19 18:54:56;834.892;1
2017-10-19 18:56:06;834.686;1
2017-10-19 18:57:15;834.722;1
2017-10-19 18:58:24;834.831;1
2017-10-19 18:59:33;834.722;1
2017-10-19 19:00:42;887.047;1
2017-10-19 19:01:51;939.035;1
2017-10-19 19:03:00;887.034;1
2017-10-19 19:04:09;939.09;1
2017-10-19 19:05:18;886.918;1
2017-10-19 19:06:27;886.969;1
2017-10-19 19:07:36;887.008;1
2017-10-19 19:08:45;886.995;1
2017-10-19 19:09:54;886.957;1
2017-10-19 19:11:03;834.746;1
2017-10-19 19:12:12;886.879;1
2017-10-19 19:13:21;887.047;1
2017-10-19 19:14:30;834.795;1
2017-10-19 19:15:39;886.969;1
2017-10-19 19:16:48;887.008;1
2017-10-19 19:17:57;886.867;1
2017-10-19 19:19:06;991.319;1
2017-10-19 19:20:15;991.29;1
2017-10-19 19:21:24;939.09;1
2017-10-19 19:22:33;887.047;1
2017-10-19 19:23:42;886.905;1
2017-10-19 19:24:51;834.819;1
2017-10-19 19:26:00;886.841;1
2017-10-19 19:27:09;834.819;1
2017-10-19 19:28:18;886.931;1
2017-10-19 19:29:27;834.746;1
2017-10-19 19:30:36;886.969;1
2017-10-19 19:31:45;834.843;1
2017-10-19 19:32:54;887.047;1
2017-10-19 19:34:03;834.795;1
2017-10-19 19:35:11;939.239;1
2017-10-19 19:36:20;834.819;1
2017-10-19 19:37:29;887.059;1
2017-10-19 19:38:38;1200.035;1
2017-10-19 19:39:47;1356.502;1
2017-10-19 19:40:56;1304.348;1
2017-10-19 19:42:05;1356.522;1
2017-10-19 19:43:14;1356.423;1
2017-10-19 19:44:23;1304.367;1
2017-10-19 19:45:32;1356.482;1
2017-10-19 19:46:41;1461.039;1
2017-10-19 19:47:50;2504.203;1
2017-10-19 19:48:59;2504.493;1
2017-10-19 19:50:08;2504.348;1
2017-10-19 19:51:17;2504.602;1
2017-10-19 19:52:26;2556.781;1
2017-10-19 19:53:35;3026.526;1
2017-10-19 19:54:44;2765.378;1
2017-10-19 19:55:53;2660.87;1
2017-10-19 19:57:02;2765.538;1
2017-10-19 19:58:11;2661.101;1
2017-10-19 19:59:20;2869.898;1
2017-10-19 20:00:29;2869.69;1
2017-10-19 20:01:38;2713.397;1
2017-10-19 20:02:47;2765.217;1
2017-10-19 20:03:56;2348.064;1
2017-10-19 20:05:05;1565.376;1
2017-10-19 20:06:14;1147.976;1
2017-10-19 20:07:23;1252.301;1
2017-10-19 20:08:32;1304.461;1
2017-10-19 20:09:41;1200.104;1
2017-10-19 20:10:50;1408.879;1
2017-10-19 20:11:59;1461.018;1
2017-10-19 20:13:08;2243.771;1
2017-10-19 20:14:17;2347.996;1
2017-10-19 20:15:26;2348.03;1
2017-10-19 20:16:35;2191.463;1
2017-10-19 20:17:44;2348.132;1
2017-10-19 20:18:53;2348.098;1
2017-10-19 20:20:02;2191.495;1
2017-10-19 20:21:11;2191.495;1
2017-10-19 20:22:20;1252.265;1
2017-10-19 20:23:29;1199.965;1
2017-10-19 20:24:38;1095.811;1
2017-10-19 20:25:47;1095.779;1
2017-10-19 20:26:56;1148.009;1
2017-10-19 20:28:05;1147.959;1
2017-10-19 20:29:14;1095.716;1
2017-10-19 20:30:23;1095.7;1
2017-10-19 20:31:32;1043.569;1
2017-10-19 20:32:41;1095.779;1
2017-10-19 20:33:50;1095.684;1
2017-10-19 20:34:59;1095.7;1
2017-10-19 20:36:08;1043.569;1
2017-10-19 20:37:17;1095.7;1
2017-10-19 20:38:26;1043.599;1
2017-10-19 20:39:35;1095.684;1
2017-10-19 20:40:44;1043.509;1
2017-10-19 20:41:53;1043.614;1
2017-10-19 20:43:02;1095.668;1
2017-10-19 20:44:11;991.333;1
2017-10-19 20:45:20;991.376;1
2017-10-19 20:46:29;3026.569;1
2017-10-19 20:47:38;3756.848;1
2017-10-19 20:48:47;3756.903;1
2017-10-19 20:49:56;3756.794;1
2017-10-19 20:51:05;3600.261;1
2017-10-19 20:52:14;3652.597;1
2017-10-19 20:53:23;3600.417;1
2017-10-19 20:54:32;3600.209;1
2017-10-19 20:55:41;3600.261;1
2017-10-19 20:56:50;3600.47;1
2017-10-19 20:57:59;3600.365;1
2017-10-19 20:59:08;3600.157;1
2017-10-19 21:00:17;3600.522;1
2017-10-19 21:01:26;3600.261;1
2017-10-19 21:02:35;3652.227;1
2017-10-19 21:03:44;3600.157;1
2017-10-19 21:04:53;3652.227;1
2017-10-19 21:06:02;1356.758;1
2017-10-19 21:07:11;834.819;1
2017-10-19 21:08:20;834.855;1
2017-10-19 21:09:29;834.867;1
2017-10-19 21:10:38;834.867;1
2017-10-19 21:11:47;834.795;1
2017-10-19 21:12:56;834.771;1
2017-10-19 21:14:05;782.665;1
2017-10-19 21:15:14;834.843;1
2017-10-19 21:16:23;782.665;1
2017-10-19 21:17:32;834.904;1
2017-10-19 21:18:41;887.047;1
2017-10-19 21:19:50;834.831;1
2017-10-19 21:20:59;887.059;1
2017-10-19 21:22:08;782.643;1
2017-10-19 21:23:17;782.62;1
2017-10-19 21:24:26;782.699;1
2017-10-19 21:25:35;782.643;1
2017-10-19 21:26:44;834.855;1
2017-10-19 21:27:53;782.665;1
2017-10-19 21:29:02;782.62;1
2017-10-19 21:30:11;782.609;1
2017-10-19 21:31:20;782.643;1
2017-10-19 21:32:29;834.758;1
2017-10-19 21:33:38;782.609;1
2017-10-19 21:34:47;782.609;1
2017-10-19 21:35:56;678.281;1
2017-10-19 21:37:05;678.231;1
2017-10-19 21:38:14;730.488;1
2017-10-19 21:39:23;782.699;1
2017-10-19 21:40:32;887.008;1
2017-10-19 21:41:41;939.212;1
2017-10-19 21:42:50;834.855;1
2017-10-19 21:43:59;887.008;1
2017-10-19 21:45:08;887.059;1
2017-10-19 21:46:17;834.758;1
2017-10-19 21:47:26;834.746;1
2017-10-19 21:48:35;834.879;1
2017-10-19 21:49:44;886.957;1
2017-10-19 21:50:53;782.631;1
2017-10-19 21:52:02;782.586;1
2017-10-19 21:53:11;782.541;1
2017-10-19 21:54:20;782.62;1
2017-10-19 21:55:29;834.879;1
2017-10-19 21:56:38;678.231;1
2017-10-19 21:57:47;678.261;1
2017-10-19 21:58:56;678.241;1
2017-10-19 22:00:05;730.392;1
2017-10-19 22:01:14;678.281;1
2017-10-19 22:02:23;730.477;1
2017-10-19 22:03:32;730.361;1
2017-10-19 22:04:41;678.241;1
2017-10-19 22:05:50;156.522;1
2017-10-19 22:06:59;0;1
2017-10-19 22:08:08;0;1
2017-10-19 22:09:17;0;1
2017-10-19 22:10:26;0;1
2017-10-19 22:11:35;0;1
2017-10-19 22:12:44;0;1
2017-10-19 22:13:53;0;1
2017-10-19 22:15:02;0;1
2017-10-19 22:16:11;0;1
2017-10-19 22:17:20;0;1
2017-10-19 22:18:29;0;1
2017-10-19 22:19:38;0;1
2017-10-19 22:20:47;0;1
2017-10-19 22:21:56;0;1
2017-10-19 22:23:05;0;1
2017-10-19 22:24:14;0;1
2017-10-19 22:25:23;0;1
2017-10-19 22:26:32;0;1
2017-10-19 22:27:41;0;1
2017-10-19 22:28:50;0;1
2017-10-19 22:29:59;0;1
2017-10-19 22:31:08;0;1
2017-10-19 22:32:17;0;1
2017-10-19 22:33:26;0;1
2017-10-19 22:34:35;0;1
2017-10-19 22:35:44;0;1
2017-10-19 22:36:53;0;1
2017-10-19 22:38:02;0;1
2017-10-19 22:39:11;0;1
2017-10-19 22:40:20;0;1
2017-10-19 22:41:29;0;1
2017-10-19 22:42:38;0;1
2017-10-19 22:43:47;0;1
2017-10-19 22:44:56;0;1
2017-10-19 22:46:05;0;1
2017-10-19 22:47:14;0;1
2017-10-19 22:48:23;0;1
2017-10-19 22:49:32;0;1
2017-10-19 22:50:41;0;1
2017-10-19 22:51:50;0;1
2017-10-19 22:52:59;0;1
2017-10-19 22:54:08;0;1
2017-10-19 22:55:17;0;1
2017-10-19 22:56:26;0;1
2017-10-19 22:57:35;0;1
2017-10-19 22:58:44;0;1
2017-10-19 22:59:53;0;1
2017-10-19 23:01:02;0;1
2017-10-19 23:02:11;0;1
2017-10-19 23:03:20;0;1
2017-10-19 23:04:29;0;1
2017-10-19 23:05:38;0;1
2017-10-19 23:06:47;0;1
2017-10-19 23:07:56;0;1
2017-10-19 23:09:05;0;1
2017-10-19 23:10:14;0;1
2017-10-19 23:11:23;0;1
2017-10-19 23:12:32;0;1
2017-10-19 23:13:41;0;1
2017-10-19 23:14:50;0;1
2017-10-19 23:15:59;0;1
2017-10-19 23:17:08;0;1
2017-10-19 23:18:17;0;1
2017-10-19 23:19:26;0;1
2017-10-19 23:20:35;0;1
2017-10-19 23:21:44;0;1
2017-10-19 23:22:53;0;1
2017-10-19 23:24:02;0;1
2017-10-19 23:25:11;0;1
2017-10-19 23:26:20;0;1
2017-10-19 23:27:29;0;1
2017-10-19 23:28:38;0;1
2017-10-19 23:29:47;0;1
2017-10-19 23:30:56;0;1
2017-10-19 23:32:05;0;1
2017-10-19 23:33:14;0;1
2017-10-19 23:34:23;0;1
2017-10-19 23:35:32;0;1
2017-10-19 23:36:41;0;1
2017-10-19 23:37:50;0;1
2017-10-19 23:38:59;0;1
2017-10-19 23:40:08;0;1
2017-10-19 23:41:17;0;1
2017-10-19 23:42:26;0;1
2017-10-19 23:43:35;0;1
2017-10-19 23:44:44;0;1
2017-10-19 23:45:53;0;1
2017-10-19 23:47:02;0;1
2017-10-19 23:48:11;0;1
2017-10-19 23:49:20;0;1
2017-10-19 23:50:29;0;1
2017-10-19 23:51:38;0;1
2017-10-19 23:52:47;0;1
2017-10-19 23:53:56;0;1
2017-10-19 23:55:05;0;1
2017-10-19 23:56:14;0;1
2017-10-19 23:57:23;0;1
2017-10-19 23:58:32;0;1
2017-10-19 23:59:41;0;1
2017-10-20 00:00:50;0;1
2017-10-20 00:01:59;0;1
2017-10-20 00:03:08;0;1
2017-10-20 00:04:17;0;1
2017-10-20 00:05:26;0;1
2017-10-20 00:06:35;0;1
2017-10-20 00:07:44;0;1
2017-10-20 00:08:53;0;1
2017-10-20 00:10:02;0;1
2017-10-20 00:11:11;0;1
2017-10-20 00:12:20;0;1
2017-10-20 00:13:29;0;1
2017-10-20 00:14:38;0;1
2017-10-20 00:15:47;0;1
2017-10-20 00:16:56;0;1
2017-10-20 00:18:05;0;1
2017-10-20 00:19:14;0;1
2017-10-20 00:20:23;0;1
2017-10-20 00:21:32;0;1
2017-10-20 00:22:41;0;1
2017-10-20 00:23:50;0;1
2017-10-20 00:24:59;0;1
2017-10-20 00:26:08;0;1
2017-10-20 00:27:17;0;1
2017-10-20 00:28:26;0;1
2017-10-20 00:29:35;0;1
2017-10-20 00:30:44;0;1
2017-10-20 00:31:53;0;1
2017-10-20 00:33:02;0;1
2017-10-20 00:34:11;0;1
2017-10-20 00:35:20;0;1
2017-10-20 00:36:29;0;1
2017-10-20 00:37:38;0;1
2017-10-20 00:38:47;0;1
2017-10-20 00:39:56;0;1
2017-10-20 00:41:05;0;1
2017-10-20 00:42:14;0;1
2017-10-20 00:43:23;0;1
2017-10-20 00:44:32;0;1
2017-10-20 00:45:41;0;1
2017-10-20 00:46:50;0;1
2017-10-20 00:47:59;0;1
2017-10-20 00:49:08;0;1
2017-10-20 00:50:17;0;1
2017-10-20 00:51:26;0;1
2017-10-20 00:52:35;0;1
2017-10-20 00:53:44;0;1
2017-10-20 00:54:53;0;1
2017-10-20 00:56:02;0;1
2017-10-20 00:57:11;0;1
2017-10-20 00:58:20;0;1
2017-10-20 00:59:29;0;1
2017-10-20 01:00:38;0;1
2017-10-20 01:01:47;0;1
2017-10-20 01:02:56;0;1
2017-10-20 01:04:05;0;1
2017-10-20 01:05:14;0;1
2017-10-20 01:06:23;0;1
2017-10-20 01:07:32;0;1
2017-10-20 01:08:41;0;1
2017-10-20 01:09:50;0;1
2017-10-20 01:10:59;0;1
2017-10-20 01:12:08;0;1
2017-10-20 01:13:17;0;1
2017-10-20 01:14:26;0;1
2017-10-20 01:15:35;0;1
2017-10-20 01:16:44;0;1
2017-10-20 01:17:53;0;1
2017-10-20 01:19:02;0;1
2017-10-20 01:20:11;0;1
2017-10-20 01:21:20;0;1
2017-10-20 01:22:29;0;1
2017-10-20 01:23:38;0;1
2017-10-20 01:24:47;0;1
2017-10-20 01:25:56;0;1
2017-10-20 01:27:05;0;1
2017-10-20 01:28:14;0;1
2017-10-20 01:29:23;0;1
2017-10-20 01:30:32;0;1
2017-10-20 01:31:41;0;1
2017-10-20 01:32:50;0;1
2017-10-20 01:33:59;0;1
2017-10-20 01:35:08;0;1
2017-10-20 01:36:17;0;1
2017-10-20 01:37:26;0;1
2017-10-20 01:38:35;0;1
2017-10-20 01:39:44;0;1
2017-10-20 01:40:53;0;1
2017-10-20 01:42:02;0;1
2017-10-20 01:43:11;0;1
2017-10-20 01:44:20;0;1
2017-10-20 01:45:29;0;1
2017-10-20 01:46:38;0;1
2017-10-20 01:47:47;0;1
2017-10-20 01:48:56;0;1
2017-10-20 01:50:05;0;1
2017-10-20 01:51:14;0;1
2017-10-20 01:52:23;0;1
2017-10-20 01:53:31;0;1
2017-10-20 01:54:40;0;1
2017-10-20 01:55:49;0;1
2017-10-20 01:56:58;0;1
2017-10-20 01:58:07;0;1
2017-10-20 01:59:16;0;1
2017-10-20 02:00:25;0;1
2017-10-20 02:01:34;0;1
2017-10-20 02:02:43;0;1
2017-10-20 02:03:52;0;1
2017-10-20 02:05:01;0;1
2017-10-20 02:06:10;0;1
2017-10-20 02:07:19;0;1
2017-10-20 02:08:28;0;1
2017-10-20 02:09:37;0;1
2017-10-20 02:10:46;0;1
2017-10-20 02:11:55;0;1
2017-10-20 02:13:04;0;1
2017-10-20 02:14:13;0;1
2017-10-20 02:15:22;0;1
2017-10-20 02:16:31;0;1
2017-10-20 02:17:40;0;1
2017-10-20 02:18:49;0;1
2017-10-20 02:19:58;0;1
2017-10-20 02:21:07;0;1
2017-10-20 02:22:16;0;1
2017-10-20 02:23:25;0;1
2017-10-20 02:24:34;0;1
2017-10-20 02:25:43;0;1
2017-10-20 02:26:52;0;1
2017-10-20 02:28:01;0;1
2017-10-20 02:29:10;0;1
2017-10-20 02:30:19;0;1
2017-10-20 02:31:28;0;1
2017-10-20 02:32:37;0;1
2017-10-20 02:33:46;0;1
2017-10-20 02:34:55;0;1
2017-10-20 02:36:04;0;1
2017-10-20 02:37:13;0;1
2017-10-20 02:38:22;0;1
2017-10-20 02:39:31;0;1
2017-10-20 02:40:40;0;1
2017-10-20 02:41:49;0;1
2017-10-20 02:42:58;0;1
2017-10-20 02:44:07;0;1
2017-10-20 02:45:16;0;1
2017-10-20 02:46:25;0;1
2017-10-20 02:47:34;0;1
2017-10-20 02:48:43;0;1
2017-10-20 02:49:52;0;1
2017-10-20 02:51:01;0;1
2017-10-20 02:52:10;0;1
2017-10-20 02:53:19;0;1
2017-10-20 02:54:28;0;1
2017-10-20 02:55:37;0;1
2017-10-20 02:56:46;0;1
2017-10-20 02:57:55;0;1
2017-10-20 02:59:04;0;1
2017-10-20 03:00:13;0;1
2017-10-20 03:01:22;0;1
2017-10-20 03:02:31;0;1
2017-10-20 03:03:40;0;1
2017-10-20 03:04:49;0;1
2017-10-20 03:05:58;0;1
2017-10-20 03:07:07;0;1
2017-10-20 03:08:16;0;1
2017-10-20 03:09:25;0;1
2017-10-20 03:10:34;0;1
2017-10-20 03:11:43;0;1
2017-10-20 03:12:52;0;1
2017-10-20 03:14:01;0;1
2017-10-20 03:15:10;0;1
2017-10-20 03:16:19;0;1
2017-10-20 03:17:28;0;1
2017-10-20 03:18:37;0;1
2017-10-20 03:19:46;0;1
2017-10-20 03:20:55;0;1
2017-10-20 03:22:04;0;1
2017-10-20 03:23:13;0;1
2017-10-20 03:24:22;0;1
2017-10-20 03:25:31;0;1
2017-10-20 03:26:40;0;1
2017-10-20 03:27:49;0;1
2017-10-20 03:28:58;0;1
2017-10-20 03:30:07;0;1
2017-10-20 03:31:16;0;1
2017-10-20 03:32:25;0;1
2017-10-20 03:33:34;0;1
2017-10-20 03:34:43;0;1
2017-10-20 03:35:52;0;1
2017-10-20 03:37:01;0;1
2017-10-20 03:38:10;0;1
2017-10-20 03:39:19;0;1
2017-10-20 03:40:28;0;1
2017-10-20 03:41:37;0;1
2017-10-20 03:42:46;0;1
2017-10-20 03:43:55;0;1
2017-10-20 03:45:04;0;1
2017-10-20 03:46:13;0;1
2017-10-20 03:47:22;0;1
2017-10-20 03:48:31;0;1
2017-10-20 03:49:40;0;1
2017-10-20 03:50:49;0;1
2017-10-20 03:51:58;0;1
2017-10-20 03:53:07;0;1
2017-10-20 03:54:16;0;1
2017-10-20 03:55:25;0;1
2017-10-20 03:56:34;0;1
2017-10-20 03:57:43;0;1
2017-10-20 03:58:52;0;1
2017-10-20 04:00:01;0;1
2017-10-20 04:01:10;0;1
2017-10-20 04:02:19;0;1
2017-10-20 04:03:28;0;1
2017-10-20 04:04:37;0;1
2017-10-20 04:07:03;0;1
2017-10-20 04:08:19;0;1
2017-10-20 04:09:28;0;1
2017-10-20 04:10:37;0;1
2017-10-20 04:11:46;0;1
2017-10-20 04:12:55;0;1
2017-10-20 04:14:04;0;1
2017-10-20 04:15:13;0;1
2017-10-20 04:16:21;0;1
2017-10-20 04:17:30;0;1
2017-10-20 04:18:39;0;1
2017-10-20 04:19:48;0;1
2017-10-20 04:20:57;0;1
2017-10-20 04:22:06;0;1
2017-10-20 04:23:15;0;1
2017-10-20 04:24:24;0;1
2017-10-20 04:25:33;0;1
2017-10-20 04:26:42;0;1
2017-10-20 04:27:51;0;1
2017-10-20 04:29:00;0;1
2017-10-20 04:30:09;0;1
2017-10-20 04:31:18;0;1
2017-10-20 04:32:27;0;1
2017-10-20 04:33:36;0;1
2017-10-20 04:34:45;0;1
2017-10-20 04:35:54;0;1
2017-10-20 04:37:03;0;1
2017-10-20 04:38:12;0;1
2017-10-20 04:39:21;0;1
2017-10-20 04:40:30;0;1
2017-10-20 04:41:39;0;1
2017-10-20 04:42:48;0;1
2017-10-20 04:43:57;0;1
2017-10-20 04:45:06;0;1
2017-10-20 04:46:15;0;1
2017-10-20 04:47:24;0;1
2017-10-20 04:48:33;0;1
2017-10-20 04:49:42;0;1
2017-10-20 04:50:51;0;1
2017-10-20 04:52:00;0;1
2017-10-20 04:53:09;0;1
2017-10-20 04:54:18;0;1
2017-10-20 04:55:27;0;1
2017-10-20 04:56:36;0;1
2017-10-20 04:57:45;0;1
2017-10-20 04:58:54;0;1
2017-10-20 05:00:03;0;1
2017-10-20 05:01:12;0;1
2017-10-20 05:02:21;0;1
2017-10-20 05:03:30;0;1
2017-10-20 05:04:39;0;1
2017-10-20 05:05:48;0;1
2017-10-20 05:06:57;0;1
2017-10-20 05:08:06;0;1
2017-10-20 05:09:15;0;1
2017-10-20 05:10:24;0;1
2017-10-20 05:11:33;0;1
2017-10-20 05:12:42;0;1
2017-10-20 05:13:51;0;1
2017-10-20 05:15:00;0;1
2017-10-20 05:16:09;0;1
2017-10-20 05:17:18;0;1
2017-10-20 05:18:27;0;1
2017-10-20 05:19:36;0;1
2017-10-20 05:20:45;0;1
2017-10-20 05:21:54;0;1
2017-10-20 05:23:03;0;1
2017-10-20 05:24:12;0;1
2017-10-20 05:25:21;0;1
2017-10-20 05:26:30;0;1
2017-10-20 05:27:39;0;1
2017-10-20 05:28:48;0;1
2017-10-20 05:29:57;0;1
2017-10-20 05:31:06;0;1
2017-10-20 05:32:15;0;1
2017-10-20 05:33:24;0;1
2017-10-20 05:34:33;0;1
2017-10-20 05:35:42;0;1
2017-10-20 05:36:51;0;1
2017-10-20 05:38:00;0;1
2017-10-20 05:39:09;0;1
2017-10-20 05:40:18;0;1
2017-10-20 05:41:27;0;1
2017-10-20 05:42:36;0;1
2017-10-20 05:43:45;0;1
2017-10-20 05:44:54;0;1
2017-10-20 05:46:03;0;1
2017-10-20 05:47:12;0;1
2017-10-20 05:48:21;0;1
2017-10-20 05:49:30;0;1
2017-10-20 05:50:39;0;1
2017-10-20 05:51:48;0;1
2017-10-20 05:52:57;0;1
2017-10-20 05:54:06;0;1
2017-10-20 05:55:15;0;1
2017-10-20 05:56:24;0;1
2017-10-20 05:57:33;0;1
2017-10-20 05:58:42;0;1
2017-10-20 05:59:51;0;1
2017-10-20 06:01:00;0;1
2017-10-20 06:02:09;0;1
2017-10-20 06:03:18;0;1
2017-10-20 06:04:27;0;1
2017-10-20 06:05:36;2243.381;1
2017-10-20 06:06:45;2034.812;1
2017-10-20 06:07:54;1043.554;1
2017-10-20 06:09:03;1095.7;1
2017-10-20 06:10:12;1043.448;1
2017-10-20 06:11:21;730.53;1
2017-10-20 06:12:30;730.53;1
2017-10-20 06:13:39;782.609;1
2017-10-20 06:14:48;730.488;1
2017-10-20 06:15:57;730.53;1
2017-10-20 06:17:06;678.33;1
2017-10-20 06:18:15;730.477;1
2017-10-20 06:19:24;730.488;1
2017-10-20 06:20:33;730.509;1
2017-10-20 06:21:42;730.467;1
2017-10-20 06:22:51;730.477;1
2017-10-20 06:24:00;730.509;1
2017-10-20 06:25:09;730.488;1
2017-10-20 06:26:18;730.477;1
2017-10-20 06:27:27;730.509;1
2017-10-20 06:28:36;730.477;1
2017-10-20 06:29:45;678.34;1
2017-10-20 06:30:54;782.665;1
2017-10-20 06:32:03;1513.087;1
2017-10-20 06:33:12;1721.814;1
2017-10-20 06:34:21;1982.839;1
2017-10-20 06:35:30;1147.959;1
2017-10-20 06:36:39;1147.909;1
2017-10-20 06:37:48;1200.07;1
2017-10-20 06:38:57;1304.48;1
2017-10-20 06:40:06;2139.347;1
2017-10-20 06:41:15;2556.707;1
2017-10-20 06:42:24;2035.078;1
2017-10-20 06:43:33;1721.889;1
2017-10-20 06:44:42;2504.711;1
2017-10-20 06:45:51;2608.923;1
2017-10-20 06:47:00;2191.495;1
2017-10-20 06:48:09;1721.914;1
2017-10-20 06:49:18;1669.662;1
2017-10-20 06:50:27;1669.614;1
2017-10-20 06:51:36;1669.638;1
2017-10-20 06:52:45;1617.555;1
2017-10-20 06:53:54;1669.686;1
2017-10-20 06:55:03;1669.662;1
2017-10-20 06:56:12;1669.686;1
2017-10-20 06:57:21;1826.299;1
2017-10-20 06:58:30;1565.308;1
2017-10-20 06:59:39;1617.509;1
2017-10-20 07:00:48;1617.368;1
2017-10-20 07:01:57;1669.807;1
2017-10-20 07:03:06;1669.565;1
2017-10-20 07:04:15;1669.565;1
2017-10-20 07:05:24;1669.88;1
2017-10-20 07:06:33;2139.223;1
2017-10-20 07:07:42;2139.192;1
2017-10-20 07:08:51;1878.288;1
2017-10-20 07:10:00;2347.962;1
2017-10-20 07:11:09;2034.812;1
2017-10-20 07:12:18;1721.914;1
2017-10-20 07:13:27;1773.99;1
2017-10-20 07:14:36;1669.807;1
2017-10-20 07:15:45;1669.638;1
2017-10-20 07:16:54;1617.438;1
2017-10-20 07:18:03;1826.272;1
2017-10-20 07:19:12;1982.81;1
2017-10-20 07:20:21;1721.839;1
2017-10-20 07:21:30;1774.067;1
2017-10-20 07:22:39;1826.06;1
2017-10-20 07:23:48;2243.543;1
2017-10-20 07:24:57;2034.871;1
2017-10-20 07:26:06;2034.93;1
2017-10-20 07:27:15;2034.989;1
2017-10-20 07:28:24;2295.819;1
2017-10-20 07:29:33;2087.108;1
2017-10-20 07:30:42;1773.939;1
2017-10-20 07:31:51;1721.814;1
2017-10-20 07:33:00;1773.862;1
2017-10-20 07:34:09;1721.839;1
2017-10-20 07:35:18;1669.735;1
2017-10-20 07:36:27;1617.509;1
2017-10-20 07:37:36;1617.579;1
2017-10-20 07:38:45;1617.485;1
2017-10-20 07:39:54;1565.24;1
2017-10-20 07:41:03;1512.89;1
2017-10-20 07:42:12;1513.219;1
2017-10-20 07:43:21;1565.104;1
2017-10-20 07:44:30;1669.662;1
2017-10-20 07:45:39;1617.438;1
2017-10-20 07:46:48;1878.179;1
2017-10-20 07:47:57;2504.312;1
2017-10-20 07:49:06;1669.71;1
2017-10-20 07:50:15;2399.757;1
2017-10-20 07:51:24;1669.541;1
2017-10-20 07:52:33;1669.638;1
2017-10-20 07:53:42;1669.735;1
2017-10-20 07:54:51;1617.532;1
2017-10-20 07:56:00;1669.783;1
2017-10-20 07:57:09;1617.579;1
2017-10-20 07:58:18;1669.517;1
2017-10-20 07:59:27;1617.368;1
2017-10-20 08:00:36;1721.739;1
2017-10-20 08:01:45;1721.664;1
2017-10-20 08:02:54;1408.777;1
2017-10-20 08:04:03;1408.573;1
2017-10-20 08:05:12;1408.716;1
2017-10-20 08:06:21;1408.757;1
2017-10-20 08:07:30;1408.655;1
2017-10-20 08:08:39;1356.6;1
2017-10-20 08:09:48;1252.083;1
2017-10-20 08:10:57;1147.893;1
2017-10-20 08:12:06;1095.62;1
2017-10-20 08:13:15;939.117;1
2017-10-20 08:14:24;939.185;1
2017-10-20 08:15:33;1565.127;1
2017-10-20 08:16:42;1095.652;1
2017-10-20 08:17:51;1043.478;1
2017-10-20 08:19:00;991.261;1
2017-10-20 08:20:09;991.391;1
2017-10-20 08:21:18;991.29;1
2017-10-20 08:22:27;1252.138;1
2017-10-20 08:23:36;1304.291;1
2017-10-20 08:24:45;1252.21;1
2017-10-20 08:25:54;1460.912;1
2017-10-20 08:27:03;1304.31;1
2017-10-20 08:28:12;1199.896;1
2017-10-20 08:29:21;1095.605;1
2017-10-20 08:30:30;626.15;1
2017-10-20 08:31:39;521.716;1
2017-10-20 08:32:48;834.843;1
2017-10-20 08:33:57;678.231;1
2017-10-20 08:35:06;573.88;1
2017-10-20 08:36:15;626.105;1
2017-10-20 08:37:24;834.771;1
2017-10-20 08:38:33;104.346;1
2017-10-20 08:39:42;0;1
2017-10-20 08:40:51;0;1
2017-10-20 08:42:00;0;1
2017-10-20 08:43:09;0;1
2017-10-20 08:44:18;0;1
2017-10-20 08:45:27;0;1
2017-10-20 08:46:36;0;1
2017-10-20 08:47:45;0;1
2017-10-20 08:48:54;0;1
2017-10-20 08:50:03;0;1
2017-10-20 08:51:12;0;1
2017-10-20 08:52:21;0;1
2017-10-20 08:53:30;0;1
2017-10-20 08:54:39;0;1
2017-10-20 08:55:48;0;1
2017-10-20 08:56:57;0;1
2017-10-20 08:58:06;208.723;1
2017-10-20 08:59:15;260.885;1
2017-10-20 09:00:24;104.363;1
2017-10-20 09:01:33;678.29;1
2017-10-20 09:02:42;104.346;1
2017-10-20 09:03:51;0;1
2017-10-20 09:05:00;0;1
2017-10-20 09:06:09;0;1
2017-10-20 09:07:18;0;1
2017-10-20 09:08:27;730.477;1
2017-10-20 09:09:36;1147.926;1
2017-10-20 09:10:45;678.29;1
2017-10-20 09:11:54;521.777;1
2017-10-20 09:13:03;573.971;1
2017-10-20 09:14:12;886.995;1
2017-10-20 09:15:21;1147.859;1
2017-10-20 09:16:30;469.599;1
2017-10-20 09:17:39;365.239;1
2017-10-20 09:18:48;104.366;1
2017-10-20 09:19:57;0;1
2017-10-20 09:21:06;0;1
2017-10-20 09:22:15;0;1
2017-10-20 09:23:24;0;1
2017-10-20 09:24:33;0;1
2017-10-20 09:25:42;208.714;1
2017-10-20 09:26:51;156.531;1
2017-10-20 09:28:00;156.517;1
2017-10-20 09:29:09;156.531;1
2017-10-20 09:30:18;52.177;1
2017-10-20 09:31:27;52.18;1
2017-10-20 09:32:36;0;1
2017-10-20 09:33:45;0;1
2017-10-20 09:34:54;0;1
2017-10-20 09:36:03;0;1
2017-10-20 09:37:12;0;1
2017-10-20 09:38:20;0;1
2017-10-20 09:39:29;0;1
2017-10-20 09:40:38;0;1
2017-10-20 09:41:47;0;1
2017-10-20 09:42:56;0;1
2017-10-20 09:44:05;0;1
2017-10-20 09:45:14;0;1
2017-10-20 09:46:23;0;1
2017-10-20 09:47:32;0;1
2017-10-20 09:48:41;0;1
2017-10-20 09:49:50;0;1
2017-10-20 09:50:59;0;1
2017-10-20 09:52:08;0;1
2017-10-20 09:53:17;0;1
2017-10-20 09:54:26;0;1
2017-10-20 09:55:35;0;1
2017-10-20 09:56:44;0;1
2017-10-20 09:57:53;0;1
2017-10-20 09:59:02;0;1
2017-10-20 10:00:11;0;1
2017-10-20 10:01:20;0;1
2017-10-20 10:02:29;0;1
2017-10-20 10:03:38;0;1
2017-10-20 10:04:47;0;1
2017-10-20 10:05:56;0;1
2017-10-20 10:07:05;0;1
2017-10-20 10:08:14;0;1
2017-10-20 10:09:23;0;1
2017-10-20 10:10:32;0;1
2017-10-20 10:11:41;0;1
2017-10-20 10:12:50;0;1
2017-10-20 10:13:59;0;1
2017-10-20 10:15:08;0;1
2017-10-20 10:16:17;0;1
2017-10-20 10:17:26;365.244;1
2017-10-20 10:18:35;1461.018;1
2017-10-20 10:19:44;1513.065;1
2017-10-20 10:20:53;1460.997;1
2017-10-20 10:22:02;1669.686;1
2017-10-20 10:23:11;0;1
2017-10-20 10:24:20;0;1
2017-10-20 10:25:29;0;1
2017-10-20 10:26:38;0;1
2017-10-20 10:27:47;0;1
2017-10-20 10:28:56;0;1
2017-10-20 10:30:05;0;1
2017-10-20 10:31:14;0;1
2017-10-20 10:32:23;0;1
2017-10-20 10:33:32;52.178;1
2017-10-20 10:34:41;0;1
2017-10-20 10:35:50;0;1
2017-10-20 10:36:59;0;1
2017-10-20 10:38:08;0;1
2017-10-20 10:39:17;0;1
2017-10-20 10:40:26;0;1
2017-10-20 10:41:35;0;1
2017-10-20 10:42:44;0;1
2017-10-20 10:43:53;0;1
2017-10-20 10:45:02;0;1
2017-10-20 10:46:11;0;1
2017-10-20 10:47:20;0;1
2017-10-20 10:48:29;0;1
2017-10-20 10:49:38;0;1
2017-10-20 10:50:47;0;1
2017-10-20 10:51:56;0;1
2017-10-20 10:53:05;0;1
2017-10-20 10:54:14;0;1
2017-10-20 10:55:23;0;1
2017-10-20 10:56:32;0;1
2017-10-20 10:57:41;0;1
2017-10-20 10:58:50;0;1
2017-10-20 10:59:59;0;1
2017-10-20 11:01:08;0;1
2017-10-20 11:02:17;0;1
2017-10-20 11:03:26;0;1
2017-10-20 11:04:35;0;1
2017-10-20 11:05:44;0;1
2017-10-20 11:06:53;0;1
2017-10-20 11:08:02;0;1
2017-10-20 11:09:11;0;1
2017-10-20 11:10:20;0;1
2017-10-20 11:11:29;0;1
2017-10-20 11:12:38;0;1
2017-10-20 11:13:47;0;1
2017-10-20 11:14:56;0;1
2017-10-20 11:16:05;0;1
2017-10-20 11:17:14;0;1
2017-10-20 11:18:23;0;1
2017-10-20 11:19:32;0;1
2017-10-20 11:20:41;0;1
2017-10-20 11:21:50;0;1
2017-10-20 11:22:59;0;1
2017-10-20 11:24:08;0;1
2017-10-20 11:25:17;0;1
2017-10-20 11:26:26;0;1
2017-10-20 11:27:35;0;1
2017-10-20 11:28:44;0;1
2017-10-20 11:29:53;0;1
2017-10-20 11:31:02;0;1
2017-10-20 11:32:11;0;1
2017-10-20 11:33:20;0;1
2017-10-20 11:34:29;0;1
2017-10-20 11:35:38;0;1
2017-10-20 11:36:47;0;1
2017-10-20 11:37:56;0;1
2017-10-20 11:39:05;0;1
2017-10-20 11:40:14;0;1
2017-10-20 11:41:23;0;1
2017-10-20 11:42:32;0;1
2017-10-20 11:43:41;0;1
2017-10-20 11:44:50;0;1
2017-10-20 11:45:59;0;1
2017-10-20 11:47:08;0;1
2017-10-20 11:48:17;0;1
2017-10-20 11:49:26;0;1
2017-10-20 11:50:35;0;1
2017-10-20 11:51:44;0;1
2017-10-20 11:52:53;0;1
2017-10-20 11:54:02;0;1
2017-10-20 11:55:11;0;1
2017-10-20 11:56:20;0;1
2017-10-20 11:57:29;0;1
2017-10-20 11:58:38;0;1
2017-10-20 11:59:47;0;1
2017-10-20 12:00:56;0;1
2017-10-20 12:02:05;0;1
2017-10-20 12:03:14;0;1
2017-10-20 12:04:23;0;1
2017-10-20 12:05:32;0;1
2017-10-20 12:06:41;0;1
2017-10-20 12:07:50;0;1
2017-10-20 12:08:59;0;1
2017-10-20 12:10:08;0;1
2017-10-20 12:11:17;0;1
2017-10-20 12:12:26;0;1
2017-10-20 12:13:35;0;1
2017-10-20 12:14:44;0;1
2017-10-20 12:15:53;0;1
2017-10-20 12:17:02;0;1
2017-10-20 12:18:11;0;1
2017-10-20 12:19:20;0;1
2017-10-20 12:20:29;0;1
2017-10-20 12:21:38;0;1
2017-10-20 12:22:47;0;1
2017-10-20 12:23:56;0;1
2017-10-20 12:25:05;0;1
2017-10-20 12:26:14;0;1
2017-10-20 12:27:23;0;1
2017-10-20 12:28:32;0;1
2017-10-20 12:29:41;0;1
2017-10-20 12:30:50;0;1
2017-10-20 12:31:59;0;1
2017-10-20 12:33:08;0;1
2017-10-20 12:34:17;0;1
2017-10-20 12:35:26;0;1
2017-10-20 12:36:35;0;1
2017-10-20 12:37:44;0;1
2017-10-20 12:38:53;0;1
2017-10-20 12:40:02;0;1
2017-10-20 12:41:11;0;1
2017-10-20 12:42:20;0;1
2017-10-20 12:43:29;52.173;1
2017-10-20 12:44:38;52.178;1
2017-10-20 12:45:47;0;1
2017-10-20 12:46:56;0;1
2017-10-20 12:48:05;208.711;1
2017-10-20 12:49:14;469.599;1
2017-10-20 12:50:23;52.176;1
2017-10-20 12:51:32;0;1
2017-10-20 12:52:41;0;1
2017-10-20 12:53:50;0;1
2017-10-20 12:54:59;0;1
2017-10-20 12:56:08;0;1
2017-10-20 12:57:17;0;1
2017-10-20 12:58:26;0;1
2017-10-20 12:59:35;0;1
2017-10-20 13:00:44;0;1
2017-10-20 13:01:53;0;1
2017-10-20 13:03:02;0;1
2017-10-20 13:04:11;0;1
2017-10-20 13:05:20;0;1
2017-10-20 13:06:29;0;1
2017-10-20 13:07:38;0;1
2017-10-20 13:08:47;0;1
2017-10-20 13:09:56;0;1
2017-10-20 13:11:05;0;1
2017-10-20 13:12:14;0;1
2017-10-20 13:13:23;0;1
2017-10-20 13:14:32;0;1
2017-10-20 13:15:41;0;1
2017-10-20 13:16:50;0;1
2017-10-20 13:17:59;0;1
2017-10-20 13:19:08;0;1
2017-10-20 13:20:17;0;1
2017-10-20 13:21:26;0;1
2017-10-20 13:22:35;0;1
2017-10-20 13:23:44;0;1
2017-10-20 13:24:53;0;1
2017-10-20 13:26:02;0;1
2017-10-20 13:27:11;0;1
2017-10-20 13:28:20;0;1
2017-10-20 13:29:29;0;1
2017-10-20 13:30:38;0;1
2017-10-20 13:31:47;0;1
2017-10-20 13:32:56;0;1
2017-10-20 13:34:05;0;1
2017-10-20 13:35:14;0;1
2017-10-20 13:36:23;0;1
2017-10-20 13:37:32;0;1
2017-10-20 13:38:41;0;1
2017-10-20 13:39:50;0;1
2017-10-20 13:40:59;0;1
2017-10-20 13:42:08;0;1
2017-10-20 13:43:17;0;1
2017-10-20 13:44:26;0;1
2017-10-20 13:45:35;0;1
2017-10-20 13:46:44;0;1
2017-10-20 13:47:53;0;1
2017-10-20 13:49:02;0;1
2017-10-20 13:50:11;0;1
2017-10-20 13:51:20;0;1
2017-10-20 13:52:29;0;1
2017-10-20 13:53:38;0;1
2017-10-20 13:54:47;0;1
2017-10-20 13:55:56;0;1
2017-10-20 13:57:05;0;1
2017-10-20 13:58:14;0;1
2017-10-20 13:59:23;0;1
2017-10-20 14:00:32;0;1
2017-10-20 14:01:41;0;1
2017-10-20 14:02:50;0;1
2017-10-20 14:03:59;0;1
2017-10-20 14:05:08;0;1
2017-10-20 14:06:17;0;1
2017-10-20 14:07:26;0;1
2017-10-20 14:08:35;0;1
2017-10-20 14:09:44;0;1
2017-10-20 14:10:53;0;1
2017-10-20 14:12:02;0;1
2017-10-20 14:13:11;0;1
2017-10-20 14:14:20;0;1
2017-10-20 14:15:29;0;1
2017-10-20 14:16:38;0;1
2017-10-20 14:17:47;0;1
2017-10-20 14:18:56;0;1
2017-10-20 14:20:05;0;1
2017-10-20 14:21:14;0;1
2017-10-20 14:22:23;0;1
2017-10-20 14:23:32;0;1
2017-10-20 14:24:41;0;1
2017-10-20 14:25:50;0;1
2017-10-20 14:26:59;0;1
2017-10-20 14:28:08;0;1
2017-10-20 14:29:17;0;1
2017-10-20 14:30:26;0;1
2017-10-20 14:31:35;0;1
2017-10-20 14:32:44;0;1
2017-10-20 14:33:53;0;1
2017-10-20 14:35:02;0;1
2017-10-20 14:36:11;0;1
2017-10-20 14:37:20;0;1
2017-10-20 14:38:29;0;1
2017-10-20 14:39:38;0;1
2017-10-20 14:40:47;0;1
2017-10-20 14:41:56;0;1
2017-10-20 14:43:05;0;1
2017-10-20 14:44:14;0;1
2017-10-20 14:45:23;0;1
2017-10-20 14:46:32;0;1
2017-10-20 14:47:41;0;1
2017-10-20 14:48:50;0;1
2017-10-20 14:49:59;0;1
2017-10-20 14:51:08;0;1
2017-10-20 14:52:17;0;1
2017-10-20 14:53:26;0;1
2017-10-20 14:54:35;0;1
2017-10-20 14:55:44;0;1
2017-10-20 14:56:53;0;1
2017-10-20 14:58:02;0;1
2017-10-20 14:59:11;0;1
2017-10-20 15:00:20;0;1
2017-10-20 15:01:29;0;1
2017-10-20 15:02:38;0;1
2017-10-20 15:03:47;0;1
2017-10-20 15:04:56;0;1
2017-10-20 15:06:05;0;1
2017-10-20 15:07:14;0;1
2017-10-20 15:08:23;0;1
2017-10-20 15:09:32;0;1
2017-10-20 15:10:41;0;1
2017-10-20 15:11:50;0;1
2017-10-20 15:12:59;0;1
2017-10-20 15:14:08;0;1
2017-10-20 15:15:17;0;1
2017-10-20 15:16:26;0;1
2017-10-20 15:17:35;0;1
2017-10-20 15:18:44;0;1
2017-10-20 15:19:53;208.702;1
2017-10-20 15:21:02;365.207;1
2017-10-20 15:22:11;313.007;1
2017-10-20 15:23:20;313.034;1
2017-10-20 15:24:29;365.244;1
2017-10-20 15:25:38;782.643;1
2017-10-20 15:26:47;0;1
2017-10-20 15:27:56;0;1
2017-10-20 15:29:05;0;1
2017-10-20 15:30:14;0;1
2017-10-20 15:31:23;0;1
2017-10-20 15:32:32;0;1
2017-10-20 15:33:41;0;1
2017-10-20 15:34:50;0;1
2017-10-20 15:35:59;0;1
2017-10-20 15:37:08;0;1
2017-10-20 15:38:17;0;1
2017-10-20 15:39:26;0;1
2017-10-20 15:40:35;0;1
2017-10-20 15:41:44;0;1
2017-10-20 15:42:53;0;1
2017-10-20 15:44:02;0;1
2017-10-20 15:45:11;0;1
2017-10-20 15:46:20;0;1
2017-10-20 15:47:29;0;1
2017-10-20 15:48:38;0;1
2017-10-20 15:49:47;0;1
2017-10-20 15:50:56;0;1
2017-10-20 15:52:05;0;1
2017-10-20 15:53:14;0;1
2017-10-20 15:54:23;0;1
2017-10-20 15:55:32;0;1
2017-10-20 15:56:41;0;1
2017-10-20 15:57:50;0;1
2017-10-20 15:58:59;0;1
2017-10-20 16:00:08;0;1
2017-10-20 16:01:17;0;1
2017-10-20 16:02:26;0;1
2017-10-20 16:03:35;0;1
2017-10-20 16:04:44;0;1
2017-10-20 16:05:53;0;1
2017-10-20 16:07:02;0;1
2017-10-20 16:08:11;0;1
2017-10-20 16:09:20;0;1
2017-10-20 16:10:29;0;1
2017-10-20 16:11:38;0;1
2017-10-20 16:12:47;0;1
2017-10-20 16:13:56;156.531;1
2017-10-20 16:15:05;52.175;1
2017-10-20 16:16:14;0;1
2017-10-20 16:17:23;0;1
2017-10-20 16:18:32;0;1
2017-10-20 16:19:41;0;1
2017-10-20 16:20:50;0;1
2017-10-20 16:21:59;0;1
2017-10-20 16:23:08;0;1
2017-10-20 16:24:17;0;1
2017-10-20 16:25:26;313.048;1
2017-10-20 16:26:35;260.866;1
2017-10-20 16:27:44;365.196;1
2017-10-20 16:28:53;313.048;1
2017-10-20 16:30:02;365.239;1
2017-10-20 16:31:11;834.758;1
2017-10-20 16:32:20;313.03;1
2017-10-20 16:33:29;365.217;1
2017-10-20 16:34:38;313.048;1
2017-10-20 16:35:47;313.025;1
2017-10-20 16:36:56;313.048;1
2017-10-20 16:38:05;365.26;1
2017-10-20 16:39:14;417.355;1
2017-10-20 16:40:23;417.367;1
2017-10-20 16:41:32;417.361;1
2017-10-20 16:42:41;417.403;1
2017-10-20 16:43:50;417.379;1
2017-10-20 16:44:59;417.373;1
2017-10-20 16:46:08;469.606;1
2017-10-20 16:47:17;417.379;1
2017-10-20 16:48:26;417.385;1
2017-10-20 16:49:35;417.385;1
2017-10-20 16:50:44;365.223;1
2017-10-20 16:51:53;417.379;1
2017-10-20 16:53:02;365.196;1
2017-10-20 16:54:11;365.233;1
2017-10-20 16:55:20;313.075;1
2017-10-20 16:56:29;208.684;1
2017-10-20 16:57:38;208.705;1
2017-10-20 16:58:47;104.34;1
2017-10-20 16:59:56;208.702;1
2017-10-20 17:01:05;313.034;1
2017-10-20 17:02:14;313.053;1
2017-10-20 17:03:23;365.239;1
2017-10-20 17:04:32;313.025;1
2017-10-20 17:05:41;313.062;1
2017-10-20 17:06:50;312.994;1
2017-10-20 17:07:59;313.048;1
2017-10-20 17:09:08;260.881;1
2017-10-20 17:10:17;260.858;1
2017-10-20 17:11:26;313.053;1
2017-10-20 17:12:35;260.885;1
2017-10-20 17:13:44;260.847;1
2017-10-20 17:14:53;417.409;1
2017-10-20 17:16:02;417.367;1
2017-10-20 17:17:11;365.223;1
2017-10-20 17:18:20;365.212;1
2017-10-20 17:19:29;313.08;1
2017-10-20 17:20:38;260.862;1
2017-10-20 17:21:47;313.03;1
2017-10-20 17:22:56;313.039;1
2017-10-20 17:24:05;260.896;1
2017-10-20 17:25:14;260.851;1
2017-10-20 17:26:23;208.696;1
2017-10-20 17:27:32;313.007;1
2017-10-20 17:28:41;260.873;1
2017-10-20 17:29:50;313.066;1
2017-10-20 17:30:59;313.021;1
2017-10-20 17:32:08;313.066;1
2017-10-20 17:33:17;313.053;1
2017-10-20 17:34:26;365.18;1
2017-10-20 17:35:35;365.249;1
2017-10-20 17:36:44;417.349;1
2017-10-20 17:37:53;417.385;1
2017-10-20 17:39:02;417.403;1
2017-10-20 17:40:11;469.572;1
2017-10-20 17:41:20;417.416;1
2017-10-20 17:42:29;469.592;1
2017-10-20 17:43:38;626.132;1
2017-10-20 17:44:47;626.114;1
2017-10-20 17:45:56;678.281;1
2017-10-20 17:47:05;678.32;1
2017-10-20 17:48:14;626.132;1
2017-10-20 17:49:23;678.251;1
2017-10-20 17:50:32;678.33;1
2017-10-20 17:51:41;678.29;1
2017-10-20 17:52:50;678.29;1
2017-10-20 17:53:59;678.359;1
2017-10-20 17:55:08;730.477;1
2017-10-20 17:56:17;678.34;1
2017-10-20 17:57:26;730.477;1
2017-10-20 17:58:35;678.359;1
2017-10-20 17:59:44;730.435;1
2017-10-20 18:00:53;730.498;1
2017-10-20 18:02:02;782.643;1
2017-10-20 18:03:11;730.498;1
2017-10-20 18:04:20;782.62;1
2017-10-20 18:05:29;730.456;1
2017-10-20 18:06:38;782.677;1
2017-10-20 18:07:47;782.654;1
2017-10-20 18:08:56;782.631;1
2017-10-20 18:10:05;834.807;1
2017-10-20 18:11:14;782.665;1
2017-10-20 18:12:23;782.575;1
2017-10-20 18:13:32;834.843;1
2017-10-20 18:14:41;834.819;1
2017-10-20 18:15:50;782.631;1
2017-10-20 18:16:59;782.631;1
2017-10-20 18:18:08;834.867;1
2017-10-20 18:19:17;886.982;1
2017-10-20 18:20:26;991.376;1
2017-10-20 18:21:35;886.982;1
2017-10-20 18:22:44;782.677;1
2017-10-20 18:23:53;782.597;1
2017-10-20 18:25:02;782.665;1
2017-10-20 18:26:11;782.665;1
2017-10-20 18:27:20;782.688;1
2017-10-20 18:28:29;782.643;1
2017-10-20 18:29:38;782.722;1
2017-10-20 18:30:47;834.928;1
2017-10-20 18:31:56;782.665;1
2017-10-20 18:33:05;834.916;1
2017-10-20 18:34:14;834.831;1
2017-10-20 18:35:23;782.665;1
2017-10-20 18:36:32;834.746;1
2017-10-20 18:37:41;834.892;1
2017-10-20 18:38:50;834.819;1
2017-10-20 18:39:59;782.665;1
2017-10-20 18:41:08;834.892;1
2017-10-20 18:42:17;782.688;1
2017-10-20 18:43:26;782.631;1
2017-10-20 18:44:35;782.677;1
2017-10-20 18:45:44;782.643;1
2017-10-20 18:46:53;782.722;1
2017-10-20 18:48:02;782.62;1
2017-10-20 18:49:11;782.745;1
2017-10-20 18:50:20;782.677;1
2017-10-20 18:51:29;782.688;1
2017-10-20 18:52:38;834.758;1
2017-10-20 18:53:47;782.665;1
2017-10-20 18:54:56;782.688;1
2017-10-20 18:56:05;782.699;1
2017-10-20 18:57:14;782.711;1
2017-10-20 18:58:23;782.677;1
2017-10-20 18:59:32;782.665;1
2017-10-20 19:00:41;834.807;1
2017-10-20 19:01:50;782.688;1
2017-10-20 19:02:59;834.783;1
2017-10-20 19:04:08;782.688;1
2017-10-20 19:05:17;782.665;1
2017-10-20 19:06:26;834.783;1
2017-10-20 19:07:35;782.677;1
2017-10-20 19:08:44;782.677;1
2017-10-20 19:09:53;782.654;1
2017-10-20 19:11:02;782.643;1
2017-10-20 19:12:11;782.665;1
2017-10-20 19:13:19;782.654;1
2017-10-20 19:14:28;834.867;1
2017-10-20 19:15:37;782.654;1
2017-10-20 19:16:46;782.631;1
2017-10-20 19:17:55;782.699;1
2017-10-20 19:19:04;834.831;1
2017-10-20 19:20:13;782.745;1
2017-10-20 19:21:22;782.597;1
2017-10-20 19:22:31;782.711;1
2017-10-20 19:23:40;782.62;1
2017-10-20 19:24:49;782.688;1
2017-10-20 19:25:58;782.733;1
2017-10-20 19:27:07;782.654;1
2017-10-20 19:28:16;782.597;1
2017-10-20 19:29:25;782.688;1
2017-10-20 19:30:34;782.699;1
2017-10-20 19:31:43;782.722;1
2017-10-20 19:32:52;782.643;1
2017-10-20 19:34:01;782.631;1
2017-10-20 19:35:10;782.711;1
2017-10-20 19:36:19;782.654;1
2017-10-20 19:37:28;730.392;1
2017-10-20 19:38:37;782.722;1
2017-10-20 19:39:46;678.202;1
2017-10-20 19:40:55;678.271;1
2017-10-20 19:42:04;678.281;1
2017-10-20 19:43:13;626.06;1
2017-10-20 19:44:22;730.445;1
2017-10-20 19:45:31;626.033;1
2017-10-20 19:46:40;678.29;1
2017-10-20 19:47:49;678.281;1
2017-10-20 19:48:58;678.222;1
2017-10-20 19:50:07;678.281;1
2017-10-20 19:51:16;626.096;1
2017-10-20 19:52:25;678.29;1
2017-10-20 19:53:34;678.192;1
2017-10-20 19:54:43;678.29;1
2017-10-20 19:55:52;678.271;1
2017-10-20 19:57:01;678.251;1
2017-10-20 19:58:10;730.445;1
2017-10-20 19:59:19;678.29;1
2017-10-20 20:00:28;678.241;1
2017-10-20 20:01:37;678.212;1
2017-10-20 20:02:46;678.32;1
2017-10-20 20:03:55;730.414;1
2017-10-20 20:05:04;730.361;1
2017-10-20 20:06:13;678.29;1
2017-10-20 20:07:22;678.261;1
2017-10-20 20:08:31;678.241;1
2017-10-20 20:09:40;730.509;1
2017-10-20 20:10:49;678.222;1
2017-10-20 20:11:58;678.251;1
2017-10-20 20:13:07;678.3;1
2017-10-20 20:14:16;678.231;1
2017-10-20 20:15:25;730.392;1
2017-10-20 20:16:34;678.29;1
2017-10-20 20:17:43;678.31;1
2017-10-20 20:18:52;678.241;1
2017-10-20 20:20:01;626.023;1
2017-10-20 20:21:10;678.271;1
2017-10-20 20:22:19;626.114;1
2017-10-20 20:23:28;626.06;1
2017-10-20 20:24:37;678.281;1
2017-10-20 20:25:46;626.033;1
2017-10-20 20:26:55;678.29;1
2017-10-20 20:28:04;626.141;1
2017-10-20 20:29:13;678.261;1
2017-10-20 20:30:22;626.178;1
2017-10-20 20:31:31;626.141;1
2017-10-20 20:32:40;678.34;1
2017-10-20 20:33:49;626.141;1
2017-10-20 20:34:58;678.349;1
2017-10-20 20:36:07;626.087;1
2017-10-20 20:37:16;678.241;1
2017-10-20 20:38:25;678.3;1
2017-10-20 20:39:34;626.069;1
2017-10-20 20:40:43;678.349;1
2017-10-20 20:41:52;626.15;1
2017-10-20 20:43:01;678.281;1
2017-10-20 20:44:10;678.3;1
2017-10-20 20:45:19;626.141;1
2017-10-20 20:46:28;678.33;1
2017-10-20 20:47:37;626.196;1
2017-10-20 20:48:46;678.31;1
2017-10-20 20:49:55;626.105;1
2017-10-20 20:51:04;678.29;1
2017-10-20 20:52:13;626.087;1
2017-10-20 20:53:22;626.114;1
2017-10-20 20:54:31;626.123;1
2017-10-20 20:55:40;678.33;1
2017-10-20 20:56:49;626.096;1
2017-10-20 20:57:58;626.15;1
2017-10-20 20:59:07;730.456;1
2017-10-20 21:00:16;834.771;1
2017-10-20 21:01:25;1043.539;1
2017-10-20 21:02:34;991.419;1
2017-10-20 21:03:43;939.267;1
2017-10-20 21:04:52;834.843;1
2017-10-20 21:06:01;782.654;1
2017-10-20 21:07:10;730.488;1
2017-10-20 21:08:19;782.62;1
2017-10-20 21:09:28;730.467;1
2017-10-20 21:10:37;730.456;1
2017-10-20 21:11:46;730.477;1
2017-10-20 21:12:55;678.32;1
2017-10-20 21:14:04;782.643;1
2017-10-20 21:15:13;782.643;1
2017-10-20 21:16:22;782.688;1
2017-10-20 21:17:31;730.424;1
2017-10-20 21:18:40;730.488;1
2017-10-20 21:19:49;678.3;1
2017-10-20 21:20:58;678.281;1
2017-10-20 21:22:07;730.445;1
2017-10-20 21:23:16;782.677;1
2017-10-20 21:24:25;730.456;1
2017-10-20 21:25:34;678.271;1
2017-10-20 21:26:43;678.251;1
2017-10-20 21:27:52;678.359;1
2017-10-20 21:29:01;730.509;1
2017-10-20 21:30:10;834.879;1
2017-10-20 21:31:19;887.085;1
2017-10-20 21:32:28;782.643;1
2017-10-20 21:33:37;834.819;1
2017-10-20 21:34:46;834.819;1
2017-10-20 21:35:55;834.771;1
2017-10-20 21:37:04;834.855;1
2017-10-20 21:38:13;834.916;1
2017-10-20 21:39:22;782.677;1
2017-10-20 21:40:31;834.819;1
2017-10-20 21:41:40;782.677;1
2017-10-20 21:42:49;834.807;1
2017-10-20 21:43:58;782.722;1
2017-10-20 21:45:07;834.831;1
2017-10-20 21:46:16;782.631;1
2017-10-20 21:47:25;834.758;1
2017-10-20 21:48:34;782.677;1
2017-10-20 21:49:43;782.665;1
2017-10-20 21:50:52;782.631;1
2017-10-20 21:52:01;782.586;1
2017-10-20 21:53:10;782.654;1
2017-10-20 21:54:19;782.654;1
2017-10-20 21:55:28;782.688;1
2017-10-20 21:56:37;782.643;1
2017-10-20 21:57:46;782.688;1
2017-10-20 21:58:55;730.498;1
2017-10-20 22:00:04;782.643;1
2017-10-20 22:01:13;782.677;1
2017-10-20 22:02:22;834.807;1
2017-10-20 22:03:31;782.677;1
2017-10-20 22:04:40;782.654;1
2017-10-20 22:05:49;156.538;1
2017-10-20 22:06:58;0;1
2017-10-20 22:08:07;0;1
2017-10-20 22:09:16;0;1
2017-10-20 22:10:25;0;1
2017-10-20 22:11:34;0;1
2017-10-20 22:12:43;0;1
2017-10-20 22:13:52;0;1
2017-10-20 22:15:01;0;1
2017-10-20 22:16:10;0;1
2017-10-20 22:17:19;0;1
2017-10-20 22:18:28;0;1
2017-10-20 22:19:37;0;1
2017-10-20 22:20:46;0;1
2017-10-20 22:21:55;0;1
2017-10-20 22:23:04;0;1
2017-10-20 22:24:13;0;1
2017-10-20 22:25:22;0;1
2017-10-20 22:26:31;0;1
2017-10-20 22:27:40;0;1
2017-10-20 22:28:49;0;1
2017-10-20 22:29:58;0;1
2017-10-20 22:31:07;0;1
2017-10-20 22:32:16;0;1
2017-10-20 22:33:25;0;1
2017-10-20 22:34:34;0;1
2017-10-20 22:35:43;0;1
2017-10-20 22:36:52;0;1
2017-10-20 22:38:01;0;1
2017-10-20 22:39:10;0;1
2017-10-20 22:40:19;0;1
2017-10-20 22:41:28;0;1
2017-10-20 22:42:37;0;1
2017-10-20 22:43:46;0;1
2017-10-20 22:44:55;0;1
2017-10-20 22:46:04;0;1
2017-10-20 22:47:13;0;1
2017-10-20 22:48:22;0;1
2017-10-20 22:49:31;0;1
2017-10-20 22:50:40;0;1
2017-10-20 22:51:49;0;1
2017-10-20 22:52:58;0;1
2017-10-20 22:54:07;0;1
2017-10-20 22:55:16;0;1
2017-10-20 22:56:25;0;1
2017-10-20 22:57:34;0;1
2017-10-20 22:58:43;0;1
2017-10-20 22:59:52;0;1
2017-10-20 23:01:01;0;1
2017-10-20 23:02:10;0;1
2017-10-20 23:03:19;0;1
2017-10-20 23:04:28;0;1
2017-10-20 23:05:37;0;1
2017-10-20 23:06:46;0;1
2017-10-20 23:07:55;0;1
2017-10-20 23:09:04;0;1
2017-10-20 23:10:13;0;1
2017-10-20 23:11:22;0;1
2017-10-20 23:12:31;0;1
2017-10-20 23:13:40;0;1
2017-10-20 23:14:49;0;1
2017-10-20 23:15:58;0;1
2017-10-20 23:17:07;0;1
2017-10-20 23:18:16;0;1
2017-10-20 23:19:25;0;1
2017-10-20 23:20:34;0;1
2017-10-20 23:21:43;0;1
2017-10-20 23:22:52;0;1
2017-10-20 23:24:01;0;1
2017-10-20 23:25:10;0;1
2017-10-20 23:26:19;0;1
2017-10-20 23:27:28;0;1
2017-10-20 23:28:37;0;1
2017-10-20 23:29:46;0;1
2017-10-20 23:30:55;0;1
2017-10-20 23:32:04;0;1
2017-10-20 23:33:13;0;1
2017-10-20 23:34:22;0;1
2017-10-20 23:35:31;0;1
2017-10-20 23:36:40;0;1
2017-10-20 23:37:49;0;1
2017-10-20 23:38:58;0;1
2017-10-20 23:40:07;0;1
2017-10-20 23:41:16;0;1
2017-10-20 23:42:25;0;1
2017-10-20 23:43:34;0;1
2017-10-20 23:44:43;0;1
2017-10-20 23:45:52;0;1
2017-10-20 23:47:01;0;1
2017-10-20 23:48:10;0;1
2017-10-20 23:49:19;0;1
2017-10-20 23:50:28;0;1
2017-10-20 23:51:37;0;1
2017-10-20 23:52:46;0;1
2017-10-20 23:53:55;0;1
2017-10-20 23:55:04;0;1
2017-10-20 23:56:13;0;1
2017-10-20 23:57:22;0;1
2017-10-20 23:58:31;0;1
2017-10-20 23:59:40;0;1
2017-10-21 00:00:49;0;1
2017-10-21 00:01:58;0;1
2017-10-21 00:03:07;0;1
2017-10-21 00:04:16;0;1
2017-10-21 00:05:25;0;1
2017-10-21 00:06:34;0;1
2017-10-21 00:07:43;0;1
2017-10-21 00:08:52;0;1
2017-10-21 00:10:01;0;1
2017-10-21 00:11:10;0;1
2017-10-21 00:12:19;0;1
2017-10-21 00:13:28;0;1
2017-10-21 00:14:37;0;1
2017-10-21 00:15:46;0;1
2017-10-21 00:16:55;0;1
2017-10-21 00:18:04;0;1
2017-10-21 00:19:13;0;1
2017-10-21 00:20:22;0;1
2017-10-21 00:21:31;0;1
2017-10-21 00:22:40;0;1
2017-10-21 00:23:49;0;1
2017-10-21 00:24:58;0;1
2017-10-21 00:26:07;0;1
2017-10-21 00:27:16;0;1
2017-10-21 00:28:25;0;1
2017-10-21 00:29:34;0;1
2017-10-21 00:30:43;0;1
2017-10-21 00:31:52;0;1
2017-10-21 00:33:01;0;1
2017-10-21 00:34:10;0;1
2017-10-21 00:35:19;0;1
2017-10-21 00:36:28;0;1
2017-10-21 00:37:37;0;1
2017-10-21 00:38:46;0;1
2017-10-21 00:39:55;0;1
2017-10-21 00:41:04;0;1
2017-10-21 00:42:13;0;1
2017-10-21 00:43:22;0;1
2017-10-21 00:44:31;0;1
2017-10-21 00:45:40;0;1
2017-10-21 00:46:49;0;1
2017-10-21 00:47:58;0;1
2017-10-21 00:49:07;0;1
2017-10-21 00:50:16;0;1
2017-10-21 00:51:25;0;1
2017-10-21 00:52:34;0;1
2017-10-21 00:53:43;0;1
2017-10-21 00:54:52;0;1
2017-10-21 00:56:01;0;1
2017-10-21 00:57:10;0;1
2017-10-21 00:58:19;0;1
2017-10-21 00:59:28;0;1
2017-10-21 01:00:37;0;1
2017-10-21 01:01:46;0;1
2017-10-21 01:02:55;0;1
2017-10-21 01:04:04;0;1
2017-10-21 01:05:13;0;1
2017-10-21 01:06:22;0;1
2017-10-21 01:07:31;0;1
2017-10-21 01:08:40;0;1
2017-10-21 01:09:49;0;1
2017-10-21 01:10:58;0;1
2017-10-21 01:12:07;0;1
2017-10-21 01:13:16;0;1
2017-10-21 01:14:25;0;1
2017-10-21 01:15:34;0;1
2017-10-21 01:16:43;0;1
2017-10-21 01:17:52;0;1
2017-10-21 01:19:01;0;1
2017-10-21 01:20:10;0;1
2017-10-21 01:21:19;0;1
2017-10-21 01:22:28;0;1
2017-10-21 01:23:37;0;1
2017-10-21 01:24:46;0;1
2017-10-21 01:25:55;0;1
2017-10-21 01:27:04;0;1
2017-10-21 01:28:13;0;1
2017-10-21 01:29:22;0;1
2017-10-21 01:30:31;0;1
2017-10-21 01:31:40;0;1
2017-10-21 01:32:49;0;1
2017-10-21 01:33:58;0;1
2017-10-21 01:35:07;0;1
2017-10-21 01:36:16;0;1
2017-10-21 01:37:25;0;1
2017-10-21 01:38:34;0;1
2017-10-21 01:39:43;0;1
2017-10-21 01:40:52;0;1
2017-10-21 01:42:01;0;1
2017-10-21 01:43:10;0;1
2017-10-21 01:44:19;0;1
2017-10-21 01:45:28;0;1
2017-10-21 01:46:37;0;1
2017-10-21 01:47:46;0;1
2017-10-21 01:48:55;0;1
2017-10-21 01:50:04;0;1
2017-10-21 01:51:13;0;1
2017-10-21 01:52:22;0;1
2017-10-21 01:53:31;0;1
2017-10-21 01:54:40;0;1
2017-10-21 01:55:49;0;1
2017-10-21 01:56:58;0;1
2017-10-21 01:58:07;0;1
2017-10-21 01:59:16;0;1
2017-10-21 02:00:25;0;1
2017-10-21 02:01:34;0;1
2017-10-21 02:02:43;0;1
2017-10-21 02:03:52;0;1
2017-10-21 02:05:01;0;1
2017-10-21 02:06:10;0;1
2017-10-21 02:07:19;0;1
2017-10-21 02:08:28;0;1
2017-10-21 02:09:37;0;1
2017-10-21 02:10:46;0;1
2017-10-21 02:11:55;0;1
2017-10-21 02:13:04;0;1
2017-10-21 02:14:13;0;1
2017-10-21 02:15:22;0;1
2017-10-21 02:16:31;0;1
2017-10-21 02:17:40;0;1
2017-10-21 02:18:49;0;1
2017-10-21 02:19:58;0;1
2017-10-21 02:21:07;0;1
2017-10-21 02:22:16;0;1
2017-10-21 02:23:25;0;1
2017-10-21 02:24:34;0;1
2017-10-21 02:25:43;0;1
2017-10-21 02:26:52;0;1
2017-10-21 02:28:01;0;1
2017-10-21 02:29:10;0;1
2017-10-21 02:30:19;0;1
2017-10-21 02:31:28;0;1
2017-10-21 02:32:37;0;1
2017-10-21 02:33:46;0;1
2017-10-21 02:34:55;0;1
2017-10-21 02:36:04;0;1
2017-10-21 02:37:13;0;1
2017-10-21 02:38:22;0;1
2017-10-21 02:39:31;0;1
2017-10-21 02:40:40;0;1
2017-10-21 02:41:49;0;1
2017-10-21 02:42:58;0;1
2017-10-21 02:44:07;0;1
2017-10-21 02:45:16;0;1
2017-10-21 02:46:25;0;1
2017-10-21 02:47:34;0;1
2017-10-21 02:48:43;0;1
2017-10-21 02:49:52;0;1
2017-10-21 02:51:01;0;1
2017-10-21 02:52:10;0;1
2017-10-21 02:53:19;0;1
2017-10-21 02:54:28;0;1
2017-10-21 02:55:37;0;1
2017-10-21 02:56:46;0;1
2017-10-21 02:57:55;0;1
2017-10-21 02:59:04;0;1
2017-10-21 03:00:13;0;1
2017-10-21 03:01:22;0;1
2017-10-21 03:02:31;0;1
2017-10-21 03:03:40;0;1
2017-10-21 03:04:49;0;1
2017-10-21 03:05:58;0;1
2017-10-21 03:07:07;0;1
2017-10-21 03:08:16;0;1
2017-10-21 03:09:25;0;1
2017-10-21 03:10:34;0;1
2017-10-21 03:11:43;0;1
2017-10-21 03:12:52;0;1
2017-10-21 03:14:01;0;1
2017-10-21 03:15:10;0;1
2017-10-21 03:16:19;0;1
2017-10-21 03:17:28;0;1
2017-10-21 03:18:37;0;1
2017-10-21 03:19:46;0;1
2017-10-21 03:20:55;0;1
2017-10-21 03:22:04;0;1
2017-10-21 03:23:13;0;1
2017-10-21 03:24:22;0;1
2017-10-21 03:25:31;0;1
2017-10-21 03:26:40;0;1
2017-10-21 03:27:49;0;1
2017-10-21 03:28:58;0;1
2017-10-21 03:30:07;0;1
2017-10-21 03:31:16;0;1
2017-10-21 03:32:25;0;1
2017-10-21 03:33:34;0;1
2017-10-21 03:34:43;0;1
2017-10-21 03:35:52;0;1
2017-10-21 03:37:01;0;1
2017-10-21 03:38:10;0;1
2017-10-21 03:39:19;0;1
2017-10-21 03:40:28;0;1
2017-10-21 03:41:37;0;1
2017-10-21 03:42:46;0;1
2017-10-21 03:43:55;0;1
2017-10-21 03:45:04;0;1
2017-10-21 03:46:13;0;1
2017-10-21 03:47:22;0;1
2017-10-21 03:48:31;0;1
2017-10-21 03:49:40;0;1
2017-10-21 03:50:49;0;1
2017-10-21 03:51:58;0;1
2017-10-21 03:53:07;0;1
2017-10-21 03:54:16;0;1
2017-10-21 03:55:25;0;1
2017-10-21 03:56:34;0;1
2017-10-21 03:57:43;0;1
2017-10-21 03:58:52;0;1
2017-10-21 04:00:01;0;1
2017-10-21 04:01:10;0;1
2017-10-21 04:02:19;0;1
2017-10-21 04:03:28;0;1
2017-10-21 04:04:37;0;1
2017-10-21 04:07:11;0;1
2017-10-21 04:08:28;0;1
2017-10-21 04:09:37;0;1
2017-10-21 04:10:46;0;1
2017-10-21 04:11:55;0;1
2017-10-21 04:13:04;0;1
2017-10-21 04:14:13;0;1
2017-10-21 04:15:22;0;1
2017-10-21 04:16:31;0;1
2017-10-21 04:17:40;0;1
2017-10-21 04:18:49;0;1
2017-10-21 04:19:58;0;1
2017-10-21 04:21:07;0;1
2017-10-21 04:22:16;0;1
2017-10-21 04:23:25;0;1
2017-10-21 04:24:34;0;1
2017-10-21 04:25:43;0;1
2017-10-21 04:26:52;0;1
2017-10-21 04:28:01;0;1
2017-10-21 04:29:10;0;1
2017-10-21 04:30:19;0;1
2017-10-21 04:31:28;0;1
2017-10-21 04:32:37;0;1
2017-10-21 04:33:46;0;1
2017-10-21 04:34:55;0;1
2017-10-21 04:36:04;0;1
2017-10-21 04:37:13;0;1
2017-10-21 04:38:22;0;1
2017-10-21 04:39:31;0;1
2017-10-21 04:40:40;0;1
2017-10-21 04:41:49;0;1
2017-10-21 04:42:58;0;1
2017-10-21 04:44:07;0;1
2017-10-21 04:45:16;0;1
2017-10-21 04:46:25;0;1
2017-10-21 04:47:34;0;1
2017-10-21 04:48:43;0;1
2017-10-21 04:49:52;0;1
2017-10-21 04:51:01;0;1
2017-10-21 04:52:10;0;1
2017-10-21 04:53:19;0;1
2017-10-21 04:54:28;0;1
2017-10-21 04:55:37;0;1
2017-10-21 04:56:46;0;1
2017-10-21 04:57:55;0;1
2017-10-21 04:59:04;0;1
2017-10-21 05:00:13;0;1
2017-10-21 05:01:22;0;1
2017-10-21 05:02:31;0;1
2017-10-21 05:03:40;0;1
2017-10-21 05:04:49;0;1
2017-10-21 05:05:58;0;1
2017-10-21 05:07:07;0;1
2017-10-21 05:08:16;0;1
2017-10-21 05:09:25;0;1
2017-10-21 05:10:34;0;1
2017-10-21 05:11:43;0;1
2017-10-21 05:12:52;0;1
2017-10-21 05:14:01;0;1
2017-10-21 05:15:10;0;1
2017-10-21 05:16:19;0;1
2017-10-21 05:17:28;0;1
2017-10-21 05:18:37;0;1
2017-10-21 05:19:46;0;1
2017-10-21 05:20:55;0;1
2017-10-21 05:22:04;0;1
2017-10-21 05:23:13;0;1
2017-10-21 05:24:22;0;1
2017-10-21 05:25:31;0;1
2017-10-21 05:26:40;0;1
2017-10-21 05:27:49;0;1
2017-10-21 05:28:58;0;1
2017-10-21 05:30:07;0;1
2017-10-21 05:31:16;0;1
2017-10-21 05:32:25;0;1
2017-10-21 05:33:34;0;1
2017-10-21 05:34:43;0;1
2017-10-21 05:35:52;0;1
2017-10-21 05:37:01;0;1
2017-10-21 05:38:10;0;1
2017-10-21 05:39:19;0;1
2017-10-21 05:40:28;0;1
2017-10-21 05:41:37;0;1
2017-10-21 05:42:46;0;1
2017-10-21 05:43:55;0;1
2017-10-21 05:45:04;0;1
2017-10-21 05:46:13;0;1
2017-10-21 05:47:22;0;1
2017-10-21 05:48:31;0;1
2017-10-21 05:49:40;0;1
2017-10-21 05:50:49;0;1
2017-10-21 05:51:58;0;1
2017-10-21 05:53:07;0;1
2017-10-21 05:54:16;0;1
2017-10-21 05:55:25;0;1
2017-10-21 05:56:34;0;1
2017-10-21 05:57:43;0;1
2017-10-21 05:58:52;0;1
2017-10-21 06:00:01;0;1
2017-10-21 06:01:10;0;1
2017-10-21 06:02:19;0;1
2017-10-21 06:03:28;0;1
2017-10-21 06:04:37;0;1
2017-10-21 06:05:46;573.955;1
2017-10-21 06:06:55;782.609;1
2017-10-21 06:08:04;782.609;1
2017-10-21 06:09:13;782.552;1
2017-10-21 06:10:22;782.643;1
2017-10-21 06:11:31;730.435;1
2017-10-21 06:12:40;782.575;1
2017-10-21 06:13:49;782.631;1
2017-10-21 06:14:58;782.529;1
2017-10-21 06:16:07;782.609;1
2017-10-21 06:17:16;730.414;1
2017-10-21 06:18:25;834.819;1
2017-10-21 06:19:34;730.509;1
2017-10-21 06:20:43;834.879;1
2017-10-21 06:21:52;730.509;1
2017-10-21 06:23:01;782.688;1
2017-10-21 06:24:10;782.654;1
2017-10-21 06:25:19;730.467;1
2017-10-21 06:26:28;782.665;1
2017-10-21 06:27:37;782.688;1
2017-10-21 06:28:46;730.424;1
2017-10-21 06:29:55;782.563;1
2017-10-21 06:31:04;730.467;1
2017-10-21 06:32:13;782.586;1
2017-10-21 06:33:22;782.597;1
2017-10-21 06:34:31;730.477;1
2017-10-21 06:35:40;782.529;1
2017-10-21 06:36:49;730.488;1
2017-10-21 06:37:58;782.552;1
2017-10-21 06:39:07;782.631;1
2017-10-21 06:40:16;730.424;1
2017-10-21 06:41:25;782.62;1
2017-10-21 06:42:34;730.477;1
2017-10-21 06:43:43;782.495;1
2017-10-21 06:44:52;782.631;1
2017-10-21 06:46:01;782.62;1
2017-10-21 06:47:10;730.371;1
2017-10-21 06:48:19;782.699;1
2017-10-21 06:49:28;782.62;1
2017-10-21 06:50:37;730.403;1
2017-10-21 06:51:46;782.654;1
2017-10-21 06:52:55;782.654;1
2017-10-21 06:54:04;625.996;1
2017-10-21 06:55:13;678.261;1
2017-10-21 06:56:22;626.105;1
2017-10-21 06:57:31;678.251;1
2017-10-21 06:58:40;626.141;1
2017-10-21 06:59:49;678.192;1
2017-10-21 07:00:58;626.123;1
2017-10-21 07:02:07;678.241;1
2017-10-21 07:03:16;626.078;1
2017-10-21 07:04:25;678.222;1
2017-10-21 07:05:34;626.15;1
2017-10-21 07:06:43;678.251;1
2017-10-21 07:07:52;626.078;1
2017-10-21 07:09:01;678.212;1
2017-10-21 07:10:10;626.087;1
2017-10-21 07:11:19;678.231;1
2017-10-21 07:12:28;678.3;1
2017-10-21 07:13:37;626.087;1
2017-10-21 07:14:46;678.271;1
2017-10-21 07:15:55;678.261;1
2017-10-21 07:17:04;626.132;1
2017-10-21 07:18:13;678.261;1
2017-10-21 07:19:22;626.005;1
2017-10-21 07:20:31;678.281;1
2017-10-21 07:21:40;626.105;1
2017-10-21 07:22:49;678.251;1
2017-10-21 07:23:58;626.105;1
2017-10-21 07:25:07;678.271;1
2017-10-21 07:26:16;626.114;1
2017-10-21 07:27:25;678.261;1
2017-10-21 07:28:34;626.014;1
2017-10-21 07:29:43;678.261;1
2017-10-21 07:30:52;626.087;1
2017-10-21 07:32:01;678.261;1
2017-10-21 07:33:10;678.3;1
2017-10-21 07:34:19;678.212;1
2017-10-21 07:35:28;678.261;1
2017-10-21 07:36:37;678.31;1
2017-10-21 07:37:46;678.261;1
2017-10-21 07:38:55;678.271;1
2017-10-21 07:40:04;678.212;1
2017-10-21 07:41:13;678.261;1
2017-10-21 07:42:22;678.182;1
2017-10-21 07:43:31;678.3;1
2017-10-21 07:44:40;678.32;1
2017-10-21 07:45:49;678.271;1
2017-10-21 07:46:58;678.192;1
2017-10-21 07:48:07;678.3;1
2017-10-21 07:49:16;678.231;1
2017-10-21 07:50:25;678.261;1
2017-10-21 07:51:34;678.33;1
2017-10-21 07:52:43;730.382;1
2017-10-21 07:53:52;678.3;1
2017-10-21 07:55:01;730.34;1
2017-10-21 07:56:10;678.281;1
2017-10-21 07:57:19;730.414;1
2017-10-21 07:58:28;678.281;1
2017-10-21 07:59:37;730.403;1
2017-10-21 08:00:46;678.349;1
2017-10-21 08:01:55;678.231;1
2017-10-21 08:03:04;730.35;1
2017-10-21 08:04:13;678.31;1
2017-10-21 08:05:22;730.371;1
2017-10-21 08:06:31;678.359;1
2017-10-21 08:07:40;730.392;1
2017-10-21 08:08:49;678.251;1
2017-10-21 08:09:58;678.172;1
2017-10-21 08:11:07;678.32;1
2017-10-21 08:12:16;626.114;1
2017-10-21 08:13:25;678.172;1
2017-10-21 08:14:34;626.114;1
2017-10-21 08:15:43;626.114;1
2017-10-21 08:16:52;626.078;1
2017-10-21 08:18:01;573.905;1
2017-10-21 08:19:10;626.069;1
2017-10-21 08:20:19;573.963;1
2017-10-21 08:21:28;626.051;1
2017-10-21 08:22:37;573.938;1
2017-10-21 08:23:46;521.754;1
2017-10-21 08:24:55;573.855;1
2017-10-21 08:26:04;521.792;1
2017-10-21 08:27:13;521.686;1
2017-10-21 08:28:22;521.754;1
2017-10-21 08:29:31;521.747;1
2017-10-21 08:30:40;521.807;1
2017-10-21 08:31:49;521.762;1
2017-10-21 08:32:58;521.754;1
2017-10-21 08:34:07;469.592;1
2017-10-21 08:35:16;521.8;1
2017-10-21 08:36:25;469.572;1
2017-10-21 08:37:34;521.769;1
2017-10-21 08:38:43;469.592;1
2017-10-21 08:39:52;521.747;1
2017-10-21 08:41:01;469.606;1
2017-10-21 08:42:10;469.592;1
2017-10-21 08:43:18;469.606;1
2017-10-21 08:44:27;469.558;1
2017-10-21 08:45:36;417.428;1
2017-10-21 08:46:45;469.586;1
2017-10-21 08:47:54;1252.247;1
2017-10-21 08:49:03;3286.957;1
2017-10-21 08:50:12;3182.655;1
2017-10-21 08:51:21;782.699;1
2017-10-21 08:52:30;730.488;1
2017-10-21 08:53:39;887.021;1
2017-10-21 08:54:48;573.971;1
2017-10-21 08:55:57;573.955;1
2017-10-21 08:57:06;521.785;1
2017-10-21 08:58:15;573.963;1
2017-10-21 08:59:24;521.769;1
2017-10-21 09:00:33;573.98;1
2017-10-21 09:01:42;521.785;1
2017-10-21 09:02:51;573.938;1
2017-10-21 09:04:00;521.792;1
2017-10-21 09:05:09;521.732;1
2017-10-21 09:06:18;469.592;1
2017-10-21 09:07:27;417.403;1
2017-10-21 09:08:36;417.403;1
2017-10-21 09:09:45;365.233;1
2017-10-21 09:10:54;365.249;1
2017-10-21 09:12:03;365.217;1
2017-10-21 09:13:12;313.071;1
2017-10-21 09:14:21;313.062;1
2017-10-21 09:15:30;260.896;1
2017-10-21 09:16:39;313.053;1
2017-10-21 09:17:48;313.057;1
2017-10-21 09:18:57;208.699;1
2017-10-21 09:20:06;313.043;1
2017-10-21 09:21:15;156.538;1
2017-10-21 09:22:24;208.702;1
2017-10-21 09:23:33;208.711;1
2017-10-21 09:24:42;260.877;1
2017-10-21 09:25:51;260.87;1
2017-10-21 09:27:00;208.696;1
2017-10-21 09:28:09;260.892;1
2017-10-21 09:29:18;313.057;1
2017-10-21 09:30:27;260.866;1
2017-10-21 09:31:36;365.239;1
2017-10-21 09:32:45;260.885;1
2017-10-21 09:33:54;260.862;1
2017-10-21 09:35:03;208.69;1
2017-10-21 09:36:12;260.873;1
2017-10-21 09:37:21;208.726;1
2017-10-21 09:38:30;156.542;1
2017-10-21 09:39:39;156.522;1
2017-10-21 09:40:48;104.352;1
2017-10-21 09:41:57;104.358;1
2017-10-21 09:43:06;52.18;1
2017-10-21 09:44:15;52.172;1
2017-10-21 09:45:24;104.348;1
2017-10-21 09:46:33;0;1
2017-10-21 09:47:42;0;1
2017-10-21 09:48:51;0;1
2017-10-21 09:50:00;0;1
2017-10-21 09:51:09;0;1
2017-10-21 09:52:18;0;1
2017-10-21 09:53:27;0;1
2017-10-21 09:54:36;208.699;1
2017-10-21 09:55:45;521.769;1
2017-10-21 09:56:54;0;1
2017-10-21 09:58:03;0;1
2017-10-21 09:59:12;0;1
2017-10-21 10:00:21;0;1
2017-10-21 10:01:30;0;1
2017-10-21 10:02:39;0;1
2017-10-21 10:03:48;0;1
2017-10-21 10:04:57;0;1
2017-10-21 10:06:06;0;1
2017-10-21 10:07:15;0;1
2017-10-21 10:08:24;0;1
2017-10-21 10:09:33;0;1
2017-10-21 10:10:42;104.355;1
2017-10-21 10:11:51;0;1
2017-10-21 10:13:00;0;1
2017-10-21 10:14:09;0;1
2017-10-21 10:15:18;0;1
2017-10-21 10:16:27;0;1
2017-10-21 10:17:36;0;1
2017-10-21 10:18:45;0;1
2017-10-21 10:19:54;0;1
2017-10-21 10:21:03;0;1
2017-10-21 10:22:12;0;1
2017-10-21 10:23:21;0;1
2017-10-21 10:24:30;0;1
2017-10-21 10:25:39;0;1
2017-10-21 10:26:48;0;1
2017-10-21 10:27:57;104.352;1
2017-10-21 10:29:06;0;1
2017-10-21 10:30:15;0;1
2017-10-21 10:31:24;0;1
2017-10-21 10:32:33;0;1
2017-10-21 10:33:42;0;1
2017-10-21 10:34:51;0;1
2017-10-21 10:36:00;0;1
2017-10-21 10:37:09;0;1
2017-10-21 10:38:18;0;1
2017-10-21 10:39:27;0;1
2017-10-21 10:40:36;0;1
2017-10-21 10:41:45;0;1
2017-10-21 10:42:54;0;1
2017-10-21 10:44:03;0;1
2017-10-21 10:45:12;0;1
2017-10-21 10:46:21;0;1
2017-10-21 10:47:30;0;1
2017-10-21 10:48:39;0;1
2017-10-21 10:49:48;0;1
2017-10-21 10:50:57;0;1
2017-10-21 10:52:06;0;1
2017-10-21 10:53:15;0;1
2017-10-21 10:54:24;0;1
2017-10-21 10:55:33;0;1
2017-10-21 10:56:42;0;1
2017-10-21 10:57:51;0;1
2017-10-21 10:59:00;0;1
2017-10-21 11:00:09;0;1
2017-10-21 11:01:18;0;1
2017-10-21 11:02:27;104.339;1
2017-10-21 11:03:36;156.517;1
2017-10-21 11:04:45;52.169;1
2017-10-21 11:05:54;104.358;1
2017-10-21 11:07:03;52.175;1
2017-10-21 11:08:12;156.515;1
2017-10-21 11:09:21;52.174;1
2017-10-21 11:10:30;52.172;1
2017-10-21 11:11:39;52.177;1
2017-10-21 11:12:48;52.172;1
2017-10-21 11:13:57;52.172;1
2017-10-21 11:15:06;52.177;1
2017-10-21 11:16:15;0;1
2017-10-21 11:17:24;0;1
2017-10-21 11:18:33;104.352;1
2017-10-21 11:19:42;0;1
2017-10-21 11:20:51;0;1
2017-10-21 11:22:00;0;1
2017-10-21 11:23:09;0;1
2017-10-21 11:24:18;0;1
2017-10-21 11:25:27;0;1
2017-10-21 11:26:36;0;1
2017-10-21 11:27:45;0;1
2017-10-21 11:28:54;626.123;1
2017-10-21 11:30:03;1043.509;1
2017-10-21 11:31:12;417.409;1
2017-10-21 11:32:21;156.524;1
2017-10-21 11:33:30;0;1
2017-10-21 11:34:39;0;1
2017-10-21 11:35:48;0;1
2017-10-21 11:36:57;0;1
2017-10-21 11:38:06;0;1
2017-10-21 11:39:15;0;1
2017-10-21 11:40:24;0;1
2017-10-21 11:41:33;0;1
2017-10-21 11:42:42;0;1
2017-10-21 11:43:51;0;1
2017-10-21 11:45:00;0;1
2017-10-21 11:46:09;0;1
2017-10-21 11:47:18;0;1
2017-10-21 11:48:27;0;1
2017-10-21 11:49:36;0;1
2017-10-21 11:50:45;0;1
2017-10-21 11:51:54;0;1
2017-10-21 11:53:03;0;1
2017-10-21 11:54:12;0;1
2017-10-21 11:55:21;0;1
2017-10-21 11:56:30;0;1
2017-10-21 11:57:39;0;1
2017-10-21 11:58:48;0;1
2017-10-21 11:59:57;0;1
2017-10-21 12:01:06;0;1
2017-10-21 12:02:15;730.519;1
2017-10-21 12:03:24;1043.539;1
2017-10-21 12:04:33;52.178;1
2017-10-21 12:05:42;0;1
2017-10-21 12:06:51;0;1
2017-10-21 12:08:00;0;1
2017-10-21 12:09:09;0;1
2017-10-21 12:10:18;0;1
2017-10-21 12:11:27;0;1
2017-10-21 12:12:36;0;1
2017-10-21 12:13:45;0;1
2017-10-21 12:14:54;0;1
2017-10-21 12:16:03;0;1
2017-10-21 12:17:12;0;1
2017-10-21 12:18:21;0;1
2017-10-21 12:19:30;0;1
2017-10-21 12:20:39;0;1
2017-10-21 12:21:48;0;1
2017-10-21 12:22:57;417.416;1
2017-10-21 12:24:06;1878.37;1
2017-10-21 12:25:15;1199.965;1
2017-10-21 12:26:24;0;1
2017-10-21 12:27:33;0;1
2017-10-21 12:28:42;0;1
2017-10-21 12:29:51;1356.502;1
2017-10-21 12:31:00;1095.811;1
2017-10-21 12:32:09;573.996;1
2017-10-21 12:33:18;0;1
2017-10-21 12:34:27;0;1
2017-10-21 12:35:36;0;1
2017-10-21 12:36:45;730.498;1
2017-10-21 12:37:54;730.477;1
2017-10-21 12:39:03;2347.962;1
2017-10-21 12:40:12;469.64;1
2017-10-21 12:41:21;0;1
2017-10-21 12:42:30;2087.199;1
2017-10-21 12:43:39;2869.94;1
2017-10-21 12:44:48;3078.484;1
2017-10-21 12:45:57;1513.175;1
2017-10-21 12:47:06;313.075;1
2017-10-21 12:48:15;0;1
2017-10-21 12:49:24;0;1
2017-10-21 12:50:33;0;1
2017-10-21 12:51:42;0;1
2017-10-21 12:52:51;0;1
2017-10-21 12:54:00;0;1
2017-10-21 12:55:09;0;1
2017-10-21 12:56:18;0;1
2017-10-21 12:57:27;0;1
2017-10-21 12:58:36;104.358;1
2017-10-21 12:59:45;52.18;1
2017-10-21 13:00:54;0;1
2017-10-21 13:02:03;0;1
2017-10-21 13:03:12;0;1
2017-10-21 13:04:21;0;1
2017-10-21 13:05:30;208.714;1
2017-10-21 13:06:39;0;1
2017-10-21 13:07:48;0;1
2017-10-21 13:08:57;0;1
2017-10-21 13:10:06;0;1
2017-10-21 13:11:15;0;1
2017-10-21 13:12:24;0;1
2017-10-21 13:13:33;0;1
2017-10-21 13:14:42;0;1
2017-10-21 13:15:51;0;1
2017-10-21 13:17:00;0;1
2017-10-21 13:18:09;0;1
2017-10-21 13:19:18;0;1
2017-10-21 13:20:27;0;1
2017-10-21 13:21:36;0;1
2017-10-21 13:22:45;0;1
2017-10-21 13:23:54;0;1
2017-10-21 13:25:03;0;1
2017-10-21 13:26:12;0;1
2017-10-21 13:27:21;0;1
2017-10-21 13:28:30;0;1
2017-10-21 13:29:39;0;1
2017-10-21 13:30:48;0;1
2017-10-21 13:31:57;0;1
2017-10-21 13:33:06;0;1
2017-10-21 13:34:15;0;1
2017-10-21 13:35:24;0;1
2017-10-21 13:36:33;0;1
2017-10-21 13:37:42;0;1
2017-10-21 13:38:51;0;1
2017-10-21 13:40:00;0;1
2017-10-21 13:41:09;0;1
2017-10-21 13:42:18;0;1
2017-10-21 13:43:27;0;1
2017-10-21 13:44:36;0;1
2017-10-21 13:45:45;0;1
2017-10-21 13:46:54;0;1
2017-10-21 13:48:03;0;1
2017-10-21 13:49:12;0;1
2017-10-21 13:50:21;0;1
2017-10-21 13:51:30;0;1
2017-10-21 13:52:39;0;1
2017-10-21 13:53:48;0;1
2017-10-21 13:54:57;0;1
2017-10-21 13:56:06;0;1
2017-10-21 13:57:15;0;1
2017-10-21 13:58:24;0;1
2017-10-21 13:59:33;0;1
2017-10-21 14:00:42;0;1
2017-10-21 14:01:51;0;1
2017-10-21 14:03:00;0;1
2017-10-21 14:04:09;0;1
2017-10-21 14:05:18;0;1
2017-10-21 14:06:27;0;1
2017-10-21 14:07:36;0;1
2017-10-21 14:08:45;0;1
2017-10-21 14:09:54;0;1
2017-10-21 14:11:03;0;1
2017-10-21 14:12:12;0;1
2017-10-21 14:13:21;0;1
2017-10-21 14:14:30;0;1
2017-10-21 14:15:39;0;1
2017-10-21 14:16:48;0;1
2017-10-21 14:17:57;0;1
2017-10-21 14:19:06;0;1
2017-10-21 14:20:15;0;1
2017-10-21 14:21:24;0;1
2017-10-21 14:22:33;0;1
2017-10-21 14:23:42;0;1
2017-10-21 14:24:51;0;1
2017-10-21 14:26:00;0;1
2017-10-21 14:27:09;0;1
2017-10-21 14:28:18;0;1
2017-10-21 14:29:27;0;1
2017-10-21 14:30:36;0;1
2017-10-21 14:31:45;0;1
2017-10-21 14:32:54;0;1
2017-10-21 14:34:03;0;1
2017-10-21 14:35:12;0;1
2017-10-21 14:36:21;0;1
2017-10-21 14:37:30;0;1
2017-10-21 14:38:39;0;1
2017-10-21 14:39:48;0;1
2017-10-21 14:40:57;0;1
2017-10-21 14:42:06;0;1
2017-10-21 14:43:15;0;1
2017-10-21 14:44:24;0;1
2017-10-21 14:45:33;0;1
2017-10-21 14:46:42;0;1
2017-10-21 14:47:51;0;1
2017-10-21 14:49:00;0;1
2017-10-21 14:50:09;0;1
2017-10-21 14:51:18;0;1
2017-10-21 14:52:27;0;1
2017-10-21 14:53:36;0;1
2017-10-21 14:54:45;0;1
2017-10-21 14:55:54;0;1
2017-10-21 14:57:03;0;1
2017-10-21 14:58:12;0;1
2017-10-21 14:59:21;0;1
2017-10-21 15:00:30;0;1
2017-10-21 15:01:39;0;1
2017-10-21 15:02:48;0;1
2017-10-21 15:03:57;0;1
2017-10-21 15:05:06;0;1
2017-10-21 15:06:15;0;1
2017-10-21 15:07:24;0;1
2017-10-21 15:08:33;0;1
2017-10-21 15:09:42;0;1
2017-10-21 15:10:51;0;1
2017-10-21 15:12:00;0;1
2017-10-21 15:13:09;0;1
2017-10-21 15:14:18;0;1
2017-10-21 15:15:27;0;1
2017-10-21 15:16:36;0;1
2017-10-21 15:17:45;0;1
2017-10-21 15:18:54;0;1
2017-10-21 15:20:03;0;1
2017-10-21 15:21:12;0;1
2017-10-21 15:22:21;0;1
2017-10-21 15:23:30;0;1
2017-10-21 15:24:39;0;1
2017-10-21 15:25:48;0;1
2017-10-21 15:26:57;0;1
2017-10-21 15:28:06;0;1
2017-10-21 15:29:15;0;1
2017-10-21 15:30:24;0;1
2017-10-21 15:31:33;0;1
2017-10-21 15:32:42;0;1
2017-10-21 15:33:51;0;1
2017-10-21 15:35:00;0;1
2017-10-21 15:36:09;0;1
2017-10-21 15:37:18;0;1
2017-10-21 15:38:27;0;1
2017-10-21 15:39:36;0;1
2017-10-21 15:40:45;0;1
2017-10-21 15:41:54;0;1
2017-10-21 15:43:03;0;1
2017-10-21 15:44:12;0;1
2017-10-21 15:45:21;0;1
2017-10-21 15:46:30;0;1
2017-10-21 15:47:39;0;1
2017-10-21 15:48:48;0;1
2017-10-21 15:49:57;0;1
2017-10-21 15:51:06;0;1
2017-10-21 15:52:15;0;1
2017-10-21 15:53:24;0;1
2017-10-21 15:54:33;0;1
2017-10-21 15:55:42;0;1
2017-10-21 15:56:51;0;1
2017-10-21 15:58:00;0;1
2017-10-21 15:59:09;0;1
2017-10-21 16:00:18;0;1
2017-10-21 16:01:27;0;1
2017-10-21 16:02:36;0;1
2017-10-21 16:03:45;0;1
2017-10-21 16:04:54;0;1
2017-10-21 16:06:03;0;1
2017-10-21 16:07:12;0;1
2017-10-21 16:08:21;0;1
2017-10-21 16:09:30;0;1
2017-10-21 16:10:39;0;1
2017-10-21 16:11:48;0;1
2017-10-21 16:12:57;0;1
2017-10-21 16:14:06;0;1
2017-10-21 16:15:15;0;1
2017-10-21 16:16:24;0;1
2017-10-21 16:17:33;0;1
2017-10-21 16:18:42;0;1
2017-10-21 16:19:51;0;1
2017-10-21 16:21:00;0;1
2017-10-21 16:22:09;0;1
2017-10-21 16:23:18;0;1
2017-10-21 16:24:27;0;1
2017-10-21 16:25:36;0;1
2017-10-21 16:26:45;0;1
2017-10-21 16:27:54;0;1
2017-10-21 16:29:03;0;1
2017-10-21 16:30:12;0;1
2017-10-21 16:31:21;0;1
2017-10-21 16:32:30;0;1
2017-10-21 16:33:39;0;1
2017-10-21 16:34:48;0;1
2017-10-21 16:35:57;0;1
2017-10-21 16:37:06;0;1
2017-10-21 16:38:15;0;1
2017-10-21 16:39:24;0;1
2017-10-21 16:40:33;0;1
2017-10-21 16:41:42;0;1
2017-10-21 16:42:51;0;1
2017-10-21 16:44:00;0;1
2017-10-21 16:45:09;0;1
2017-10-21 16:46:18;0;1
2017-10-21 16:47:27;0;1
2017-10-21 16:48:36;0;1
2017-10-21 16:49:45;0;1
2017-10-21 16:50:54;0;1
2017-10-21 16:52:03;0;1
2017-10-21 16:53:12;0;1
2017-10-21 16:54:21;0;1
2017-10-21 16:55:30;0;1
2017-10-21 16:56:39;0;1
2017-10-21 16:57:48;0;1
2017-10-21 16:58:57;0;1
2017-10-21 17:00:06;0;1
2017-10-21 17:01:15;0;1
2017-10-21 17:02:24;0;1
2017-10-21 17:03:33;0;1
2017-10-21 17:04:42;0;1
2017-10-21 17:05:51;0;1
2017-10-21 17:07:00;0;1
2017-10-21 17:08:09;0;1
2017-10-21 17:09:18;0;1
2017-10-21 17:10:27;0;1
2017-10-21 17:11:36;0;1
2017-10-21 17:12:45;0;1
2017-10-21 17:13:54;0;1
2017-10-21 17:15:03;0;1
2017-10-21 17:16:11;0;1
2017-10-21 17:17:20;0;1
2017-10-21 17:18:29;0;1
2017-10-21 17:19:38;0;1
2017-10-21 17:20:47;0;1
2017-10-21 17:21:56;0;1
2017-10-21 17:23:05;0;1
2017-10-21 17:24:14;0;1
2017-10-21 17:25:23;0;1
2017-10-21 17:26:32;0;1
2017-10-21 17:27:41;0;1
2017-10-21 17:28:50;0;1
2017-10-21 17:29:59;0;1
2017-10-21 17:31:08;0;1
2017-10-21 17:32:17;0;1
2017-10-21 17:33:26;0;1
2017-10-21 17:34:35;0;1
2017-10-21 17:35:44;0;1
2017-10-21 17:36:53;0;1
2017-10-21 17:38:02;0;1
2017-10-21 17:39:11;0;1
2017-10-21 17:40:20;0;1
2017-10-21 17:41:29;0;1
2017-10-21 17:42:38;0;1
2017-10-21 17:43:47;0;1
2017-10-21 17:44:56;0;1
2017-10-21 17:46:05;0;1
2017-10-21 17:47:14;0;1
2017-10-21 17:48:23;0;1
2017-10-21 17:49:32;0;1
2017-10-21 17:50:41;0;1
2017-10-21 17:51:50;0;1
2017-10-21 17:52:59;0;1
2017-10-21 17:54:08;0;1
2017-10-21 17:55:17;0;1
2017-10-21 17:56:26;0;1
2017-10-21 17:57:35;0;1
2017-10-21 17:58:44;0;1
2017-10-21 17:59:53;0;1
2017-10-21 18:01:02;0;1
2017-10-21 18:02:11;0;1
2017-10-21 18:03:20;0;1
2017-10-21 18:04:29;0;1
2017-10-21 18:05:38;0;1
2017-10-21 18:06:47;0;1
2017-10-21 18:07:56;0;1
2017-10-21 18:09:05;0;1
2017-10-21 18:10:14;0;1
2017-10-21 18:11:23;0;1
2017-10-21 18:12:32;0;1
2017-10-21 18:13:41;0;1
2017-10-21 18:14:50;0;1
2017-10-21 18:15:59;0;1
2017-10-21 18:17:08;0;1
2017-10-21 18:18:17;0;1
2017-10-21 18:19:26;0;1
2017-10-21 18:20:35;0;1
2017-10-21 18:21:44;0;1
2017-10-21 18:22:53;0;1
2017-10-21 18:24:02;0;1
2017-10-21 18:25:11;0;1
2017-10-21 18:26:20;0;1
2017-10-21 18:27:29;0;1
2017-10-21 18:28:38;0;1
2017-10-21 18:29:47;0;1
2017-10-21 18:30:56;0;1
2017-10-21 18:32:05;0;1
2017-10-21 18:33:14;0;1
2017-10-21 18:34:23;0;1
2017-10-21 18:35:32;0;1
2017-10-21 18:36:41;0;1
2017-10-21 18:37:50;0;1
2017-10-21 18:38:59;0;1
2017-10-21 18:40:08;0;1
2017-10-21 18:41:17;0;1
2017-10-21 18:42:26;0;1
2017-10-21 18:43:35;0;1
2017-10-21 18:44:44;0;1
2017-10-21 18:45:53;0;1
2017-10-21 18:47:02;0;1
2017-10-21 18:48:11;0;1
2017-10-21 18:49:20;0;1
2017-10-21 18:50:29;0;1
2017-10-21 18:51:38;0;1
2017-10-21 18:52:47;0;1
2017-10-21 18:53:56;0;1
2017-10-21 18:55:05;0;1
2017-10-21 18:56:14;0;1
2017-10-21 18:57:23;0;1
2017-10-21 18:58:32;0;1
2017-10-21 18:59:41;0;1
2017-10-21 19:00:50;0;1
2017-10-21 19:01:59;0;1
2017-10-21 19:03:08;0;1
2017-10-21 19:04:17;0;1
2017-10-21 19:05:26;0;1
2017-10-21 19:06:35;0;1
2017-10-21 19:07:44;0;1
2017-10-21 19:08:53;0;1
2017-10-21 19:10:02;0;1
2017-10-21 19:11:11;0;1
2017-10-21 19:12:20;0;1
2017-10-21 19:13:29;0;1
2017-10-21 19:14:38;0;1
2017-10-21 19:15:47;0;1
2017-10-21 19:16:56;0;1
2017-10-21 19:18:05;0;1
2017-10-21 19:19:14;0;1
2017-10-21 19:20:23;0;1
2017-10-21 19:21:32;0;1
2017-10-21 19:22:41;0;1
2017-10-21 19:23:50;0;1
2017-10-21 19:24:59;0;1
2017-10-21 19:26:08;0;1
2017-10-21 19:27:17;0;1
2017-10-21 19:28:26;0;1
2017-10-21 19:29:35;0;1
2017-10-21 19:30:44;0;1
2017-10-21 19:31:53;0;1
2017-10-21 19:33:02;0;1
2017-10-21 19:34:11;0;1
2017-10-21 19:35:20;0;1
2017-10-21 19:36:29;0;1
2017-10-21 19:37:38;0;1
2017-10-21 19:38:47;0;1
2017-10-21 19:39:56;0;1
2017-10-21 19:41:05;0;1
2017-10-21 19:42:14;0;1
2017-10-21 19:43:23;0;1
2017-10-21 19:44:32;0;1
2017-10-21 19:45:41;0;1
2017-10-21 19:46:50;0;1
2017-10-21 19:47:59;0;1
2017-10-21 19:49:08;0;1
2017-10-21 19:50:17;0;1
2017-10-21 19:51:26;0;1
2017-10-21 19:52:35;0;1
2017-10-21 19:53:44;0;1
2017-10-21 19:54:53;0;1
2017-10-21 19:56:02;0;1
2017-10-21 19:57:11;0;1
2017-10-21 19:58:20;0;1
2017-10-21 19:59:29;0;1
2017-10-21 20:00:38;0;1
2017-10-21 20:01:47;0;1
2017-10-21 20:02:56;0;1
2017-10-21 20:04:05;0;1
2017-10-21 20:05:14;0;1
2017-10-21 20:06:23;0;1
2017-10-21 20:07:32;0;1
2017-10-21 20:08:41;0;1
2017-10-21 20:09:50;0;1
2017-10-21 20:10:59;0;1
2017-10-21 20:12:08;0;1
2017-10-21 20:13:17;0;1
2017-10-21 20:14:26;0;1
2017-10-21 20:15:35;0;1
2017-10-21 20:16:44;0;1
2017-10-21 20:17:53;0;1
2017-10-21 20:19:02;0;1
2017-10-21 20:20:11;0;1
2017-10-21 20:21:20;0;1
2017-10-21 20:22:29;0;1
2017-10-21 20:23:38;0;1
2017-10-21 20:24:47;0;1
2017-10-21 20:25:56;0;1
2017-10-21 20:27:05;0;1
2017-10-21 20:28:14;0;1
2017-10-21 20:29:23;0;1
2017-10-21 20:30:32;0;1
2017-10-21 20:31:41;0;1
2017-10-21 20:32:50;0;1
2017-10-21 20:33:59;0;1
2017-10-21 20:35:08;0;1
2017-10-21 20:36:17;0;1
2017-10-21 20:37:26;0;1
2017-10-21 20:38:35;0;1
2017-10-21 20:39:44;0;1
2017-10-21 20:40:53;0;1
2017-10-21 20:42:02;0;1
2017-10-21 20:43:11;0;1
2017-10-21 20:44:20;0;1
2017-10-21 20:45:29;0;1
2017-10-21 20:46:38;0;1
2017-10-21 20:47:47;0;1
2017-10-21 20:48:56;0;1
2017-10-21 20:50:05;0;1
2017-10-21 20:51:14;0;1
2017-10-21 20:52:23;0;1
2017-10-21 20:53:32;0;1
2017-10-21 20:54:41;0;1
2017-10-21 20:55:50;0;1
2017-10-21 20:56:59;0;1
2017-10-21 20:58:08;0;1
2017-10-21 20:59:17;0;1
2017-10-21 21:00:26;0;1
2017-10-21 21:01:35;0;1
2017-10-21 21:02:44;0;1
2017-10-21 21:03:53;0;1
2017-10-21 21:05:02;0;1
2017-10-21 21:06:11;0;1
2017-10-21 21:07:20;0;1
2017-10-21 21:08:29;0;1
2017-10-21 21:09:38;0;1
2017-10-21 21:10:47;0;1
2017-10-21 21:11:56;0;1
2017-10-21 21:13:05;0;1
2017-10-21 21:14:14;0;1
2017-10-21 21:15:23;0;1
2017-10-21 21:16:32;0;1
2017-10-21 21:17:41;0;1
2017-10-21 21:18:50;0;1
2017-10-21 21:19:59;0;1
2017-10-21 21:21:08;0;1
2017-10-21 21:22:17;0;1
2017-10-21 21:23:26;0;1
2017-10-21 21:24:35;0;1
2017-10-21 21:25:44;0;1
2017-10-21 21:26:53;0;1
2017-10-21 21:28:02;0;1
2017-10-21 21:29:11;0;1
2017-10-21 21:30:20;0;1
2017-10-21 21:31:29;0;1
2017-10-21 21:32:38;0;1
2017-10-21 21:33:47;0;1
2017-10-21 21:34:56;0;1
2017-10-21 21:36:05;0;1
2017-10-21 21:37:14;0;1
2017-10-21 21:38:23;0;1
2017-10-21 21:39:32;0;1
2017-10-21 21:40:41;0;1
2017-10-21 21:41:50;0;1
2017-10-21 21:42:59;0;1
2017-10-21 21:44:08;0;1
2017-10-21 21:45:17;0;1
2017-10-21 21:46:26;0;1
2017-10-21 21:47:35;0;1
2017-10-21 21:48:44;0;1
2017-10-21 21:49:53;0;1
2017-10-21 21:51:02;0;1
2017-10-21 21:52:11;0;1
2017-10-21 21:53:20;0;1
2017-10-21 21:54:29;0;1
2017-10-21 21:55:38;0;1
2017-10-21 21:56:47;0;1
2017-10-21 21:57:56;0;1
2017-10-21 21:59:05;0;1
2017-10-21 22:00:14;0;1
2017-10-21 22:01:23;0;1
2017-10-21 22:02:32;0;1
2017-10-21 22:03:41;0;1
2017-10-21 22:04:50;0;1
2017-10-21 22:05:59;0;1
2017-10-21 22:07:08;0;1
2017-10-21 22:08:17;0;1
2017-10-21 22:09:26;0;1
2017-10-21 22:10:35;0;1
2017-10-21 22:11:44;0;1
2017-10-21 22:12:53;0;1
2017-10-21 22:14:02;0;1
2017-10-21 22:15:11;0;1
2017-10-21 22:16:20;0;1
2017-10-21 22:17:29;0;1
2017-10-21 22:18:38;0;1
2017-10-21 22:19:47;0;1
2017-10-21 22:20:56;0;1
2017-10-21 22:22:05;0;1
2017-10-21 22:23:14;0;1
2017-10-21 22:24:23;0;1
2017-10-21 22:25:32;0;1
2017-10-21 22:26:41;0;1
2017-10-21 22:27:50;0;1
2017-10-21 22:28:59;0;1
2017-10-21 22:30:08;0;1
2017-10-21 22:31:17;0;1
2017-10-21 22:32:26;0;1
2017-10-21 22:33:35;0;1
2017-10-21 22:34:44;0;1
2017-10-21 22:35:53;0;1
2017-10-21 22:37:02;0;1
2017-10-21 22:38:11;0;1
2017-10-21 22:39:20;0;1
2017-10-21 22:40:29;0;1
2017-10-21 22:41:38;0;1
2017-10-21 22:42:47;0;1
2017-10-21 22:43:56;0;1
2017-10-21 22:45:05;0;1
2017-10-21 22:46:14;0;1
2017-10-21 22:47:23;0;1
2017-10-21 22:48:32;0;1
2017-10-21 22:49:41;0;1
2017-10-21 22:50:50;0;1
2017-10-21 22:51:59;0;1
2017-10-21 22:53:08;0;1
2017-10-21 22:54:17;0;1
2017-10-21 22:55:26;0;1
2017-10-21 22:56:35;0;1
2017-10-21 22:57:44;0;1
2017-10-21 22:58:53;0;1
2017-10-21 23:00:02;0;1
2017-10-21 23:01:11;0;1
2017-10-21 23:02:20;0;1
2017-10-21 23:03:29;0;1
2017-10-21 23:04:38;0;1
2017-10-21 23:05:47;0;1
2017-10-21 23:06:56;0;1
2017-10-21 23:08:05;0;1
2017-10-21 23:09:14;0;1
2017-10-21 23:10:23;0;1
2017-10-21 23:11:32;0;1
2017-10-21 23:12:41;0;1
2017-10-21 23:13:50;0;1
2017-10-21 23:14:59;0;1
2017-10-21 23:16:08;0;1
2017-10-21 23:17:17;0;1
2017-10-21 23:18:26;0;1
2017-10-21 23:19:35;0;1
2017-10-21 23:20:44;0;1
2017-10-21 23:21:53;0;1
2017-10-21 23:23:02;0;1
2017-10-21 23:24:11;0;1
2017-10-21 23:25:20;0;1
2017-10-21 23:26:29;0;1
2017-10-21 23:27:38;0;1
2017-10-21 23:28:47;0;1
2017-10-21 23:29:56;0;1
2017-10-21 23:31:05;0;1
2017-10-21 23:32:14;0;1
2017-10-21 23:33:23;0;1
2017-10-21 23:34:32;0;1
2017-10-21 23:35:41;0;1
2017-10-21 23:36:50;0;1
2017-10-21 23:37:59;0;1
2017-10-21 23:39:08;0;1
2017-10-21 23:40:17;0;1
2017-10-21 23:41:26;0;1
2017-10-21 23:42:35;0;1
2017-10-21 23:43:44;0;1
2017-10-21 23:44:53;0;1
2017-10-21 23:46:02;0;1
2017-10-21 23:47:11;0;1
2017-10-21 23:48:20;0;1
2017-10-21 23:49:29;0;1
2017-10-21 23:50:38;0;1
2017-10-21 23:51:47;0;1
2017-10-21 23:52:56;0;1
2017-10-21 23:54:05;0;1
2017-10-21 23:55:14;0;1
2017-10-21 23:56:23;0;1
2017-10-21 23:57:32;0;1
2017-10-21 23:58:41;0;1
2017-10-21 23:59:50;0;1
2017-10-22 00:00:59;0;1
2017-10-22 00:02:08;0;1
2017-10-22 00:03:17;0;1
2017-10-22 00:04:26;0;1
2017-10-22 00:05:35;0;1
2017-10-22 00:06:44;0;1
2017-10-22 00:07:53;0;1
2017-10-22 00:09:02;0;1
2017-10-22 00:10:11;0;1
2017-10-22 00:11:20;0;1
2017-10-22 00:12:29;0;1
2017-10-22 00:13:38;0;1
2017-10-22 00:14:47;0;1
2017-10-22 00:15:56;0;1
2017-10-22 00:17:05;0;1
2017-10-22 00:18:14;0;1
2017-10-22 00:19:23;0;1
2017-10-22 00:20:32;0;1
2017-10-22 00:21:41;0;1
2017-10-22 00:22:50;0;1
2017-10-22 00:23:59;0;1
2017-10-22 00:25:08;0;1
2017-10-22 00:26:17;0;1
2017-10-22 00:27:26;0;1
2017-10-22 00:28:35;0;1
2017-10-22 00:29:44;0;1
2017-10-22 00:30:53;0;1
2017-10-22 00:32:02;0;1
2017-10-22 00:33:11;0;1
2017-10-22 00:34:20;0;1
2017-10-22 00:35:29;0;1
2017-10-22 00:36:38;0;1
2017-10-22 00:37:47;0;1
2017-10-22 00:38:56;0;1
2017-10-22 00:40:05;0;1
2017-10-22 00:41:14;0;1
2017-10-22 00:42:23;0;1
2017-10-22 00:43:32;0;1
2017-10-22 00:44:41;0;1
2017-10-22 00:45:50;0;1
2017-10-22 00:46:59;0;1
2017-10-22 00:48:08;0;1
2017-10-22 00:49:17;0;1
2017-10-22 00:50:26;0;1
2017-10-22 00:51:35;0;1
2017-10-22 00:52:44;0;1
2017-10-22 00:53:53;0;1
2017-10-22 00:55:02;0;1
2017-10-22 00:56:11;0;1
2017-10-22 00:57:20;0;1
2017-10-22 00:58:29;0;1
2017-10-22 00:59:38;0;1
2017-10-22 01:00:47;0;1
2017-10-22 01:01:56;0;1
2017-10-22 01:03:05;0;1
2017-10-22 01:04:14;0;1
2017-10-22 01:05:23;0;1
2017-10-22 01:06:32;0;1
2017-10-22 01:07:41;0;1
2017-10-22 01:08:50;0;1
2017-10-22 01:09:59;0;1
2017-10-22 01:11:08;0;1
2017-10-22 01:12:17;0;1
2017-10-22 01:13:26;0;1
2017-10-22 01:14:35;0;1
2017-10-22 01:15:44;0;1
2017-10-22 01:16:53;0;1
2017-10-22 01:18:02;0;1
2017-10-22 01:19:11;0;1
2017-10-22 01:20:20;0;1
2017-10-22 01:21:29;0;1
2017-10-22 01:22:38;0;1
2017-10-22 01:23:47;0;1
2017-10-22 01:24:56;0;1
2017-10-22 01:26:05;0;1
2017-10-22 01:27:14;0;1
2017-10-22 01:28:23;0;1
2017-10-22 01:29:32;0;1
2017-10-22 01:30:41;0;1
2017-10-22 01:31:50;0;1
2017-10-22 01:32:59;0;1
2017-10-22 01:34:08;0;1
2017-10-22 01:35:17;0;1
2017-10-22 01:36:26;0;1
2017-10-22 01:37:35;0;1
2017-10-22 01:38:44;0;1
2017-10-22 01:39:53;0;1
2017-10-22 01:41:02;0;1
2017-10-22 01:42:11;0;1
2017-10-22 01:43:20;0;1
2017-10-22 01:44:29;0;1
2017-10-22 01:45:38;0;1
2017-10-22 01:46:47;0;1
2017-10-22 01:47:56;0;1
2017-10-22 01:49:05;0;1
2017-10-22 01:50:14;0;1
2017-10-22 01:51:23;0;1
2017-10-22 01:52:32;0;1
2017-10-22 01:53:41;0;1
2017-10-22 01:54:50;0;1
2017-10-22 01:55:59;0;1
2017-10-22 01:57:08;0;1
2017-10-22 01:58:17;0;1
2017-10-22 01:59:26;0;1
2017-10-22 02:00:35;0;1
2017-10-22 02:01:44;0;1
2017-10-22 02:02:53;0;1
2017-10-22 02:04:02;0;1
2017-10-22 02:05:11;0;1
2017-10-22 02:06:20;0;1
2017-10-22 02:07:29;0;1
2017-10-22 02:08:38;0;1
2017-10-22 02:09:47;0;1
2017-10-22 02:10:56;0;1
2017-10-22 02:12:05;0;1
2017-10-22 02:13:14;0;1
2017-10-22 02:14:23;0;1
2017-10-22 02:15:32;0;1
2017-10-22 02:16:41;0;1
2017-10-22 02:17:50;0;1
2017-10-22 02:18:59;0;1
2017-10-22 02:20:08;0;1
2017-10-22 02:21:17;0;1
2017-10-22 02:22:26;0;1
2017-10-22 02:23:35;0;1
2017-10-22 02:24:44;0;1
2017-10-22 02:25:53;0;1
2017-10-22 02:27:02;0;1
2017-10-22 02:28:11;0;1
2017-10-22 02:29:20;0;1
2017-10-22 02:30:29;0;1
2017-10-22 02:31:38;0;1
2017-10-22 02:32:47;0;1
2017-10-22 02:33:56;0;1
2017-10-22 02:35:05;0;1
2017-10-22 02:36:14;0;1
2017-10-22 02:37:23;0;1
2017-10-22 02:38:32;0;1
2017-10-22 02:39:41;0;1
2017-10-22 02:40:50;0;1
2017-10-22 02:41:59;0;1
2017-10-22 02:43:08;0;1
2017-10-22 02:44:17;0;1
2017-10-22 02:45:26;0;1
2017-10-22 02:46:35;0;1
2017-10-22 02:47:44;0;1
2017-10-22 02:48:53;0;1
2017-10-22 02:50:02;0;1
2017-10-22 02:51:11;0;1
2017-10-22 02:52:20;0;1
2017-10-22 02:53:29;0;1
2017-10-22 02:54:38;0;1
2017-10-22 02:55:47;0;1
2017-10-22 02:56:56;0;1
2017-10-22 02:58:05;0;1
2017-10-22 02:59:14;0;1
2017-10-22 03:00:23;0;1
2017-10-22 03:01:32;0;1
2017-10-22 03:02:41;0;1
2017-10-22 03:03:50;0;1
2017-10-22 03:04:59;0;1
2017-10-22 03:06:08;0;1
2017-10-22 03:07:17;0;1
2017-10-22 03:08:26;0;1
2017-10-22 03:09:35;0;1
2017-10-22 03:10:44;0;1
2017-10-22 03:11:53;0;1
2017-10-22 03:13:02;0;1
2017-10-22 03:14:11;0;1
2017-10-22 03:15:20;0;1
2017-10-22 03:16:29;0;1
2017-10-22 03:17:38;0;1
2017-10-22 03:18:47;0;1
2017-10-22 03:19:56;0;1
2017-10-22 03:21:05;0;1
2017-10-22 03:22:14;0;1
2017-10-22 03:23:23;0;1
2017-10-22 03:24:32;0;1
2017-10-22 03:25:41;0;1
2017-10-22 03:26:50;0;1
2017-10-22 03:27:59;0;1
2017-10-22 03:29:08;0;1
2017-10-22 03:30:17;0;1
2017-10-22 03:31:26;0;1
2017-10-22 03:32:35;0;1
2017-10-22 03:33:44;0;1
2017-10-22 03:34:53;0;1
2017-10-22 03:36:02;0;1
2017-10-22 03:37:11;0;1
2017-10-22 03:38:20;0;1
2017-10-22 03:39:29;0;1
2017-10-22 03:40:38;0;1
2017-10-22 03:41:47;0;1
2017-10-22 03:42:56;0;1
2017-10-22 03:44:05;0;1
2017-10-22 03:45:14;0;1
2017-10-22 03:46:23;0;1
2017-10-22 03:47:32;0;1
2017-10-22 03:48:41;0;1
2017-10-22 03:49:50;0;1
2017-10-22 03:50:59;0;1
2017-10-22 03:52:08;0;1
2017-10-22 03:53:17;0;1
2017-10-22 03:54:26;0;1
2017-10-22 03:55:35;0;1
2017-10-22 03:56:44;0;1
2017-10-22 03:57:53;0;1
2017-10-22 03:59:02;0;1
2017-10-22 04:00:11;0;1
2017-10-22 04:01:20;0;1
2017-10-22 04:02:29;0;1
2017-10-22 04:03:38;0;1
2017-10-22 04:04:47;0;1
2017-10-22 04:07:22;0;1
2017-10-22 04:08:38;0;1
2017-10-22 04:09:47;0;1
2017-10-22 04:10:56;0;1
2017-10-22 04:12:05;0;1
2017-10-22 04:13:14;0;1
2017-10-22 04:14:23;0;1
2017-10-22 04:15:32;0;1
2017-10-22 04:16:41;0;1
2017-10-22 04:17:50;0;1
2017-10-22 04:18:59;0;1
2017-10-22 04:20:08;0;1
2017-10-22 04:21:17;0;1
2017-10-22 04:22:26;0;1
2017-10-22 04:23:35;0;1
2017-10-22 04:24:44;0;1
2017-10-22 04:25:53;0;1
2017-10-22 04:27:02;0;1
2017-10-22 04:28:11;0;1
2017-10-22 04:29:20;0;1
2017-10-22 04:30:29;0;1
2017-10-22 04:31:38;0;1
2017-10-22 04:32:47;0;1
2017-10-22 04:33:56;0;1
2017-10-22 04:35:05;0;1
2017-10-22 04:36:14;0;1
2017-10-22 04:37:23;0;1
2017-10-22 04:38:32;0;1
2017-10-22 04:39:41;0;1
2017-10-22 04:40:50;0;1
2017-10-22 04:41:59;0;1
2017-10-22 04:43:08;0;1
2017-10-22 04:44:17;0;1
2017-10-22 04:45:26;0;1
2017-10-22 04:46:35;0;1
2017-10-22 04:47:44;0;1
2017-10-22 04:48:53;0;1
2017-10-22 04:50:02;0;1
2017-10-22 04:51:11;0;1
2017-10-22 04:52:20;0;1
2017-10-22 04:53:29;0;1
2017-10-22 04:54:38;0;1
2017-10-22 04:55:47;0;1
2017-10-22 04:56:56;0;1
2017-10-22 04:58:05;0;1
2017-10-22 04:59:14;0;1
2017-10-22 05:00:23;0;1
2017-10-22 05:01:32;0;1
2017-10-22 05:02:41;0;1
2017-10-22 05:03:50;0;1
2017-10-22 05:04:59;0;1
2017-10-22 05:06:08;0;1
2017-10-22 05:07:17;0;1
2017-10-22 05:08:26;0;1
2017-10-22 05:09:35;0;1
2017-10-22 05:10:44;0;1
2017-10-22 05:11:53;0;1
2017-10-22 05:13:02;0;1
2017-10-22 05:14:11;0;1
2017-10-22 05:15:20;0;1
2017-10-22 05:16:29;0;1
2017-10-22 05:17:38;0;1
2017-10-22 05:18:47;0;1
2017-10-22 05:19:56;0;1
2017-10-22 05:21:05;0;1
2017-10-22 05:22:14;0;1
2017-10-22 05:23:23;0;1
2017-10-22 05:24:32;0;1
2017-10-22 05:25:41;0;1
2017-10-22 05:26:50;0;1
2017-10-22 05:27:59;0;1
2017-10-22 05:29:08;0;1
2017-10-22 05:30:17;0;1
2017-10-22 05:31:26;0;1
2017-10-22 05:32:35;0;1
2017-10-22 05:33:44;0;1
2017-10-22 05:34:53;0;1
2017-10-22 05:36:02;0;1
2017-10-22 05:37:11;0;1
2017-10-22 05:38:20;0;1
2017-10-22 05:39:29;0;1
2017-10-22 05:40:38;0;1
2017-10-22 05:41:47;0;1
2017-10-22 05:42:56;0;1
2017-10-22 05:44:05;0;1
2017-10-22 05:45:14;0;1
2017-10-22 05:46:23;0;1
2017-10-22 05:47:32;0;1
2017-10-22 05:48:41;0;1
2017-10-22 05:49:50;0;1
2017-10-22 05:50:59;0;1
2017-10-22 05:52:08;0;1
2017-10-22 05:53:17;0;1
2017-10-22 05:54:26;0;1
2017-10-22 05:55:35;0;1
2017-10-22 05:56:44;0;1
2017-10-22 05:57:53;0;1
2017-10-22 05:59:02;0;1
2017-10-22 06:00:11;0;1
2017-10-22 06:01:20;0;1
2017-10-22 06:02:29;0;1
2017-10-22 06:03:38;0;1
2017-10-22 06:04:47;0;1
2017-10-22 06:05:56;626.087;1
2017-10-22 06:07:05;678.241;1
2017-10-22 06:08:14;678.29;1
2017-10-22 06:09:23;678.3;1
2017-10-22 06:10:32;678.349;1
2017-10-22 06:11:41;678.33;1
2017-10-22 06:12:50;678.34;1
2017-10-22 06:13:59;626.141;1
2017-10-22 06:15:08;678.271;1
2017-10-22 06:16:17;678.29;1
2017-10-22 06:17:26;678.281;1
2017-10-22 06:18:35;626.114;1
2017-10-22 06:19:44;730.424;1
2017-10-22 06:20:53;678.251;1
2017-10-22 06:22:02;678.251;1
2017-10-22 06:23:11;678.241;1
2017-10-22 06:24:20;626.105;1
2017-10-22 06:25:29;678.29;1
2017-10-22 06:26:38;678.212;1
2017-10-22 06:27:47;678.3;1
2017-10-22 06:28:56;678.271;1
2017-10-22 06:30:05;678.281;1
2017-10-22 06:31:14;678.212;1
2017-10-22 06:32:23;678.251;1
2017-10-22 06:33:32;626.096;1
2017-10-22 06:34:41;678.182;1
2017-10-22 06:35:50;678.29;1
2017-10-22 06:36:59;678.251;1
2017-10-22 06:38:08;678.349;1
2017-10-22 06:39:17;678.172;1
2017-10-22 06:40:26;626.087;1
2017-10-22 06:41:35;834.855;1
2017-10-22 06:42:44;834.746;1
2017-10-22 06:43:53;782.597;1
2017-10-22 06:45:02;834.807;1
2017-10-22 06:46:11;834.71;1
2017-10-22 06:47:20;834.795;1
2017-10-22 06:48:29;782.631;1
2017-10-22 06:49:38;834.819;1
2017-10-22 06:50:47;834.71;1
2017-10-22 06:51:56;782.665;1
2017-10-22 06:53:05;834.746;1
2017-10-22 06:54:14;782.62;1
2017-10-22 06:55:23;782.552;1
2017-10-22 06:56:32;782.665;1
2017-10-22 06:57:41;782.563;1
2017-10-22 06:58:50;834.795;1
2017-10-22 06:59:59;782.575;1
2017-10-22 07:01:08;782.699;1
2017-10-22 07:02:17;834.746;1
2017-10-22 07:03:26;782.609;1
2017-10-22 07:04:35;782.552;1
2017-10-22 07:05:44;782.688;1
2017-10-22 07:06:53;782.518;1
2017-10-22 07:08:02;782.699;1
2017-10-22 07:09:11;782.597;1
2017-10-22 07:10:20;782.575;1
2017-10-22 07:11:29;782.631;1
2017-10-22 07:12:38;782.586;1
2017-10-22 07:13:47;782.609;1
2017-10-22 07:14:56;834.783;1
2017-10-22 07:16:05;782.609;1
2017-10-22 07:17:14;730.403;1
2017-10-22 07:18:23;834.771;1
2017-10-22 07:19:32;730.414;1
2017-10-22 07:20:41;782.586;1
2017-10-22 07:21:50;782.665;1
2017-10-22 07:22:59;782.665;1
2017-10-22 07:24:08;782.575;1
2017-10-22 07:25:17;730.392;1
2017-10-22 07:26:26;782.597;1
2017-10-22 07:27:35;782.665;1
2017-10-22 07:28:44;782.495;1
2017-10-22 07:29:53;730.435;1
2017-10-22 07:31:02;782.688;1
2017-10-22 07:32:11;782.552;1
2017-10-22 07:33:20;782.665;1
2017-10-22 07:34:29;730.456;1
2017-10-22 07:35:38;782.586;1
2017-10-22 07:36:47;782.597;1
2017-10-22 07:37:56;782.552;1
2017-10-22 07:39:05;782.643;1
2017-10-22 07:40:14;782.631;1
2017-10-22 07:41:23;730.35;1
2017-10-22 07:42:32;834.831;1
2017-10-22 07:43:41;782.597;1
2017-10-22 07:44:50;782.688;1
2017-10-22 07:45:59;3025.605;1
2017-10-22 07:47:08;3443.728;1
2017-10-22 07:48:17;2139.285;1
2017-10-22 07:49:26;834.686;1
2017-10-22 07:50:35;834.771;1
2017-10-22 07:51:44;834.783;1
2017-10-22 07:52:53;886.995;1
2017-10-22 07:54:02;834.879;1
2017-10-22 07:55:11;834.71;1
2017-10-22 07:56:20;886.957;1
2017-10-22 07:57:29;1147.693;1
2017-10-22 07:58:38;1200.122;1
2017-10-22 07:59:47;1199.878;1
2017-10-22 08:00:56;1200.07;1
2017-10-22 08:02:05;1199.93;1
2017-10-22 08:03:14;939.239;1
2017-10-22 08:04:23;834.686;1
2017-10-22 08:05:32;887.008;1
2017-10-22 08:06:41;886.957;1
2017-10-22 08:07:50;991.362;1
2017-10-22 08:08:59;939.103;1
2017-10-22 08:10:08;1043.478;1
2017-10-22 08:11:17;939.13;1
2017-10-22 08:12:26;991.391;1
2017-10-22 08:13:35;991.319;1
2017-10-22 08:14:44;991.347;1
2017-10-22 08:15:53;991.391;1
2017-10-22 08:17:02;939.185;1
2017-10-22 08:18:11;939.212;1
2017-10-22 08:19:20;939.198;1
2017-10-22 08:20:29;887.021;1
2017-10-22 08:21:38;939.226;1
2017-10-22 08:22:47;834.819;1
2017-10-22 08:23:56;782.654;1
2017-10-22 08:25:05;782.688;1
2017-10-22 08:26:14;782.643;1
2017-10-22 08:27:23;782.643;1
2017-10-22 08:28:32;782.711;1
2017-10-22 08:29:41;782.699;1
2017-10-22 08:30:50;782.631;1
2017-10-22 08:31:59;782.654;1
2017-10-22 08:33:08;782.643;1
2017-10-22 08:34:17;730.467;1
2017-10-22 08:35:26;626.123;1
2017-10-22 08:36:35;678.271;1
2017-10-22 08:37:44;678.349;1
2017-10-22 08:38:53;678.31;1
2017-10-22 08:40:02;626.105;1
2017-10-22 08:41:11;678.33;1
2017-10-22 08:42:20;626.114;1
2017-10-22 08:43:29;626.141;1
2017-10-22 08:44:38;573.921;1
2017-10-22 08:45:47;573.955;1
2017-10-22 08:46:56;573.921;1
2017-10-22 08:48:05;573.971;1
2017-10-22 08:49:14;521.762;1
2017-10-22 08:50:23;573.963;1
2017-10-22 08:51:32;521.807;1
2017-10-22 08:52:41;521.785;1
2017-10-22 08:53:50;521.769;1
2017-10-22 08:54:59;573.921;1
2017-10-22 08:56:08;521.762;1
2017-10-22 08:57:17;573.955;1
2017-10-22 08:58:26;573.955;1
2017-10-22 08:59:35;573.93;1
2017-10-22 09:00:44;626.132;1
2017-10-22 09:01:53;626.123;1
2017-10-22 09:03:02;626.114;1
2017-10-22 09:04:11;678.3;1
2017-10-22 09:05:20;626.178;1
2017-10-22 09:06:29;626.096;1
2017-10-22 09:07:38;573.971;1
2017-10-22 09:08:47;626.105;1
2017-10-22 09:09:56;574.005;1
2017-10-22 09:11:05;626.123;1
2017-10-22 09:12:14;573.955;1
2017-10-22 09:13:23;573.946;1
2017-10-22 09:14:32;573.905;1
2017-10-22 09:15:41;521.785;1
2017-10-22 09:16:50;626.15;1
2017-10-22 09:17:59;521.762;1
2017-10-22 09:19:08;521.785;1
2017-10-22 09:20:17;469.613;1
2017-10-22 09:21:26;469.613;1
2017-10-22 09:22:35;469.633;1
2017-10-22 09:23:44;417.428;1
2017-10-22 09:24:53;417.416;1
2017-10-22 09:26:02;417.409;1
2017-10-22 09:27:11;469.572;1
2017-10-22 09:28:20;417.452;1
2017-10-22 09:29:29;469.586;1
2017-10-22 09:30:38;469.626;1
2017-10-22 09:31:47;991.304;1
2017-10-22 09:32:56;1617.462;1
2017-10-22 09:34:05;1617.485;1
2017-10-22 09:35:14;1617.509;1
2017-10-22 09:36:23;1617.485;1
2017-10-22 09:37:32;1565.24;1
2017-10-22 09:38:41;1565.331;1
2017-10-22 09:39:50;1617.555;1
2017-10-22 09:40:59;1565.444;1
2017-10-22 09:42:08;1669.541;1
2017-10-22 09:43:17;1617.227;1
2017-10-22 09:44:26;1617.532;1
2017-10-22 09:45:35;1617.298;1
2017-10-22 09:46:44;1565.354;1
2017-10-22 09:47:53;1512.934;1
2017-10-22 09:49:02;1564.469;1
2017-10-22 09:50:11;1513.131;1
2017-10-22 09:51:20;1513.109;1
2017-10-22 09:52:29;1513.197;1
2017-10-22 09:53:38;1565.399;1
2017-10-22 09:54:47;1565.422;1
2017-10-22 09:55:56;1617.321;1
2017-10-22 09:57:05;1565.195;1
2017-10-22 09:58:14;1617.532;1
2017-10-22 09:59:23;1565.149;1
2017-10-22 10:00:32;1565.376;1
2017-10-22 10:01:41;1565.059;1
2017-10-22 10:02:50;1513.131;1
2017-10-22 10:03:59;1565.149;1
2017-10-22 10:05:08;1565.172;1
2017-10-22 10:06:17;1565.24;1
2017-10-22 10:07:26;1565.172;1
2017-10-22 10:08:35;1461.039;1
2017-10-22 10:09:44;1356.384;1
2017-10-22 10:10:53;1304.518;1
2017-10-22 10:12:02;1252.029;1
2017-10-22 10:13:11;1095.573;1
2017-10-22 10:14:20;939.144;1
2017-10-22 10:15:29;939.144;1
2017-10-22 10:16:38;887.034;1
2017-10-22 10:17:47;886.828;1
2017-10-22 10:18:56;834.819;1
2017-10-22 10:20:05;886.918;1
2017-10-22 10:21:14;782.631;1
2017-10-22 10:22:23;834.734;1
2017-10-22 10:23:32;782.643;1
2017-10-22 10:24:41;782.688;1
2017-10-22 10:25:50;834.758;1
2017-10-22 10:26:59;782.552;1
2017-10-22 10:28:08;887.008;1
2017-10-22 10:29:17;1043.509;1
2017-10-22 10:30:26;1095.541;1
2017-10-22 10:31:35;1095.684;1
2017-10-22 10:32:44;1147.859;1
2017-10-22 10:33:53;1095.684;1
2017-10-22 10:35:02;991.347;1
2017-10-22 10:36:11;991.218;1
2017-10-22 10:37:20;991.276;1
2017-10-22 10:38:29;991.333;1
2017-10-22 10:39:38;939.103;1
2017-10-22 10:40:47;573.88;1
2017-10-22 10:41:56;0;1
2017-10-22 10:43:05;0;1
2017-10-22 10:44:14;0;1
2017-10-22 10:45:23;0;1
2017-10-22 10:46:32;0;1
2017-10-22 10:47:41;0;1
2017-10-22 10:48:50;0;1
2017-10-22 10:49:59;0;1
2017-10-22 10:51:08;0;1
2017-10-22 10:52:17;0;1
2017-10-22 10:53:26;0;1
2017-10-22 10:54:35;0;1
2017-10-22 10:55:44;0;1
2017-10-22 10:56:53;52.177;1
2017-10-22 10:58:02;0;1
2017-10-22 10:59:11;0;1
2017-10-22 11:00:20;0;1
2017-10-22 11:01:29;0;1
2017-10-22 11:02:38;0;1
2017-10-22 11:03:47;0;1
2017-10-22 11:04:56;0;1
2017-10-22 11:06:05;0;1
2017-10-22 11:07:14;0;1
2017-10-22 11:08:23;0;1
2017-10-22 11:09:32;0;1
2017-10-22 11:10:41;0;1
2017-10-22 11:11:50;0;1
2017-10-22 11:12:59;104.351;1
2017-10-22 11:14:08;104.354;1
2017-10-22 11:15:17;52.177;1
2017-10-22 11:16:26;52.175;1
2017-10-22 11:17:35;0;1
2017-10-22 11:18:44;52.179;1
2017-10-22 11:19:53;0;1
2017-10-22 11:21:02;0;1
2017-10-22 11:22:11;0;1
2017-10-22 11:23:20;0;1
2017-10-22 11:24:29;0;1
2017-10-22 11:25:38;0;1
2017-10-22 11:26:47;0;1
2017-10-22 11:27:56;0;1
2017-10-22 11:29:05;0;1
2017-10-22 11:30:14;0;1
2017-10-22 11:31:23;0;1
2017-10-22 11:32:32;0;1
2017-10-22 11:33:41;0;1
2017-10-22 11:34:50;0;1
2017-10-22 11:35:59;0;1
2017-10-22 11:37:08;0;1
2017-10-22 11:38:17;0;1
2017-10-22 11:39:25;0;1
2017-10-22 11:40:34;0;1
2017-10-22 11:41:43;0;1
2017-10-22 11:42:52;0;1
2017-10-22 11:44:01;0;1
2017-10-22 11:45:10;0;1
2017-10-22 11:46:19;0;1
2017-10-22 11:47:28;0;1
2017-10-22 11:48:37;0;1
2017-10-22 11:49:46;0;1
2017-10-22 11:50:55;0;1
2017-10-22 11:52:04;0;1
2017-10-22 11:53:13;0;1
2017-10-22 11:54:22;0;1
2017-10-22 11:55:31;0;1
2017-10-22 11:56:40;0;1
2017-10-22 11:57:49;0;1
2017-10-22 11:58:58;0;1
2017-10-22 12:00:07;0;1
2017-10-22 12:01:16;0;1
2017-10-22 12:02:25;0;1
2017-10-22 12:03:34;0;1
2017-10-22 12:04:43;0;1
2017-10-22 12:05:52;0;1
2017-10-22 12:07:01;52.18;1
2017-10-22 12:08:10;156.54;1
2017-10-22 12:09:19;260.896;1
2017-10-22 12:10:28;365.233;1
2017-10-22 12:11:37;313.043;1
2017-10-22 12:12:46;208.708;1
2017-10-22 12:13:55;313.053;1
2017-10-22 12:15:04;260.892;1
2017-10-22 12:16:13;260.892;1
2017-10-22 12:17:22;365.239;1
2017-10-22 12:18:31;417.428;1
2017-10-22 12:19:40;417.403;1
2017-10-22 12:20:49;417.422;1
2017-10-22 12:21:58;469.572;1
2017-10-22 12:23:07;417.403;1
2017-10-22 12:24:16;417.416;1
2017-10-22 12:25:25;313.084;1
2017-10-22 12:26:34;313.057;1
2017-10-22 12:27:43;208.702;1
2017-10-22 12:28:52;104.352;1
2017-10-22 12:30:01;939.171;1
2017-10-22 12:31:10;1408.757;1
2017-10-22 12:32:19;1200.104;1
2017-10-22 12:33:28;939.212;1
2017-10-22 12:34:37;1095.779;1
2017-10-22 12:35:46;939.13;1
2017-10-22 12:36:55;678.32;1
2017-10-22 12:38:04;156.524;1
2017-10-22 12:39:13;156.535;1
2017-10-22 12:40:22;208.699;1
2017-10-22 12:41:31;104.357;1
2017-10-22 12:42:40;208.717;1
2017-10-22 12:43:49;104.352;1
2017-10-22 12:44:58;1930.575;1
2017-10-22 12:46:07;2661.178;1
2017-10-22 12:47:16;2504.493;1
2017-10-22 12:48:25;2608.998;1
2017-10-22 12:49:34;2713.083;1
2017-10-22 12:50:43;2765.538;1
2017-10-22 12:51:52;2765.298;1
2017-10-22 12:53:01;2660.908;1
2017-10-22 12:54:10;2608.62;1
2017-10-22 12:55:19;2348.03;1
2017-10-22 12:56:28;2922.036;1
2017-10-22 12:57:37;2660.908;1
2017-10-22 12:58:46;2347.826;1
2017-10-22 12:59:55;3078.305;1
2017-10-22 13:01:04;1043.584;1
2017-10-22 13:02:13;156.535;1
2017-10-22 13:03:22;0;1
2017-10-22 13:04:31;0;1
2017-10-22 13:05:40;0;1
2017-10-22 13:06:49;0;1
2017-10-22 13:07:58;0;1
2017-10-22 13:09:07;0;1
2017-10-22 13:10:16;0;1
2017-10-22 13:11:25;0;1
2017-10-22 13:12:34;0;1
2017-10-22 13:13:43;0;1
2017-10-22 13:14:52;0;1
2017-10-22 13:16:01;0;1
2017-10-22 13:17:10;0;1
2017-10-22 13:18:19;0;1
2017-10-22 13:19:28;0;1
2017-10-22 13:20:37;0;1
2017-10-22 13:21:46;0;1
2017-10-22 13:22:55;0;1
2017-10-22 13:24:04;0;1
2017-10-22 13:25:13;0;1
2017-10-22 13:26:22;0;1
2017-10-22 13:27:31;0;1
2017-10-22 13:28:40;0;1
2017-10-22 13:29:49;0;1
2017-10-22 13:30:58;0;1
2017-10-22 13:32:07;0;1
2017-10-22 13:33:16;0;1
2017-10-22 13:34:25;0;1
2017-10-22 13:35:34;0;1
2017-10-22 13:36:43;0;1
2017-10-22 13:37:52;0;1
2017-10-22 13:39:01;0;1
2017-10-22 13:40:10;0;1
2017-10-22 13:41:19;0;1
2017-10-22 13:42:28;0;1
2017-10-22 13:43:37;0;1
2017-10-22 13:44:46;0;1
2017-10-22 13:45:55;0;1
2017-10-22 13:47:04;0;1
2017-10-22 13:48:13;0;1
2017-10-22 13:49:22;0;1
2017-10-22 13:50:31;0;1
2017-10-22 13:51:40;0;1
2017-10-22 13:52:49;0;1
2017-10-22 13:53:58;0;1
2017-10-22 13:55:07;0;1
2017-10-22 13:56:16;0;1
2017-10-22 13:57:25;0;1
2017-10-22 13:58:34;0;1
2017-10-22 13:59:43;0;1
2017-10-22 14:00:52;0;1
2017-10-22 14:02:01;0;1
2017-10-22 14:03:10;0;1
2017-10-22 14:04:19;0;1
2017-10-22 14:05:28;0;1
2017-10-22 14:06:37;0;1
2017-10-22 14:07:46;0;1
2017-10-22 14:08:55;0;1
2017-10-22 14:10:04;0;1
2017-10-22 14:11:13;0;1
2017-10-22 14:12:22;0;1
2017-10-22 14:13:31;0;1
2017-10-22 14:14:40;0;1
2017-10-22 14:15:49;0;1
2017-10-22 14:16:58;0;1
2017-10-22 14:18:07;0;1
2017-10-22 14:19:16;0;1
2017-10-22 14:20:25;0;1
2017-10-22 14:21:34;0;1
2017-10-22 14:22:43;0;1
2017-10-22 14:23:52;0;1
2017-10-22 14:25:01;0;1
2017-10-22 14:26:10;0;1
2017-10-22 14:27:19;0;1
2017-10-22 14:28:28;0;1
2017-10-22 14:29:37;0;1
2017-10-22 14:30:46;0;1
2017-10-22 14:31:55;0;1
2017-10-22 14:33:04;0;1
2017-10-22 14:34:13;0;1
2017-10-22 14:35:22;0;1
2017-10-22 14:36:31;0;1
2017-10-22 14:37:40;0;1
2017-10-22 14:38:49;0;1
2017-10-22 14:39:58;0;1
2017-10-22 14:41:07;0;1
2017-10-22 14:42:16;0;1
2017-10-22 14:43:25;0;1
2017-10-22 14:44:34;0;1
2017-10-22 14:45:43;0;1
2017-10-22 14:46:52;0;1
2017-10-22 14:48:01;0;1
2017-10-22 14:49:10;0;1
2017-10-22 14:50:19;0;1
2017-10-22 14:51:28;0;1
2017-10-22 14:52:37;0;1
2017-10-22 14:53:46;0;1
2017-10-22 14:54:55;52.175;1
2017-10-22 14:56:04;260.858;1
2017-10-22 14:57:13;834.771;1
2017-10-22 14:58:22;1147.843;1
2017-10-22 14:59:31;1199.965;1
2017-10-22 15:00:40;1252.047;1
2017-10-22 15:01:49;1200.087;1
2017-10-22 15:02:58;1147.793;1
2017-10-22 15:04:07;991.362;1
2017-10-22 15:05:16;886.957;1
2017-10-22 15:06:25;417.403;1
2017-10-22 15:07:34;0;1
2017-10-22 15:08:43;0;1
2017-10-22 15:09:52;0;1
2017-10-22 15:11:01;52.169;1
2017-10-22 15:12:10;1773.836;1
2017-10-22 15:13:19;3495.906;1
2017-10-22 15:14:28;1252.228;1
2017-10-22 15:15:37;1043.448;1
2017-10-22 15:16:46;1147.893;1
2017-10-22 15:17:55;1826.008;1
2017-10-22 15:19:04;521.686;1
2017-10-22 15:20:13;573.913;1
2017-10-22 15:21:22;0;1
2017-10-22 15:22:31;0;1
2017-10-22 15:23:40;0;1
2017-10-22 15:24:49;0;1
2017-10-22 15:25:58;0;1
2017-10-22 15:27:07;0;1
2017-10-22 15:28:16;0;1
2017-10-22 15:29:25;0;1
2017-10-22 15:30:34;0;1
2017-10-22 15:31:43;0;1
2017-10-22 15:32:52;52.178;1
2017-10-22 15:34:01;0;1
2017-10-22 15:35:10;834.783;1
2017-10-22 15:36:19;156.506;1
2017-10-22 15:37:28;0;1
2017-10-22 15:38:37;1408.736;1
2017-10-22 15:39:46;1982.58;1
2017-10-22 15:40:55;2086.987;1
2017-10-22 15:42:04;3704.079;1
2017-10-22 15:43:13;3860.87;1
2017-10-22 15:44:22;3809.137;1
2017-10-22 15:45:31;3495.5;1
2017-10-22 15:46:40;2243.576;1
2017-10-22 15:47:49;1356.463;1
2017-10-22 15:48:58;2713.004;1
2017-10-22 15:50:07;2608.696;1
2017-10-22 15:51:16;1147.809;1
2017-10-22 15:52:25;1043.433;1
2017-10-22 15:53:34;1356.581;1
2017-10-22 15:54:43;104.342;1
2017-10-22 15:55:52;521.716;1
2017-10-22 15:57:01;1774.016;1
2017-10-22 15:58:10;1565.354;1
2017-10-22 15:59:19;1304.159;1
2017-10-22 16:00:28;469.579;1
2017-10-22 16:01:37;52.174;1
2017-10-22 16:02:46;52.176;1
2017-10-22 16:03:55;0;1
2017-10-22 16:05:04;0;1
2017-10-22 16:06:13;0;1
2017-10-22 16:07:22;0;1
2017-10-22 16:08:31;417.428;1
2017-10-22 16:09:40;313.016;1
2017-10-22 16:10:49;521.724;1
2017-10-22 16:11:58;365.207;1
2017-10-22 16:13:07;52.179;1
2017-10-22 16:14:16;0;1
2017-10-22 16:15:25;0;1
2017-10-22 16:16:34;0;1
2017-10-22 16:17:43;0;1
2017-10-22 16:18:52;0;1
2017-10-22 16:20:01;260.854;1
2017-10-22 16:21:10;0;1
2017-10-22 16:22:19;260.87;1
2017-10-22 16:23:28;365.223;1
2017-10-22 16:24:37;0;1
2017-10-22 16:25:46;0;1
2017-10-22 16:26:55;0;1
2017-10-22 16:28:04;0;1
2017-10-22 16:29:13;0;1
2017-10-22 16:30:22;0;1
2017-10-22 16:31:31;0;1
2017-10-22 16:32:40;0;1
2017-10-22 16:33:49;0;1
2017-10-22 16:34:58;0;1
2017-10-22 16:36:07;0;1
2017-10-22 16:37:16;0;1
2017-10-22 16:38:25;0;1
2017-10-22 16:39:34;0;1
2017-10-22 16:40:43;0;1
2017-10-22 16:41:52;0;1
2017-10-22 16:43:01;0;1
2017-10-22 16:44:10;0;1
2017-10-22 16:45:19;0;1
2017-10-22 16:46:28;0;1
2017-10-22 16:47:37;0;1
2017-10-22 16:48:46;0;1
2017-10-22 16:49:55;0;1
2017-10-22 16:51:04;0;1
2017-10-22 16:52:13;0;1
2017-10-22 16:53:22;0;1
2017-10-22 16:54:31;0;1
2017-10-22 16:55:40;0;1
2017-10-22 16:56:49;0;1
2017-10-22 16:57:58;0;1
2017-10-22 16:59:07;0;1
2017-10-22 17:00:16;0;1
2017-10-22 17:01:25;0;1
2017-10-22 17:02:34;52.177;1
2017-10-22 17:03:43;156.538;1
2017-10-22 17:04:52;104.351;1
2017-10-22 17:06:01;0;1
2017-10-22 17:07:10;0;1
2017-10-22 17:08:19;0;1
2017-10-22 17:09:28;0;1
2017-10-22 17:10:37;0;1
2017-10-22 17:11:46;0;1
2017-10-22 17:12:55;52.176;1
2017-10-22 17:14:04;104.36;1
2017-10-22 17:15:13;208.72;1
2017-10-22 17:16:22;260.892;1
2017-10-22 17:17:31;365.239;1
2017-10-22 17:18:40;313.089;1
2017-10-22 17:19:49;208.726;1
2017-10-22 17:20:58;208.726;1
2017-10-22 17:22:07;156.533;1
2017-10-22 17:23:16;156.513;1
2017-10-22 17:24:25;156.529;1
2017-10-22 17:25:34;208.696;1
2017-10-22 17:26:43;208.711;1
2017-10-22 17:27:52;260.873;1
2017-10-22 17:29:01;156.524;1
2017-10-22 17:30:10;104.354;1
2017-10-22 17:31:19;0;1
2017-10-22 17:32:28;0;1
2017-10-22 17:33:37;52.175;1
2017-10-22 17:34:46;104.361;1
2017-10-22 17:35:55;52.178;1
2017-10-22 17:37:04;104.361;1
2017-10-22 17:38:13;156.519;1
2017-10-22 17:39:22;260.904;1
2017-10-22 17:40:31;417.409;1
2017-10-22 17:41:40;417.428;1
2017-10-22 17:42:49;1356.679;1
2017-10-22 17:43:58;573.946;1
2017-10-22 17:45:07;626.132;1
2017-10-22 17:46:16;678.349;1
2017-10-22 17:47:25;678.271;1
2017-10-22 17:48:34;730.445;1
2017-10-22 17:49:43;782.677;1
2017-10-22 17:50:52;730.435;1
2017-10-22 17:52:01;834.831;1
2017-10-22 17:53:10;782.699;1
2017-10-22 17:54:19;782.575;1
2017-10-22 17:55:28;834.879;1
2017-10-22 17:56:37;834.722;1
2017-10-22 17:57:46;834.746;1
2017-10-22 17:58:55;834.879;1
2017-10-22 18:00:04;834.734;1
2017-10-22 18:01:13;886.892;1
2017-10-22 18:02:22;887.021;1
2017-10-22 18:03:31;834.758;1
2017-10-22 18:04:40;886.918;1
2017-10-22 18:05:49;1147.943;1
2017-10-22 18:06:58;1982.494;1
2017-10-22 18:08:07;1982.695;1
2017-10-22 18:09:16;1982.235;1
2017-10-22 18:10:25;1982.752;1
2017-10-22 18:11:34;1982.58;1
2017-10-22 18:12:43;1982.609;1
2017-10-22 18:13:52;1982.752;1
2017-10-22 18:15:01;2138.975;1
2017-10-22 18:16:10;2191.431;1
2017-10-22 18:17:19;2086.926;1
2017-10-22 18:18:28;2034.665;1
2017-10-22 18:19:37;2034.753;1
2017-10-22 18:20:46;1982.551;1
2017-10-22 18:21:55;1617.344;1
2017-10-22 18:23:04;4435.168;1
2017-10-22 18:24:13;5530.515;1
2017-10-22 18:25:22;6208.696;1
2017-10-22 18:26:31;6208.696;1
2017-10-22 18:27:40;6208.876;1
2017-10-22 18:28:49;6260.325;1
2017-10-22 18:29:58;7096.475;1
2017-10-22 18:31:07;6886.458;1
2017-10-22 18:32:16;7095.652;1
2017-10-22 18:33:25;5374.225;1
2017-10-22 18:34:34;4799.374;1
2017-10-22 18:35:43;2556.522;1
2017-10-22 18:36:52;2504.783;1
2017-10-22 18:38:01;2295.286;1
2017-10-22 18:39:10;2139.068;1
2017-10-22 18:40:19;2348.03;1
2017-10-22 18:41:28;2086.987;1
2017-10-22 18:42:37;1304.329;1
2017-10-22 18:43:46;1043.388;1
2017-10-22 18:44:55;1043.509;1
2017-10-22 18:46:04;991.391;1
2017-10-22 18:47:13;1095.636;1
2017-10-22 18:48:22;2869.357;1
2017-10-22 18:49:31;2921.993;1
2017-10-22 18:50:40;2869.44;1
2017-10-22 18:51:49;2921.824;1
2017-10-22 18:52:58;2921.4;1
2017-10-22 18:54:07;2869.482;1
2017-10-22 18:55:16;2817.718;1
2017-10-22 18:56:25;2817.024;1
2017-10-22 18:57:34;2817.514;1
2017-10-22 18:58:43;2765.458;1
2017-10-22 18:59:52;1825.796;1
2017-10-22 19:01:01;2504.529;1
2017-10-22 19:02:10;1617.555;1
2017-10-22 19:03:19;2399.791;1
2017-10-22 19:04:28;1252.156;1
2017-10-22 19:05:37;2086.987;1
2017-10-22 19:06:46;1304.367;1
2017-10-22 19:07:55;1356.463;1
2017-10-22 19:09:04;1721.714;1
2017-10-22 19:10:13;887.059;1
2017-10-22 19:11:22;1356.482;1
2017-10-22 19:12:31;1721.639;1
2017-10-22 19:13:40;939.076;1
2017-10-22 19:14:49;939.076;1
2017-10-22 19:15:58;939.198;1
2017-10-22 19:17:07;2086.926;1
2017-10-22 19:18:16;1200.104;1
2017-10-22 19:19:25;1199.809;1
2017-10-22 19:20:34;1147.926;1
2017-10-22 19:21:43;1304.367;1
2017-10-22 19:22:52;1460.87;1
2017-10-22 19:24:01;1408.716;1
2017-10-22 19:25:10;1513.022;1
2017-10-22 19:26:19;1460.785;1
2017-10-22 19:27:28;1460.912;1
2017-10-22 19:28:37;1408.736;1
2017-10-22 19:29:46;1460.827;1
2017-10-22 19:30:55;1460.912;1
2017-10-22 19:32:04;1460.658;1
2017-10-22 19:33:13;1513.197;1
2017-10-22 19:34:22;1408.798;1
2017-10-22 19:35:31;1460.912;1
2017-10-22 19:36:40;1408.655;1
2017-10-22 19:37:49;1460.806;1
2017-10-22 19:38:58;1408.634;1
2017-10-22 19:40:07;1460.912;1
2017-10-22 19:41:16;1513;1
2017-10-22 19:42:25;1513.022;1
2017-10-22 19:43:34;1356.561;1
2017-10-22 19:44:43;1408.634;1
2017-10-22 19:45:52;1356.522;1
2017-10-22 19:47:01;1356.561;1
2017-10-22 19:48:10;1356.581;1
2017-10-22 19:49:19;1356.482;1
2017-10-22 19:50:28;1356.581;1
2017-10-22 19:51:37;1408.757;1
2017-10-22 19:52:46;1356.463;1
2017-10-22 19:53:55;1408.594;1
2017-10-22 19:55:04;1408.757;1
2017-10-22 19:56:13;1408.532;1
2017-10-22 19:57:22;1356.541;1
2017-10-22 19:58:31;1408.757;1
2017-10-22 19:59:40;1252.21;1
2017-10-22 20:00:49;1147.809;1
2017-10-22 20:01:58;1147.776;1
2017-10-22 20:03:07;1095.747;1
2017-10-22 20:04:16;1200.07;1
2017-10-22 20:05:25;1147.809;1
2017-10-22 20:06:34;1095.636;1
2017-10-22 20:07:43;991.333;1
2017-10-22 20:08:52;991.29;1
2017-10-22 20:10:01;991.376;1
2017-10-22 20:11:10;939.212;1
2017-10-22 20:12:19;939.035;1
2017-10-22 20:13:28;939.185;1
2017-10-22 20:14:37;938.994;1
2017-10-22 20:15:46;939.158;1
2017-10-22 20:16:55;991.319;1
2017-10-22 20:18:04;991.304;1
2017-10-22 20:19:13;939.171;1
2017-10-22 20:20:22;939.103;1
2017-10-22 20:21:31;886.969;1
2017-10-22 20:22:40;939.171;1
2017-10-22 20:23:49;939.035;1
2017-10-22 20:24:58;939.13;1
2017-10-22 20:26:07;939.171;1
2017-10-22 20:27:16;1043.433;1
2017-10-22 20:28:25;1043.509;1
2017-10-22 20:29:34;1043.539;1
2017-10-22 20:30:43;1095.589;1
2017-10-22 20:31:52;1043.448;1
2017-10-22 20:33:01;1043.569;1
2017-10-22 20:34:10;1095.605;1
2017-10-22 20:35:19;1043.448;1
2017-10-22 20:36:28;1043.433;1
2017-10-22 20:37:37;1043.433;1
2017-10-22 20:38:46;1043.448;1
2017-10-22 20:39:55;1043.584;1
2017-10-22 20:41:04;1043.524;1
2017-10-22 20:42:13;1043.433;1
2017-10-22 20:43:22;1043.509;1
2017-10-22 20:44:31;1043.372;1
2017-10-22 20:45:40;1043.509;1
2017-10-22 20:46:49;1043.524;1
2017-10-22 20:47:58;1043.539;1
2017-10-22 20:49:07;1043.478;1
2017-10-22 20:50:16;1043.372;1
2017-10-22 20:51:25;1043.463;1
2017-10-22 20:52:34;1043.478;1
2017-10-22 20:53:43;939.09;1
2017-10-22 20:54:52;834.795;1
2017-10-22 20:56:01;834.771;1
2017-10-22 20:57:10;886.982;1
2017-10-22 20:58:19;782.62;1
2017-10-22 20:59:28;834.734;1
2017-10-22 21:00:37;834.892;1
2017-10-22 21:01:46;886.841;1
2017-10-22 21:02:55;834.783;1
2017-10-22 21:04:04;886.957;1
2017-10-22 21:05:13;834.758;1
2017-10-22 21:06:22;886.995;1
2017-10-22 21:07:31;834.843;1
2017-10-22 21:08:40;834.746;1
2017-10-22 21:09:49;834.771;1
2017-10-22 21:10:58;834.867;1
2017-10-22 21:12:07;834.686;1
2017-10-22 21:13:16;886.931;1
2017-10-22 21:14:25;834.807;1
2017-10-22 21:15:34;834.819;1
2017-10-22 21:16:43;834.795;1
2017-10-22 21:17:52;834.783;1
2017-10-22 21:19:01;834.795;1
2017-10-22 21:20:10;834.758;1
2017-10-22 21:21:19;834.722;1
2017-10-22 21:22:28;834.771;1
2017-10-22 21:23:37;834.807;1
2017-10-22 21:24:46;834.831;1
2017-10-22 21:25:55;834.722;1
2017-10-22 21:27:04;834.783;1
2017-10-22 21:28:13;834.807;1
2017-10-22 21:29:22;834.843;1
2017-10-22 21:30:31;834.698;1
2017-10-22 21:31:40;834.795;1
2017-10-22 21:32:49;834.819;1
2017-10-22 21:33:58;834.771;1
2017-10-22 21:35:07;782.62;1
2017-10-22 21:36:16;834.783;1
2017-10-22 21:37:25;834.734;1
2017-10-22 21:38:34;834.783;1
2017-10-22 21:39:43;834.722;1
2017-10-22 21:40:52;834.831;1
2017-10-22 21:42:01;782.597;1
2017-10-22 21:43:10;834.831;1
2017-10-22 21:44:19;834.734;1
2017-10-22 21:45:28;834.795;1
2017-10-22 21:46:37;834.758;1
2017-10-22 21:47:46;834.746;1
2017-10-22 21:48:55;834.771;1
2017-10-22 21:50:04;834.758;1
2017-10-22 21:51:13;782.631;1
2017-10-22 21:52:22;834.843;1
2017-10-22 21:53:31;886.944;1
2017-10-22 21:54:40;1095.62;1
2017-10-22 21:55:49;1304.329;1
2017-10-22 21:56:58;1356.463;1
2017-10-22 21:58:07;1356.502;1
2017-10-22 21:59:16;1356.62;1
2017-10-22 22:00:25;1356.561;1
2017-10-22 22:01:34;1356.423;1
2017-10-22 22:02:43;1408.736;1
2017-10-22 22:03:52;1408.675;1
2017-10-22 22:05:01;1252.101;1
2017-10-22 22:06:10;0;1
2017-10-22 22:07:19;0;1
2017-10-22 22:08:28;0;1
2017-10-22 22:09:37;0;1
2017-10-22 22:10:46;0;1
2017-10-22 22:11:55;0;1
2017-10-22 22:13:04;0;1
2017-10-22 22:14:13;0;1
2017-10-22 22:15:22;0;1
2017-10-22 22:16:31;0;1
2017-10-22 22:17:40;0;1
2017-10-22 22:18:49;0;1
2017-10-22 22:19:58;0;1
2017-10-22 22:21:07;0;1
2017-10-22 22:22:16;0;1
2017-10-22 22:23:25;0;1
2017-10-22 22:24:34;0;1
2017-10-22 22:25:43;0;1
2017-10-22 22:26:52;0;1
2017-10-22 22:28:01;0;1
2017-10-22 22:29:10;0;1
2017-10-22 22:30:19;0;1
2017-10-22 22:31:28;0;1
2017-10-22 22:32:37;0;1
2017-10-22 22:33:46;0;1
2017-10-22 22:34:55;0;1
2017-10-22 22:36:04;0;1
2017-10-22 22:37:13;0;1
2017-10-22 22:38:22;0;1
2017-10-22 22:39:31;0;1
2017-10-22 22:40:40;0;1
2017-10-22 22:41:49;0;1
2017-10-22 22:42:58;0;1
2017-10-22 22:44:07;0;1
2017-10-22 22:45:16;0;1
2017-10-22 22:46:25;0;1
2017-10-22 22:47:34;0;1
2017-10-22 22:48:43;0;1
2017-10-22 22:49:52;0;1
2017-10-22 22:51:01;0;1
2017-10-22 22:52:10;0;1
2017-10-22 22:53:19;0;1
2017-10-22 22:54:28;0;1
2017-10-22 22:55:37;0;1
2017-10-22 22:56:46;0;1
2017-10-22 22:57:55;0;1
2017-10-22 22:59:04;0;1
2017-10-22 23:00:13;0;1
2017-10-22 23:01:22;0;1
2017-10-22 23:02:31;0;1
2017-10-22 23:03:40;0;1
2017-10-22 23:04:49;0;1
2017-10-22 23:05:58;0;1
2017-10-22 23:07:07;0;1
2017-10-22 23:08:16;0;1
2017-10-22 23:09:25;0;1
2017-10-22 23:10:34;0;1
2017-10-22 23:11:43;0;1
2017-10-22 23:12:52;0;1
2017-10-22 23:14:01;0;1
2017-10-22 23:15:10;0;1
2017-10-22 23:16:19;0;1
2017-10-22 23:17:28;0;1
2017-10-22 23:18:37;0;1
2017-10-22 23:19:46;0;1
2017-10-22 23:20:55;0;1
2017-10-22 23:22:03;0;1
2017-10-22 23:23:12;0;1
2017-10-22 23:24:21;0;1
2017-10-22 23:25:30;0;1
2017-10-22 23:26:39;0;1
2017-10-22 23:27:48;0;1
2017-10-22 23:28:57;0;1
2017-10-22 23:30:06;0;1
2017-10-22 23:31:15;0;1
2017-10-22 23:32:24;0;1
2017-10-22 23:33:33;0;1
2017-10-22 23:34:42;0;1
2017-10-22 23:35:51;0;1
2017-10-22 23:37:00;0;1
2017-10-22 23:38:09;0;1
2017-10-22 23:39:18;0;1
2017-10-22 23:40:27;0;1
2017-10-22 23:41:36;0;1
2017-10-22 23:42:45;0;1
2017-10-22 23:43:54;0;1
2017-10-22 23:45:03;0;1
2017-10-22 23:46:12;0;1
2017-10-22 23:47:21;0;1
2017-10-22 23:48:30;0;1
2017-10-22 23:49:39;0;1
2017-10-22 23:50:48;0;1
2017-10-22 23:51:57;0;1
2017-10-22 23:53:06;0;1
2017-10-22 23:54:15;0;1
2017-10-22 23:55:24;0;1
2017-10-22 23:56:33;0;1
2017-10-22 23:57:42;0;1
2017-10-22 23:58:51;0;1
2017-10-23 00:00:00;0;1
2017-10-23 00:01:09;0;1
2017-10-23 00:02:18;0;1
2017-10-23 00:03:27;0;1
2017-10-23 00:04:36;0;1
2017-10-23 00:05:45;0;1
2017-10-23 00:06:54;0;1
2017-10-23 00:08:03;0;1
2017-10-23 00:09:12;0;1
2017-10-23 00:10:21;0;1
2017-10-23 00:11:30;0;1
2017-10-23 00:12:39;0;1
2017-10-23 00:13:48;0;1
2017-10-23 00:14:57;0;1
2017-10-23 00:16:06;0;1
2017-10-23 00:17:15;0;1
2017-10-23 00:18:24;0;1
2017-10-23 00:19:33;0;1
2017-10-23 00:20:42;0;1
2017-10-23 00:21:51;0;1
2017-10-23 00:23:00;0;1
2017-10-23 00:24:09;0;1
2017-10-23 00:25:18;0;1
2017-10-23 00:26:27;0;1
2017-10-23 00:27:36;0;1
2017-10-23 00:28:45;0;1
2017-10-23 00:29:54;0;1
2017-10-23 00:31:03;0;1
2017-10-23 00:32:12;0;1
2017-10-23 00:33:21;0;1
2017-10-23 00:34:30;0;1
2017-10-23 00:35:39;0;1
2017-10-23 00:36:48;0;1
2017-10-23 00:37:57;0;1
2017-10-23 00:39:06;0;1
2017-10-23 00:40:15;0;1
2017-10-23 00:41:24;0;1
2017-10-23 00:42:33;0;1
2017-10-23 00:43:42;0;1
2017-10-23 00:44:51;0;1
2017-10-23 00:46:00;0;1
2017-10-23 00:47:09;0;1
2017-10-23 00:48:18;0;1
2017-10-23 00:49:27;0;1
2017-10-23 00:50:36;0;1
2017-10-23 00:51:45;0;1
2017-10-23 00:52:54;0;1
2017-10-23 00:54:03;0;1
2017-10-23 00:55:12;0;1
2017-10-23 00:56:21;0;1
2017-10-23 00:57:30;0;1
2017-10-23 00:58:39;0;1
2017-10-23 00:59:48;0;1
2017-10-23 01:00:57;0;1
2017-10-23 01:02:06;0;1
2017-10-23 01:03:15;0;1
2017-10-23 01:04:24;0;1
2017-10-23 01:05:33;0;1
2017-10-23 01:06:42;0;1
2017-10-23 01:07:51;0;1
2017-10-23 01:09:00;0;1
2017-10-23 01:10:09;0;1
2017-10-23 01:11:18;0;1
2017-10-23 01:12:27;0;1
2017-10-23 01:13:36;0;1
2017-10-23 01:14:45;0;1
2017-10-23 01:15:54;0;1
2017-10-23 01:17:03;0;1
2017-10-23 01:18:12;0;1
2017-10-23 01:19:21;0;1
2017-10-23 01:20:30;0;1
2017-10-23 01:21:39;0;1
2017-10-23 01:22:48;0;1
2017-10-23 01:23:57;0;1
2017-10-23 01:25:06;0;1
2017-10-23 01:26:15;0;1
2017-10-23 01:27:24;0;1
2017-10-23 01:28:33;0;1
2017-10-23 01:29:42;0;1
2017-10-23 01:30:51;0;1
2017-10-23 01:32:00;0;1
2017-10-23 01:33:09;0;1
2017-10-23 01:34:18;0;1
2017-10-23 01:35:27;0;1
2017-10-23 01:36:36;0;1
2017-10-23 01:37:45;0;1
2017-10-23 01:38:54;0;1
2017-10-23 01:40:03;0;1
2017-10-23 01:41:12;0;1
2017-10-23 01:42:21;0;1
2017-10-23 01:43:30;0;1
2017-10-23 01:44:39;0;1
2017-10-23 01:45:48;0;1
2017-10-23 01:46:57;0;1
2017-10-23 01:48:06;0;1
2017-10-23 01:49:15;0;1
2017-10-23 01:50:24;0;1
2017-10-23 01:51:33;0;1
2017-10-23 01:52:42;0;1
2017-10-23 01:53:51;0;1
2017-10-23 01:55:00;0;1
2017-10-23 01:56:09;0;1
2017-10-23 01:57:18;0;1
2017-10-23 01:58:27;0;1
2017-10-23 01:59:36;0;1
2017-10-23 02:00:45;0;1
2017-10-23 02:01:54;0;1
2017-10-23 02:03:03;0;1
2017-10-23 02:04:12;0;1
2017-10-23 02:05:21;0;1
2017-10-23 02:06:30;0;1
2017-10-23 02:07:39;0;1
2017-10-23 02:08:48;0;1
2017-10-23 02:09:57;0;1
2017-10-23 02:11:06;0;1
2017-10-23 02:12:15;0;1
2017-10-23 02:13:24;0;1
2017-10-23 02:14:33;0;1
2017-10-23 02:15:42;0;1
2017-10-23 02:16:51;0;1
2017-10-23 02:18:00;0;1
2017-10-23 02:19:09;0;1
2017-10-23 02:20:18;0;1
2017-10-23 02:21:27;0;1
2017-10-23 02:22:36;0;1
2017-10-23 02:23:45;0;1
2017-10-23 02:24:54;0;1
2017-10-23 02:26:03;0;1
2017-10-23 02:27:12;0;1
2017-10-23 02:28:21;0;1
2017-10-23 02:29:30;0;1
2017-10-23 02:30:39;0;1
2017-10-23 02:31:48;0;1
2017-10-23 02:32:57;0;1
2017-10-23 02:34:06;0;1
2017-10-23 02:35:15;0;1
2017-10-23 02:36:24;0;1
2017-10-23 02:37:33;0;1
2017-10-23 02:38:42;0;1
2017-10-23 02:39:51;0;1
2017-10-23 02:41:00;0;1
2017-10-23 02:42:09;0;1
2017-10-23 02:43:18;0;1
2017-10-23 02:44:27;0;1
2017-10-23 02:45:36;0;1
2017-10-23 02:46:45;0;1
2017-10-23 02:47:54;0;1
2017-10-23 02:49:03;0;1
2017-10-23 02:50:12;0;1
2017-10-23 02:51:21;0;1
2017-10-23 02:52:30;0;1
2017-10-23 02:53:39;0;1
2017-10-23 02:54:48;0;1
2017-10-23 02:55:57;0;1
2017-10-23 02:57:06;0;1
2017-10-23 02:58:15;0;1
2017-10-23 02:59:24;0;1
2017-10-23 03:00:33;0;1
2017-10-23 03:01:42;0;1
2017-10-23 03:02:51;0;1
2017-10-23 03:04:00;0;1
2017-10-23 03:05:09;0;1
2017-10-23 03:06:18;0;1
2017-10-23 03:07:27;0;1
2017-10-23 03:08:36;0;1
2017-10-23 03:09:45;0;1
2017-10-23 03:10:54;0;1
2017-10-23 03:12:03;0;1
2017-10-23 03:13:12;0;1
2017-10-23 03:14:21;0;1
2017-10-23 03:15:30;0;1
2017-10-23 03:16:39;0;1
2017-10-23 03:17:48;0;1
2017-10-23 03:18:57;0;1
2017-10-23 03:20:06;0;1
2017-10-23 03:21:15;0;1
2017-10-23 03:22:24;0;1
2017-10-23 03:23:33;0;1
2017-10-23 03:24:42;0;1
2017-10-23 03:25:51;0;1
2017-10-23 03:27:00;0;1
2017-10-23 03:28:09;0;1
2017-10-23 03:29:18;0;1
2017-10-23 03:30:27;0;1
2017-10-23 03:31:36;0;1
2017-10-23 03:32:45;0;1
2017-10-23 03:33:54;0;1
2017-10-23 03:35:03;0;1
2017-10-23 03:36:12;0;1
2017-10-23 03:37:21;0;1
2017-10-23 03:38:30;0;1
2017-10-23 03:39:39;0;1
2017-10-23 03:40:48;0;1
2017-10-23 03:41:57;0;1
2017-10-23 03:43:06;0;1
2017-10-23 03:44:15;0;1
2017-10-23 03:45:24;0;1
2017-10-23 03:46:33;0;1
2017-10-23 03:47:42;0;1
2017-10-23 03:48:51;0;1
2017-10-23 03:50:00;0;1
2017-10-23 03:51:09;0;1
2017-10-23 03:52:18;0;1
2017-10-23 03:53:27;0;1
2017-10-23 03:54:36;0;1
2017-10-23 03:55:45;0;1
2017-10-23 03:56:54;0;1
2017-10-23 03:58:03;0;1
2017-10-23 03:59:12;0;1
2017-10-23 04:00:21;0;1
2017-10-23 04:01:30;0;1
2017-10-23 04:02:39;0;1
2017-10-23 04:03:48;0;1
2017-10-23 04:04:57;0;1
2017-10-23 04:07:05;0;1
2017-10-23 04:08:21;0;1
2017-10-23 04:09:30;0;1
2017-10-23 04:10:39;0;1
2017-10-23 04:11:48;0;1
2017-10-23 04:12:57;0;1
2017-10-23 04:14:06;0;1
2017-10-23 04:15:15;0;1
2017-10-23 04:16:24;0;1
2017-10-23 04:17:33;0;1
2017-10-23 04:18:42;0;1
2017-10-23 04:19:51;0;1
2017-10-23 04:21:00;0;1
2017-10-23 04:22:09;0;1
2017-10-23 04:23:18;0;1
2017-10-23 04:24:27;0;1
2017-10-23 04:25:36;0;1
2017-10-23 04:26:45;0;1
2017-10-23 04:27:54;0;1
2017-10-23 04:29:03;0;1
2017-10-23 04:30:12;0;1
2017-10-23 04:31:21;0;1
2017-10-23 04:32:30;0;1
2017-10-23 04:33:39;0;1
2017-10-23 04:34:48;0;1
2017-10-23 04:35:57;0;1
2017-10-23 04:37:06;0;1
2017-10-23 04:38:15;0;1
2017-10-23 04:39:24;0;1
2017-10-23 04:40:33;0;1
2017-10-23 04:41:42;0;1
2017-10-23 04:42:51;0;1
2017-10-23 04:44:00;0;1
2017-10-23 04:45:09;0;1
2017-10-23 04:46:18;0;1
2017-10-23 04:47:27;0;1
2017-10-23 04:48:36;0;1
2017-10-23 04:49:45;0;1
2017-10-23 04:50:54;0;1
2017-10-23 04:52:03;0;1
2017-10-23 04:53:12;0;1
2017-10-23 04:54:21;0;1
2017-10-23 04:55:30;0;1
2017-10-23 04:56:39;0;1
2017-10-23 04:57:48;0;1
2017-10-23 04:58:57;0;1
2017-10-23 05:00:06;0;1
2017-10-23 05:01:15;0;1
2017-10-23 05:02:24;0;1
2017-10-23 05:03:33;0;1
2017-10-23 05:04:42;0;1
2017-10-23 05:05:51;0;1
2017-10-23 05:07:00;0;1
2017-10-23 05:08:09;0;1
2017-10-23 05:09:18;0;1
2017-10-23 05:10:27;0;1
2017-10-23 05:11:36;0;1
2017-10-23 05:12:45;0;1
2017-10-23 05:13:54;0;1
2017-10-23 05:15:03;0;1
2017-10-23 05:16:12;0;1
2017-10-23 05:17:21;0;1
2017-10-23 05:18:30;0;1
2017-10-23 05:19:39;0;1
2017-10-23 05:20:48;0;1
2017-10-23 05:21:57;0;1
2017-10-23 05:23:06;0;1
2017-10-23 05:24:15;0;1
2017-10-23 05:25:24;0;1
2017-10-23 05:26:33;0;1
2017-10-23 05:27:42;0;1
2017-10-23 05:28:51;0;1
2017-10-23 05:30:00;0;1
2017-10-23 05:31:09;0;1
2017-10-23 05:32:18;0;1
2017-10-23 05:33:27;0;1
2017-10-23 05:34:36;0;1
2017-10-23 05:35:45;0;1
2017-10-23 05:36:54;0;1
2017-10-23 05:38:03;0;1
2017-10-23 05:39:12;0;1
2017-10-23 05:40:21;0;1
2017-10-23 05:41:30;0;1
2017-10-23 05:42:39;0;1
2017-10-23 05:43:48;0;1
2017-10-23 05:44:57;0;1
2017-10-23 05:46:06;0;1
2017-10-23 05:47:15;0;1
2017-10-23 05:48:24;0;1
2017-10-23 05:49:33;0;1
2017-10-23 05:50:42;0;1
2017-10-23 05:51:51;0;1
2017-10-23 05:53:00;0;1
2017-10-23 05:54:09;0;1
2017-10-23 05:55:18;0;1
2017-10-23 05:56:27;0;1
2017-10-23 05:57:36;0;1
2017-10-23 05:58:45;0;1
2017-10-23 05:59:54;0;1
2017-10-23 06:01:03;0;1
2017-10-23 06:02:12;0;1
2017-10-23 06:03:21;0;1
2017-10-23 06:04:30;0;1
2017-10-23 06:05:39;678.261;1
2017-10-23 06:06:48;1147.959;1
2017-10-23 06:07:57;991.218;1
2017-10-23 06:09:06;991.347;1
2017-10-23 06:10:15;1043.403;1
2017-10-23 06:11:24;991.29;1
2017-10-23 06:12:33;1043.509;1
2017-10-23 06:13:42;991.276;1
2017-10-23 06:14:51;991.247;1
2017-10-23 06:16:00;1043.539;1
2017-10-23 06:17:09;991.261;1
2017-10-23 06:18:18;991.376;1
2017-10-23 06:19:27;991.233;1
2017-10-23 06:20:36;1043.509;1
2017-10-23 06:21:45;991.333;1
2017-10-23 06:22:54;991.261;1
2017-10-23 06:24:03;991.405;1
2017-10-23 06:25:12;991.189;1
2017-10-23 06:26:21;991.347;1
2017-10-23 06:27:30;1043.463;1
2017-10-23 06:28:39;1513.087;1
2017-10-23 06:29:48;16697.104;1
2017-10-23 06:30:57;17635.549;1
2017-10-23 06:32:06;18051.912;1
2017-10-23 06:33:15;17162.73;1
2017-10-23 06:34:24;17269.816;1
2017-10-23 06:35:33;17216.144;1
2017-10-23 06:36:42;17219.138;1
2017-10-23 06:37:51;17216.892;1
2017-10-23 06:39:00;17164.969;1
2017-10-23 06:40:09;17270.066;1
2017-10-23 06:41:18;17427.35;1
2017-10-23 06:42:27;17372.906;1
2017-10-23 06:43:36;17320.986;1
2017-10-23 06:44:45;17372.906;1
2017-10-23 06:45:54;17374.165;1
2017-10-23 06:47:03;17582.099;1
2017-10-23 06:48:12;17791.304;1
2017-10-23 06:49:21;17688.495;1
2017-10-23 06:50:30;18103.036;1
2017-10-23 06:51:39;18312.778;1
2017-10-23 06:52:48;17841.151;1
2017-10-23 06:53:57;17844.513;1
2017-10-23 06:55:06;18209.223;1
2017-10-23 06:56:15;17740.416;1
2017-10-23 06:57:24;17687.213;1
2017-10-23 06:58:33;17792.336;1
2017-10-23 06:59:42;18365.217;1
2017-10-23 07:00:51;18156.522;1
2017-10-23 07:02:00;18419.527;1
2017-10-23 07:03:09;18052.436;1
2017-10-23 07:04:18;17947.826;1
2017-10-23 07:05:27;17948.867;1
2017-10-23 07:06:36;17843.478;1
2017-10-23 07:07:45;17843.737;1
2017-10-23 07:08:54;17895.393;1
2017-10-23 07:10:03;18364.951;1
2017-10-23 07:11:12;18051.127;1
2017-10-23 07:12:21;18053.744;1
2017-10-23 07:13:30;18156.259;1
2017-10-23 07:14:39;18052.697;1
2017-10-23 07:15:48;18000;1
2017-10-23 07:16:57;18052.436;1
2017-10-23 07:18:06;18259.546;1
2017-10-23 07:19:15;18000.522;1
2017-10-23 07:20:24;18156.522;1
2017-10-23 07:21:33;18054.005;1
2017-10-23 07:22:42;17945.745;1
2017-10-23 07:23:51;17999.478;1
2017-10-23 07:25:00;18052.959;1
2017-10-23 07:26:09;18781.792;1
2017-10-23 07:27:18;18054.005;1
2017-10-23 07:28:27;18051.912;1
2017-10-23 07:29:36;18208.168;1
2017-10-23 07:30:45;18259.282;1
2017-10-23 07:31:54;17947.826;1
2017-10-23 07:33:03;18053.22;1
2017-10-23 07:34:12;17999.739;1
2017-10-23 07:35:21;18053.482;1
2017-10-23 07:36:30;17997.392;1
2017-10-23 07:37:39;17948.606;1
2017-10-23 07:38:48;17948.606;1
2017-10-23 07:39:57;17946.786;1
2017-10-23 07:41:06;17843.737;1
2017-10-23 07:42:15;17632.994;1
2017-10-23 07:43:24;17689.007;1
2017-10-23 07:44:33;17999.478;1
2017-10-23 07:45:42;17948.346;1
2017-10-23 07:46:51;18101.724;1
2017-10-23 07:48:00;18210.279;1
2017-10-23 07:49:09;17842.961;1
2017-10-23 07:50:18;17740.673;1
2017-10-23 07:51:27;17736.817;1
2017-10-23 07:52:36;17686.957;1
2017-10-23 07:53:45;17635.549;1
2017-10-23 07:54:54;17740.93;1
2017-10-23 07:56:03;17741.187;1
2017-10-23 07:57:12;17687.982;1
2017-10-23 07:58:21;17740.93;1
2017-10-23 07:59:30;17897.727;1
2017-10-23 08:00:39;18262.458;1
2017-10-23 08:01:48;18314.636;1
2017-10-23 08:02:57;18576.336;1
2017-10-23 08:04:06;18261.134;1
2017-10-23 08:05:15;18209.487;1
2017-10-23 08:06:24;18314.636;1
2017-10-23 08:07:33;18263.516;1
2017-10-23 08:08:42;18263.781;1
2017-10-23 08:09:51;18574.99;1
2017-10-23 08:11:00;18314.636;1
2017-10-23 08:12:09;18523.887;1
2017-10-23 08:13:18;18993.506;1
2017-10-23 08:14:27;19046.791;1
2017-10-23 08:15:36;18783.153;1
2017-10-23 08:16:45;18261.399;1
2017-10-23 08:17:54;18576.336;1
2017-10-23 08:19:03;18262.193;1
2017-10-23 08:20:12;18471.707;1
2017-10-23 08:21:21;12418.111;1
2017-10-23 08:22:30;2556.707;1
2017-10-23 08:23:39;2452.281;1
2017-10-23 08:24:48;2452.209;1
2017-10-23 08:25:57;2608.885;1
2017-10-23 08:27:06;2243.738;1
2017-10-23 08:28:15;2348.03;1
2017-10-23 08:29:24;2348.098;1
2017-10-23 08:30:33;2243.803;1
2017-10-23 08:31:42;2243.771;1
2017-10-23 08:32:51;2191.463;1
2017-10-23 08:34:00;2243.576;1
2017-10-23 08:35:09;2243.576;1
2017-10-23 08:36:18;2191.4;1
2017-10-23 08:37:27;2191.495;1
2017-10-23 08:38:36;2191.59;1
2017-10-23 08:39:45;2139.254;1
2017-10-23 08:40:54;2087.168;1
2017-10-23 08:42:03;2087.017;1
2017-10-23 08:43:12;2034.96;1
2017-10-23 08:44:21;2087.078;1
2017-10-23 08:45:30;2087.199;1
2017-10-23 08:46:39;2034.989;1
2017-10-23 08:47:48;2347.962;1
2017-10-23 08:48:57;2035.078;1
2017-10-23 08:50:06;2087.229;1
2017-10-23 08:51:15;2035.048;1
2017-10-23 08:52:24;2087.138;1
2017-10-23 08:53:33;2035.019;1
2017-10-23 08:54:42;2087.199;1
2017-10-23 08:55:51;2034.96;1
2017-10-23 08:57:00;2400.244;1
2017-10-23 08:58:09;2034.812;1
2017-10-23 08:59:18;2087.108;1
2017-10-23 09:00:27;2035.019;1
2017-10-23 09:01:36;1982.752;1
2017-10-23 09:02:45;1982.81;1
2017-10-23 09:03:54;3026.219;1
2017-10-23 09:05:03;2035.078;1
2017-10-23 09:06:12;1930.435;1
2017-10-23 09:07:21;1982.925;1
2017-10-23 09:08:30;1878.315;1
2017-10-23 09:09:39;1878.506;1
2017-10-23 09:10:48;1930.631;1
2017-10-23 09:11:57;1878.424;1
2017-10-23 09:13:06;1930.547;1
2017-10-23 09:14:15;1930.519;1
2017-10-23 09:15:23;1878.479;1
2017-10-23 09:16:32;1930.603;1
2017-10-23 09:17:41;1982.666;1
2017-10-23 09:18:50;1930.547;1
2017-10-23 09:19:59;1878.451;1
2017-10-23 09:21:08;1930.491;1
2017-10-23 09:22:17;1982.695;1
2017-10-23 09:23:26;1982.724;1
2017-10-23 09:24:35;1982.637;1
2017-10-23 09:25:44;1930.547;1
2017-10-23 09:26:53;1982.781;1
2017-10-23 09:28:02;1930.519;1
2017-10-23 09:29:11;1930.407;1
2017-10-23 09:30:20;1930.519;1
2017-10-23 09:31:29;1930.435;1
2017-10-23 09:32:38;1878.206;1
2017-10-23 09:33:47;1878.397;1
2017-10-23 09:34:56;1825.875;1
2017-10-23 09:36:05;1878.288;1
2017-10-23 09:37:14;1826.034;1
2017-10-23 09:38:23;2713.279;1
2017-10-23 09:39:32;2034.842;1
2017-10-23 09:40:41;2034.724;1
2017-10-23 09:41:50;1982.408;1
2017-10-23 09:42:59;2243.673;1
2017-10-23 09:44:08;1982.58;1
2017-10-23 09:45:17;1982.695;1
2017-10-23 09:46:26;1930.351;1
2017-10-23 09:47:35;1930.239;1
2017-10-23 09:48:44;1982.695;1
2017-10-23 09:49:53;2347.86;1
2017-10-23 09:51:02;1930.771;1
2017-10-23 09:52:11;1878.424;1
2017-10-23 09:53:20;2347.826;1
2017-10-23 09:54:29;1930.491;1
2017-10-23 09:55:38;2347.996;1
2017-10-23 09:56:47;2295.752;1
2017-10-23 09:57:56;1774.119;1
2017-10-23 09:59:05;1774.016;1
2017-10-23 10:00:14;1773.862;1
2017-10-23 10:01:23;1721.814;1
2017-10-23 10:02:32;1773.759;1
2017-10-23 10:03:41;1773.99;1
2017-10-23 10:04:50;1617.368;1
2017-10-23 10:05:59;1669.565;1
2017-10-23 10:07:08;1721.664;1
2017-10-23 10:08:17;1721.739;1
2017-10-23 10:09:26;1773.862;1
2017-10-23 10:10:35;1774.042;1
2017-10-23 10:11:44;1826.034;1
2017-10-23 10:12:53;1878.37;1
2017-10-23 10:14:02;1878.179;1
2017-10-23 10:15:11;1826.034;1
2017-10-23 10:16:20;1826.113;1
2017-10-23 10:17:29;2660.947;1
2017-10-23 10:18:38;1930.435;1
2017-10-23 10:19:47;1826.034;1
2017-10-23 10:20:56;1773.964;1
2017-10-23 10:22:05;2191.273;1
2017-10-23 10:23:14;1773.81;1
2017-10-23 10:24:23;1774.067;1
2017-10-23 10:25:32;1721.614;1
2017-10-23 10:26:41;1721.764;1
2017-10-23 10:27:50;1982.436;1
2017-10-23 10:28:59;1826.113;1
2017-10-23 10:30:08;1565.172;1
2017-10-23 10:31:17;1513.131;1
2017-10-23 10:32:26;1460.87;1
2017-10-23 10:33:35;1460.87;1
2017-10-23 10:34:44;1460.933;1
2017-10-23 10:35:53;1617.344;1
2017-10-23 10:37:02;1565.263;1
2017-10-23 10:38:11;1460.806;1
2017-10-23 10:39:20;1460.743;1
2017-10-23 10:40:29;1460.975;1
2017-10-23 10:41:38;1460.87;1
2017-10-23 10:42:47;1460.743;1
2017-10-23 10:43:56;1930.575;1
2017-10-23 10:45:05;4435.104;1
2017-10-23 10:46:14;17529.419;1
2017-10-23 10:47:23;17634.783;1
2017-10-23 10:48:32;17476.741;1
2017-10-23 10:49:41;17530.943;1
2017-10-23 10:50:50;17529.673;1
2017-10-23 10:51:59;17427.602;1
2017-10-23 10:53:08;18366.815;1
2017-10-23 10:54:17;17427.855;1
2017-10-23 10:55:26;17897.468;1
2017-10-23 10:56:35;17687.469;1
2017-10-23 10:57:44;18051.912;1
2017-10-23 10:58:53;17479.528;1
2017-10-23 11:00:02;17740.159;1
2017-10-23 11:01:11;18315.167;1
2017-10-23 11:02:20;17846.323;1
2017-10-23 11:03:29;17740.673;1
2017-10-23 11:04:38;18626.087;1
2017-10-23 11:05:47;17688.238;1
2017-10-23 11:06:56;17896.949;1
2017-10-23 11:08:05;18003.392;1
2017-10-23 11:09:14;17948.346;1
2017-10-23 11:10:23;17949.907;1
2017-10-23 11:11:32;18417.658;1
2017-10-23 11:12:41;18106.185;1
2017-10-23 11:13:50;17844.254;1
2017-10-23 11:14:59;17740.159;1
2017-10-23 11:16:08;17687.469;1
2017-10-23 11:17:17;17688.238;1
2017-10-23 11:18:26;18263.252;1
2017-10-23 11:19:35;18053.22;1
2017-10-23 11:20:44;18679.885;1
2017-10-23 11:21:53;18626.627;1
2017-10-23 11:23:02;18471.171;1
2017-10-23 11:24:11;18366.282;1
2017-10-23 11:25:20;17843.478;1
2017-10-23 11:26:29;17844.771;1
2017-10-23 11:27:38;17844.513;1
2017-10-23 11:28:47;17896.43;1
2017-10-23 11:29:56;18157.838;1
2017-10-23 11:31:05;18052.697;1
2017-10-23 11:32:14;17896.69;1
2017-10-23 11:33:23;17844.513;1
2017-10-23 11:34:32;17791.82;1
2017-10-23 11:35:41;17846.065;1
2017-10-23 11:36:50;17739.13;1
2017-10-23 11:37:59;17845.289;1
2017-10-23 11:39:08;17791.304;1
2017-10-23 11:40:17;17792.594;1
2017-10-23 11:41:26;18000.783;1
2017-10-23 11:42:35;17791.82;1
2017-10-23 11:43:44;17688.495;1
2017-10-23 11:44:53;17792.852;1
2017-10-23 11:46:02;17791.562;1
2017-10-23 11:47:11;17846.323;1
2017-10-23 11:48:20;17792.852;1
2017-10-23 11:49:29;5165.442;1
2017-10-23 11:50:38;1721.889;1
2017-10-23 11:51:47;1774.067;1
2017-10-23 11:52:56;1669.686;1
2017-10-23 11:54:05;1669.662;1
2017-10-23 11:55:14;1617.532;1
2017-10-23 11:56:23;1565.263;1
2017-10-23 11:57:32;1565.263;1
2017-10-23 11:58:41;1460.912;1
2017-10-23 11:59:50;1513.241;1
2017-10-23 12:00:59;1826.166;1
2017-10-23 12:02:08;1617.462;1
2017-10-23 12:03:17;887.034;1
2017-10-23 12:04:26;834.819;1
2017-10-23 12:05:35;887.021;1
2017-10-23 12:06:44;834.783;1
2017-10-23 12:07:53;782.699;1
2017-10-23 12:09:02;1043.63;1
2017-10-23 12:10:11;782.643;1
2017-10-23 12:11:20;782.597;1
2017-10-23 12:12:29;730.498;1
2017-10-23 12:13:38;782.631;1
2017-10-23 12:14:47;782.677;1
2017-10-23 12:15:56;834.879;1
2017-10-23 12:17:05;886.982;1
2017-10-23 12:18:14;939.198;1
2017-10-23 12:19:23;887.047;1
2017-10-23 12:20:32;887.098;1
2017-10-23 12:21:41;939.103;1
2017-10-23 12:22:50;939.158;1
2017-10-23 12:23:59;938.967;1
2017-10-23 12:25:08;1252.283;1
2017-10-23 12:26:17;1200.139;1
2017-10-23 12:27:26;991.189;1
2017-10-23 12:28:35;991.276;1
2017-10-23 12:29:44;1043.509;1
2017-10-23 12:30:53;1043.463;1
2017-10-23 12:32:02;1043.478;1
2017-10-23 12:33:11;1043.372;1
2017-10-23 12:34:20;1043.584;1
2017-10-23 12:35:29;991.218;1
2017-10-23 12:36:38;939.212;1
2017-10-23 12:37:47;887.047;1
2017-10-23 12:38:56;730.467;1
2017-10-23 12:40:05;730.519;1
2017-10-23 12:41:14;678.31;1
2017-10-23 12:42:23;626.105;1
2017-10-23 12:43:32;626.114;1
2017-10-23 12:44:41;521.716;1
2017-10-23 12:45:50;521.762;1
2017-10-23 12:46:59;573.888;1
2017-10-23 12:48:08;521.792;1
2017-10-23 12:49:17;626.078;1
2017-10-23 12:50:26;626.051;1
2017-10-23 12:51:35;573.871;1
2017-10-23 12:52:44;573.921;1
2017-10-23 12:53:53;521.732;1
2017-10-23 12:55:02;521.716;1
2017-10-23 12:56:11;521.747;1
2017-10-23 12:57:20;469.592;1
2017-10-23 12:58:29;469.552;1
2017-10-23 12:59:38;521.709;1
2017-10-23 13:00:47;521.754;1
2017-10-23 13:01:56;469.586;1
2017-10-23 13:03:05;521.716;1
2017-10-23 13:04:14;521.709;1
2017-10-23 13:05:23;573.913;1
2017-10-23 13:06:32;626.114;1
2017-10-23 13:07:41;626.132;1
2017-10-23 13:08:50;678.192;1
2017-10-23 13:09:59;730.445;1
2017-10-23 13:11:08;626.087;1
2017-10-23 13:12:17;678.29;1
2017-10-23 13:13:26;678.212;1
2017-10-23 13:14:35;678.31;1
2017-10-23 13:15:44;678.251;1
2017-10-23 13:16:53;730.467;1
2017-10-23 13:18:02;730.371;1
2017-10-23 13:19:11;782.631;1
2017-10-23 13:20:20;782.563;1
2017-10-23 13:21:29;782.62;1
2017-10-23 13:22:38;834.746;1
2017-10-23 13:23:47;834.807;1
2017-10-23 13:24:56;834.855;1
2017-10-23 13:26:05;782.541;1
2017-10-23 13:27:14;782.62;1
2017-10-23 13:28:23;782.586;1
2017-10-23 13:29:32;730.498;1
2017-10-23 13:30:41;730.414;1
2017-10-23 13:31:50;626.105;1
2017-10-23 13:32:59;678.349;1
2017-10-23 13:34:08;573.963;1
2017-10-23 13:35:17;626.178;1
2017-10-23 13:36:26;782.62;1
2017-10-23 13:37:35;782.677;1
2017-10-23 13:38:44;782.654;1
2017-10-23 13:39:53;834.819;1
2017-10-23 13:41:02;730.519;1
2017-10-23 13:42:11;730.488;1
2017-10-23 13:43:20;1252.247;1
2017-10-23 13:44:29;1252.265;1
2017-10-23 13:45:38;678.3;1
2017-10-23 13:46:47;730.498;1
2017-10-23 13:47:56;626.16;1
2017-10-23 13:49:05;678.281;1
2017-10-23 13:50:14;678.3;1
2017-10-23 13:51:23;730.477;1
2017-10-23 13:52:32;782.711;1
2017-10-23 13:53:41;730.467;1
2017-10-23 13:54:50;782.643;1
2017-10-23 13:55:59;834.843;1
2017-10-23 13:57:08;887.008;1
2017-10-23 13:58:17;887.034;1
2017-10-23 13:59:26;834.892;1
2017-10-23 14:00:35;834.855;1
2017-10-23 14:01:44;886.982;1
2017-10-23 14:02:53;886.995;1
2017-10-23 14:04:02;887.008;1
2017-10-23 14:05:11;887.008;1
2017-10-23 14:06:20;886.995;1
2017-10-23 14:07:29;887.008;1
2017-10-23 14:08:38;887.047;1
2017-10-23 14:09:47;887.021;1
2017-10-23 14:10:56;939.198;1
2017-10-23 14:12:05;834.855;1
2017-10-23 14:13:14;834.867;1
2017-10-23 14:14:23;834.795;1
2017-10-23 14:15:32;886.995;1
2017-10-23 14:16:41;991.419;1
2017-10-23 14:17:50;991.434;1
2017-10-23 14:18:59;991.448;1
2017-10-23 14:20:08;991.347;1
2017-10-23 14:21:17;991.391;1
2017-10-23 14:22:26;991.362;1
2017-10-23 14:23:35;1043.599;1
2017-10-23 14:24:44;991.448;1
2017-10-23 14:25:53;1043.614;1
2017-10-23 14:27:02;991.29;1
2017-10-23 14:28:11;991.391;1
2017-10-23 14:29:20;1043.554;1
2017-10-23 14:30:29;991.304;1
2017-10-23 14:31:38;1043.554;1
2017-10-23 14:32:47;991.448;1
2017-10-23 14:33:56;1095.732;1
2017-10-23 14:35:05;1095.684;1
2017-10-23 14:36:14;1200.174;1
2017-10-23 14:37:23;1721.864;1
2017-10-23 14:38:32;1408.798;1
2017-10-23 14:39:41;1095.732;1
2017-10-23 14:40:50;1095.7;1
2017-10-23 14:41:59;1095.7;1
2017-10-23 14:43:08;1147.859;1
2017-10-23 14:44:17;1043.539;1
2017-10-23 14:45:26;1043.524;1
2017-10-23 14:46:35;991.391;1
2017-10-23 14:47:44;939.171;1
2017-10-23 14:48:53;939.239;1
2017-10-23 14:50:02;991.347;1
2017-10-23 14:51:11;991.333;1
2017-10-23 14:52:20;1043.554;1
2017-10-23 14:53:29;1095.716;1
2017-10-23 14:54:38;1095.795;1
2017-10-23 14:55:47;1043.584;1
2017-10-23 14:56:56;3548.083;1
2017-10-23 14:58:05;2661.062;1
2017-10-23 14:59:14;1043.645;1
2017-10-23 15:00:23;1147.959;1
2017-10-23 15:01:32;1147.893;1
2017-10-23 15:02:41;1147.959;1
2017-10-23 15:03:50;1252.283;1
2017-10-23 15:04:59;1252.21;1
2017-10-23 15:06:08;1513.109;1
2017-10-23 15:07:17;1147.976;1
2017-10-23 15:08:26;1043.569;1
2017-10-23 15:09:35;521.769;1
2017-10-23 15:10:44;573.996;1
2017-10-23 15:11:53;521.762;1
2017-10-23 15:13:02;626.078;1
2017-10-23 15:14:11;626.132;1
2017-10-23 15:15:20;626.132;1
2017-10-23 15:16:29;573.955;1
2017-10-23 15:17:38;626.123;1
2017-10-23 15:18:47;573.955;1
2017-10-23 15:19:56;573.905;1
2017-10-23 15:21:05;573.938;1
2017-10-23 15:22:14;573.88;1
2017-10-23 15:23:23;573.946;1
2017-10-23 15:24:32;521.739;1
2017-10-23 15:25:41;521.694;1
2017-10-23 15:26:50;521.739;1
2017-10-23 15:27:59;417.373;1
2017-10-23 15:29:08;469.599;1
2017-10-23 15:30:17;521.716;1
2017-10-23 15:31:26;573.896;1
2017-10-23 15:32:35;626.069;1
2017-10-23 15:33:44;626.096;1
2017-10-23 15:34:53;626.141;1
2017-10-23 15:36:02;626.06;1
2017-10-23 15:37:11;626.114;1
2017-10-23 15:38:20;626.078;1
2017-10-23 15:39:29;678.231;1
2017-10-23 15:40:38;678.29;1
2017-10-23 15:41:47;678.231;1
2017-10-23 15:42:56;626.06;1
2017-10-23 15:44:05;678.261;1
2017-10-23 15:45:14;678.31;1
2017-10-23 15:46:23;626.051;1
2017-10-23 15:47:32;678.241;1
2017-10-23 15:48:41;678.271;1
2017-10-23 15:49:50;626.15;1
2017-10-23 15:50:59;678.212;1
2017-10-23 15:52:08;626.06;1
2017-10-23 15:53:17;626.141;1
2017-10-23 15:54:26;626.096;1
2017-10-23 15:55:35;626.033;1
2017-10-23 15:56:44;573.896;1
2017-10-23 15:57:53;3078.529;1
2017-10-23 15:59:02;626.069;1
2017-10-23 16:00:11;626.06;1
2017-10-23 16:01:20;573.888;1
2017-10-23 16:02:29;1669.565;1
2017-10-23 16:03:38;2608.809;1
2017-10-23 16:04:47;2608.544;1
2017-10-23 16:05:56;2608.771;1
2017-10-23 16:07:05;2660.87;1
2017-10-23 16:08:14;2608.733;1
2017-10-23 16:09:23;2660.792;1
2017-10-23 16:10:32;2608.582;1
2017-10-23 16:11:41;2608.998;1
2017-10-23 16:12:50;2556.485;1
2017-10-23 16:13:59;2504.348;1
2017-10-23 16:15:08;2504.13;1
2017-10-23 16:16:17;2452.281;1
2017-10-23 16:17:26;2452.103;1
2017-10-23 16:18:35;2452.352;1
2017-10-23 16:19:44;2399.861;1
2017-10-23 16:20:53;2347.724;1
2017-10-23 16:22:02;2295.752;1
2017-10-23 16:23:11;2243.478;1
2017-10-23 16:24:20;2243.283;1
2017-10-23 16:25:29;2243.511;1
2017-10-23 16:26:38;2347.758;1
2017-10-23 16:27:47;2400.07;1
2017-10-23 16:28:56;2400.104;1
2017-10-23 16:30:05;2399.826;1
2017-10-23 16:31:14;2400.174;1
2017-10-23 16:32:23;2347.588;1
2017-10-23 16:33:32;2295.852;1
2017-10-23 16:34:41;2295.685;1
2017-10-23 16:35:50;2295.685;1
2017-10-23 16:36:59;2712.965;1
2017-10-23 16:38:08;2765.217;1
2017-10-23 16:39:17;1617.227;1
2017-10-23 16:40:26;1513.131;1
2017-10-23 16:41:35;2347.86;1
2017-10-23 16:42:44;469.565;1
2017-10-23 16:43:53;2347.554;1
2017-10-23 16:45:02;782.688;1
2017-10-23 16:46:11;521.709;1
2017-10-23 16:47:20;521.754;1
2017-10-23 16:48:29;574.013;1
2017-10-23 16:49:38;678.34;1
2017-10-23 16:50:47;1147.943;1
2017-10-23 16:51:56;1252.21;1
2017-10-23 16:53:05;1147.76;1
2017-10-23 16:54:14;626.078;1
2017-10-23 16:55:23;469.579;1
2017-10-23 16:56:32;469.558;1
2017-10-23 16:57:41;417.379;1
2017-10-23 16:58:50;365.207;1
2017-10-23 16:59:59;469.586;1
2017-10-23 17:01:08;521.754;1
2017-10-23 17:02:17;573.93;1
2017-10-23 17:03:26;573.863;1
2017-10-23 17:04:35;417.428;1
2017-10-23 17:05:44;417.367;1
2017-10-23 17:06:53;417.373;1
2017-10-23 17:08:02;417.416;1
2017-10-23 17:09:11;469.552;1
2017-10-23 17:10:20;521.739;1
2017-10-23 17:11:29;573.921;1
2017-10-23 17:12:38;678.231;1
2017-10-23 17:13:47;678.31;1
2017-10-23 17:14:56;573.88;1
2017-10-23 17:16:05;469.586;1
2017-10-23 17:17:14;417.373;1
2017-10-23 17:18:23;469.545;1
2017-10-23 17:19:32;521.754;1
2017-10-23 17:20:41;573.896;1
2017-10-23 17:21:50;678.241;1
2017-10-23 17:22:59;678.33;1
2017-10-23 17:24:08;678.212;1
2017-10-23 17:25:17;678.31;1
2017-10-23 17:26:26;730.445;1
2017-10-23 17:27:35;678.212;1
2017-10-23 17:28:44;730.382;1
2017-10-23 17:29:53;678.3;1
2017-10-23 17:31:02;730.519;1
2017-10-23 17:32:11;678.241;1
2017-10-23 17:33:20;678.182;1
2017-10-23 17:34:29;730.467;1
2017-10-23 17:35:38;730.371;1
2017-10-23 17:36:47;730.467;1
2017-10-23 17:37:56;782.631;1
2017-10-23 17:39:05;730.371;1
2017-10-23 17:40:14;782.631;1
2017-10-23 17:41:23;782.665;1
2017-10-23 17:42:32;730.445;1
2017-10-23 17:43:41;782.575;1
2017-10-23 17:44:50;886.918;1
2017-10-23 17:45:59;939.267;1
2017-10-23 17:47:08;782.507;1
2017-10-23 17:48:17;782.62;1
2017-10-23 17:49:26;782.62;1
2017-10-23 17:50:35;834.843;1
2017-10-23 17:51:44;782.541;1
2017-10-23 17:52:53;834.783;1
2017-10-23 17:54:02;834.734;1
2017-10-23 17:55:11;887.085;1
2017-10-23 17:56:20;834.722;1
2017-10-23 17:57:29;782.654;1
2017-10-23 17:58:38;834.771;1
2017-10-23 17:59:47;834.795;1
2017-10-23 18:00:56;834.722;1
2017-10-23 18:02:05;834.843;1
2017-10-23 18:03:14;939.008;1
2017-10-23 18:04:23;1147.859;1
2017-10-23 18:05:32;1304.329;1
2017-10-23 18:06:41;1669.71;1
2017-10-23 18:07:50;1617.204;1
2017-10-23 18:08:59;1565.263;1
2017-10-23 18:10:08;1773.964;1
2017-10-23 18:11:17;2556.67;1
2017-10-23 18:12:26;4538.933;1
2017-10-23 18:13:35;1669.468;1
2017-10-23 18:14:44;1721.789;1
2017-10-23 18:15:53;2347.69;1
2017-10-23 18:17:02;2087.108;1
2017-10-23 18:18:11;2869.44;1
2017-10-23 18:19:20;3391.157;1
2017-10-23 18:20:29;3808.861;1
2017-10-23 18:21:38;4173.974;1
2017-10-23 18:22:47;3860.702;1
2017-10-23 18:23:56;3756.794;1
2017-10-23 18:25:05;4382.545;1
2017-10-23 18:26:14;4434.783;1
2017-10-23 18:27:23;3443.378;1
2017-10-23 18:28:32;3548.032;1
2017-10-23 18:29:41;3391.108;1
2017-10-23 18:30:50;3390.96;1
2017-10-23 18:31:59;3443.578;1
2017-10-23 18:33:08;3495.703;1
2017-10-23 18:34:17;3547.672;1
2017-10-23 18:35:26;2921.993;1
2017-10-23 18:36:35;2974.085;1
2017-10-23 18:37:44;4225.536;1
2017-10-23 18:38:53;4121.679;1
2017-10-23 18:40:02;4278.757;1
2017-10-23 18:41:11;2504.203;1
2017-10-23 18:42:20;2347.86;1
2017-10-23 18:43:29;2504.493;1
2017-10-23 18:44:38;2452.138;1
2017-10-23 18:45:47;2243.511;1
2017-10-23 18:46:56;2399.757;1
2017-10-23 18:48:05;2400.174;1
2017-10-23 18:49:14;2295.552;1
2017-10-23 18:50:23;2399.93;1
2017-10-23 18:51:32;2452.387;1
2017-10-23 18:52:41;2556.151;1
2017-10-23 18:53:50;2504.602;1
2017-10-23 18:54:59;2243.283;1
2017-10-23 18:56:08;2452.281;1
2017-10-23 18:57:17;2347.826;1
2017-10-23 18:58:26;2556.336;1
2017-10-23 18:59:35;2452.316;1
2017-10-23 19:00:44;1773.99;1
2017-10-23 19:01:53;1982.436;1
2017-10-23 19:03:02;2034.753;1
2017-10-23 19:04:11;2556.744;1
2017-10-23 19:05:20;2243.283;1
2017-10-23 19:06:29;3182.747;1
2017-10-23 19:07:38;3078.261;1
2017-10-23 19:08:47;3026.219;1
2017-10-23 19:09:56;3286.861;1
2017-10-23 19:11:05;2765.257;1
2017-10-23 19:12:14;2556.336;1
2017-10-23 19:13:23;1982.724;1
2017-10-23 19:14:32;1930.295;1
2017-10-23 19:15:41;1982.551;1
2017-10-23 19:16:50;2034.812;1
2017-10-23 19:17:59;1930.519;1
2017-10-23 19:19:08;1982.494;1
2017-10-23 19:20:17;1930.519;1
2017-10-23 19:21:26;1930.379;1
2017-10-23 19:22:35;2034.901;1
2017-10-23 19:23:44;2034.665;1
2017-10-23 19:24:53;1930.351;1
2017-10-23 19:26:02;1930.547;1
2017-10-23 19:27:11;1878.261;1
2017-10-23 19:28:20;1930.491;1
2017-10-23 19:29:29;1878.206;1
2017-10-23 19:30:38;1878.451;1
2017-10-23 19:31:47;1878.152;1
2017-10-23 19:32:56;1878.206;1
2017-10-23 19:34:05;1878.179;1
2017-10-23 19:35:14;1773.887;1
2017-10-23 19:36:23;1147.809;1
2017-10-23 19:37:32;1147.859;1
2017-10-23 19:38:41;1669.517;1
2017-10-23 19:39:50;1878.152;1
2017-10-23 19:40:59;1930.547;1
2017-10-23 19:42:08;1930.603;1
2017-10-23 19:43:17;4330.372;1
2017-10-23 19:44:26;1304.272;1
2017-10-23 19:45:35;1200.209;1
2017-10-23 19:46:44;1147.909;1
2017-10-23 19:47:53;1095.732;1
2017-10-23 19:49:02;1095.763;1
2017-10-23 19:50:11;1043.599;1
2017-10-23 19:51:20;1095.779;1
2017-10-23 19:52:29;1043.524;1
2017-10-23 19:53:38;1095.652;1
2017-10-23 19:54:47;1043.614;1
2017-10-23 19:55:56;1095.636;1
2017-10-23 19:57:05;1043.675;1
2017-10-23 19:58:14;1095.795;1
2017-10-23 19:59:23;1200.087;1
2017-10-23 20:00:32;2556.781;1
2017-10-23 20:01:41;2817.595;1
2017-10-23 20:02:49;3235.158;1
2017-10-23 20:03:58;2765.498;1
2017-10-23 20:05:07;2713.161;1
2017-10-23 20:06:16;2765.298;1
2017-10-23 20:07:25;2713.279;1
2017-10-23 20:08:34;2713.201;1
2017-10-23 20:09:43;2608.923;1
2017-10-23 20:10:52;834.855;1
2017-10-23 20:12:01;834.795;1
2017-10-23 20:13:10;782.665;1
2017-10-23 20:14:19;834.831;1
2017-10-23 20:15:28;939.076;1
2017-10-23 20:16:37;834.843;1
2017-10-23 20:17:46;782.62;1
2017-10-23 20:18:55;834.855;1
2017-10-23 20:20:04;834.855;1
2017-10-23 20:21:13;834.831;1
2017-10-23 20:22:22;834.843;1
2017-10-23 20:23:31;782.597;1
2017-10-23 20:24:40;782.643;1
2017-10-23 20:25:49;887.085;1
2017-10-23 20:26:58;782.631;1
2017-10-23 20:28:07;834.783;1
2017-10-23 20:29:16;887.034;1
2017-10-23 20:30:25;782.711;1
2017-10-23 20:31:34;782.643;1
2017-10-23 20:32:43;782.586;1
2017-10-23 20:33:52;834.855;1
2017-10-23 20:35:01;834.867;1
2017-10-23 20:36:10;1043.493;1
2017-10-23 20:37:19;939.212;1
2017-10-23 20:38:28;782.62;1
2017-10-23 20:39:37;730.488;1
2017-10-23 20:40:46;782.688;1
2017-10-23 20:41:55;730.456;1
2017-10-23 20:43:04;782.665;1
2017-10-23 20:44:13;730.467;1
2017-10-23 20:45:22;782.643;1
2017-10-23 20:46:31;730.509;1
2017-10-23 20:47:40;782.609;1
2017-10-23 20:48:49;730.435;1
2017-10-23 20:49:58;730.456;1
2017-10-23 20:51:07;782.654;1
2017-10-23 20:52:16;730.435;1
2017-10-23 20:53:25;730.519;1
2017-10-23 20:54:34;730.456;1
2017-10-23 20:55:43;730.477;1
2017-10-23 20:56:52;730.509;1
2017-10-23 20:58:01;730.488;1
2017-10-23 20:59:10;730.488;1
2017-10-23 21:00:19;782.699;1
2017-10-23 21:01:28;730.488;1
2017-10-23 21:02:37;834.904;1
2017-10-23 21:03:46;939.171;1
2017-10-23 21:04:55;887.008;1
2017-10-23 21:06:04;939.185;1
2017-10-23 21:07:13;939.198;1
2017-10-23 21:08:22;939.171;1
2017-10-23 21:09:31;939.185;1
2017-10-23 21:10:40;887.008;1
2017-10-23 21:11:49;939.13;1
2017-10-23 21:12:58;887.034;1
2017-10-23 21:14:07;939.185;1
2017-10-23 21:15:16;887.047;1
2017-10-23 21:16:25;939.198;1
2017-10-23 21:17:34;991.333;1
2017-10-23 21:18:43;1043.433;1
2017-10-23 21:19:52;1043.569;1
2017-10-23 21:21:01;1043.433;1
2017-10-23 21:22:10;939.09;1
2017-10-23 21:23:19;1095.684;1
2017-10-23 21:24:28;2034.871;1
2017-10-23 21:25:37;1982.522;1
2017-10-23 21:26:46;2034.606;1
2017-10-23 21:27:55;1982.637;1
2017-10-23 21:29:04;1982.666;1
2017-10-23 21:30:13;2034.842;1
2017-10-23 21:31:22;1982.695;1
2017-10-23 21:32:31;1982.35;1
2017-10-23 21:33:40;1043.509;1
2017-10-23 21:34:49;886.957;1
2017-10-23 21:35:58;887.085;1
2017-10-23 21:37:07;886.854;1
2017-10-23 21:38:16;887.008;1
2017-10-23 21:39:25;834.674;1
2017-10-23 21:40:34;886.982;1
2017-10-23 21:41:43;886.957;1
2017-10-23 21:42:52;886.969;1
2017-10-23 21:44:01;886.918;1
2017-10-23 21:45:10;834.734;1
2017-10-23 21:46:19;886.957;1
2017-10-23 21:47:28;887.047;1
2017-10-23 21:48:37;886.867;1
2017-10-23 21:49:46;887.021;1
2017-10-23 21:50:55;886.969;1
2017-10-23 21:52:04;834.686;1
2017-10-23 21:53:13;887.008;1
2017-10-23 21:54:22;834.892;1
2017-10-23 21:55:31;834.746;1
2017-10-23 21:56:40;834.722;1
2017-10-23 21:57:49;834.746;1
2017-10-23 21:58:58;834.831;1
2017-10-23 22:00:07;834.819;1
2017-10-23 22:01:16;834.686;1
2017-10-23 22:02:25;834.807;1
2017-10-23 22:03:34;834.783;1
2017-10-23 22:04:43;887.008;1
2017-10-23 22:05:52;156.515;1
2017-10-23 22:07:01;0;1
2017-10-23 22:08:10;0;1
2017-10-23 22:09:19;0;1
2017-10-23 22:10:28;0;1
2017-10-23 22:11:37;0;1
2017-10-23 22:12:46;0;1
2017-10-23 22:13:55;0;1
2017-10-23 22:15:04;0;1
2017-10-23 22:16:13;0;1
2017-10-23 22:17:22;0;1
2017-10-23 22:18:31;0;1
2017-10-23 22:19:40;0;1
2017-10-23 22:20:49;0;1
2017-10-23 22:21:58;0;1
2017-10-23 22:23:07;0;1
2017-10-23 22:24:16;0;1
2017-10-23 22:25:25;0;1
2017-10-23 22:26:34;0;1
2017-10-23 22:27:43;0;1
2017-10-23 22:28:52;0;1
2017-10-23 22:30:01;0;1
2017-10-23 22:31:10;0;1
2017-10-23 22:32:19;0;1
2017-10-23 22:33:28;0;1
2017-10-23 22:34:37;0;1
2017-10-23 22:35:46;0;1
2017-10-23 22:36:55;0;1
2017-10-23 22:38:04;0;1
2017-10-23 22:39:13;0;1
2017-10-23 22:40:22;0;1
2017-10-23 22:41:31;0;1
2017-10-23 22:42:40;0;1
2017-10-23 22:43:49;0;1
2017-10-23 22:44:58;0;1
2017-10-23 22:46:07;0;1
2017-10-23 22:47:16;0;1
2017-10-23 22:48:25;0;1
2017-10-23 22:49:34;0;1
2017-10-23 22:50:43;0;1
2017-10-23 22:51:52;0;1
2017-10-23 22:53:01;0;1
2017-10-23 22:54:10;0;1
2017-10-23 22:55:19;0;1
2017-10-23 22:56:28;0;1
2017-10-23 22:57:37;0;1
2017-10-23 22:58:46;0;1
2017-10-23 22:59:55;0;1
2017-10-23 23:01:04;0;1
2017-10-23 23:02:13;0;1
2017-10-23 23:03:22;0;1
2017-10-23 23:04:31;0;1
2017-10-23 23:05:40;0;1
2017-10-23 23:06:49;0;1
2017-10-23 23:07:58;0;1
2017-10-23 23:09:07;0;1
2017-10-23 23:10:16;0;1
2017-10-23 23:11:25;0;1
2017-10-23 23:12:34;0;1
2017-10-23 23:13:43;0;1
2017-10-23 23:14:52;0;1
2017-10-23 23:16:01;0;1
2017-10-23 23:17:10;0;1
2017-10-23 23:18:19;0;1
2017-10-23 23:19:28;0;1
2017-10-23 23:20:37;0;1
2017-10-23 23:21:46;0;1
2017-10-23 23:22:55;0;1
2017-10-23 23:24:04;0;1
2017-10-23 23:25:13;0;1
2017-10-23 23:26:22;0;1
2017-10-23 23:27:31;0;1
2017-10-23 23:28:40;0;1
2017-10-23 23:29:49;0;1
2017-10-23 23:30:58;0;1
2017-10-23 23:32:07;0;1
2017-10-23 23:33:16;0;1
2017-10-23 23:34:25;0;1
2017-10-23 23:35:34;0;1
2017-10-23 23:36:43;0;1
2017-10-23 23:37:52;0;1
2017-10-23 23:39:01;0;1
2017-10-23 23:40:10;0;1
2017-10-23 23:41:19;0;1
2017-10-23 23:42:28;0;1
2017-10-23 23:43:37;0;1
2017-10-23 23:44:46;0;1
2017-10-23 23:45:55;0;1
2017-10-23 23:47:04;0;1
2017-10-23 23:48:13;0;1
2017-10-23 23:49:22;0;1
2017-10-23 23:50:31;0;1
2017-10-23 23:51:40;0;1
2017-10-23 23:52:49;0;1
2017-10-23 23:53:58;0;1
2017-10-23 23:55:07;0;1
2017-10-23 23:56:16;0;1
2017-10-23 23:57:25;0;1
2017-10-23 23:58:34;0;1
2017-10-23 23:59:43;0;1
2017-10-24 00:00:52;0;1
2017-10-24 00:02:01;0;1
2017-10-24 00:03:10;0;1
2017-10-24 00:04:19;0;1
2017-10-24 00:05:28;0;1
2017-10-24 00:06:37;0;1
2017-10-24 00:07:46;0;1
2017-10-24 00:08:55;0;1
2017-10-24 00:10:04;0;1
2017-10-24 00:11:13;0;1
2017-10-24 00:12:22;0;1
2017-10-24 00:13:31;0;1
2017-10-24 00:14:40;0;1
2017-10-24 00:15:49;0;1
2017-10-24 00:16:58;0;1
2017-10-24 00:18:07;0;1
2017-10-24 00:19:16;0;1
2017-10-24 00:20:25;0;1
2017-10-24 00:21:34;0;1
2017-10-24 00:22:43;0;1
2017-10-24 00:23:52;0;1
2017-10-24 00:25:01;0;1
2017-10-24 00:26:10;0;1
2017-10-24 00:27:19;0;1
2017-10-24 00:28:28;0;1
2017-10-24 00:29:37;0;1
2017-10-24 00:30:46;0;1
2017-10-24 00:31:55;0;1
2017-10-24 00:33:04;0;1
2017-10-24 00:34:13;0;1
2017-10-24 00:35:22;0;1
2017-10-24 00:36:31;0;1
2017-10-24 00:37:40;0;1
2017-10-24 00:38:49;0;1
2017-10-24 00:39:58;0;1
2017-10-24 00:41:07;0;1
2017-10-24 00:42:16;0;1
2017-10-24 00:43:25;0;1
2017-10-24 00:44:34;0;1
2017-10-24 00:45:43;0;1
2017-10-24 00:46:52;0;1
2017-10-24 00:48:01;0;1
2017-10-24 00:49:10;0;1
2017-10-24 00:50:19;0;1
2017-10-24 00:51:28;0;1
2017-10-24 00:52:37;0;1
2017-10-24 00:53:46;0;1
2017-10-24 00:54:55;0;1
2017-10-24 00:56:04;0;1
2017-10-24 00:57:13;0;1
2017-10-24 00:58:22;0;1
2017-10-24 00:59:31;0;1
2017-10-24 01:00:40;0;1
2017-10-24 01:01:49;0;1
2017-10-24 01:02:58;0;1
2017-10-24 01:04:07;0;1
2017-10-24 01:05:16;0;1
2017-10-24 01:06:25;0;1
2017-10-24 01:07:34;0;1
2017-10-24 01:08:43;0;1
2017-10-24 01:09:52;0;1
2017-10-24 01:11:01;0;1
2017-10-24 01:12:10;0;1
2017-10-24 01:13:19;0;1
2017-10-24 01:14:28;0;1
2017-10-24 01:15:37;0;1
2017-10-24 01:16:46;0;1
2017-10-24 01:17:55;0;1
2017-10-24 01:19:04;0;1
2017-10-24 01:20:13;0;1
2017-10-24 01:21:22;0;1
2017-10-24 01:22:31;0;1
2017-10-24 01:23:40;0;1
2017-10-24 01:24:49;0;1
2017-10-24 01:25:58;0;1
2017-10-24 01:27:07;0;1
2017-10-24 01:28:16;0;1
2017-10-24 01:29:25;0;1
2017-10-24 01:30:34;0;1
2017-10-24 01:31:43;0;1
2017-10-24 01:32:52;0;1
2017-10-24 01:34:01;0;1
2017-10-24 01:35:10;0;1
2017-10-24 01:36:19;0;1
2017-10-24 01:37:28;0;1
2017-10-24 01:38:37;0;1
2017-10-24 01:39:46;0;1
2017-10-24 01:40:55;0;1
2017-10-24 01:42:04;0;1
2017-10-24 01:43:13;0;1
2017-10-24 01:44:22;0;1
2017-10-24 01:45:31;0;1
2017-10-24 01:46:40;0;1
2017-10-24 01:47:49;0;1
2017-10-24 01:48:58;0;1
2017-10-24 01:50:07;0;1
2017-10-24 01:51:16;0;1
2017-10-24 01:52:25;0;1
2017-10-24 01:53:34;0;1
2017-10-24 01:54:43;0;1
2017-10-24 01:55:52;0;1
2017-10-24 01:57:01;0;1
2017-10-24 01:58:10;0;1
2017-10-24 01:59:19;0;1
2017-10-24 02:00:28;0;1
2017-10-24 02:01:37;0;1
2017-10-24 02:02:46;0;1
2017-10-24 02:03:55;0;1
2017-10-24 02:05:04;0;1
2017-10-24 02:06:13;0;1
2017-10-24 02:07:22;0;1
2017-10-24 02:08:31;0;1
2017-10-24 02:09:40;0;1
2017-10-24 02:10:49;0;1
2017-10-24 02:11:58;0;1
2017-10-24 02:13:07;0;1
2017-10-24 02:14:16;0;1
2017-10-24 02:15:25;0;1
2017-10-24 02:16:34;0;1
2017-10-24 02:17:43;0;1
2017-10-24 02:18:52;0;1
2017-10-24 02:20:01;0;1
2017-10-24 02:21:10;0;1
2017-10-24 02:22:19;0;1
2017-10-24 02:23:28;0;1
2017-10-24 02:24:37;0;1
2017-10-24 02:25:46;0;1
2017-10-24 02:26:55;0;1
2017-10-24 02:28:04;0;1
2017-10-24 02:29:13;0;1
2017-10-24 02:30:22;0;1
2017-10-24 02:31:31;0;1
2017-10-24 02:32:40;0;1
2017-10-24 02:33:49;0;1
2017-10-24 02:34:58;0;1
2017-10-24 02:36:07;0;1
2017-10-24 02:37:16;0;1
2017-10-24 02:38:25;0;1
2017-10-24 02:39:34;0;1
2017-10-24 02:40:43;0;1
2017-10-24 02:41:52;0;1
2017-10-24 02:43:01;0;1
2017-10-24 02:44:10;0;1
2017-10-24 02:45:19;0;1
2017-10-24 02:46:28;0;1
2017-10-24 02:47:37;0;1
2017-10-24 02:48:46;0;1
2017-10-24 02:49:55;0;1
2017-10-24 02:51:04;0;1
2017-10-24 02:52:13;0;1
2017-10-24 02:53:22;0;1
2017-10-24 02:54:31;0;1
2017-10-24 02:55:40;0;1
2017-10-24 02:56:49;0;1
2017-10-24 02:57:58;0;1
2017-10-24 02:59:07;0;1
2017-10-24 03:00:16;0;1
2017-10-24 03:01:25;0;1
2017-10-24 03:02:34;0;1
2017-10-24 03:03:43;0;1
2017-10-24 03:04:52;0;1
2017-10-24 03:06:01;0;1
2017-10-24 03:07:10;0;1
2017-10-24 03:08:19;0;1
2017-10-24 03:09:28;0;1
2017-10-24 03:10:37;0;1
2017-10-24 03:11:46;0;1
2017-10-24 03:12:55;0;1
2017-10-24 03:14:04;0;1
2017-10-24 03:15:13;0;1
2017-10-24 03:16:22;0;1
2017-10-24 03:17:31;0;1
2017-10-24 03:18:40;0;1
2017-10-24 03:19:49;0;1
2017-10-24 03:20:58;0;1
2017-10-24 03:22:07;0;1
2017-10-24 03:23:16;0;1
2017-10-24 03:24:25;0;1
2017-10-24 03:25:34;0;1
2017-10-24 03:26:43;0;1
2017-10-24 03:27:52;0;1
2017-10-24 03:29:01;0;1
2017-10-24 03:30:10;0;1
2017-10-24 03:31:19;0;1
2017-10-24 03:32:28;0;1
2017-10-24 03:33:37;0;1
2017-10-24 03:34:46;0;1
2017-10-24 03:35:55;0;1
2017-10-24 03:37:04;0;1
2017-10-24 03:38:13;0;1
2017-10-24 03:39:22;0;1
2017-10-24 03:40:31;0;1
2017-10-24 03:41:40;0;1
2017-10-24 03:42:49;0;1
2017-10-24 03:43:58;0;1
2017-10-24 03:45:07;0;1
2017-10-24 03:46:16;0;1
2017-10-24 03:47:25;0;1
2017-10-24 03:48:34;0;1
2017-10-24 03:49:43;0;1
2017-10-24 03:50:52;0;1
2017-10-24 03:52:01;0;1
2017-10-24 03:53:10;0;1
2017-10-24 03:54:19;0;1
2017-10-24 03:55:28;0;1
2017-10-24 03:56:37;0;1
2017-10-24 03:57:46;0;1
2017-10-24 03:58:55;0;1
2017-10-24 04:00:04;0;1
2017-10-24 04:01:13;0;1
2017-10-24 04:02:22;0;1
2017-10-24 04:03:31;0;1
2017-10-24 04:04:40;0;1
2017-10-24 04:07:11;0;1
2017-10-24 04:08:26;0;1
2017-10-24 04:09:35;0;1
2017-10-24 04:10:44;0;1
2017-10-24 04:11:53;0;1
2017-10-24 04:13:02;0;1
2017-10-24 04:14:11;0;1
2017-10-24 04:15:20;0;1
2017-10-24 04:16:29;0;1
2017-10-24 04:17:38;0;1
2017-10-24 04:18:47;0;1
2017-10-24 04:19:56;0;1
2017-10-24 04:21:05;0;1
2017-10-24 04:22:14;0;1
2017-10-24 04:23:23;0;1
2017-10-24 04:24:32;0;1
2017-10-24 04:25:41;0;1
2017-10-24 04:26:50;0;1
2017-10-24 04:27:59;0;1
2017-10-24 04:29:08;0;1
2017-10-24 04:30:17;0;1
2017-10-24 04:31:26;0;1
2017-10-24 04:32:35;0;1
2017-10-24 04:33:44;0;1
2017-10-24 04:34:53;0;1
2017-10-24 04:36:02;0;1
2017-10-24 04:37:11;0;1
2017-10-24 04:38:20;0;1
2017-10-24 04:39:29;0;1
2017-10-24 04:40:38;0;1
2017-10-24 04:41:47;0;1
2017-10-24 04:42:56;0;1
2017-10-24 04:44:05;0;1
2017-10-24 04:45:14;0;1
2017-10-24 04:46:23;0;1
2017-10-24 04:47:32;0;1
2017-10-24 04:48:41;0;1
2017-10-24 04:49:50;0;1
2017-10-24 04:50:59;0;1
2017-10-24 04:52:08;0;1
2017-10-24 04:53:17;0;1
2017-10-24 04:54:26;0;1
2017-10-24 04:55:35;0;1
2017-10-24 04:56:44;0;1
2017-10-24 04:57:53;0;1
2017-10-24 04:59:02;0;1
2017-10-24 05:00:11;0;1
2017-10-24 05:01:20;0;1
2017-10-24 05:02:29;0;1
2017-10-24 05:03:38;0;1
2017-10-24 05:04:47;0;1
2017-10-24 05:05:56;0;1
2017-10-24 05:07:05;0;1
2017-10-24 05:08:14;0;1
2017-10-24 05:09:23;0;1
2017-10-24 05:10:32;0;1
2017-10-24 05:11:41;0;1
2017-10-24 05:12:50;0;1
2017-10-24 05:13:59;0;1
2017-10-24 05:15:08;0;1
2017-10-24 05:16:17;0;1
2017-10-24 05:17:26;0;1
2017-10-24 05:18:35;0;1
2017-10-24 05:19:44;0;1
2017-10-24 05:20:53;0;1
2017-10-24 05:22:02;0;1
2017-10-24 05:23:11;0;1
2017-10-24 05:24:20;0;1
2017-10-24 05:25:29;0;1
2017-10-24 05:26:38;0;1
2017-10-24 05:27:47;0;1
2017-10-24 05:28:56;0;1
2017-10-24 05:30:05;0;1
2017-10-24 05:31:14;0;1
2017-10-24 05:32:23;0;1
2017-10-24 05:33:32;0;1
2017-10-24 05:34:41;0;1
2017-10-24 05:35:50;0;1
2017-10-24 05:36:59;0;1
2017-10-24 05:38:08;0;1
2017-10-24 05:39:17;0;1
2017-10-24 05:40:26;0;1
2017-10-24 05:41:35;0;1
2017-10-24 05:42:44;0;1
2017-10-24 05:43:53;0;1
2017-10-24 05:45:02;0;1
2017-10-24 05:46:11;0;1
2017-10-24 05:47:20;0;1
2017-10-24 05:48:29;0;1
2017-10-24 05:49:38;0;1
2017-10-24 05:50:47;0;1
2017-10-24 05:51:56;0;1
2017-10-24 05:53:05;0;1
2017-10-24 05:54:14;0;1
2017-10-24 05:55:23;0;1
2017-10-24 05:56:32;0;1
2017-10-24 05:57:41;0;1
2017-10-24 05:58:50;0;1
2017-10-24 05:59:59;0;1
2017-10-24 06:01:08;0;1
2017-10-24 06:02:17;0;1
2017-10-24 06:03:26;0;1
2017-10-24 06:04:35;0;1
2017-10-24 06:05:44;834.71;1
2017-10-24 06:06:53;1356.502;1
2017-10-24 06:08:02;1095.652;1
2017-10-24 06:09:11;1408.696;1
2017-10-24 06:10:20;1930.463;1
2017-10-24 06:11:29;1513;1
2017-10-24 06:12:38;1460.954;1
2017-10-24 06:13:47;1878.288;1
2017-10-24 06:14:56;1408.532;1
2017-10-24 06:16:05;1095.732;1
2017-10-24 06:17:14;1095.652;1
2017-10-24 06:18:23;1147.826;1
2017-10-24 06:19:32;1095.636;1
2017-10-24 06:20:41;1147.859;1
2017-10-24 06:21:50;1095.605;1
2017-10-24 06:22:59;1095.652;1
2017-10-24 06:24:08;1095.668;1
2017-10-24 06:25:17;1930.547;1
2017-10-24 06:26:26;1095.652;1
2017-10-24 06:27:35;1199.913;1
2017-10-24 06:28:44;1252.119;1
2017-10-24 06:29:53;1252.21;1
2017-10-24 06:31:02;1826.325;1
2017-10-24 06:32:11;1252.247;1
2017-10-24 06:33:20;4069.683;1
2017-10-24 06:34:29;18208.168;1
2017-10-24 06:35:38;19357.083;1
2017-10-24 06:36:47;18105.922;1
2017-10-24 06:37:56;17636.316;1
2017-10-24 06:39:05;17271.067;1
2017-10-24 06:40:14;17896.43;1
2017-10-24 06:41:23;17635.549;1
2017-10-24 06:42:32;17323.245;1
2017-10-24 06:43:41;17583.373;1
2017-10-24 06:44:50;17791.82;1
2017-10-24 06:45:59;17947.826;1
2017-10-24 06:47:08;18211.071;1
2017-10-24 06:48:17;17270.566;1
2017-10-24 06:49:26;17948.867;1
2017-10-24 06:50:35;17688.238;1
2017-10-24 06:51:44;17270.066;1
2017-10-24 06:52:53;17636.572;1
2017-10-24 06:54:02;17583.628;1
2017-10-24 06:55:11;17428.36;1
2017-10-24 06:56:20;17426.592;1
2017-10-24 06:57:29;17322.492;1
2017-10-24 06:58:38;17323.245;1
2017-10-24 06:59:47;17374.165;1
2017-10-24 07:00:56;17374.668;1
2017-10-24 07:02:05;17531.197;1
2017-10-24 07:03:14;17479.528;1
2017-10-24 07:04:23;17428.108;1
2017-10-24 07:05:32;17428.108;1
2017-10-24 07:06:41;17478.768;1
2017-10-24 07:07:50;17636.827;1
2017-10-24 07:08:59;18054.267;1
2017-10-24 07:10:08;17949.387;1
2017-10-24 07:11:17;3339.518;1
2017-10-24 07:12:26;1982.867;1
2017-10-24 07:13:35;1774.119;1
2017-10-24 07:14:44;1930.575;1
2017-10-24 07:15:53;1617.555;1
2017-10-24 07:17:02;1826.193;1
2017-10-24 07:18:11;1721.964;1
2017-10-24 07:19:20;1773.99;1
2017-10-24 07:20:29;1669.589;1
2017-10-24 07:21:38;1565.308;1
2017-10-24 07:22:47;1774.093;1
2017-10-24 07:23:56;1565.285;1
2017-10-24 07:25:05;1513.241;1
2017-10-24 07:26:14;1617.579;1
2017-10-24 07:27:23;1513.109;1
2017-10-24 07:28:32;1565.308;1
2017-10-24 07:29:41;1565.376;1
2017-10-24 07:30:50;1565.24;1
2017-10-24 07:31:59;1617.555;1
2017-10-24 07:33:08;1617.462;1
2017-10-24 07:34:16;1565.331;1
2017-10-24 07:35:25;1617.509;1
2017-10-24 07:36:34;1565.331;1
2017-10-24 07:37:43;1617.438;1
2017-10-24 07:38:52;1617.509;1
2017-10-24 07:40:01;1565.444;1
2017-10-24 07:41:10;1565.331;1
2017-10-24 07:42:19;1617.485;1
2017-10-24 07:43:28;1565.354;1
2017-10-24 07:44:37;1565.308;1
2017-10-24 07:45:46;1669.71;1
2017-10-24 07:46:55;1669.735;1
2017-10-24 07:48:04;2034.901;1
2017-10-24 07:49:13;1617.532;1
2017-10-24 07:50:22;1565.376;1
2017-10-24 07:51:31;1565.308;1
2017-10-24 07:52:40;1513.087;1
2017-10-24 07:53:49;2087.289;1
2017-10-24 07:54:58;1774.042;1
2017-10-24 07:56:07;1617.274;1
2017-10-24 07:57:16;1878.179;1
2017-10-24 07:58:25;2034.93;1
2017-10-24 07:59:34;2243.641;1
2017-10-24 08:00:43;3286.671;1
2017-10-24 08:01:52;2921.739;1
2017-10-24 08:03:01;2191.431;1
2017-10-24 08:04:10;2191.368;1
2017-10-24 08:05:19;2243.283;1
2017-10-24 08:06:28;2243.478;1
2017-10-24 08:07:37;2191.146;1
2017-10-24 08:08:46;1982.839;1
2017-10-24 08:09:55;2034.694;1
2017-10-24 08:11:04;1982.551;1
2017-10-24 08:12:13;1982.695;1
2017-10-24 08:13:22;1982.58;1
2017-10-24 08:14:31;2034.753;1
2017-10-24 08:15:40;1930.323;1
2017-10-24 08:16:49;1982.58;1
2017-10-24 08:17:58;1878.424;1
2017-10-24 08:19:07;1721.564;1
2017-10-24 08:20:16;1565.285;1
2017-10-24 08:21:25;1565.308;1
2017-10-24 08:22:34;1460.743;1
2017-10-24 08:23:43;1513.241;1
2017-10-24 08:24:52;1408.777;1
2017-10-24 08:26:01;1356.6;1
2017-10-24 08:27:10;1252.265;1
2017-10-24 08:28:19;1513.153;1
2017-10-24 08:29:28;1774.016;1
2017-10-24 08:30:37;1773.99;1
2017-10-24 08:31:46;1773.759;1
2017-10-24 08:32:55;1774.016;1
2017-10-24 08:34:04;1721.664;1
2017-10-24 08:35:13;1773.862;1
2017-10-24 08:36:22;1773.887;1
2017-10-24 08:37:31;1826.034;1
2017-10-24 08:38:40;1774.093;1
2017-10-24 08:39:49;1669.589;1
2017-10-24 08:40:58;1669.541;1
2017-10-24 08:42:07;1721.664;1
2017-10-24 08:43:16;1826.008;1
2017-10-24 08:44:25;2400.139;1
2017-10-24 08:45:34;2347.86;1
2017-10-24 08:46:43;1826.087;1
2017-10-24 08:47:52;2347.724;1
2017-10-24 08:49:01;2139.068;1
2017-10-24 08:50:10;2139.223;1
2017-10-24 08:51:19;1721.714;1
2017-10-24 08:52:28;1565.104;1
2017-10-24 08:53:37;1513.153;1
2017-10-24 08:54:46;1512.934;1
2017-10-24 08:55:55;1513.153;1
2017-10-24 08:57:04;417.385;1
2017-10-24 08:58:13;0;1
2017-10-24 08:59:22;0;1
2017-10-24 09:00:31;417.409;1
2017-10-24 09:01:40;260.866;1
2017-10-24 09:02:49;1252.119;1
2017-10-24 09:03:58;626.023;1
2017-10-24 09:05:07;0;1
2017-10-24 09:06:16;156.533;1
2017-10-24 09:07:25;730.414;1
2017-10-24 09:08:34;1252.138;1
2017-10-24 09:09:43;1200.052;1
2017-10-24 09:10:52;1721.614;1
2017-10-24 09:12:01;1356.6;1
2017-10-24 09:13:10;1304.197;1
2017-10-24 09:14:19;1408.757;1
2017-10-24 09:15:28;0;1
2017-10-24 09:16:37;0;1
2017-10-24 09:17:46;0;1
2017-10-24 09:18:55;0;1
2017-10-24 09:20:04;0;1
2017-10-24 09:21:13;0;1
2017-10-24 09:22:22;156.542;1
2017-10-24 09:23:31;104.352;1
2017-10-24 09:24:40;52.178;1
2017-10-24 09:25:49;0;1
2017-10-24 09:26:58;0;1
2017-10-24 09:28:07;0;1
2017-10-24 09:29:16;0;1
2017-10-24 09:30:25;0;1
2017-10-24 09:31:34;0;1
2017-10-24 09:32:43;0;1
2017-10-24 09:33:52;0;1
2017-10-24 09:35:01;0;1
2017-10-24 09:36:10;0;1
2017-10-24 09:37:19;0;1
2017-10-24 09:38:28;0;1
2017-10-24 09:39:37;0;1
2017-10-24 09:40:46;0;1
2017-10-24 09:41:55;0;1
2017-10-24 09:43:04;0;1
2017-10-24 09:44:13;0;1
2017-10-24 09:45:22;0;1
2017-10-24 09:46:31;0;1
2017-10-24 09:47:40;0;1
2017-10-24 09:48:49;0;1
2017-10-24 09:49:58;0;1
2017-10-24 09:51:07;0;1
2017-10-24 09:52:16;0;1
2017-10-24 09:53:25;0;1
2017-10-24 09:54:34;0;1
2017-10-24 09:55:43;0;1
2017-10-24 09:56:52;0;1
2017-10-24 09:58:01;0;1
2017-10-24 09:59:10;0;1
2017-10-24 10:00:19;0;1
2017-10-24 10:01:28;0;1
2017-10-24 10:02:37;0;1
2017-10-24 10:03:46;0;1
2017-10-24 10:04:55;0;1
2017-10-24 10:06:04;0;1
2017-10-24 10:07:13;0;1
2017-10-24 10:08:22;0;1
2017-10-24 10:09:31;573.98;1
2017-10-24 10:10:40;0;1
2017-10-24 10:11:49;0;1
2017-10-24 10:12:58;0;1
2017-10-24 10:14:07;0;1
2017-10-24 10:15:16;0;1
2017-10-24 10:16:25;0;1
2017-10-24 10:17:34;0;1
2017-10-24 10:18:43;0;1
2017-10-24 10:19:52;0;1
2017-10-24 10:21:01;0;1
2017-10-24 10:22:10;0;1
2017-10-24 10:23:19;0;1
2017-10-24 10:24:28;0;1
2017-10-24 10:25:37;0;1
2017-10-24 10:26:46;0;1
2017-10-24 10:27:55;52.178;1
2017-10-24 10:29:04;52.176;1
2017-10-24 10:30:13;0;1
2017-10-24 10:31:22;52.175;1
2017-10-24 10:32:31;0;1
2017-10-24 10:33:40;0;1
2017-10-24 10:34:49;0;1
2017-10-24 10:35:58;0;1
2017-10-24 10:37:07;104.36;1
2017-10-24 10:38:16;0;1
2017-10-24 10:39:25;0;1
2017-10-24 10:40:34;0;1
2017-10-24 10:41:43;0;1
2017-10-24 10:42:52;0;1
2017-10-24 10:44:01;0;1
2017-10-24 10:45:10;0;1
2017-10-24 10:46:19;156.547;1
2017-10-24 10:47:28;417.44;1
2017-10-24 10:48:37;939.171;1
2017-10-24 10:49:46;782.699;1
2017-10-24 10:50:55;208.711;1
2017-10-24 10:52:04;0;1
2017-10-24 10:53:13;365.254;1
2017-10-24 10:54:22;208.708;1
2017-10-24 10:55:31;313.08;1
2017-10-24 10:56:40;573.971;1
2017-10-24 10:57:49;782.631;1
2017-10-24 10:58:58;782.631;1
2017-10-24 11:00:07;939.267;1
2017-10-24 11:01:16;939.226;1
2017-10-24 11:02:25;1043.614;1
2017-10-24 11:03:34;417.409;1
2017-10-24 11:04:43;52.178;1
2017-10-24 11:05:52;52.172;1
2017-10-24 11:07:01;469.64;1
2017-10-24 11:08:10;0;1
2017-10-24 11:09:19;417.446;1
2017-10-24 11:10:28;365.265;1
2017-10-24 11:11:37;104.357;1
2017-10-24 11:12:46;0;1
2017-10-24 11:13:55;52.178;1
2017-10-24 11:15:04;156.519;1
2017-10-24 11:16:13;0;1
2017-10-24 11:17:22;0;1
2017-10-24 11:18:31;0;1
2017-10-24 11:19:40;0;1
2017-10-24 11:20:49;0;1
2017-10-24 11:21:58;0;1
2017-10-24 11:23:07;0;1
2017-10-24 11:24:16;0;1
2017-10-24 11:25:25;0;1
2017-10-24 11:26:34;0;1
2017-10-24 11:27:43;208.723;1
2017-10-24 11:28:52;104.36;1
2017-10-24 11:30:01;0;1
2017-10-24 11:31:10;0;1
2017-10-24 11:32:19;0;1
2017-10-24 11:33:28;260.896;1
2017-10-24 11:34:37;156.533;1
2017-10-24 11:35:46;0;1
2017-10-24 11:36:55;0;1
2017-10-24 11:38:04;0;1
2017-10-24 11:39:13;0;1
2017-10-24 11:40:22;0;1
2017-10-24 11:41:31;0;1
2017-10-24 11:42:40;0;1
2017-10-24 11:43:49;0;1
2017-10-24 11:44:58;0;1
2017-10-24 11:46:07;0;1
2017-10-24 11:47:16;0;1
2017-10-24 11:48:25;0;1
2017-10-24 11:49:34;0;1
2017-10-24 11:50:43;0;1
2017-10-24 11:51:52;0;1
2017-10-24 11:53:01;0;1
2017-10-24 11:54:10;0;1
2017-10-24 11:55:19;0;1
2017-10-24 11:56:28;0;1
2017-10-24 11:57:37;0;1
2017-10-24 11:58:46;0;1
2017-10-24 11:59:55;0;1
2017-10-24 12:01:04;0;1
2017-10-24 12:02:13;0;1
2017-10-24 12:03:22;0;1
2017-10-24 12:04:31;0;1
2017-10-24 12:05:40;0;1
2017-10-24 12:06:49;0;1
2017-10-24 12:07:58;0;1
2017-10-24 12:09:07;0;1
2017-10-24 12:10:16;0;1
2017-10-24 12:11:25;0;1
2017-10-24 12:12:34;0;1
2017-10-24 12:13:43;0;1
2017-10-24 12:14:52;0;1
2017-10-24 12:16:01;0;1
2017-10-24 12:17:10;0;1
2017-10-24 12:18:19;0;1
2017-10-24 12:19:28;0;1
2017-10-24 12:20:37;0;1
2017-10-24 12:21:46;0;1
2017-10-24 12:22:55;0;1
2017-10-24 12:24:04;0;1
2017-10-24 12:25:13;0;1
2017-10-24 12:26:22;0;1
2017-10-24 12:27:31;0;1
2017-10-24 12:28:40;0;1
2017-10-24 12:29:49;0;1
2017-10-24 12:30:58;0;1
2017-10-24 12:32:07;0;1
2017-10-24 12:33:16;0;1
2017-10-24 12:34:25;0;1
2017-10-24 12:35:34;0;1
2017-10-24 12:36:43;0;1
2017-10-24 12:37:52;0;1
2017-10-24 12:39:01;0;1
2017-10-24 12:40:10;0;1
2017-10-24 12:41:19;0;1
2017-10-24 12:42:28;0;1
2017-10-24 12:43:37;0;1
2017-10-24 12:44:46;0;1
2017-10-24 12:45:55;0;1
2017-10-24 12:47:04;0;1
2017-10-24 12:48:13;0;1
2017-10-24 12:49:22;0;1
2017-10-24 12:50:31;0;1
2017-10-24 12:51:39;0;1
2017-10-24 12:52:48;0;1
2017-10-24 12:53:57;0;1
2017-10-24 12:55:06;0;1
2017-10-24 12:56:15;0;1
2017-10-24 12:57:24;0;1
2017-10-24 12:58:33;0;1
2017-10-24 12:59:42;0;1
2017-10-24 13:00:51;0;1
2017-10-24 13:02:00;0;1
2017-10-24 13:03:09;0;1
2017-10-24 13:04:18;0;1
2017-10-24 13:05:27;0;1
2017-10-24 13:06:36;0;1
2017-10-24 13:07:45;0;1
2017-10-24 13:08:54;0;1
2017-10-24 13:10:03;0;1
2017-10-24 13:11:12;0;1
2017-10-24 13:12:21;0;1
2017-10-24 13:13:30;0;1
2017-10-24 13:14:39;0;1
2017-10-24 13:15:48;0;1
2017-10-24 13:16:57;0;1
2017-10-24 13:18:06;0;1
2017-10-24 13:19:15;0;1
2017-10-24 13:20:24;0;1
2017-10-24 13:21:33;0;1
2017-10-24 13:22:42;0;1
2017-10-24 13:23:51;0;1
2017-10-24 13:25:00;0;1
2017-10-24 13:26:09;0;1
2017-10-24 13:27:18;0;1
2017-10-24 13:28:27;0;1
2017-10-24 13:29:36;0;1
2017-10-24 13:30:45;0;1
2017-10-24 13:31:54;0;1
2017-10-24 13:33:03;0;1
2017-10-24 13:34:12;0;1
2017-10-24 13:35:21;0;1
2017-10-24 13:36:30;0;1
2017-10-24 13:37:39;0;1
2017-10-24 13:38:48;0;1
2017-10-24 13:39:57;0;1
2017-10-24 13:41:06;0;1
2017-10-24 13:42:15;0;1
2017-10-24 13:43:24;0;1
2017-10-24 13:44:33;0;1
2017-10-24 13:45:42;0;1
2017-10-24 13:46:51;0;1
2017-10-24 13:48:00;0;1
2017-10-24 13:49:09;0;1
2017-10-24 13:50:18;0;1
2017-10-24 13:51:27;0;1
2017-10-24 13:52:36;0;1
2017-10-24 13:53:45;0;1
2017-10-24 13:54:54;0;1
2017-10-24 13:56:03;0;1
2017-10-24 13:57:12;0;1
2017-10-24 13:58:21;0;1
2017-10-24 13:59:30;0;1
2017-10-24 14:00:39;0;1
2017-10-24 14:01:48;0;1
2017-10-24 14:02:57;0;1
2017-10-24 14:04:06;0;1
2017-10-24 14:05:15;0;1
2017-10-24 14:06:24;0;1
2017-10-24 14:07:33;0;1
2017-10-24 14:08:42;0;1
2017-10-24 14:09:51;0;1
2017-10-24 14:11:00;0;1
2017-10-24 14:12:09;52.172;1
2017-10-24 14:13:18;0;1
2017-10-24 14:14:27;0;1
2017-10-24 14:15:36;0;1
2017-10-24 14:16:45;0;1
2017-10-24 14:17:54;0;1
2017-10-24 14:19:03;0;1
2017-10-24 14:20:12;0;1
2017-10-24 14:21:21;0;1
2017-10-24 14:22:30;0;1
2017-10-24 14:23:39;0;1
2017-10-24 14:24:48;0;1
2017-10-24 14:25:57;0;1
2017-10-24 14:27:06;0;1
2017-10-24 14:28:15;0;1
2017-10-24 14:29:24;0;1
2017-10-24 14:30:33;0;1
2017-10-24 14:31:42;0;1
2017-10-24 14:32:51;0;1
2017-10-24 14:34:00;0;1
2017-10-24 14:35:09;0;1
2017-10-24 14:36:18;0;1
2017-10-24 14:37:27;0;1
2017-10-24 14:38:36;0;1
2017-10-24 14:39:45;0;1
2017-10-24 14:40:54;0;1
2017-10-24 14:42:03;0;1
2017-10-24 14:43:12;0;1
2017-10-24 14:44:21;0;1
2017-10-24 14:45:30;0;1
2017-10-24 14:46:39;0;1
2017-10-24 14:47:48;0;1
2017-10-24 14:48:57;0;1
2017-10-24 14:50:06;0;1
2017-10-24 14:51:15;0;1
2017-10-24 14:52:24;0;1
2017-10-24 14:53:33;0;1
2017-10-24 14:54:42;0;1
2017-10-24 14:55:51;0;1
2017-10-24 14:57:00;0;1
2017-10-24 14:58:09;0;1
2017-10-24 14:59:18;0;1
2017-10-24 15:00:27;0;1
2017-10-24 15:01:36;0;1
2017-10-24 15:02:45;0;1
2017-10-24 15:03:54;0;1
2017-10-24 15:05:03;260.87;1
2017-10-24 15:06:12;313.075;1
2017-10-24 15:07:21;0;1
2017-10-24 15:08:30;104.351;1
2017-10-24 15:09:39;0;1
2017-10-24 15:10:48;0;1
2017-10-24 15:11:57;0;1
2017-10-24 15:13:06;0;1
2017-10-24 15:14:15;0;1
2017-10-24 15:15:24;0;1
2017-10-24 15:16:33;0;1
2017-10-24 15:17:42;0;1
2017-10-24 15:18:51;0;1
2017-10-24 15:20:00;0;1
2017-10-24 15:21:09;0;1
2017-10-24 15:22:18;0;1
2017-10-24 15:23:27;0;1
2017-10-24 15:24:36;0;1
2017-10-24 15:25:45;0;1
2017-10-24 15:26:54;0;1
2017-10-24 15:28:03;1095.668;1
2017-10-24 15:29:12;1200.087;1
2017-10-24 15:30:21;0;1
2017-10-24 15:31:30;0;1
2017-10-24 15:32:39;0;1
2017-10-24 15:33:48;0;1
2017-10-24 15:34:57;0;1
2017-10-24 15:36:06;0;1
2017-10-24 15:37:15;0;1
2017-10-24 15:38:24;0;1
2017-10-24 15:39:33;0;1
2017-10-24 15:40:42;0;1
2017-10-24 15:41:51;0;1
2017-10-24 15:43:00;0;1
2017-10-24 15:44:09;0;1
2017-10-24 15:45:18;0;1
2017-10-24 15:46:27;0;1
2017-10-24 15:47:36;0;1
2017-10-24 15:48:45;0;1
2017-10-24 15:49:54;0;1
2017-10-24 15:51:03;0;1
2017-10-24 15:52:12;0;1
2017-10-24 15:53:21;0;1
2017-10-24 15:54:31;0;1
2017-10-24 15:55:39;0;1
2017-10-24 15:56:48;0;1
2017-10-24 15:57:57;0;1
2017-10-24 15:59:06;0;1
2017-10-24 16:00:15;0;1
2017-10-24 16:01:24;0;1
2017-10-24 16:02:33;0;1
2017-10-24 16:03:42;0;1
2017-10-24 16:04:51;0;1
2017-10-24 16:06:00;0;1
2017-10-24 16:07:09;0;1
2017-10-24 16:08:18;0;1
2017-10-24 16:09:27;0;1
2017-10-24 16:10:36;0;1
2017-10-24 16:11:46;0;1
2017-10-24 16:12:54;0;1
2017-10-24 16:14:04;0;1
2017-10-24 16:15:12;0;1
2017-10-24 16:16:22;0;1
2017-10-24 16:17:31;0;1
2017-10-24 16:18:40;0;1
2017-10-24 16:19:48;0;1
2017-10-24 16:20:57;0;1
2017-10-24 16:22:06;0;1
2017-10-24 16:23:15;0;1
2017-10-24 16:24:24;0;1
2017-10-24 16:25:33;0;1
2017-10-24 16:26:42;0;1
2017-10-24 16:27:51;0;1
2017-10-24 16:29:00;0;1
2017-10-24 16:30:09;0;1
2017-10-24 16:31:18;0;1
2017-10-24 16:32:27;0;1
2017-10-24 16:33:36;0;1
2017-10-24 16:34:45;0;1
2017-10-24 16:35:54;0;1
2017-10-24 16:37:03;0;1
2017-10-24 16:38:12;0;1
2017-10-24 16:39:21;0;1
2017-10-24 16:40:30;0;1
2017-10-24 16:41:39;0;1
2017-10-24 16:42:48;0;1
2017-10-24 16:43:57;0;1
2017-10-24 16:45:06;156.538;1
2017-10-24 16:46:15;0;1
2017-10-24 16:47:24;0;1
2017-10-24 16:48:33;0;1
2017-10-24 16:49:42;0;1
2017-10-24 16:50:51;0;1
2017-10-24 16:52:00;0;1
2017-10-24 16:53:09;0;1
2017-10-24 16:54:18;0;1
2017-10-24 16:55:27;0;1
2017-10-24 16:56:36;0;1
2017-10-24 16:57:45;0;1
2017-10-24 16:58:54;0;1
2017-10-24 17:00:03;0;1
2017-10-24 17:01:12;0;1
2017-10-24 17:02:21;0;1
2017-10-24 17:03:30;0;1
2017-10-24 17:04:39;0;1
2017-10-24 17:05:48;0;1
2017-10-24 17:06:57;52.174;1
2017-10-24 17:08:06;0;1
2017-10-24 17:09:15;0;1
2017-10-24 17:10:24;0;1
2017-10-24 17:11:33;0;1
2017-10-24 17:12:42;0;1
2017-10-24 17:13:51;0;1
2017-10-24 17:15:00;0;1
2017-10-24 17:16:09;156.54;1
2017-10-24 17:17:18;156.538;1
2017-10-24 17:18:27;52.176;1
2017-10-24 17:19:36;0;1
2017-10-24 17:20:45;104.357;1
2017-10-24 17:21:54;52.182;1
2017-10-24 17:23:03;573.921;1
2017-10-24 17:24:12;834.855;1
2017-10-24 17:25:21;834.928;1
2017-10-24 17:26:30;782.643;1
2017-10-24 17:27:39;208.708;1
2017-10-24 17:28:48;260.877;1
2017-10-24 17:29:57;365.249;1
2017-10-24 17:31:06;365.212;1
2017-10-24 17:32:15;417.409;1
2017-10-24 17:33:24;469.592;1
2017-10-24 17:34:33;469.599;1
2017-10-24 17:35:42;573.938;1
2017-10-24 17:36:51;573.971;1
2017-10-24 17:38:00;626.16;1
2017-10-24 17:39:09;678.369;1
2017-10-24 17:40:18;626.096;1
2017-10-24 17:41:27;678.3;1
2017-10-24 17:42:36;626.096;1
2017-10-24 17:43:45;678.3;1
2017-10-24 17:44:54;678.3;1
2017-10-24 17:46:03;678.32;1
2017-10-24 17:47:12;678.31;1
2017-10-24 17:48:21;730.445;1
2017-10-24 17:49:30;834.892;1
2017-10-24 17:50:39;887.021;1
2017-10-24 17:51:48;887.059;1
2017-10-24 17:52:57;887.059;1
2017-10-24 17:54:06;939.226;1
2017-10-24 17:55:15;887.059;1
2017-10-24 17:56:24;939.171;1
2017-10-24 17:57:33;939.09;1
2017-10-24 17:58:42;939.158;1
2017-10-24 17:59:51;991.29;1
2017-10-24 18:01:00;939.198;1
2017-10-24 18:02:09;991.376;1
2017-10-24 18:03:18;991.405;1
2017-10-24 18:04:27;939.158;1
2017-10-24 18:05:36;1043.539;1
2017-10-24 18:06:45;1043.599;1
2017-10-24 18:07:54;1043.509;1
2017-10-24 18:09:03;1043.493;1
2017-10-24 18:10:12;1095.747;1
2017-10-24 18:11:21;1095.716;1
2017-10-24 18:12:30;1200.122;1
2017-10-24 18:13:39;1147.893;1
2017-10-24 18:14:48;1095.732;1
2017-10-24 18:15:57;1147.959;1
2017-10-24 18:17:06;1095.684;1
2017-10-24 18:18:15;1095.811;1
2017-10-24 18:19:24;1095.732;1
2017-10-24 18:20:33;1147.693;1
2017-10-24 18:21:42;1043.569;1
2017-10-24 18:22:51;1095.636;1
2017-10-24 18:24:00;1095.716;1
2017-10-24 18:25:09;1095.589;1
2017-10-24 18:26:18;1147.76;1
2017-10-24 18:27:27;1095.747;1
2017-10-24 18:28:36;1043.433;1
2017-10-24 18:29:45;991.233;1
2017-10-24 18:30:54;1043.509;1
2017-10-24 18:32:03;1043.493;1
2017-10-24 18:33:12;1043.524;1
2017-10-24 18:34:21;1043.448;1
2017-10-24 18:35:30;1095.605;1
2017-10-24 18:36:39;1095.62;1
2017-10-24 18:37:48;1095.652;1
2017-10-24 18:38:57;991.405;1
2017-10-24 18:40:06;1095.62;1
2017-10-24 18:41:15;1043.478;1
2017-10-24 18:42:24;1043.388;1
2017-10-24 18:43:33;1043.448;1
2017-10-24 18:44:42;1043.539;1
2017-10-24 18:45:51;1043.448;1
2017-10-24 18:47:00;991.276;1
2017-10-24 18:48:09;1878.397;1
2017-10-24 18:49:18;3652.174;1
2017-10-24 18:50:27;3652.121;1
2017-10-24 18:51:36;2556.411;1
2017-10-24 18:52:45;2295.785;1
2017-10-24 18:53:54;1512.89;1
2017-10-24 18:55:03;1200.017;1
2017-10-24 18:56:12;1878.343;1
2017-10-24 18:57:21;2243.511;1
2017-10-24 18:58:30;2086.896;1
2017-10-24 18:59:39;2191.431;1
2017-10-24 19:00:48;1252.101;1
2017-10-24 19:01:57;991.362;1
2017-10-24 19:03:06;939.076;1
2017-10-24 19:04:15;939.117;1
2017-10-24 19:05:24;886.931;1
2017-10-24 19:06:33;991.319;1
2017-10-24 19:07:42;887.008;1
2017-10-24 19:08:51;939.321;1
2017-10-24 19:10:00;939.28;1
2017-10-24 19:11:09;939.212;1
2017-10-24 19:12:18;939.239;1
2017-10-24 19:13:27;991.347;1
2017-10-24 19:14:36;886.905;1
2017-10-24 19:15:45;887.021;1
2017-10-24 19:16:54;834.71;1
2017-10-24 19:18:03;834.855;1
2017-10-24 19:19:12;834.722;1
2017-10-24 19:20:21;782.677;1
2017-10-24 19:21:30;834.71;1
2017-10-24 19:22:39;834.795;1
2017-10-24 19:23:48;782.654;1
2017-10-24 19:24:57;834.722;1
2017-10-24 19:26:06;834.758;1
2017-10-24 19:27:15;886.957;1
2017-10-24 19:28:24;1304.442;1
2017-10-24 19:29:33;1721.864;1
2017-10-24 19:30:42;1982.752;1
2017-10-24 19:31:51;2034.96;1
2017-10-24 19:33:00;2087.168;1
2017-10-24 19:34:09;1982.724;1
2017-10-24 19:35:18;2087.108;1
2017-10-24 19:36:27;1982.695;1
2017-10-24 19:37:36;1930.659;1
2017-10-24 19:38:45;1930.547;1
2017-10-24 19:39:54;2034.93;1
2017-10-24 19:41:03;1930.631;1
2017-10-24 19:42:12;4017.682;1
2017-10-24 19:43:21;1982.666;1
2017-10-24 19:44:30;1930.463;1
2017-10-24 19:45:39;1930.491;1
2017-10-24 19:46:48;1930.659;1
2017-10-24 19:47:57;1930.603;1
2017-10-24 19:49:06;1982.695;1
2017-10-24 19:50:15;1930.659;1
2017-10-24 19:51:24;1982.666;1
2017-10-24 19:52:33;1930.603;1
2017-10-24 19:53:42;1930.603;1
2017-10-24 19:54:51;1982.58;1
2017-10-24 19:56:00;1930.519;1
2017-10-24 19:57:09;1930.659;1
2017-10-24 19:58:18;1878.397;1
2017-10-24 19:59:27;1930.659;1
2017-10-24 20:00:36;1669.686;1
2017-10-24 20:01:45;834.843;1
2017-10-24 20:02:54;834.867;1
2017-10-24 20:04:03;834.843;1
2017-10-24 20:05:12;834.892;1
2017-10-24 20:06:21;834.904;1
2017-10-24 20:07:30;834.831;1
2017-10-24 20:08:39;782.677;1
2017-10-24 20:09:48;834.807;1
2017-10-24 20:10:57;887.008;1
2017-10-24 20:12:06;939.171;1
2017-10-24 20:13:15;991.376;1
2017-10-24 20:14:24;991.491;1
2017-10-24 20:15:33;991.391;1
2017-10-24 20:16:42;991.333;1
2017-10-24 20:17:51;991.419;1
2017-10-24 20:19:00;887.047;1
2017-10-24 20:20:09;834.819;1
2017-10-24 20:21:18;887.047;1
2017-10-24 20:22:27;1095.732;1
2017-10-24 20:23:36;991.434;1
2017-10-24 20:24:45;1043.569;1
2017-10-24 20:25:54;991.391;1
2017-10-24 20:27:03;991.319;1
2017-10-24 20:28:12;1043.614;1
2017-10-24 20:29:21;991.391;1
2017-10-24 20:30:30;991.347;1
2017-10-24 20:31:39;1043.539;1
2017-10-24 20:32:48;991.347;1
2017-10-24 20:33:57;1721.914;1
2017-10-24 20:35:06;991.333;1
2017-10-24 20:36:15;1147.926;1
2017-10-24 20:37:24;1408.839;1
2017-10-24 20:38:33;1408.839;1
2017-10-24 20:39:42;1252.301;1
2017-10-24 20:40:51;1252.247;1
2017-10-24 20:42:00;1304.348;1
2017-10-24 20:43:09;1252.21;1
2017-10-24 20:44:18;1095.716;1
2017-10-24 20:45:27;1252.247;1
2017-10-24 20:46:36;1356.699;1
2017-10-24 20:47:45;1356.62;1
2017-10-24 20:48:54;1460.933;1
2017-10-24 20:50:03;1460.954;1
2017-10-24 20:51:12;1408.655;1
2017-10-24 20:52:21;1356.581;1
2017-10-24 20:53:30;1304.48;1
2017-10-24 20:54:39;1356.345;1
2017-10-24 20:55:48;1304.442;1
2017-10-24 20:56:57;1721.689;1
2017-10-24 20:58:06;1304.367;1
2017-10-24 20:59:15;1304.291;1
2017-10-24 21:00:24;1304.386;1
2017-10-24 21:01:33;1356.64;1
2017-10-24 21:02:42;1408.492;1
2017-10-24 21:03:51;1513.065;1
2017-10-24 21:05:00;1460.997;1
2017-10-24 21:06:09;1565.081;1
2017-10-24 21:07:18;1408.716;1
2017-10-24 21:08:27;1147.776;1
2017-10-24 21:09:36;1200;1
2017-10-24 21:10:45;1304.348;1
2017-10-24 21:11:54;1304.405;1
2017-10-24 21:13:03;1252.138;1
2017-10-24 21:14:12;1252.228;1
2017-10-24 21:15:21;1252.192;1
2017-10-24 21:16:30;1304.291;1
2017-10-24 21:17:39;1199.983;1
2017-10-24 21:18:48;1304.367;1
2017-10-24 21:19:57;1199.965;1
2017-10-24 21:21:06;1095.668;1
2017-10-24 21:22:15;1147.809;1
2017-10-24 21:23:24;1147.909;1
2017-10-24 21:24:33;1147.743;1
2017-10-24 21:25:42;1095.7;1
2017-10-24 21:26:51;1147.843;1
2017-10-24 21:28:00;1095.573;1
2017-10-24 21:29:09;1147.893;1
2017-10-24 21:30:18;1147.726;1
2017-10-24 21:31:27;1095.716;1
2017-10-24 21:32:36;1095.589;1
2017-10-24 21:33:45;1147.809;1
2017-10-24 21:34:54;1095.763;1
2017-10-24 21:36:03;1147.843;1
2017-10-24 21:37:12;1095.509;1
2017-10-24 21:38:21;1147.793;1
2017-10-24 21:39:30;1095.7;1
2017-10-24 21:40:39;1095.732;1
2017-10-24 21:41:48;1147.843;1
2017-10-24 21:42:57;1095.478;1
2017-10-24 21:44:06;1095.716;1
2017-10-24 21:45:15;1147.809;1
2017-10-24 21:46:24;1252.138;1
2017-10-24 21:47:33;1460.975;1
2017-10-24 21:48:42;1460.806;1
2017-10-24 21:49:51;1460.933;1
2017-10-24 21:51:00;1408.573;1
2017-10-24 21:52:09;1408.839;1
2017-10-24 21:53:18;1356.345;1
2017-10-24 21:54:27;1304.48;1
2017-10-24 21:55:36;1356.423;1
2017-10-24 21:56:45;1304.291;1
2017-10-24 21:57:54;1356.541;1
2017-10-24 21:59:03;1356.522;1
2017-10-24 22:00:12;1252.283;1
2017-10-24 22:01:21;1252.192;1
2017-10-24 22:02:30;1304.234;1
2017-10-24 22:03:39;1095.763;1
2017-10-24 22:04:48;1147.776;1
2017-10-24 22:05:57;104.349;1
2017-10-24 22:07:06;0;1
2017-10-24 22:08:15;0;1
2017-10-24 22:09:24;0;1
2017-10-24 22:10:33;0;1
2017-10-24 22:11:42;0;1
2017-10-24 22:12:51;0;1
2017-10-24 22:14:00;0;1
2017-10-24 22:15:09;0;1
2017-10-24 22:16:18;0;1
2017-10-24 22:17:27;0;1
2017-10-24 22:18:36;0;1
2017-10-24 22:19:45;0;1
2017-10-24 22:20:54;0;1
2017-10-24 22:22:03;0;1
2017-10-24 22:23:12;0;1
2017-10-24 22:24:21;0;1
2017-10-24 22:25:30;0;1
2017-10-24 22:26:39;0;1
2017-10-24 22:27:48;0;1
2017-10-24 22:28:57;0;1
2017-10-24 22:30:06;0;1
2017-10-24 22:31:15;0;1
2017-10-24 22:32:24;0;1
2017-10-24 22:33:33;0;1
2017-10-24 22:34:42;0;1
2017-10-24 22:35:51;0;1
2017-10-24 22:37:00;0;1
2017-10-24 22:38:09;0;1
2017-10-24 22:39:18;0;1
2017-10-24 22:40:27;0;1
2017-10-24 22:41:36;0;1
2017-10-24 22:42:45;0;1
2017-10-24 22:43:54;0;1
2017-10-24 22:45:03;0;1
2017-10-24 22:46:12;0;1
2017-10-24 22:47:21;0;1
2017-10-24 22:48:30;0;1
2017-10-24 22:49:39;0;1
2017-10-24 22:50:48;0;1
2017-10-24 22:51:57;0;1
2017-10-24 22:53:06;0;1
2017-10-24 22:54:15;0;1
2017-10-24 22:55:24;0;1
2017-10-24 22:56:33;0;1
2017-10-24 22:57:42;0;1
2017-10-24 22:58:51;0;1
2017-10-24 23:00:00;0;1
2017-10-24 23:01:09;0;1
2017-10-24 23:02:18;0;1
2017-10-24 23:03:27;0;1
2017-10-24 23:04:36;0;1
2017-10-24 23:05:45;0;1
2017-10-24 23:06:54;0;1
2017-10-24 23:08:03;0;1
2017-10-24 23:09:12;0;1
2017-10-24 23:10:21;0;1
2017-10-24 23:11:30;0;1
2017-10-24 23:12:39;0;1
2017-10-24 23:13:48;0;1
2017-10-24 23:14:57;0;1
2017-10-24 23:16:06;0;1
2017-10-24 23:17:15;0;1
2017-10-24 23:18:24;0;1
2017-10-24 23:19:33;0;1
2017-10-24 23:20:42;0;1
2017-10-24 23:21:51;0;1
2017-10-24 23:23:00;0;1
2017-10-24 23:24:09;0;1
2017-10-24 23:25:18;0;1
2017-10-24 23:26:27;0;1
2017-10-24 23:27:36;0;1
2017-10-24 23:28:45;0;1
2017-10-24 23:29:54;0;1
2017-10-24 23:31:03;0;1
2017-10-24 23:32:12;0;1
2017-10-24 23:33:21;0;1
2017-10-24 23:34:30;0;1
2017-10-24 23:35:39;0;1
2017-10-24 23:36:48;0;1
2017-10-24 23:37:57;0;1
2017-10-24 23:39:06;0;1
2017-10-24 23:40:15;0;1
2017-10-24 23:41:24;0;1
2017-10-24 23:42:33;0;1
2017-10-24 23:43:42;0;1
2017-10-24 23:44:51;0;1
2017-10-24 23:46:00;0;1
2017-10-24 23:47:09;0;1
2017-10-24 23:48:18;0;1
2017-10-24 23:49:27;0;1
2017-10-24 23:50:36;0;1
2017-10-24 23:51:45;0;1
2017-10-24 23:52:54;0;1
2017-10-24 23:54:03;0;1
2017-10-24 23:55:12;0;1
2017-10-24 23:56:21;0;1
2017-10-24 23:57:30;0;1
2017-10-24 23:58:39;0;1
2017-10-24 23:59:48;0;1
2017-10-25 00:00:57;0;1
2017-10-25 00:02:06;0;1
2017-10-25 00:03:15;0;1
2017-10-25 00:04:24;0;1
2017-10-25 00:05:33;0;1
2017-10-25 00:06:42;0;1
2017-10-25 00:07:51;0;1
2017-10-25 00:09:00;0;1
2017-10-25 00:10:09;0;1
2017-10-25 00:11:18;0;1
2017-10-25 00:12:27;0;1
2017-10-25 00:13:36;0;1
2017-10-25 00:14:45;0;1
2017-10-25 00:15:54;0;1
2017-10-25 00:17:03;0;1
2017-10-25 00:18:12;0;1
2017-10-25 00:19:21;0;1
2017-10-25 00:20:30;0;1
2017-10-25 00:21:39;0;1
2017-10-25 00:22:48;0;1
2017-10-25 00:23:57;0;1
2017-10-25 00:25:06;0;1
2017-10-25 00:26:15;0;1
2017-10-25 00:27:24;0;1
2017-10-25 00:28:33;0;1
2017-10-25 00:29:42;0;1
2017-10-25 00:30:51;0;1
2017-10-25 00:32:00;0;1
2017-10-25 00:33:09;0;1
2017-10-25 00:34:18;0;1
2017-10-25 00:35:27;0;1
2017-10-25 00:36:36;0;1
2017-10-25 00:37:45;0;1
2017-10-25 00:38:54;0;1
2017-10-25 00:40:03;0;1
2017-10-25 00:41:12;0;1
2017-10-25 00:42:21;0;1
2017-10-25 00:43:30;0;1
2017-10-25 00:44:39;0;1
2017-10-25 00:45:48;0;1
2017-10-25 00:46:57;0;1
2017-10-25 00:48:06;0;1
2017-10-25 00:49:15;0;1
2017-10-25 00:50:24;0;1
2017-10-25 00:51:33;0;1
2017-10-25 00:52:42;0;1
2017-10-25 00:53:51;0;1
2017-10-25 00:55:00;0;1
2017-10-25 00:56:09;0;1
2017-10-25 00:57:18;0;1
2017-10-25 00:58:27;0;1
2017-10-25 00:59:36;0;1
2017-10-25 01:00:45;0;1
2017-10-25 01:01:54;0;1
2017-10-25 01:03:03;0;1
2017-10-25 01:04:12;0;1
2017-10-25 01:05:21;0;1
2017-10-25 01:06:30;0;1
2017-10-25 01:07:39;0;1
2017-10-25 01:08:48;0;1
2017-10-25 01:09:57;0;1
2017-10-25 01:11:06;0;1
2017-10-25 01:12:15;0;1
2017-10-25 01:13:24;0;1
2017-10-25 01:14:33;0;1
2017-10-25 01:15:42;0;1
2017-10-25 01:16:51;0;1
2017-10-25 01:18:00;0;1
2017-10-25 01:19:09;0;1
2017-10-25 01:20:18;0;1
2017-10-25 01:21:27;0;1
2017-10-25 01:22:36;0;1
2017-10-25 01:23:45;0;1
2017-10-25 01:24:54;0;1
2017-10-25 01:26:03;0;1
2017-10-25 01:27:12;0;1
2017-10-25 01:28:21;0;1
2017-10-25 01:29:30;0;1
2017-10-25 01:30:39;0;1
2017-10-25 01:31:48;0;1
2017-10-25 01:32:57;0;1
2017-10-25 01:34:06;0;1
2017-10-25 01:35:15;0;1
2017-10-25 01:36:24;0;1
2017-10-25 01:37:33;0;1
2017-10-25 01:38:42;0;1
2017-10-25 01:39:51;0;1
2017-10-25 01:41:00;0;1
2017-10-25 01:42:09;0;1
2017-10-25 01:43:18;0;1
2017-10-25 01:44:27;0;1
2017-10-25 01:45:36;0;1
2017-10-25 01:46:45;0;1
2017-10-25 01:47:54;0;1
2017-10-25 01:49:03;0;1
2017-10-25 01:50:12;0;1
2017-10-25 01:51:21;0;1
2017-10-25 01:52:30;0;1
2017-10-25 01:53:39;0;1
2017-10-25 01:54:48;0;1
2017-10-25 01:55:57;0;1
2017-10-25 01:57:06;0;1
2017-10-25 01:58:15;0;1
2017-10-25 01:59:24;0;1
2017-10-25 02:00:33;0;1
2017-10-25 02:01:42;0;1
2017-10-25 02:02:51;0;1
2017-10-25 02:04:00;0;1
2017-10-25 02:05:09;0;1
2017-10-25 02:06:18;0;1
2017-10-25 02:07:27;0;1
2017-10-25 02:08:36;0;1
2017-10-25 02:09:45;0;1
2017-10-25 02:10:54;0;1
2017-10-25 02:12:03;0;1
2017-10-25 02:13:12;0;1
2017-10-25 02:14:21;0;1
2017-10-25 02:15:30;0;1
2017-10-25 02:16:39;0;1
2017-10-25 02:17:48;0;1
2017-10-25 02:18:57;0;1
2017-10-25 02:20:06;0;1
2017-10-25 02:21:15;0;1
2017-10-25 02:22:24;0;1
2017-10-25 02:23:33;0;1
2017-10-25 02:24:42;0;1
2017-10-25 02:25:51;0;1
2017-10-25 02:27:00;0;1
2017-10-25 02:28:09;0;1
2017-10-25 02:29:18;0;1
2017-10-25 02:30:27;0;1
2017-10-25 02:31:36;0;1
2017-10-25 02:32:45;0;1
2017-10-25 02:33:54;0;1
2017-10-25 02:35:03;0;1
2017-10-25 02:36:12;0;1
2017-10-25 02:37:21;0;1
2017-10-25 02:38:30;0;1
2017-10-25 02:39:39;0;1
2017-10-25 02:40:48;0;1
2017-10-25 02:41:57;0;1
2017-10-25 02:43:06;0;1
2017-10-25 02:44:15;0;1
2017-10-25 02:45:24;0;1
2017-10-25 02:46:33;0;1
2017-10-25 02:47:42;0;1
2017-10-25 02:48:51;0;1
2017-10-25 02:50:00;0;1
2017-10-25 02:51:09;0;1
2017-10-25 02:52:18;0;1
2017-10-25 02:53:27;0;1
2017-10-25 02:54:36;0;1
2017-10-25 02:55:45;0;1
2017-10-25 02:56:54;0;1
2017-10-25 02:58:03;0;1
2017-10-25 02:59:12;0;1
2017-10-25 03:00:21;0;1
2017-10-25 03:01:30;0;1
2017-10-25 03:02:39;0;1
2017-10-25 03:03:48;0;1
2017-10-25 03:04:57;0;1
2017-10-25 03:06:06;0;1
2017-10-25 03:07:15;0;1
2017-10-25 03:08:24;0;1
2017-10-25 03:09:33;0;1
2017-10-25 03:10:42;0;1
2017-10-25 03:11:51;0;1
2017-10-25 03:13:00;0;1
2017-10-25 03:14:09;0;1
2017-10-25 03:15:18;0;1
2017-10-25 03:16:27;0;1
2017-10-25 03:17:36;0;1
2017-10-25 03:18:45;0;1
2017-10-25 03:19:54;0;1
2017-10-25 03:21:03;0;1
2017-10-25 03:22:12;0;1
2017-10-25 03:23:21;0;1
2017-10-25 03:24:30;0;1
2017-10-25 03:25:39;0;1
2017-10-25 03:26:48;0;1
2017-10-25 03:27:57;0;1
2017-10-25 03:29:06;0;1
2017-10-25 03:30:15;0;1
2017-10-25 03:31:24;0;1
2017-10-25 03:32:33;0;1
2017-10-25 03:33:42;0;1
2017-10-25 03:34:51;0;1
2017-10-25 03:36:00;0;1
2017-10-25 03:37:09;0;1
2017-10-25 03:38:18;0;1
2017-10-25 03:39:27;0;1
2017-10-25 03:40:36;0;1
2017-10-25 03:41:45;0;1
2017-10-25 03:42:54;0;1
2017-10-25 03:44:03;0;1
2017-10-25 03:45:12;0;1
2017-10-25 03:46:21;0;1
2017-10-25 03:47:30;0;1
2017-10-25 03:48:39;0;1
2017-10-25 03:49:48;0;1
2017-10-25 03:50:57;0;1
2017-10-25 03:52:06;0;1
2017-10-25 03:53:15;0;1
2017-10-25 03:54:24;0;1
2017-10-25 03:55:33;0;1
2017-10-25 03:56:42;0;1
2017-10-25 03:57:51;0;1
2017-10-25 03:59:00;0;1
2017-10-25 04:00:09;0;1
2017-10-25 04:01:18;0;1
2017-10-25 04:02:27;0;1
2017-10-25 04:03:36;0;1
2017-10-25 04:04:45;0;1
2017-10-25 04:07:02;0;1
2017-10-25 04:08:18;0;1
2017-10-25 04:09:27;0;1
2017-10-25 04:10:36;0;1
2017-10-25 04:11:45;0;1
2017-10-25 04:12:54;0;1
2017-10-25 04:14:03;0;1
2017-10-25 04:15:12;0;1
2017-10-25 04:16:21;0;1
2017-10-25 04:17:30;0;1
2017-10-25 04:18:39;0;1
2017-10-25 04:19:48;0;1
2017-10-25 04:20:57;0;1
2017-10-25 04:22:06;0;1
2017-10-25 04:23:15;0;1
2017-10-25 04:24:24;0;1
2017-10-25 04:25:33;0;1
2017-10-25 04:26:42;0;1
2017-10-25 04:27:51;0;1
2017-10-25 04:29:00;0;1
2017-10-25 04:30:09;0;1
2017-10-25 04:31:18;0;1
2017-10-25 04:32:27;0;1
2017-10-25 04:33:36;0;1
2017-10-25 04:34:45;0;1
2017-10-25 04:35:54;0;1
2017-10-25 04:37:03;0;1
2017-10-25 04:38:12;0;1
2017-10-25 04:39:20;0;1
2017-10-25 04:40:29;0;1
2017-10-25 04:41:38;0;1
2017-10-25 04:42:47;0;1
2017-10-25 04:43:56;0;1
2017-10-25 04:45:05;0;1
2017-10-25 04:46:14;0;1
2017-10-25 04:47:23;0;1
2017-10-25 04:48:32;0;1
2017-10-25 04:49:41;0;1
2017-10-25 04:50:50;0;1
2017-10-25 04:51:59;0;1
2017-10-25 04:53:08;0;1
2017-10-25 04:54:17;0;1
2017-10-25 04:55:26;0;1
2017-10-25 04:56:35;0;1
2017-10-25 04:57:44;0;1
2017-10-25 04:58:53;0;1
2017-10-25 05:00:02;0;1
2017-10-25 05:01:11;0;1
2017-10-25 05:02:20;0;1
2017-10-25 05:03:29;0;1
2017-10-25 05:04:38;0;1
2017-10-25 05:05:47;0;1
2017-10-25 05:06:56;0;1
2017-10-25 05:08:05;0;1
2017-10-25 05:09:14;0;1
2017-10-25 05:10:23;0;1
2017-10-25 05:11:32;0;1
2017-10-25 05:12:41;0;1
2017-10-25 05:13:50;0;1
2017-10-25 05:14:59;0;1
2017-10-25 05:16:08;0;1
2017-10-25 05:17:17;0;1
2017-10-25 05:18:26;0;1
2017-10-25 05:19:35;0;1
2017-10-25 05:20:44;0;1
2017-10-25 05:21:53;0;1
2017-10-25 05:23:02;0;1
2017-10-25 05:24:11;0;1
2017-10-25 05:25:20;0;1
2017-10-25 05:26:29;0;1
2017-10-25 05:27:38;0;1
2017-10-25 05:28:47;0;1
2017-10-25 05:29:56;0;1
2017-10-25 05:31:05;0;1
2017-10-25 05:32:14;0;1
2017-10-25 05:33:23;0;1
2017-10-25 05:34:32;0;1
2017-10-25 05:35:41;0;1
2017-10-25 05:36:50;0;1
2017-10-25 05:37:59;0;1
2017-10-25 05:39:08;0;1
2017-10-25 05:40:17;0;1
2017-10-25 05:41:26;0;1
2017-10-25 05:42:35;0;1
2017-10-25 05:43:44;0;1
2017-10-25 05:44:53;0;1
2017-10-25 05:46:02;0;1
2017-10-25 05:47:11;0;1
2017-10-25 05:48:20;0;1
2017-10-25 05:49:29;0;1
2017-10-25 05:50:38;0;1
2017-10-25 05:51:47;0;1
2017-10-25 05:52:56;0;1
2017-10-25 05:54:05;0;1
2017-10-25 05:55:14;0;1
2017-10-25 05:56:23;0;1
2017-10-25 05:57:32;0;1
2017-10-25 05:58:41;0;1
2017-10-25 05:59:50;0;1
2017-10-25 06:00:59;0;1
2017-10-25 06:02:08;0;1
2017-10-25 06:03:17;0;1
2017-10-25 06:04:26;0;1
2017-10-25 06:05:35;939.226;1
2017-10-25 06:06:44;1199.896;1
2017-10-25 06:07:53;1252.138;1
2017-10-25 06:09:02;1252.247;1
2017-10-25 06:10:11;1200.07;1
2017-10-25 06:11:20;887.072;1
2017-10-25 06:12:29;887.059;1
2017-10-25 06:13:38;939.185;1
2017-10-25 06:14:47;782.699;1
2017-10-25 06:15:56;782.688;1
2017-10-25 06:17:05;782.597;1
2017-10-25 06:18:14;782.665;1
2017-10-25 06:19:23;782.575;1
2017-10-25 06:20:32;730.498;1
2017-10-25 06:21:41;782.45;1
2017-10-25 06:22:50;782.665;1
2017-10-25 06:23:59;782.609;1
2017-10-25 06:25:08;730.435;1
2017-10-25 06:26:17;782.609;1
2017-10-25 06:27:26;730.424;1
2017-10-25 06:28:35;730.498;1
2017-10-25 06:29:44;1095.605;1
2017-10-25 06:30:53;1095.605;1
2017-10-25 06:32:02;1199.965;1
2017-10-25 06:33:11;1147.859;1
2017-10-25 06:34:20;1200.07;1
2017-10-25 06:35:29;1199.948;1
2017-10-25 06:36:38;1095.716;1
2017-10-25 06:37:47;1147.743;1
2017-10-25 06:38:56;1147.909;1
2017-10-25 06:40:05;1095.811;1
2017-10-25 06:41:14;1147.859;1
2017-10-25 06:42:23;1669.71;1
2017-10-25 06:43:32;1930.631;1
2017-10-25 06:44:41;1252.319;1
2017-10-25 06:45:50;1147.909;1
2017-10-25 06:46:59;1617.462;1
2017-10-25 06:48:08;2034.93;1
2017-10-25 06:49:17;1669.662;1
2017-10-25 06:50:26;1252.337;1
2017-10-25 06:51:35;1304.461;1
2017-10-25 06:52:44;1200.087;1
2017-10-25 06:53:53;1252.21;1
2017-10-25 06:55:02;1147.909;1
2017-10-25 06:56:11;1356.6;1
2017-10-25 06:57:20;1878.451;1
2017-10-25 06:58:29;1721.789;1
2017-10-25 06:59:38;1304.575;1
2017-10-25 07:00:47;1304.423;1
2017-10-25 07:01:56;1304.537;1
2017-10-25 07:03:05;1147.893;1
2017-10-25 07:04:14;1304.423;1
2017-10-25 07:05:23;1356.679;1
2017-10-25 07:06:32;1356.522;1
2017-10-25 07:07:41;1304.537;1
2017-10-25 07:08:50;1408.736;1
2017-10-25 07:09:59;1461.018;1
2017-10-25 07:11:08;1513.153;1
2017-10-25 07:12:17;1617.532;1
2017-10-25 07:13:26;1721.889;1
2017-10-25 07:14:35;2347.962;1
2017-10-25 07:15:44;1930.491;1
2017-10-25 07:16:53;1878.288;1
2017-10-25 07:18:02;1878.37;1
2017-10-25 07:19:11;2139.285;1
2017-10-25 07:20:20;1513.131;1
2017-10-25 07:21:29;1356.6;1
2017-10-25 07:22:38;1356.64;1
2017-10-25 07:23:47;1304.348;1
2017-10-25 07:24:56;1356.699;1
2017-10-25 07:26:05;1356.64;1
2017-10-25 07:27:14;1669.565;1
2017-10-25 07:28:23;1200.087;1
2017-10-25 07:29:32;1200.209;1
2017-10-25 07:30:41;1147.943;1
2017-10-25 07:31:50;1095.732;1
2017-10-25 07:32:59;1147.893;1
2017-10-25 07:34:08;1147.959;1
2017-10-25 07:35:17;1095.7;1
2017-10-25 07:36:26;1095.747;1
2017-10-25 07:37:35;1147.876;1
2017-10-25 07:38:44;1095.7;1
2017-10-25 07:39:53;1095.779;1
2017-10-25 07:41:02;1147.893;1
2017-10-25 07:42:11;1095.716;1
2017-10-25 07:43:20;1147.893;1
2017-10-25 07:44:29;1095.779;1
2017-10-25 07:45:38;1147.992;1
2017-10-25 07:46:47;1095.684;1
2017-10-25 07:47:56;1095.795;1
2017-10-25 07:49:05;1147.959;1
2017-10-25 07:50:14;1095.732;1
2017-10-25 07:51:23;1095.7;1
2017-10-25 07:52:32;1095.716;1
2017-10-25 07:53:41;1095.7;1
2017-10-25 07:54:50;1147.926;1
2017-10-25 07:55:59;1095.811;1
2017-10-25 07:57:08;1669.783;1
2017-10-25 07:58:17;1147.793;1
2017-10-25 07:59:26;1095.62;1
2017-10-25 08:00:35;1095.732;1
2017-10-25 08:01:44;1721.789;1
2017-10-25 08:02:53;2191.304;1
2017-10-25 08:04:02;2191.241;1
2017-10-25 08:05:11;2191.241;1
2017-10-25 08:06:20;2191.304;1
2017-10-25 08:07:29;2191.304;1
2017-10-25 08:08:38;2139.099;1
2017-10-25 08:09:47;2869.648;1
2017-10-25 08:10:56;2139.254;1
2017-10-25 08:12:05;2086.805;1
2017-10-25 08:13:14;2765.097;1
2017-10-25 08:14:23;2921.739;1
2017-10-25 08:15:32;2034.989;1
2017-10-25 08:16:41;1982.264;1
2017-10-25 08:17:50;1982.867;1
2017-10-25 08:18:59;1930.519;1
2017-10-25 08:20:08;1930.155;1
2017-10-25 08:21:17;1982.522;1
2017-10-25 08:22:26;1878.315;1
2017-10-25 08:23:35;1930.463;1
2017-10-25 08:24:44;1826.299;1
2017-10-25 08:25:53;2243.446;1
2017-10-25 08:27:02;2295.752;1
2017-10-25 08:28:11;1773.579;1
2017-10-25 08:29:20;1826.166;1
2017-10-25 08:30:29;2191.336;1
2017-10-25 08:31:38;3078.305;1
2017-10-25 08:32:47;1878.397;1
2017-10-25 08:33:56;1773.605;1
2017-10-25 08:35:05;1721.939;1
2017-10-25 08:36:14;1773.836;1
2017-10-25 08:37:23;1982.781;1
2017-10-25 08:38:32;2556.411;1
2017-10-25 08:39:41;2660.792;1
2017-10-25 08:40:50;1721.789;1
2017-10-25 08:41:59;1617.251;1
2017-10-25 08:43:08;1930.463;1
2017-10-25 08:44:17;2713.043;1
2017-10-25 08:45:26;1565.263;1
2017-10-25 08:46:35;1982.637;1
2017-10-25 08:47:44;1826.06;1
2017-10-25 08:48:53;1408.696;1
2017-10-25 08:50:02;1982.436;1
2017-10-25 08:51:11;1408.757;1
2017-10-25 08:52:20;1304.367;1
2017-10-25 08:53:29;1252.065;1
2017-10-25 08:54:38;1147.809;1
2017-10-25 08:55:47;1095.732;1
2017-10-25 08:56:56;1200.157;1
2017-10-25 08:58:05;1252.011;1
2017-10-25 08:59:14;1304.31;1
2017-10-25 09:00:23;1617.462;1
2017-10-25 09:01:32;1930.463;1
2017-10-25 09:02:41;1408.634;1
2017-10-25 09:03:50;1356.6;1
2017-10-25 09:04:59;1877.717;1
2017-10-25 09:06:08;2243.706;1
2017-10-25 09:07:17;2191.558;1
2017-10-25 09:08:26;1199.983;1
2017-10-25 09:09:35;991.29;1
2017-10-25 09:10:44;939.253;1
2017-10-25 09:11:53;886.957;1
2017-10-25 09:13:02;782.541;1
2017-10-25 09:14:11;782.597;1
2017-10-25 09:15:20;469.511;1
2017-10-25 09:16:29;469.647;1
2017-10-25 09:17:38;417.355;1
2017-10-25 09:18:47;469.538;1
2017-10-25 09:19:56;365.26;1
2017-10-25 09:21:05;104.352;1
2017-10-25 09:22:14;0;1
2017-10-25 09:23:23;0;1
2017-10-25 09:24:32;0;1
2017-10-25 09:25:41;0;1
2017-10-25 09:26:50;0;1
2017-10-25 09:27:59;0;1
2017-10-25 09:29:08;104.357;1
2017-10-25 09:30:17;104.354;1
2017-10-25 09:31:26;0;1
2017-10-25 09:32:35;0;1
2017-10-25 09:33:44;0;1
2017-10-25 09:34:53;0;1
2017-10-25 09:36:02;156.51;1
2017-10-25 09:37:11;365.207;1
2017-10-25 09:38:20;0;1
2017-10-25 09:39:29;0;1
2017-10-25 09:40:38;8608.321;1
2017-10-25 09:41:47;15288.064;1
2017-10-25 09:42:56;15807.321;1
2017-10-25 09:44:05;15808.237;1
2017-10-25 09:45:14;15182.169;1
2017-10-25 09:46:23;14973.913;1
2017-10-25 09:47:32;14765.217;1
2017-10-25 09:48:41;14766.287;1
2017-10-25 09:49:50;14295.652;1
2017-10-25 09:50:59;14191.304;1
2017-10-25 09:52:08;14346.786;1
2017-10-25 09:53:17;15340.02;1
2017-10-25 09:54:26;15860.87;1
2017-10-25 09:55:35;16017.623;1
2017-10-25 09:56:44;15599.322;1
2017-10-25 09:57:53;14245.13;1
2017-10-25 09:59:02;14032.952;1
2017-10-25 10:00:11;13878.864;1
2017-10-25 10:01:20;13616.799;1
2017-10-25 10:02:29;15652.174;1
2017-10-25 10:03:38;15860.41;1
2017-10-25 10:04:47;16382.371;1
2017-10-25 10:05:56;15340.02;1
2017-10-25 10:07:05;15390.635;1
2017-10-25 10:08:14;17114.532;1
2017-10-25 10:09:23;17269.065;1
2017-10-25 10:10:32;16224.911;1
2017-10-25 10:11:41;17531.451;1
2017-10-25 10:12:50;16486.001;1
2017-10-25 10:13:59;15912.582;1
2017-10-25 10:15:08;17061.364;1
2017-10-25 10:16:17;17737.845;1
2017-10-25 10:17:26;17893.059;1
2017-10-25 10:18:35;18416.857;1
2017-10-25 10:19:44;19146.994;1
2017-10-25 10:20:53;18938.856;1
2017-10-25 10:22:02;18940.777;1
2017-10-25 10:23:11;19043.202;1
2017-10-25 10:24:20;19094.545;1
2017-10-25 10:25:29;19564.65;1
2017-10-25 10:26:38;19149.491;1
2017-10-25 10:27:47;19094.545;1
2017-10-25 10:28:56;19305.187;1
2017-10-25 10:30:05;19096.206;1
2017-10-25 10:31:14;19096.482;1
2017-10-25 10:32:23;19460.87;1
2017-10-25 10:33:32;12050.777;1
2017-10-25 10:34:41;2817.555;1
2017-10-25 10:35:50;2660.831;1
2017-10-25 10:36:59;782.597;1
2017-10-25 10:38:08;886.931;1
2017-10-25 10:39:17;156.531;1
2017-10-25 10:40:26;0;1
2017-10-25 10:41:35;0;1
2017-10-25 10:42:44;52.176;1
2017-10-25 10:43:53;0;1
2017-10-25 10:45:02;0;1
2017-10-25 10:46:11;0;1
2017-10-25 10:47:20;0;1
2017-10-25 10:48:29;0;1
2017-10-25 10:49:38;0;1
2017-10-25 10:50:47;0;1
2017-10-25 10:51:56;0;1
2017-10-25 10:53:05;0;1
2017-10-25 10:54:14;0;1
2017-10-25 10:55:23;0;1
2017-10-25 10:56:32;0;1
2017-10-25 10:57:41;0;1
2017-10-25 10:58:50;0;1
2017-10-25 10:59:59;0;1
2017-10-25 11:01:08;0;1
2017-10-25 11:02:17;0;1
2017-10-25 11:03:26;0;1
2017-10-25 11:04:35;0;1
2017-10-25 11:05:44;0;1
2017-10-25 11:06:53;0;1
2017-10-25 11:08:02;0;1
2017-10-25 11:09:11;0;1
2017-10-25 11:10:20;0;1
2017-10-25 11:11:29;0;1
2017-10-25 11:12:38;0;1
2017-10-25 11:13:47;0;1
2017-10-25 11:14:56;0;1
2017-10-25 11:16:05;0;1
2017-10-25 11:17:14;52.181;1
2017-10-25 11:18:23;208.708;1
2017-10-25 11:19:32;0;1
2017-10-25 11:20:41;0;1
2017-10-25 11:21:50;0;1
2017-10-25 11:22:59;0;1
2017-10-25 11:24:08;417.434;1
2017-10-25 11:25:17;1408.818;1
2017-10-25 11:26:26;1304.367;1
2017-10-25 11:27:35;991.462;1
2017-10-25 11:28:44;52.18;1
2017-10-25 11:29:53;0;1
2017-10-25 11:31:02;0;1
2017-10-25 11:32:11;0;1
2017-10-25 11:33:20;0;1
2017-10-25 11:34:29;0;1
2017-10-25 11:35:38;0;1
2017-10-25 11:36:47;0;1
2017-10-25 11:37:56;0;1
2017-10-25 11:39:05;0;1
2017-10-25 11:40:14;0;1
2017-10-25 11:41:23;0;1
2017-10-25 11:42:32;0;1
2017-10-25 11:43:40;0;1
2017-10-25 11:44:49;0;1
2017-10-25 11:45:58;0;1
2017-10-25 11:47:07;0;1
2017-10-25 11:48:16;0;1
2017-10-25 11:49:25;0;1
2017-10-25 11:50:34;0;1
2017-10-25 11:51:43;0;1
2017-10-25 11:52:52;0;1
2017-10-25 11:54:01;0;1
2017-10-25 11:55:10;0;1
2017-10-25 11:56:19;0;1
2017-10-25 11:57:28;0;1
2017-10-25 11:58:37;0;1
2017-10-25 11:59:46;0;1
2017-10-25 12:00:55;0;1
2017-10-25 12:02:04;0;1
2017-10-25 12:03:13;0;1
2017-10-25 12:04:22;0;1
2017-10-25 12:05:31;0;1
2017-10-25 12:06:40;0;1
2017-10-25 12:07:49;0;1
2017-10-25 12:08:58;0;1
2017-10-25 12:10:07;0;1
2017-10-25 12:11:16;0;1
2017-10-25 12:12:25;0;1
2017-10-25 12:13:34;0;1
2017-10-25 12:14:43;104.352;1
2017-10-25 12:15:52;0;1
2017-10-25 12:17:01;730.467;1
2017-10-25 12:18:10;834.855;1
2017-10-25 12:19:19;991.405;1
2017-10-25 12:20:28;1773.964;1
2017-10-25 12:21:37;1513.175;1
2017-10-25 12:22:46;1408.777;1
2017-10-25 12:23:55;1408.757;1
2017-10-25 12:25:04;1408.696;1
2017-10-25 12:26:13;1200.139;1
2017-10-25 12:27:22;1095.716;1
2017-10-25 12:28:31;939.267;1
2017-10-25 12:29:40;1043.539;1
2017-10-25 12:30:49;2139.099;1
2017-10-25 12:31:58;1930.323;1
2017-10-25 12:33:07;1826.06;1
2017-10-25 12:34:16;1617.555;1
2017-10-25 12:35:25;1930.463;1
2017-10-25 12:36:34;1930.239;1
2017-10-25 12:37:43;1721.739;1
2017-10-25 12:38:52;2243.478;1
2017-10-25 12:40:01;417.422;1
2017-10-25 12:41:10;0;1
2017-10-25 12:42:19;0;1
2017-10-25 12:43:28;0;1
2017-10-25 12:44:37;0;1
2017-10-25 12:45:46;0;1
2017-10-25 12:46:55;0;1
2017-10-25 12:48:04;0;1
2017-10-25 12:49:13;0;1
2017-10-25 12:50:22;4852.033;1
2017-10-25 12:51:31;11895.307;1
2017-10-25 12:52:40;11843.478;1
2017-10-25 12:53:49;12157.755;1
2017-10-25 12:54:58;12054.096;1
2017-10-25 12:56:07;11844.508;1
2017-10-25 12:57:16;12262.114;1
2017-10-25 12:58:25;12209.58;1
2017-10-25 12:59:34;12157.579;1
2017-10-25 13:00:43;12314.293;1
2017-10-25 13:01:52;12207.634;1
2017-10-25 13:03:01;12418.291;1
2017-10-25 13:04:10;12469.746;1
2017-10-25 13:05:19;11894.273;1
2017-10-25 13:06:28;0;1
2017-10-25 13:07:37;0;1
2017-10-25 13:08:46;0;1
2017-10-25 13:09:55;0;1
2017-10-25 13:11:04;0;1
2017-10-25 13:12:13;0;1
2017-10-25 13:13:22;0;1
2017-10-25 13:14:31;0;1
2017-10-25 13:15:40;0;1
2017-10-25 13:16:49;0;1
2017-10-25 13:17:58;0;1
2017-10-25 13:19:07;0;1
2017-10-25 13:20:16;0;1
2017-10-25 13:21:25;0;1
2017-10-25 13:22:34;0;1
2017-10-25 13:23:43;0;1
2017-10-25 13:24:52;0;1
2017-10-25 13:26:01;0;1
2017-10-25 13:27:10;0;1
2017-10-25 13:28:19;0;1
2017-10-25 13:29:28;0;1
2017-10-25 13:30:37;0;1
2017-10-25 13:31:46;0;1
2017-10-25 13:32:55;0;1
2017-10-25 13:34:04;0;1
2017-10-25 13:35:13;0;1
2017-10-25 13:36:22;0;1
2017-10-25 13:37:31;0;1
2017-10-25 13:38:40;0;1
2017-10-25 13:39:49;0;1
2017-10-25 13:40:58;0;1
2017-10-25 13:42:07;0;1
2017-10-25 13:43:16;0;1
2017-10-25 13:44:25;0;1
2017-10-25 13:45:34;0;1
2017-10-25 13:46:43;0;1
2017-10-25 13:47:52;0;1
2017-10-25 13:49:01;0;1
2017-10-25 13:50:10;0;1
2017-10-25 13:51:19;0;1
2017-10-25 13:52:28;0;1
2017-10-25 13:53:37;0;1
2017-10-25 13:54:46;0;1
2017-10-25 13:55:55;0;1
2017-10-25 13:57:04;0;1
2017-10-25 13:58:13;0;1
2017-10-25 13:59:22;0;1
2017-10-25 14:00:31;0;1
2017-10-25 14:01:40;0;1
2017-10-25 14:02:49;0;1
2017-10-25 14:03:58;0;1
2017-10-25 14:05:07;0;1
2017-10-25 14:06:16;0;1
2017-10-25 14:07:25;0;1
2017-10-25 14:08:34;0;1
2017-10-25 14:09:43;0;1
2017-10-25 14:10:52;0;1
2017-10-25 14:12:01;0;1
2017-10-25 14:13:10;0;1
2017-10-25 14:14:19;0;1
2017-10-25 14:15:28;0;1
2017-10-25 14:16:37;0;1
2017-10-25 14:17:46;0;1
2017-10-25 14:18:55;0;1
2017-10-25 14:20:04;0;1
2017-10-25 14:21:13;0;1
2017-10-25 14:22:22;0;1
2017-10-25 14:23:31;0;1
2017-10-25 14:24:40;0;1
2017-10-25 14:25:49;0;1
2017-10-25 14:26:58;0;1
2017-10-25 14:28:07;0;1
2017-10-25 14:29:16;0;1
2017-10-25 14:30:25;0;1
2017-10-25 14:31:34;0;1
2017-10-25 14:32:43;0;1
2017-10-25 14:33:52;0;1
2017-10-25 14:35:01;0;1
2017-10-25 14:36:10;0;1
2017-10-25 14:37:19;0;1
2017-10-25 14:38:28;0;1
2017-10-25 14:39:37;0;1
2017-10-25 14:40:46;0;1
2017-10-25 14:41:55;0;1
2017-10-25 14:43:04;0;1
2017-10-25 14:44:13;0;1
2017-10-25 14:45:22;0;1
2017-10-25 14:46:31;0;1
2017-10-25 14:47:40;0;1
2017-10-25 14:48:49;0;1
2017-10-25 14:49:58;0;1
2017-10-25 14:51:07;0;1
2017-10-25 14:52:16;0;1
2017-10-25 14:53:25;0;1
2017-10-25 14:54:34;0;1
2017-10-25 14:55:43;0;1
2017-10-25 14:56:52;0;1
2017-10-25 14:58:01;52.171;1
2017-10-25 14:59:10;52.183;1
2017-10-25 15:00:19;104.337;1
2017-10-25 15:01:28;208.687;1
2017-10-25 15:02:37;0;1
2017-10-25 15:03:46;0;1
2017-10-25 15:04:55;0;1
2017-10-25 15:06:04;0;1
2017-10-25 15:07:13;0;1
2017-10-25 15:08:22;0;1
2017-10-25 15:09:31;0;1
2017-10-25 15:10:40;0;1
2017-10-25 15:11:49;0;1
2017-10-25 15:12:58;0;1
2017-10-25 15:14:07;0;1
2017-10-25 15:15:16;0;1
2017-10-25 15:16:25;0;1
2017-10-25 15:17:34;0;1
2017-10-25 15:18:43;0;1
2017-10-25 15:19:52;0;1
2017-10-25 15:21:01;0;1
2017-10-25 15:22:10;0;1
2017-10-25 15:23:19;0;1
2017-10-25 15:24:28;0;1
2017-10-25 15:25:37;0;1
2017-10-25 15:26:46;208.684;1
2017-10-25 15:27:55;365.254;1
2017-10-25 15:29:04;0;1
2017-10-25 15:30:13;0;1
2017-10-25 15:31:22;0;1
2017-10-25 15:32:31;0;1
2017-10-25 15:33:40;52.175;1
2017-10-25 15:34:49;52.174;1
2017-10-25 15:35:58;0;1
2017-10-25 15:37:07;0;1
2017-10-25 15:38:16;0;1
2017-10-25 15:39:25;0;1
2017-10-25 15:40:34;0;1
2017-10-25 15:41:43;0;1
2017-10-25 15:42:52;0;1
2017-10-25 15:44:01;0;1
2017-10-25 15:45:10;0;1
2017-10-25 15:46:19;0;1
2017-10-25 15:47:28;0;1
2017-10-25 15:48:37;0;1
2017-10-25 15:49:46;0;1
2017-10-25 15:50:55;0;1
2017-10-25 15:52:04;0;1
2017-10-25 15:53:13;0;1
2017-10-25 15:54:22;0;1
2017-10-25 15:55:31;0;1
2017-10-25 15:56:40;0;1
2017-10-25 15:57:49;0;1
2017-10-25 15:58:58;0;1
2017-10-25 16:00:07;0;1
2017-10-25 16:01:16;0;1
2017-10-25 16:02:25;0;1
2017-10-25 16:03:34;0;1
2017-10-25 16:04:43;0;1
2017-10-25 16:05:52;0;1
2017-10-25 16:07:01;0;1
2017-10-25 16:08:10;0;1
2017-10-25 16:09:19;0;1
2017-10-25 16:10:28;0;1
2017-10-25 16:11:37;0;1
2017-10-25 16:12:46;0;1
2017-10-25 16:13:55;0;1
2017-10-25 16:15:04;0;1
2017-10-25 16:16:13;0;1
2017-10-25 16:17:22;0;1
2017-10-25 16:18:31;0;1
2017-10-25 16:19:40;0;1
2017-10-25 16:20:49;0;1
2017-10-25 16:21:58;0;1
2017-10-25 16:23:07;0;1
2017-10-25 16:24:16;0;1
2017-10-25 16:25:25;0;1
2017-10-25 16:26:34;0;1
2017-10-25 16:27:43;0;1
2017-10-25 16:28:52;0;1
2017-10-25 16:30:01;0;1
2017-10-25 16:31:10;0;1
2017-10-25 16:32:19;0;1
2017-10-25 16:33:28;0;1
2017-10-25 16:34:37;0;1
2017-10-25 16:35:46;0;1
2017-10-25 16:36:55;0;1
2017-10-25 16:38:04;104.355;1
2017-10-25 16:39:13;104.343;1
2017-10-25 16:40:22;52.17;1
2017-10-25 16:41:31;0;1
2017-10-25 16:42:40;0;1
2017-10-25 16:43:49;0;1
2017-10-25 16:44:58;0;1
2017-10-25 16:46:07;0;1
2017-10-25 16:47:16;0;1
2017-10-25 16:48:25;0;1
2017-10-25 16:49:34;0;1
2017-10-25 16:50:43;0;1
2017-10-25 16:51:52;0;1
2017-10-25 16:53:01;0;1
2017-10-25 16:54:10;0;1
2017-10-25 16:55:19;0;1
2017-10-25 16:56:28;0;1
2017-10-25 16:57:37;0;1
2017-10-25 16:58:46;0;1
2017-10-25 16:59:55;0;1
2017-10-25 17:01:04;0;1
2017-10-25 17:02:13;0;1
2017-10-25 17:03:22;0;1
2017-10-25 17:04:31;52.172;1
2017-10-25 17:05:40;104.36;1
2017-10-25 17:06:49;208.681;1
2017-10-25 17:07:58;208.674;1
2017-10-25 17:09:07;260.873;1
2017-10-25 17:10:16;313.062;1
2017-10-25 17:11:25;313.03;1
2017-10-25 17:12:34;365.217;1
2017-10-25 17:13:43;365.254;1
2017-10-25 17:14:52;365.17;1
2017-10-25 17:16:01;417.416;1
2017-10-25 17:17:10;365.186;1
2017-10-25 17:18:19;417.422;1
2017-10-25 17:19:28;417.373;1
2017-10-25 17:20:37;521.716;1
2017-10-25 17:21:46;417.446;1
2017-10-25 17:22:55;521.709;1
2017-10-25 17:24:04;573.913;1
2017-10-25 17:25:13;730.424;1
2017-10-25 17:26:22;1043.569;1
2017-10-25 17:27:31;1095.541;1
2017-10-25 17:28:40;1095.636;1
2017-10-25 17:29:49;1252.119;1
2017-10-25 17:30:58;1565.217;1
2017-10-25 17:32:07;1252.337;1
2017-10-25 17:33:16;1356.286;1
2017-10-25 17:34:25;1356.659;1
2017-10-25 17:35:34;1408.818;1
2017-10-25 17:36:43;1460.785;1
2017-10-25 17:37:52;1460.848;1
2017-10-25 17:39:01;1513.175;1
2017-10-25 17:40:10;1773.81;1
2017-10-25 17:41:19;1460.891;1
2017-10-25 17:42:28;1460.764;1
2017-10-25 17:43:37;1513;1
2017-10-25 17:44:46;1513.263;1
2017-10-25 17:45:55;1512.868;1
2017-10-25 17:47:04;1512.978;1
2017-10-25 17:48:13;1513.219;1
2017-10-25 17:49:22;1617.321;1
2017-10-25 17:50:31;1565.24;1
2017-10-25 17:51:40;1565.149;1
2017-10-25 17:52:49;1565.285;1
2017-10-25 17:53:58;1565.24;1
2017-10-25 17:55:07;1617.321;1
2017-10-25 17:56:16;2347.962;1
2017-10-25 17:57:25;2191.209;1
2017-10-25 17:58:34;1878.288;1
2017-10-25 17:59:43;1773.836;1
2017-10-25 18:00:52;1826.166;1
2017-10-25 18:02:01;1826.14;1
2017-10-25 18:03:10;1878.179;1
2017-10-25 18:04:19;2034.606;1
2017-10-25 18:05:28;2086.987;1
2017-10-25 18:06:37;1982.666;1
2017-10-25 18:07:46;2034.753;1
2017-10-25 18:08:55;1982.867;1
2017-10-25 18:10:04;1930.239;1
2017-10-25 18:11:13;1878.234;1
2017-10-25 18:12:22;1878.288;1
2017-10-25 18:13:31;1826.034;1
2017-10-25 18:14:40;1826.166;1
2017-10-25 18:15:49;1825.928;1
2017-10-25 18:16:58;1773.964;1
2017-10-25 18:18:07;1826.14;1
2017-10-25 18:19:16;1721.764;1
2017-10-25 18:20:25;1773.939;1
2017-10-25 18:21:34;1773.785;1
2017-10-25 18:22:43;1721.789;1
2017-10-25 18:23:52;1773.81;1
2017-10-25 18:25:01;1774.042;1
2017-10-25 18:26:10;13095.842;1
2017-10-25 18:27:19;17634.016;1
2017-10-25 18:28:28;17636.827;1
2017-10-25 18:29:37;17685.675;1
2017-10-25 18:30:46;17687.469;1
2017-10-25 18:31:55;17686.7;1
2017-10-25 18:33:04;17636.061;1
2017-10-25 18:34:13;17789.5;1
2017-10-25 18:35:22;17842.185;1
2017-10-25 18:36:31;17895.652;1
2017-10-25 18:37:40;17845.03;1
2017-10-25 18:38:49;17893.837;1
2017-10-25 18:39:58;17843.995;1
2017-10-25 18:41:07;17843.995;1
2017-10-25 18:42:16;17844.254;1
2017-10-25 18:43:25;17842.444;1
2017-10-25 18:44:34;17842.702;1
2017-10-25 18:45:43;17845.289;1
2017-10-25 18:46:52;17842.185;1
2017-10-25 18:48:01;17897.727;1
2017-10-25 18:49:10;17893.837;1
2017-10-25 18:50:19;17948.606;1
2017-10-25 18:51:28;17895.652;1
2017-10-25 18:52:37;17895.652;1
2017-10-25 18:53:46;17946.526;1
2017-10-25 18:54:55;17894.874;1
2017-10-25 18:56:04;17948.346;1
2017-10-25 18:57:13;18001.304;1
2017-10-25 18:58:22;17946.786;1
2017-10-25 18:59:31;18000.261;1
2017-10-25 19:00:40;17949.127;1
2017-10-25 19:01:49;17998.696;1
2017-10-25 19:02:58;17948.086;1
2017-10-25 19:04:07;17894.096;1
2017-10-25 19:05:16;17950.428;1
2017-10-25 19:06:25;17991.656;1
2017-10-25 19:07:34;18002.087;1
2017-10-25 19:08:43;18000.522;1
2017-10-25 19:09:52;17896.43;1
2017-10-25 19:11:01;17998.696;1
2017-10-25 19:12:10;17947.826;1
2017-10-25 19:13:19;18000.522;1
2017-10-25 19:14:28;18000.261;1
2017-10-25 19:15:37;17946.526;1
2017-10-25 19:16:46;18260.87;1
2017-10-25 19:17:55;17949.387;1
2017-10-25 19:19:04;17998.957;1
2017-10-25 19:20:13;17946.526;1
2017-10-25 19:21:22;17947.046;1
2017-10-25 19:22:31;17950.167;1
2017-10-25 19:23:40;17944.705;1
2017-10-25 19:24:49;18000.522;1
2017-10-25 19:25:58;17949.127;1
2017-10-25 19:27:07;17948.346;1
2017-10-25 19:28:16;17947.566;1
2017-10-25 19:29:25;17946.786;1
2017-10-25 19:30:34;17948.867;1
2017-10-25 19:31:43;17999.478;1
2017-10-25 19:32:52;18000.522;1
2017-10-25 19:34:01;17948.086;1
2017-10-25 19:35:10;17948.606;1
2017-10-25 19:36:19;17840.893;1
2017-10-25 19:37:28;17897.468;1
2017-10-25 19:38:37;17843.995;1
2017-10-25 19:39:46;17895.133;1
2017-10-25 19:40:55;17845.806;1
2017-10-25 19:42:04;17896.949;1
2017-10-25 19:43:13;17842.961;1
2017-10-25 19:44:22;17844.771;1
2017-10-25 19:45:31;17845.03;1
2017-10-25 19:46:40;17843.22;1
2017-10-25 19:47:49;17843.478;1
2017-10-25 19:48:58;17894.096;1
2017-10-25 19:50:07;17897.208;1
2017-10-25 19:51:16;17893.318;1
2017-10-25 19:52:25;17948.346;1
2017-10-25 19:53:34;17948.346;1
2017-10-25 19:54:43;17948.086;1
2017-10-25 19:55:52;18419.527;1
2017-10-25 19:57:01;17947.306;1
2017-10-25 19:58:10;17949.127;1
2017-10-25 19:59:19;17949.127;1
2017-10-25 20:00:28;17845.547;1
2017-10-25 20:01:37;17739.902;1
2017-10-25 20:02:46;17740.159;1
2017-10-25 20:03:55;17792.594;1
2017-10-25 20:05:04;17740.673;1
2017-10-25 20:06:13;17740.673;1
2017-10-25 20:07:22;17739.902;1
2017-10-25 20:08:31;17688.495;1
2017-10-25 20:09:40;17739.13;1
2017-10-25 20:10:49;17635.038;1
2017-10-25 20:11:58;17791.047;1
2017-10-25 20:13:07;17687.982;1
2017-10-25 20:14:16;17530.435;1
2017-10-25 20:15:25;17636.316;1
2017-10-25 20:16:34;17636.316;1
2017-10-25 20:17:43;17689.264;1
2017-10-25 20:18:52;17689.007;1
2017-10-25 20:20:01;17686.444;1
2017-10-25 20:21:10;17688.751;1
2017-10-25 20:22:19;17688.751;1
2017-10-25 20:23:28;17636.827;1
2017-10-25 20:24:37;17687.982;1
2017-10-25 20:25:46;17635.805;1
2017-10-25 20:26:55;17739.13;1
2017-10-25 20:28:04;17687.982;1
2017-10-25 20:29:13;17739.902;1
2017-10-25 20:30:22;17689.52;1
2017-10-25 20:31:31;17792.336;1
2017-10-25 20:32:40;17842.961;1
2017-10-25 20:33:49;17740.416;1
2017-10-25 20:34:58;18470.636;1
2017-10-25 20:36:07;17740.416;1
2017-10-25 20:37:16;17688.495;1
2017-10-25 20:38:25;17688.495;1
2017-10-25 20:39:34;17687.982;1
2017-10-25 20:40:43;17636.572;1
2017-10-25 20:41:52;17740.416;1
2017-10-25 20:43:01;17687.726;1
2017-10-25 20:44:10;17688.495;1
2017-10-25 20:45:19;17689.007;1
2017-10-25 20:46:28;17740.93;1
2017-10-25 20:47:37;17687.726;1
2017-10-25 20:48:46;17687.982;1
2017-10-25 20:49:55;17634.527;1
2017-10-25 20:51:04;17688.495;1
2017-10-25 20:52:13;17689.264;1
2017-10-25 20:53:22;17740.416;1
2017-10-25 20:54:31;17687.726;1
2017-10-25 20:55:40;17740.159;1
2017-10-25 20:56:49;17739.902;1
2017-10-25 20:57:58;17845.03;1
2017-10-25 20:59:07;17688.238;1
2017-10-25 21:00:16;17739.902;1
2017-10-25 21:01:25;18523.35;1
2017-10-25 21:02:34;17896.69;1
2017-10-25 21:03:43;17843.737;1
2017-10-25 21:04:52;17844.513;1
2017-10-25 21:06:01;17896.69;1
2017-10-25 21:07:10;17843.737;1
2017-10-25 21:08:19;17897.727;1
2017-10-25 21:09:28;17843.995;1
2017-10-25 21:10:37;17793.367;1
2017-10-25 21:11:46;17843.478;1
2017-10-25 21:12:55;17740.416;1
2017-10-25 21:14:04;17740.93;1
2017-10-25 21:15:13;17844.513;1
2017-10-25 21:16:22;17897.727;1
2017-10-25 21:17:31;17897.208;1
2017-10-25 21:18:40;17897.208;1
2017-10-25 21:19:49;17897.208;1
2017-10-25 21:20:58;17948.867;1
2017-10-25 21:22:07;18001.565;1
2017-10-25 21:23:16;17948.867;1
2017-10-25 21:24:25;17898.246;1
2017-10-25 21:25:34;17895.912;1
2017-10-25 21:26:43;17948.867;1
2017-10-25 21:27:52;17897.987;1
2017-10-25 21:29:01;17947.826;1
2017-10-25 21:30:10;17949.127;1
2017-10-25 21:31:19;17896.171;1
2017-10-25 21:32:28;17896.43;1
2017-10-25 21:33:37;17532.213;1
2017-10-25 21:34:46;17480.288;1
2017-10-25 21:35:55;17530.435;1
2017-10-25 21:37:04;17480.288;1
2017-10-25 21:38:13;17583.373;1
2017-10-25 21:39:22;17480.034;1
2017-10-25 21:40:31;17531.197;1
2017-10-25 21:41:40;17531.705;1
2017-10-25 21:42:49;17479.781;1
2017-10-25 21:43:58;17533.23;1
2017-10-25 21:45:07;17530.943;1
2017-10-25 21:46:16;17531.451;1
2017-10-25 21:47:25;17480.794;1
2017-10-25 21:48:34;17530.943;1
2017-10-25 21:49:42;17479.274;1
2017-10-25 21:50:51;17948.346;1
2017-10-25 21:52:00;18104.61;1
2017-10-25 21:53:09;17583.883;1
2017-10-25 21:54:18;17531.705;1
2017-10-25 21:55:27;17582.609;1
2017-10-25 21:56:36;17581.844;1
2017-10-25 21:57:45;17374.668;1
2017-10-25 21:58:54;17374.417;1
2017-10-25 22:00:03;17477.248;1
2017-10-25 22:01:12;17427.602;1
2017-10-25 22:02:21;17372.906;1
2017-10-25 22:03:30;17424.824;1
2017-10-25 22:04:39;17373.661;1
2017-10-25 22:05:48;4017.566;1
2017-10-25 22:06:57;0;1
2017-10-25 22:08:07;0;1
2017-10-25 22:09:16;0;1
2017-10-25 22:10:25;0;1
2017-10-25 22:11:34;0;1
2017-10-25 22:12:43;0;1
2017-10-25 22:13:52;0;1
2017-10-25 22:15:01;0;1
2017-10-25 22:16:10;0;1
2017-10-25 22:17:19;0;1
2017-10-25 22:18:28;0;1
2017-10-25 22:19:37;0;1
2017-10-25 22:20:46;0;1
2017-10-25 22:21:55;0;1
2017-10-25 22:23:04;0;1
2017-10-25 22:24:13;0;1
2017-10-25 22:25:22;0;1
2017-10-25 22:26:31;0;1
2017-10-25 22:27:40;0;1
2017-10-25 22:28:49;0;1
2017-10-25 22:29:58;0;1
2017-10-25 22:31:07;0;1
2017-10-25 22:32:16;0;1
2017-10-25 22:33:25;0;1
2017-10-25 22:34:34;0;1
2017-10-25 22:35:43;0;1
2017-10-25 22:36:52;0;1
2017-10-25 22:38:01;0;1
2017-10-25 22:39:10;0;1
2017-10-25 22:40:19;0;1
2017-10-25 22:41:28;0;1
2017-10-25 22:42:37;0;1
2017-10-25 22:43:46;0;1
2017-10-25 22:44:55;0;1
2017-10-25 22:46:04;0;1
2017-10-25 22:47:13;0;1
2017-10-25 22:48:22;0;1
2017-10-25 22:49:31;0;1
2017-10-25 22:50:40;0;1
2017-10-25 22:51:49;0;1
2017-10-25 22:52:58;0;1
2017-10-25 22:54:07;0;1
2017-10-25 22:55:16;0;1
2017-10-25 22:56:25;0;1
2017-10-25 22:57:34;0;1
2017-10-25 22:58:43;0;1
2017-10-25 22:59:52;0;1
2017-10-25 23:01:01;0;1
2017-10-25 23:02:10;0;1
2017-10-25 23:03:19;0;1
2017-10-25 23:04:28;0;1
2017-10-25 23:05:37;0;1
2017-10-25 23:06:46;0;1
2017-10-25 23:07:55;0;1
2017-10-25 23:09:04;0;1
2017-10-25 23:10:13;0;1
2017-10-25 23:11:22;0;1
2017-10-25 23:12:31;0;1
2017-10-25 23:13:40;0;1
2017-10-25 23:14:49;0;1
2017-10-25 23:15:58;0;1
2017-10-25 23:17:07;0;1
2017-10-25 23:18:16;0;1
2017-10-25 23:19:25;0;1
2017-10-25 23:20:34;0;1
2017-10-25 23:21:43;0;1
2017-10-25 23:22:52;0;1
2017-10-25 23:24:01;0;1
2017-10-25 23:25:10;0;1
2017-10-25 23:26:19;0;1
2017-10-25 23:27:28;0;1
2017-10-25 23:28:37;0;1
2017-10-25 23:29:46;0;1
2017-10-25 23:30:55;0;1
2017-10-25 23:32:04;0;1
2017-10-25 23:33:13;0;1
2017-10-25 23:34:22;0;1
2017-10-25 23:35:31;0;1
2017-10-25 23:36:40;0;1
2017-10-25 23:37:49;0;1
2017-10-25 23:38:58;0;1
2017-10-25 23:40:07;0;1
2017-10-25 23:41:16;0;1
2017-10-25 23:42:25;0;1
2017-10-25 23:43:34;0;1
2017-10-25 23:44:43;0;1
2017-10-25 23:45:52;0;1
2017-10-25 23:47:01;0;1
2017-10-25 23:48:10;0;1
2017-10-25 23:49:19;0;1
2017-10-25 23:50:27;0;1
2017-10-25 23:51:37;0;1
2017-10-25 23:52:45;0;1
2017-10-25 23:53:54;0;1
2017-10-25 23:55:03;0;1
2017-10-25 23:56:12;0;1
2017-10-25 23:57:22;0;1
2017-10-25 23:58:31;0;1
2017-10-25 23:59:40;0;1
2017-10-26 00:00:49;0;1
2017-10-26 00:01:58;0;1
2017-10-26 00:03:07;0;1
2017-10-26 00:04:16;0;1
2017-10-26 00:05:25;0;1
2017-10-26 00:06:34;0;1
2017-10-26 00:07:43;0;1
2017-10-26 00:08:52;0;1
2017-10-26 00:10:01;0;1
2017-10-26 00:11:10;0;1
2017-10-26 00:12:19;0;1
2017-10-26 00:13:28;0;1
2017-10-26 00:14:37;0;1
2017-10-26 00:15:45;0;1
2017-10-26 00:16:54;0;1
2017-10-26 00:18:03;0;1
2017-10-26 00:19:12;0;1
2017-10-26 00:20:21;0;1
2017-10-26 00:21:30;0;1
2017-10-26 00:22:39;0;1
2017-10-26 00:23:48;0;1
2017-10-26 00:24:57;0;1
2017-10-26 00:26:06;0;1
2017-10-26 00:27:15;0;1
2017-10-26 00:28:24;0;1
2017-10-26 00:29:33;0;1
2017-10-26 00:30:42;0;1
2017-10-26 00:31:51;0;1
2017-10-26 00:33:00;0;1
2017-10-26 00:34:09;0;1
2017-10-26 00:35:18;0;1
2017-10-26 00:36:27;0;1
2017-10-26 00:37:36;0;1
2017-10-26 00:38:45;0;1
2017-10-26 00:39:54;0;1
2017-10-26 00:41:03;0;1
2017-10-26 00:42:12;0;1
2017-10-26 00:43:21;0;1
2017-10-26 00:44:30;0;1
2017-10-26 00:45:39;0;1
2017-10-26 00:46:48;0;1
2017-10-26 00:47:57;0;1
2017-10-26 00:49:06;0;1
2017-10-26 00:50:15;0;1
2017-10-26 00:51:24;0;1
2017-10-26 00:52:33;0;1
2017-10-26 00:53:42;0;1
2017-10-26 00:54:51;0;1
2017-10-26 00:56:00;0;1
2017-10-26 00:57:09;0;1
2017-10-26 00:58:18;0;1
2017-10-26 00:59:27;0;1
2017-10-26 01:00:36;0;1
2017-10-26 01:01:45;0;1
2017-10-26 01:02:54;0;1
2017-10-26 01:04:03;0;1
2017-10-26 01:05:12;0;1
2017-10-26 01:06:21;0;1
2017-10-26 01:07:30;0;1
2017-10-26 01:08:39;0;1
2017-10-26 01:09:48;0;1
2017-10-26 01:10:57;0;1
2017-10-26 01:12:06;0;1
2017-10-26 01:13:15;0;1
2017-10-26 01:14:24;0;1
2017-10-26 01:15:33;0;1
2017-10-26 01:16:42;0;1
2017-10-26 01:17:51;0;1
2017-10-26 01:19:00;0;1
2017-10-26 01:20:09;0;1
2017-10-26 01:21:18;0;1
2017-10-26 01:22:27;0;1
2017-10-26 01:23:36;0;1
2017-10-26 01:24:45;0;1
2017-10-26 01:25:54;0;1
2017-10-26 01:27:03;0;1
2017-10-26 01:28:12;0;1
2017-10-26 01:29:21;0;1
2017-10-26 01:30:30;0;1
2017-10-26 01:31:39;0;1
2017-10-26 01:32:48;0;1
2017-10-26 01:33:57;0;1
2017-10-26 01:35:06;0;1
2017-10-26 01:36:15;0;1
2017-10-26 01:37:24;0;1
2017-10-26 01:38:33;0;1
2017-10-26 01:39:42;0;1
2017-10-26 01:40:51;0;1
2017-10-26 01:42:00;0;1
2017-10-26 01:43:09;0;1
2017-10-26 01:44:18;0;1
2017-10-26 01:45:27;0;1
2017-10-26 01:46:36;0;1
2017-10-26 01:47:45;0;1
2017-10-26 01:48:54;0;1
2017-10-26 01:50:03;0;1
2017-10-26 01:51:12;0;1
2017-10-26 01:52:21;0;1
2017-10-26 01:53:30;0;1
2017-10-26 01:54:39;0;1
2017-10-26 01:55:48;0;1
2017-10-26 01:56:57;0;1
2017-10-26 01:58:06;0;1
2017-10-26 01:59:15;0;1
2017-10-26 02:00:24;0;1
2017-10-26 02:01:33;0;1
2017-10-26 02:02:42;0;1
2017-10-26 02:03:51;0;1
2017-10-26 02:05:00;0;1
2017-10-26 02:06:09;0;1
2017-10-26 02:07:18;0;1
2017-10-26 02:08:27;0;1
2017-10-26 02:09:36;0;1
2017-10-26 02:10:45;0;1
2017-10-26 02:11:54;0;1
2017-10-26 02:13:03;0;1
2017-10-26 02:14:12;0;1
2017-10-26 02:15:21;0;1
2017-10-26 02:16:30;0;1
2017-10-26 02:17:39;0;1
2017-10-26 02:18:48;0;1
2017-10-26 02:19:57;0;1
2017-10-26 02:21:06;0;1
2017-10-26 02:22:15;0;1
2017-10-26 02:23:24;0;1
2017-10-26 02:24:33;0;1
2017-10-26 02:25:42;0;1
2017-10-26 02:26:51;0;1
2017-10-26 02:28:00;0;1
2017-10-26 02:29:09;0;1
2017-10-26 02:30:18;0;1
2017-10-26 02:31:27;0;1
2017-10-26 02:32:36;0;1
2017-10-26 02:33:45;0;1
2017-10-26 02:34:54;0;1
2017-10-26 02:36:03;0;1
2017-10-26 02:37:12;0;1
2017-10-26 02:38:21;0;1
2017-10-26 02:39:30;0;1
2017-10-26 02:40:39;0;1
2017-10-26 02:41:48;0;1
2017-10-26 02:42:57;0;1
2017-10-26 02:44:06;0;1
2017-10-26 02:45:15;0;1
2017-10-26 02:46:24;0;1
2017-10-26 02:47:33;0;1
2017-10-26 02:48:42;0;1
2017-10-26 02:49:51;0;1
2017-10-26 02:51:00;0;1
2017-10-26 02:52:09;0;1
2017-10-26 02:53:18;0;1
2017-10-26 02:54:27;0;1
2017-10-26 02:55:36;0;1
2017-10-26 02:56:45;0;1
2017-10-26 02:57:54;0;1
2017-10-26 02:59:03;0;1
2017-10-26 03:00:12;0;1
2017-10-26 03:01:21;0;1
2017-10-26 03:02:30;0;1
2017-10-26 03:03:39;0;1
2017-10-26 03:04:48;0;1
2017-10-26 03:05:57;0;1
2017-10-26 03:07:06;0;1
2017-10-26 03:08:15;0;1
2017-10-26 03:09:24;0;1
2017-10-26 03:10:33;0;1
2017-10-26 03:11:42;0;1
2017-10-26 03:12:51;0;1
2017-10-26 03:14:00;0;1
2017-10-26 03:15:09;0;1
2017-10-26 03:16:18;0;1
2017-10-26 03:17:27;0;1
2017-10-26 03:18:36;0;1
2017-10-26 03:19:45;0;1
2017-10-26 03:20:54;0;1
2017-10-26 03:22:03;0;1
2017-10-26 03:23:12;0;1
2017-10-26 03:24:21;0;1
2017-10-26 03:25:30;0;1
2017-10-26 03:26:39;0;1
2017-10-26 03:27:48;0;1
2017-10-26 03:28:57;0;1
2017-10-26 03:30:06;0;1
2017-10-26 03:31:15;0;1
2017-10-26 03:32:24;0;1
2017-10-26 03:33:33;0;1
2017-10-26 03:34:42;0;1
2017-10-26 03:35:51;0;1
2017-10-26 03:37:00;0;1
2017-10-26 03:38:09;0;1
2017-10-26 03:39:18;0;1
2017-10-26 03:40:27;0;1
2017-10-26 03:41:36;0;1
2017-10-26 03:42:45;0;1
2017-10-26 03:43:54;0;1
2017-10-26 03:45:03;0;1
2017-10-26 03:46:12;0;1
2017-10-26 03:47:21;0;1
2017-10-26 03:48:30;0;1
2017-10-26 03:49:39;0;1
2017-10-26 03:50:48;0;1
2017-10-26 03:51:57;0;1
2017-10-26 03:53:06;0;1
2017-10-26 03:54:15;0;1
2017-10-26 03:55:24;0;1
2017-10-26 03:56:33;0;1
2017-10-26 03:57:42;0;1
2017-10-26 03:58:51;0;1
2017-10-26 04:00:00;0;1
2017-10-26 04:01:09;0;1
2017-10-26 04:02:18;0;1
2017-10-26 04:03:27;0;1
2017-10-26 04:04:36;0;1
2017-10-26 04:06:56;0;1
2017-10-26 04:08:22;0;1
2017-10-26 04:09:31;0;1
2017-10-26 04:10:40;0;1
2017-10-26 04:11:49;0;1
2017-10-26 04:12:58;0;1
2017-10-26 04:14:07;0;1
2017-10-26 04:15:16;0;1
2017-10-26 04:16:25;0;1
2017-10-26 04:17:34;0;1
2017-10-26 04:18:43;0;1
2017-10-26 04:19:52;0;1
2017-10-26 04:21:01;0;1
2017-10-26 04:22:10;0;1
2017-10-26 04:23:19;0;1
2017-10-26 04:24:28;0;1
2017-10-26 04:25:37;0;1
2017-10-26 04:26:46;0;1
2017-10-26 04:27:55;0;1
2017-10-26 04:29:04;0;1
2017-10-26 04:30:13;0;1
2017-10-26 04:31:22;0;1
2017-10-26 04:32:31;0;1
2017-10-26 04:33:40;0;1
2017-10-26 04:34:49;0;1
2017-10-26 04:35:58;0;1
2017-10-26 04:37:07;0;1
2017-10-26 04:38:16;0;1
2017-10-26 04:39:25;0;1
2017-10-26 04:40:34;0;1
2017-10-26 04:41:43;0;1
2017-10-26 04:42:52;0;1
2017-10-26 04:44:01;0;1
2017-10-26 04:45:10;0;1
2017-10-26 04:46:19;0;1
2017-10-26 04:47:28;0;1
2017-10-26 04:48:37;0;1
2017-10-26 04:49:46;0;1
2017-10-26 04:50:55;0;1
2017-10-26 04:52:04;0;1
2017-10-26 04:53:13;0;1
2017-10-26 04:54:22;0;1
2017-10-26 04:55:31;0;1
2017-10-26 04:56:40;0;1
2017-10-26 04:57:49;0;1
2017-10-26 04:58:58;0;1
2017-10-26 05:00:07;0;1
2017-10-26 05:01:16;0;1
2017-10-26 05:02:25;0;1
2017-10-26 05:03:34;0;1
2017-10-26 05:04:43;0;1
2017-10-26 05:05:52;0;1
2017-10-26 05:07:01;0;1
2017-10-26 05:08:10;0;1
2017-10-26 05:09:19;0;1
2017-10-26 05:10:28;0;1
2017-10-26 05:11:37;0;1
2017-10-26 05:12:46;0;1
2017-10-26 05:13:55;0;1
2017-10-26 05:15:04;0;1
2017-10-26 05:16:13;0;1
2017-10-26 05:17:22;0;1
2017-10-26 05:18:31;0;1
2017-10-26 05:19:40;0;1
2017-10-26 05:20:49;0;1
2017-10-26 05:21:58;0;1
2017-10-26 05:23:07;0;1
2017-10-26 05:24:16;0;1
2017-10-26 05:25:25;0;1
2017-10-26 05:26:34;0;1
2017-10-26 05:27:43;0;1
2017-10-26 05:28:52;0;1
2017-10-26 05:30:01;0;1
2017-10-26 05:31:10;0;1
2017-10-26 05:32:19;0;1
2017-10-26 05:33:28;0;1
2017-10-26 05:34:37;0;1
2017-10-26 05:35:46;0;1
2017-10-26 05:36:55;0;1
2017-10-26 05:38:04;0;1
2017-10-26 05:39:13;0;1
2017-10-26 05:40:22;0;1
2017-10-26 05:41:31;0;1
2017-10-26 05:42:40;0;1
2017-10-26 05:43:49;0;1
2017-10-26 05:44:58;0;1
2017-10-26 05:46:07;0;1
2017-10-26 05:47:16;0;1
2017-10-26 05:48:25;0;1
2017-10-26 05:49:34;0;1
2017-10-26 05:50:43;0;1
2017-10-26 05:51:52;0;1
2017-10-26 05:53:01;0;1
2017-10-26 05:54:10;0;1
2017-10-26 05:55:19;0;1
2017-10-26 05:56:28;0;1
2017-10-26 05:57:37;0;1
2017-10-26 05:58:46;0;1
2017-10-26 05:59:55;0;1
2017-10-26 06:01:04;0;1
2017-10-26 06:02:13;0;1
2017-10-26 06:03:22;0;1
2017-10-26 06:04:31;0;1
2017-10-26 06:05:40;417.349;1
2017-10-26 06:06:49;626.114;1
2017-10-26 06:07:58;626.06;1
2017-10-26 06:09:07;626.105;1
2017-10-26 06:10:16;626.051;1
2017-10-26 06:11:25;626.087;1
2017-10-26 06:12:34;626.087;1
2017-10-26 06:13:43;626.15;1
2017-10-26 06:14:52;626.042;1
2017-10-26 06:16:01;626.06;1
2017-10-26 06:17:10;573.896;1
2017-10-26 06:18:19;626.132;1
2017-10-26 06:19:28;626.087;1
2017-10-26 06:20:37;626.141;1
2017-10-26 06:21:46;730.403;1
2017-10-26 06:22:55;782.575;1
2017-10-26 06:24:04;730.477;1
2017-10-26 06:25:13;782.699;1
2017-10-26 06:26:22;782.688;1
2017-10-26 06:27:31;730.53;1
2017-10-26 06:28:40;782.677;1
2017-10-26 06:29:49;782.699;1
2017-10-26 06:30:58;730.414;1
2017-10-26 06:32:07;834.831;1
2017-10-26 06:33:16;730.456;1
2017-10-26 06:34:25;834.662;1
2017-10-26 06:35:34;782.597;1
2017-10-26 06:36:43;730.467;1
2017-10-26 06:37:52;730.456;1
2017-10-26 06:39:01;730.403;1
2017-10-26 06:40:10;782.597;1
2017-10-26 06:41:19;730.519;1
2017-10-26 06:42:28;730.371;1
2017-10-26 06:43:37;730.498;1
2017-10-26 06:44:46;730.424;1
2017-10-26 06:45:55;730.414;1
2017-10-26 06:47:04;730.403;1
2017-10-26 06:48:13;730.488;1
2017-10-26 06:49:22;730.34;1
2017-10-26 06:50:31;730.488;1
2017-10-26 06:51:40;730.435;1
2017-10-26 06:52:49;730.435;1
2017-10-26 06:53:58;730.361;1
2017-10-26 06:55:07;730.424;1
2017-10-26 06:56:16;730.445;1
2017-10-26 06:57:25;730.424;1
2017-10-26 06:58:34;730.435;1
2017-10-26 06:59:43;730.435;1
2017-10-26 07:00:52;730.424;1
2017-10-26 07:02:01;730.519;1
2017-10-26 07:03:10;730.445;1
2017-10-26 07:04:19;730.519;1
2017-10-26 07:05:28;782.654;1
2017-10-26 07:06:37;678.33;1
2017-10-26 07:07:46;782.654;1
2017-10-26 07:08:55;678.271;1
2017-10-26 07:10:04;730.456;1
2017-10-26 07:11:13;730.488;1
2017-10-26 07:12:22;730.519;1
2017-10-26 07:13:31;730.456;1
2017-10-26 07:14:40;678.261;1
2017-10-26 07:15:49;730.467;1
2017-10-26 07:16:58;730.509;1
2017-10-26 07:18:07;730.498;1
2017-10-26 07:19:16;730.456;1
2017-10-26 07:20:25;730.445;1
2017-10-26 07:21:34;730.509;1
2017-10-26 07:22:43;730.519;1
2017-10-26 07:23:52;678.349;1
2017-10-26 07:25:01;730.414;1
2017-10-26 07:26:10;730.477;1
2017-10-26 07:27:19;730.488;1
2017-10-26 07:28:28;730.53;1
2017-10-26 07:29:37;678.261;1
2017-10-26 07:30:46;730.498;1
2017-10-26 07:31:55;730.488;1
2017-10-26 07:33:03;730.445;1
2017-10-26 07:34:12;730.456;1
2017-10-26 07:35:21;678.31;1
2017-10-26 07:36:30;678.31;1
2017-10-26 07:37:39;573.963;1
2017-10-26 07:38:48;626.096;1
2017-10-26 07:39:57;626.15;1
2017-10-26 07:41:06;626.123;1
2017-10-26 07:42:15;626.141;1
2017-10-26 07:43:24;573.938;1
2017-10-26 07:44:33;626.114;1
2017-10-26 07:45:42;626.114;1
2017-10-26 07:46:51;626.187;1
2017-10-26 07:48:00;573.971;1
2017-10-26 07:49:09;626.078;1
2017-10-26 07:50:18;626.114;1
2017-10-26 07:51:27;573.971;1
2017-10-26 07:52:36;626.132;1
2017-10-26 07:53:45;626.114;1
2017-10-26 07:54:54;573.938;1
2017-10-26 07:56:03;626.15;1
2017-10-26 07:57:12;626.132;1
2017-10-26 07:58:21;573.971;1
2017-10-26 07:59:30;626.105;1
2017-10-26 08:00:39;626.15;1
2017-10-26 08:01:48;626.16;1
2017-10-26 08:02:57;573.938;1
2017-10-26 08:04:06;626.16;1
2017-10-26 08:05:15;626.087;1
2017-10-26 08:06:24;626.069;1
2017-10-26 08:07:33;626.114;1
2017-10-26 08:08:42;626.141;1
2017-10-26 08:09:51;626.087;1
2017-10-26 08:11:00;521.785;1
2017-10-26 08:12:09;521.769;1
2017-10-26 08:13:18;521.762;1
2017-10-26 08:14:27;521.754;1
2017-10-26 08:15:36;469.613;1
2017-10-26 08:16:45;469.606;1
2017-10-26 08:17:54;469.579;1
2017-10-26 08:19:03;417.44;1
2017-10-26 08:20:12;417.385;1
2017-10-26 08:21:21;417.434;1
2017-10-26 08:22:30;365.249;1
2017-10-26 08:23:39;365.265;1
2017-10-26 08:24:48;313.075;1
2017-10-26 08:25:57;365.239;1
2017-10-26 08:27:06;313.066;1
2017-10-26 08:28:15;365.244;1
2017-10-26 08:29:24;313.062;1
2017-10-26 08:30:33;313.053;1
2017-10-26 08:31:42;365.265;1
2017-10-26 08:32:51;313.08;1
2017-10-26 08:34:00;313.066;1
2017-10-26 08:35:09;313.084;1
2017-10-26 08:36:18;313.043;1
2017-10-26 08:37:27;365.217;1
2017-10-26 08:38:36;313.039;1
2017-10-26 08:39:45;313.048;1
2017-10-26 08:40:54;260.858;1
2017-10-26 08:42:03;208.714;1
2017-10-26 08:43:12;156.526;1
2017-10-26 08:44:21;52.171;1
2017-10-26 08:45:30;0;1
2017-10-26 08:46:39;0;1
2017-10-26 08:47:48;0;1
2017-10-26 08:48:57;0;1
2017-10-26 08:50:06;0;1
2017-10-26 08:51:15;0;1
2017-10-26 08:52:24;0;1
2017-10-26 08:53:33;0;1
2017-10-26 08:54:42;0;1
2017-10-26 08:55:51;0;1
2017-10-26 08:57:00;0;1
2017-10-26 08:58:09;0;1
2017-10-26 08:59:18;0;1
2017-10-26 09:00:27;0;1
2017-10-26 09:01:36;0;1
2017-10-26 09:02:45;0;1
2017-10-26 09:03:54;0;1
2017-10-26 09:05:03;0;1
2017-10-26 09:06:12;0;1
2017-10-26 09:07:21;0;1
2017-10-26 09:08:30;0;1
2017-10-26 09:09:39;0;1
2017-10-26 09:10:48;0;1
2017-10-26 09:11:57;0;1
2017-10-26 09:13:06;0;1
2017-10-26 09:14:15;0;1
2017-10-26 09:15:24;0;1
2017-10-26 09:16:33;0;1
2017-10-26 09:17:42;0;1
2017-10-26 09:18:51;0;1
2017-10-26 09:20:00;0;1
2017-10-26 09:21:09;0;1
2017-10-26 09:22:18;0;1
2017-10-26 09:23:27;0;1
2017-10-26 09:24:36;0;1
2017-10-26 09:25:45;0;1
2017-10-26 09:26:54;0;1
2017-10-26 09:28:03;0;1
2017-10-26 09:29:12;0;1
2017-10-26 09:30:21;0;1
2017-10-26 09:31:30;0;1
2017-10-26 09:32:39;0;1
2017-10-26 09:33:48;0;1
2017-10-26 09:34:57;0;1
2017-10-26 09:36:06;0;1
2017-10-26 09:37:15;0;1
2017-10-26 09:38:24;0;1
2017-10-26 09:39:33;0;1
2017-10-26 09:40:42;0;1
2017-10-26 09:41:51;0;1
2017-10-26 09:43:00;0;1
2017-10-26 09:44:09;0;1
2017-10-26 09:45:18;0;1
2017-10-26 09:46:27;0;1
2017-10-26 09:47:36;0;1
2017-10-26 09:48:45;0;1
2017-10-26 09:49:54;0;1
2017-10-26 09:51:03;0;1
2017-10-26 09:52:12;0;1
2017-10-26 09:53:21;0;1
2017-10-26 09:54:30;0;1
2017-10-26 09:55:39;0;1
2017-10-26 09:56:48;0;1
2017-10-26 09:57:57;0;1
2017-10-26 09:59:06;0;1
2017-10-26 10:00:15;0;1
2017-10-26 10:01:24;0;1
2017-10-26 10:02:33;0;1
2017-10-26 10:03:42;0;1
2017-10-26 10:04:51;0;1
2017-10-26 10:06:00;0;1
2017-10-26 10:07:09;0;1
2017-10-26 10:08:18;0;1
2017-10-26 10:09:27;0;1
2017-10-26 10:10:36;0;1
2017-10-26 10:11:45;0;1
2017-10-26 10:12:54;0;1
2017-10-26 10:14:03;0;1
2017-10-26 10:15:12;0;1
2017-10-26 10:16:21;0;1
2017-10-26 10:17:30;0;1
2017-10-26 10:18:39;0;1
2017-10-26 10:19:48;0;1
2017-10-26 10:20:57;0;1
2017-10-26 10:22:06;0;1
2017-10-26 10:23:15;0;1
2017-10-26 10:24:24;0;1
2017-10-26 10:25:33;0;1
2017-10-26 10:26:42;0;1
2017-10-26 10:27:51;0;1
2017-10-26 10:29:00;0;1
2017-10-26 10:30:09;0;1
2017-10-26 10:31:18;0;1
2017-10-26 10:32:27;0;1
2017-10-26 10:33:36;0;1
2017-10-26 10:34:45;0;1
2017-10-26 10:35:54;0;1
2017-10-26 10:37:03;0;1
2017-10-26 10:38:12;0;1
2017-10-26 10:39:21;0;1
2017-10-26 10:40:30;0;1
2017-10-26 10:41:39;0;1
2017-10-26 10:42:48;0;1
2017-10-26 10:43:57;0;1
2017-10-26 10:45:06;0;1
2017-10-26 10:46:15;0;1
2017-10-26 10:47:24;0;1
2017-10-26 10:48:33;0;1
2017-10-26 10:49:42;0;1
2017-10-26 10:50:51;0;1
2017-10-26 10:52:00;0;1
2017-10-26 10:53:09;0;1
2017-10-26 10:54:18;0;1
2017-10-26 10:55:27;0;1
2017-10-26 10:56:36;0;1
2017-10-26 10:57:45;0;1
2017-10-26 10:58:54;0;1
2017-10-26 11:00:03;0;1
2017-10-26 11:01:12;0;1
2017-10-26 11:02:21;0;1
2017-10-26 11:03:30;0;1
2017-10-26 11:04:39;0;1
2017-10-26 11:05:48;0;1
2017-10-26 11:06:57;0;1
2017-10-26 11:08:06;0;1
2017-10-26 11:09:15;0;1
2017-10-26 11:10:24;0;1
2017-10-26 11:11:33;0;1
2017-10-26 11:12:42;0;1
2017-10-26 11:13:51;0;1
2017-10-26 11:15:00;0;1
2017-10-26 11:16:09;0;1
2017-10-26 11:17:18;0;1
2017-10-26 11:18:27;0;1
2017-10-26 11:19:36;0;1
2017-10-26 11:20:45;0;1
2017-10-26 11:21:54;0;1
2017-10-26 11:23:03;0;1
2017-10-26 11:24:12;0;1
2017-10-26 11:25:21;0;1
2017-10-26 11:26:30;0;1
2017-10-26 11:27:39;0;1
2017-10-26 11:28:48;0;1
2017-10-26 11:29:57;0;1
2017-10-26 11:31:06;0;1
2017-10-26 11:32:15;0;1
2017-10-26 11:33:24;0;1
2017-10-26 11:34:33;0;1
2017-10-26 11:35:42;0;1
2017-10-26 11:36:51;0;1
2017-10-26 11:38:00;0;1
2017-10-26 11:39:09;0;1
2017-10-26 11:40:18;0;1
2017-10-26 11:41:27;0;1
2017-10-26 11:42:36;0;1
2017-10-26 11:43:45;0;1
2017-10-26 11:44:54;0;1
2017-10-26 11:46:03;0;1
2017-10-26 11:47:12;0;1
2017-10-26 11:48:21;0;1
2017-10-26 11:49:30;0;1
2017-10-26 11:50:39;0;1
2017-10-26 11:51:48;0;1
2017-10-26 11:52:57;0;1
2017-10-26 11:54:06;0;1
2017-10-26 11:55:15;0;1
2017-10-26 11:56:24;0;1
2017-10-26 11:57:33;0;1
2017-10-26 11:58:42;0;1
2017-10-26 11:59:51;0;1
2017-10-26 12:01:00;0;1
2017-10-26 12:02:09;0;1
2017-10-26 12:03:18;0;1
2017-10-26 12:04:27;0;1
2017-10-26 12:05:36;0;1
2017-10-26 12:06:45;0;1
2017-10-26 12:07:54;0;1
2017-10-26 12:09:03;0;1
2017-10-26 12:10:12;0;1
2017-10-26 12:11:21;0;1
2017-10-26 12:12:30;0;1
2017-10-26 12:13:39;0;1
2017-10-26 12:14:48;0;1
2017-10-26 12:15:57;0;1
2017-10-26 12:17:06;0;1
2017-10-26 12:18:15;0;1
2017-10-26 12:19:24;0;1
2017-10-26 12:20:33;0;1
2017-10-26 12:21:42;0;1
2017-10-26 12:22:51;0;1
2017-10-26 12:24:00;0;1
2017-10-26 12:25:09;0;1
2017-10-26 12:26:18;0;1
2017-10-26 12:27:27;0;1
2017-10-26 12:28:36;0;1
2017-10-26 12:29:45;0;1
2017-10-26 12:30:54;0;1
2017-10-26 12:32:03;0;1
2017-10-26 12:33:12;0;1
2017-10-26 12:34:21;0;1
2017-10-26 12:35:30;0;1
2017-10-26 12:36:39;0;1
2017-10-26 12:37:48;0;1
2017-10-26 12:38:57;0;1
2017-10-26 12:40:06;0;1
2017-10-26 12:41:15;0;1
2017-10-26 12:42:24;0;1
2017-10-26 12:43:33;0;1
2017-10-26 12:44:42;0;1
2017-10-26 12:45:51;0;1
2017-10-26 12:47:00;0;1
2017-10-26 12:48:09;0;1
2017-10-26 12:49:18;0;1
2017-10-26 12:50:27;0;1
2017-10-26 12:51:36;0;1
2017-10-26 12:52:45;0;1
2017-10-26 12:53:54;0;1
2017-10-26 12:55:03;0;1
2017-10-26 12:56:12;0;1
2017-10-26 12:57:21;0;1
2017-10-26 12:58:30;0;1
2017-10-26 12:59:39;0;1
2017-10-26 13:00:48;0;1
2017-10-26 13:01:57;0;1
2017-10-26 13:03:06;0;1
2017-10-26 13:04:15;0;1
2017-10-26 13:05:24;0;1
2017-10-26 13:06:33;0;1
2017-10-26 13:07:42;0;1
2017-10-26 13:08:51;0;1
2017-10-26 13:10:00;0;1
2017-10-26 13:11:09;0;1
2017-10-26 13:12:18;0;1
2017-10-26 13:13:27;0;1
2017-10-26 13:14:36;0;1
2017-10-26 13:15:45;0;1
2017-10-26 13:16:54;0;1
2017-10-26 13:18:03;0;1
2017-10-26 13:19:12;0;1
2017-10-26 13:20:21;0;1
2017-10-26 13:21:30;0;1
2017-10-26 13:22:39;0;1
2017-10-26 13:23:48;0;1
2017-10-26 13:24:57;0;1
2017-10-26 13:26:06;0;1
2017-10-26 13:27:15;0;1
2017-10-26 13:28:24;0;1
2017-10-26 13:29:33;0;1
2017-10-26 13:30:42;0;1
2017-10-26 13:31:51;0;1
2017-10-26 13:33:00;0;1
2017-10-26 13:34:09;0;1
2017-10-26 13:35:18;0;1
2017-10-26 13:36:27;0;1
2017-10-26 13:37:36;0;1
2017-10-26 13:38:45;0;1
2017-10-26 13:39:54;0;1
2017-10-26 13:41:03;0;1
2017-10-26 13:42:12;0;1
2017-10-26 13:43:21;0;1
2017-10-26 13:44:30;0;1
2017-10-26 13:45:39;0;1
2017-10-26 13:46:48;0;1
2017-10-26 13:47:57;0;1
2017-10-26 13:49:06;0;1
2017-10-26 13:50:15;0;1
2017-10-26 13:51:24;0;1
2017-10-26 13:52:33;0;1
2017-10-26 13:53:42;0;1
2017-10-26 13:54:51;0;1
2017-10-26 13:56:00;0;1
2017-10-26 13:57:09;0;1
2017-10-26 13:58:18;0;1
2017-10-26 13:59:27;0;1
2017-10-26 14:00:36;0;1
2017-10-26 14:01:45;0;1
2017-10-26 14:02:54;0;1
2017-10-26 14:04:03;0;1
2017-10-26 14:05:12;0;1
2017-10-26 14:06:21;0;1
2017-10-26 14:07:30;0;1
2017-10-26 14:08:39;0;1
2017-10-26 14:09:48;0;1
2017-10-26 14:10:57;0;1
2017-10-26 14:12:06;0;1
2017-10-26 14:13:15;0;1
2017-10-26 14:14:24;0;1
2017-10-26 14:15:33;0;1
2017-10-26 14:16:42;0;1
2017-10-26 14:17:51;0;1
2017-10-26 14:19:00;0;1
2017-10-26 14:20:09;0;1
2017-10-26 14:21:18;0;1
2017-10-26 14:22:27;0;1
2017-10-26 14:23:36;0;1
2017-10-26 14:24:45;0;1
2017-10-26 14:25:54;0;1
2017-10-26 14:27:03;0;1
2017-10-26 14:28:12;0;1
2017-10-26 14:29:21;0;1
2017-10-26 14:30:30;0;1
2017-10-26 14:31:39;0;1
2017-10-26 14:32:48;0;1
2017-10-26 14:33:57;0;1
2017-10-26 14:35:06;0;1
2017-10-26 14:36:15;0;1
2017-10-26 14:37:24;0;1
2017-10-26 14:38:33;0;1
2017-10-26 14:39:42;0;1
2017-10-26 14:40:51;0;1
2017-10-26 14:42:00;0;1
2017-10-26 14:43:09;0;1
2017-10-26 14:44:18;0;1
2017-10-26 14:45:27;0;1
2017-10-26 14:46:36;0;1
2017-10-26 14:47:45;0;1
2017-10-26 14:48:54;0;1
2017-10-26 14:50:03;0;1
2017-10-26 14:51:12;0;1
2017-10-26 14:52:21;0;1
2017-10-26 14:53:30;0;1
2017-10-26 14:54:39;0;1
2017-10-26 14:55:48;0;1
2017-10-26 14:56:57;0;1
2017-10-26 14:58:06;0;1
2017-10-26 14:59:15;0;1
2017-10-26 15:00:24;0;1
2017-10-26 15:01:33;0;1
2017-10-26 15:02:42;0;1
2017-10-26 15:03:51;0;1
2017-10-26 15:05:00;0;1
2017-10-26 15:06:09;0;1
2017-10-26 15:07:18;0;1
2017-10-26 15:08:27;0;1
2017-10-26 15:09:36;0;1
2017-10-26 15:10:45;0;1
2017-10-26 15:11:54;0;1
2017-10-26 15:13:03;0;1
2017-10-26 15:14:12;0;1
2017-10-26 15:15:21;0;1
2017-10-26 15:16:30;0;1
2017-10-26 15:17:39;0;1
2017-10-26 15:18:48;0;1
2017-10-26 15:19:57;0;1
2017-10-26 15:21:06;0;1
2017-10-26 15:22:15;0;1
2017-10-26 15:23:24;0;1
2017-10-26 15:24:33;0;1
2017-10-26 15:25:42;0;1
2017-10-26 15:26:51;0;1
2017-10-26 15:28:00;0;1
2017-10-26 15:29:09;0;1
2017-10-26 15:30:18;0;1
2017-10-26 15:31:27;0;1
2017-10-26 15:32:36;0;1
2017-10-26 15:33:45;0;1
2017-10-26 15:34:54;0;1
2017-10-26 15:36:03;0;1
2017-10-26 15:37:12;0;1
2017-10-26 15:38:21;0;1
2017-10-26 15:39:30;0;1
2017-10-26 15:40:39;0;1
2017-10-26 15:41:48;0;1
2017-10-26 15:42:57;0;1
2017-10-26 15:44:06;0;1
2017-10-26 15:45:15;0;1
2017-10-26 15:46:24;0;1
2017-10-26 15:47:33;0;1
2017-10-26 15:48:42;0;1
2017-10-26 15:49:51;0;1
2017-10-26 15:51:00;0;1
2017-10-26 15:52:09;0;1
2017-10-26 15:53:18;0;1
2017-10-26 15:54:27;0;1
2017-10-26 15:55:36;0;1
2017-10-26 15:56:45;0;1
2017-10-26 15:57:54;0;1
2017-10-26 15:59:03;0;1
2017-10-26 16:00:12;0;1
2017-10-26 16:01:21;0;1
2017-10-26 16:02:30;0;1
2017-10-26 16:03:39;0;1
2017-10-26 16:04:48;0;1
2017-10-26 16:05:57;0;1
2017-10-26 16:07:06;0;1
2017-10-26 16:08:15;0;1
2017-10-26 16:09:24;0;1
2017-10-26 16:10:33;0;1
2017-10-26 16:11:42;0;1
2017-10-26 16:12:51;0;1
2017-10-26 16:14:00;0;1
2017-10-26 16:15:09;0;1
2017-10-26 16:16:18;0;1
2017-10-26 16:17:27;0;1
2017-10-26 16:18:36;0;1
2017-10-26 16:19:45;0;1
2017-10-26 16:20:54;0;1
2017-10-26 16:22:03;0;1
2017-10-26 16:23:12;0;1
2017-10-26 16:24:21;0;1
2017-10-26 16:25:30;0;1
2017-10-26 16:26:39;0;1
2017-10-26 16:27:48;0;1
2017-10-26 16:28:57;0;1
2017-10-26 16:30:06;0;1
2017-10-26 16:31:15;0;1
2017-10-26 16:32:24;0;1
2017-10-26 16:33:33;0;1
2017-10-26 16:34:42;0;1
2017-10-26 16:35:51;0;1
2017-10-26 16:37:00;0;1
2017-10-26 16:38:09;0;1
2017-10-26 16:39:18;0;1
2017-10-26 16:40:27;0;1
2017-10-26 16:41:36;0;1
2017-10-26 16:42:45;0;1
2017-10-26 16:43:54;0;1
2017-10-26 16:45:03;0;1
2017-10-26 16:46:12;0;1
2017-10-26 16:47:21;0;1
2017-10-26 16:48:30;0;1
2017-10-26 16:49:39;0;1
2017-10-26 16:50:48;0;1
2017-10-26 16:51:57;0;1
2017-10-26 16:53:06;0;1
2017-10-26 16:54:15;0;1
2017-10-26 16:55:24;0;1
2017-10-26 16:56:33;0;1
2017-10-26 16:57:42;0;1
2017-10-26 16:58:51;0;1
2017-10-26 17:00:00;0;1
2017-10-26 17:01:09;0;1
2017-10-26 17:02:18;0;1
2017-10-26 17:03:27;0;1
2017-10-26 17:04:36;0;1
2017-10-26 17:05:45;0;1
2017-10-26 17:06:54;0;1
2017-10-26 17:08:03;0;1
2017-10-26 17:09:12;0;1
2017-10-26 17:10:21;52.176;1
2017-10-26 17:11:30;208.717;1
2017-10-26 17:12:39;260.839;1
2017-10-26 17:13:48;104.346;1
2017-10-26 17:14:57;0;1
2017-10-26 17:16:06;0;1
2017-10-26 17:17:15;156.522;1
2017-10-26 17:18:24;260.881;1
2017-10-26 17:19:33;260.866;1
2017-10-26 17:20:42;52.171;1
2017-10-26 17:21:51;0;1
2017-10-26 17:23:00;52.171;1
2017-10-26 17:24:09;52.175;1
2017-10-26 17:25:18;156.524;1
2017-10-26 17:26:27;208.681;1
2017-10-26 17:27:36;313.062;1
2017-10-26 17:28:45;417.403;1
2017-10-26 17:29:54;469.558;1
2017-10-26 17:31:03;469.579;1
2017-10-26 17:32:12;469.579;1
2017-10-26 17:33:21;521.671;1
2017-10-26 17:34:30;521.777;1
2017-10-26 17:35:39;521.716;1
2017-10-26 17:36:48;521.716;1
2017-10-26 17:37:57;469.572;1
2017-10-26 17:39:06;521.732;1
2017-10-26 17:40:15;521.754;1
2017-10-26 17:41:24;573.855;1
2017-10-26 17:42:33;521.754;1
2017-10-26 17:43:42;521.8;1
2017-10-26 17:44:51;573.996;1
2017-10-26 17:46:00;573.963;1
2017-10-26 17:47:09;521.747;1
2017-10-26 17:48:18;573.971;1
2017-10-26 17:49:27;521.807;1
2017-10-26 17:50:36;573.963;1
2017-10-26 17:51:45;521.747;1
2017-10-26 17:52:54;573.946;1
2017-10-26 17:54:03;573.963;1
2017-10-26 17:55:12;573.98;1
2017-10-26 17:56:21;573.971;1
2017-10-26 17:57:30;573.996;1
2017-10-26 17:58:39;626.16;1
2017-10-26 17:59:48;573.905;1
2017-10-26 18:00:57;626.114;1
2017-10-26 18:02:06;678.31;1
2017-10-26 18:03:15;626.114;1
2017-10-26 18:04:24;626.141;1
2017-10-26 18:05:33;678.29;1
2017-10-26 18:06:42;678.281;1
2017-10-26 18:07:51;626.16;1
2017-10-26 18:09:00;678.31;1
2017-10-26 18:10:09;730.488;1
2017-10-26 18:11:18;678.359;1
2017-10-26 18:12:27;678.261;1
2017-10-26 18:13:36;678.349;1
2017-10-26 18:14:45;730.509;1
2017-10-26 18:15:54;626.16;1
2017-10-26 18:17:03;626.169;1
2017-10-26 18:18:12;678.271;1
2017-10-26 18:19:21;573.938;1
2017-10-26 18:20:30;678.281;1
2017-10-26 18:21:39;730.424;1
2017-10-26 18:22:48;730.456;1
2017-10-26 18:23:57;782.711;1
2017-10-26 18:25:06;782.688;1
2017-10-26 18:26:15;834.831;1
2017-10-26 18:27:24;782.654;1
2017-10-26 18:28:33;782.688;1
2017-10-26 18:29:42;782.665;1
2017-10-26 18:30:51;834.819;1
2017-10-26 18:32:00;834.867;1
2017-10-26 18:33:09;782.643;1
2017-10-26 18:34:18;834.879;1
2017-10-26 18:35:27;782.631;1
2017-10-26 18:36:36;782.688;1
2017-10-26 18:37:45;782.677;1
2017-10-26 18:38:54;730.477;1
2017-10-26 18:40:03;782.711;1
2017-10-26 18:41:12;730.488;1
2017-10-26 18:42:21;730.551;1
2017-10-26 18:43:30;782.745;1
2017-10-26 18:44:39;782.62;1
2017-10-26 18:45:48;730.488;1
2017-10-26 18:46:56;730.53;1
2017-10-26 18:48:05;782.654;1
2017-10-26 18:49:14;730.456;1
2017-10-26 18:50:23;730.467;1
2017-10-26 18:51:32;782.631;1
2017-10-26 18:52:41;730.541;1
2017-10-26 18:53:50;730.467;1
2017-10-26 18:54:59;730.477;1
2017-10-26 18:56:08;782.609;1
2017-10-26 18:57:17;730.519;1
2017-10-26 18:58:26;730.477;1
2017-10-26 18:59:35;782.62;1
2017-10-26 19:00:44;730.488;1
2017-10-26 19:01:53;782.688;1
2017-10-26 19:03:02;730.498;1
2017-10-26 19:04:11;730.498;1
2017-10-26 19:05:20;782.631;1
2017-10-26 19:06:29;730.382;1
2017-10-26 19:07:38;730.424;1
2017-10-26 19:08:47;782.62;1
2017-10-26 19:09:56;730.424;1
2017-10-26 19:11:05;782.643;1
2017-10-26 19:12:14;782.586;1
2017-10-26 19:13:23;730.445;1
2017-10-26 19:14:32;782.654;1
2017-10-26 19:15:41;730.392;1
2017-10-26 19:16:50;782.631;1
2017-10-26 19:17:59;730.371;1
2017-10-26 19:19:08;782.597;1
2017-10-26 19:20:17;730.456;1
2017-10-26 19:21:26;730.445;1
2017-10-26 19:22:35;782.609;1
2017-10-26 19:23:44;730.477;1
2017-10-26 19:24:53;782.575;1
2017-10-26 19:26:02;730.456;1
2017-10-26 19:27:11;730.361;1
2017-10-26 19:28:20;782.609;1
2017-10-26 19:29:29;730.488;1
2017-10-26 19:30:38;730.509;1
2017-10-26 19:31:47;782.552;1
2017-10-26 19:32:56;730.414;1
2017-10-26 19:34:05;782.541;1
2017-10-26 19:35:14;730.477;1
2017-10-26 19:36:23;782.643;1
2017-10-26 19:37:32;730.414;1
2017-10-26 19:38:41;678.3;1
2017-10-26 19:39:50;678.271;1
2017-10-26 19:40:59;626.06;1
2017-10-26 19:42:08;626.069;1
2017-10-26 19:43:17;626.087;1
2017-10-26 19:44:26;678.212;1
2017-10-26 19:45:35;626.123;1
2017-10-26 19:46:44;626.042;1
2017-10-26 19:47:53;626.087;1
2017-10-26 19:49:02;626.069;1
2017-10-26 19:50:11;626.096;1
2017-10-26 19:51:20;626.16;1
2017-10-26 19:52:29;626.033;1
2017-10-26 19:53:38;626.087;1
2017-10-26 19:54:47;626.06;1
2017-10-26 19:55:56;678.281;1
2017-10-26 19:57:05;626.132;1
2017-10-26 19:58:14;626.06;1
2017-10-26 19:59:23;626.15;1
2017-10-26 20:00:32;626.096;1
2017-10-26 20:01:41;625.969;1
2017-10-26 20:02:50;626.105;1
2017-10-26 20:03:59;678.32;1
2017-10-26 20:05:08;678.231;1
2017-10-26 20:06:17;626.15;1
2017-10-26 20:07:26;625.987;1
2017-10-26 20:08:35;573.955;1
2017-10-26 20:09:44;626.105;1
2017-10-26 20:10:53;626.069;1
2017-10-26 20:12:02;626.105;1
2017-10-26 20:13:11;626.123;1
2017-10-26 20:14:20;625.969;1
2017-10-26 20:15:29;626.096;1
2017-10-26 20:16:38;573.93;1
2017-10-26 20:17:47;626.096;1
2017-10-26 20:18:56;626.051;1
2017-10-26 20:20:05;626.132;1
2017-10-26 20:21:14;626.15;1
2017-10-26 20:22:23;573.996;1
2017-10-26 20:23:32;678.33;1
2017-10-26 20:24:41;573.93;1
2017-10-26 20:25:50;626.105;1
2017-10-26 20:26:59;626.114;1
2017-10-26 20:28:08;573.93;1
2017-10-26 20:29:17;626.096;1
2017-10-26 20:30:26;626.105;1
2017-10-26 20:31:35;626.069;1
2017-10-26 20:32:44;626.06;1
2017-10-26 20:33:53;626.023;1
2017-10-26 20:35:02;626.114;1
2017-10-26 20:36:11;573.913;1
2017-10-26 20:37:20;626.105;1
2017-10-26 20:38:29;626.069;1
2017-10-26 20:39:38;626.087;1
2017-10-26 20:40:47;626.123;1
2017-10-26 20:41:56;573.863;1
2017-10-26 20:43:05;626.087;1
2017-10-26 20:44:14;626.114;1
2017-10-26 20:45:23;573.93;1
2017-10-26 20:46:32;626.023;1
2017-10-26 20:47:41;626.141;1
2017-10-26 20:48:50;626.123;1
2017-10-26 20:49:59;573.83;1
2017-10-26 20:51:08;626.123;1
2017-10-26 20:52:17;573.938;1
2017-10-26 20:53:26;626.06;1
2017-10-26 20:54:35;573.855;1
2017-10-26 20:55:44;573.93;1
2017-10-26 20:56:53;626.105;1
2017-10-26 20:58:02;573.955;1
2017-10-26 20:59:11;573.905;1
2017-10-26 21:00:20;626.096;1
2017-10-26 21:01:29;573.938;1
2017-10-26 21:02:38;626.014;1
2017-10-26 21:03:47;626.033;1
2017-10-26 21:04:56;626.105;1
2017-10-26 21:06:05;626.078;1
2017-10-26 21:07:14;626.105;1
2017-10-26 21:08:23;626.087;1
2017-10-26 21:09:32;573.938;1
2017-10-26 21:10:41;626.078;1
2017-10-26 21:11:50;626.105;1
2017-10-26 21:12:59;626.078;1
2017-10-26 21:14:08;626.096;1
2017-10-26 21:15:17;573.971;1
2017-10-26 21:16:26;626.014;1
2017-10-26 21:17:35;626.033;1
2017-10-26 21:18:44;626.114;1
2017-10-26 21:19:53;626.087;1
2017-10-26 21:21:02;626.069;1
2017-10-26 21:22:11;678.349;1
2017-10-26 21:23:20;730.445;1
2017-10-26 21:24:29;782.529;1
2017-10-26 21:25:38;782.631;1
2017-10-26 21:26:47;730.414;1
2017-10-26 21:27:56;782.552;1
2017-10-26 21:29:05;782.722;1
2017-10-26 21:30:14;782.563;1
2017-10-26 21:31:23;730.361;1
2017-10-26 21:32:32;730.467;1
2017-10-26 21:33:41;782.609;1
2017-10-26 21:34:50;730.467;1
2017-10-26 21:35:59;782.507;1
2017-10-26 21:37:08;730.488;1
2017-10-26 21:38:17;782.597;1
2017-10-26 21:39:26;730.488;1
2017-10-26 21:40:35;730.329;1
2017-10-26 21:41:44;782.643;1
2017-10-26 21:42:53;730.456;1
2017-10-26 21:44:02;782.541;1
2017-10-26 21:45:11;730.456;1
2017-10-26 21:46:20;730.445;1
2017-10-26 21:47:29;730.424;1
2017-10-26 21:48:38;730.488;1
2017-10-26 21:49:47;782.586;1
2017-10-26 21:50:56;730.498;1
2017-10-26 21:52:05;730.498;1
2017-10-26 21:53:14;730.509;1
2017-10-26 21:54:23;730.519;1
2017-10-26 21:55:32;730.467;1
2017-10-26 21:56:41;730.445;1
2017-10-26 21:57:50;730.467;1
2017-10-26 21:58:59;730.498;1
2017-10-26 22:00:08;730.488;1
2017-10-26 22:01:17;730.467;1
2017-10-26 22:02:26;730.509;1
2017-10-26 22:03:35;730.53;1
2017-10-26 22:04:44;730.477;1
2017-10-26 22:05:53;156.533;1
2017-10-26 22:07:02;0;1
2017-10-26 22:08:11;0;1
2017-10-26 22:09:20;0;1
2017-10-26 22:10:29;0;1
2017-10-26 22:11:38;0;1
2017-10-26 22:12:47;0;1
2017-10-26 22:13:56;0;1
2017-10-26 22:15:05;0;1
2017-10-26 22:16:14;0;1
2017-10-26 22:17:23;0;1
2017-10-26 22:18:32;0;1
2017-10-26 22:19:41;0;1
2017-10-26 22:20:50;0;1
2017-10-26 22:21:59;0;1
2017-10-26 22:23:08;0;1
2017-10-26 22:24:17;0;1
2017-10-26 22:25:26;0;1
2017-10-26 22:26:35;0;1
2017-10-26 22:27:44;0;1
2017-10-26 22:28:53;0;1
2017-10-26 22:30:02;0;1
2017-10-26 22:31:11;0;1
2017-10-26 22:32:20;0;1
2017-10-26 22:33:29;0;1
2017-10-26 22:34:38;0;1
2017-10-26 22:35:47;0;1
2017-10-26 22:36:56;0;1
2017-10-26 22:38:05;0;1
2017-10-26 22:39:14;0;1
2017-10-26 22:40:23;0;1
2017-10-26 22:41:32;0;1
2017-10-26 22:42:41;0;1
2017-10-26 22:43:50;0;1
2017-10-26 22:44:59;0;1
2017-10-26 22:46:08;0;1
2017-10-26 22:47:17;0;1
2017-10-26 22:48:26;0;1
2017-10-26 22:49:35;0;1
2017-10-26 22:50:44;0;1
2017-10-26 22:51:53;0;1
2017-10-26 22:53:02;0;1
2017-10-26 22:54:11;0;1
2017-10-26 22:55:20;0;1
2017-10-26 22:56:29;0;1
2017-10-26 22:57:38;0;1
2017-10-26 22:58:47;0;1
2017-10-26 22:59:56;0;1
2017-10-26 23:01:05;0;1
2017-10-26 23:02:14;0;1
2017-10-26 23:03:23;0;1
2017-10-26 23:04:32;0;1
2017-10-26 23:05:41;0;1
2017-10-26 23:06:50;0;1
2017-10-26 23:07:59;0;1
2017-10-26 23:09:08;0;1
2017-10-26 23:10:17;0;1
2017-10-26 23:11:26;0;1
2017-10-26 23:12:35;0;1
2017-10-26 23:13:44;0;1
2017-10-26 23:14:53;0;1
2017-10-26 23:16:02;0;1
2017-10-26 23:17:11;0;1
2017-10-26 23:18:20;0;1
2017-10-26 23:19:29;0;1
2017-10-26 23:20:38;0;1
2017-10-26 23:21:47;0;1
2017-10-26 23:22:56;0;1
2017-10-26 23:24:05;0;1
2017-10-26 23:25:14;0;1
2017-10-26 23:26:23;0;1
2017-10-26 23:27:32;0;1
2017-10-26 23:28:41;0;1
2017-10-26 23:29:50;0;1
2017-10-26 23:30:59;0;1
2017-10-26 23:32:08;0;1
2017-10-26 23:33:17;0;1
2017-10-26 23:34:26;0;1
2017-10-26 23:35:35;0;1
2017-10-26 23:36:44;0;1
2017-10-26 23:37:53;0;1
2017-10-26 23:39:02;0;1
2017-10-26 23:40:11;0;1
2017-10-26 23:41:20;0;1
2017-10-26 23:42:29;0;1
2017-10-26 23:43:38;0;1
2017-10-26 23:44:47;0;1
2017-10-26 23:45:56;0;1
2017-10-26 23:47:05;0;1
2017-10-26 23:48:14;0;1
2017-10-26 23:49:23;0;1
2017-10-26 23:50:32;0;1
2017-10-26 23:51:41;0;1
2017-10-26 23:52:50;0;1
2017-10-26 23:53:59;0;1
2017-10-26 23:55:08;0;1
2017-10-26 23:56:17;0;1
2017-10-26 23:57:26;0;1
2017-10-26 23:58:35;0;1
2017-10-26 23:59:44;0;1
2017-10-27 00:00:53;0;1
2017-10-27 00:02:02;0;1
2017-10-27 00:03:11;0;1
2017-10-27 00:04:20;0;1
2017-10-27 00:05:29;0;1
2017-10-27 00:06:38;0;1
2017-10-27 00:07:47;0;1
2017-10-27 00:08:56;0;1
2017-10-27 00:10:05;0;1
2017-10-27 00:11:14;0;1
2017-10-27 00:12:23;0;1
2017-10-27 00:13:32;0;1
2017-10-27 00:14:41;0;1
2017-10-27 00:15:50;0;1
2017-10-27 00:16:59;0;1
2017-10-27 00:18:08;0;1
2017-10-27 00:19:17;0;1
2017-10-27 00:20:26;0;1
2017-10-27 00:21:35;0;1
2017-10-27 00:22:44;0;1
2017-10-27 00:23:53;0;1
2017-10-27 00:25:02;0;1
2017-10-27 00:26:11;0;1
2017-10-27 00:27:20;0;1
2017-10-27 00:28:29;0;1
2017-10-27 00:29:38;0;1
2017-10-27 00:30:47;0;1
2017-10-27 00:31:56;0;1
2017-10-27 00:33:05;0;1
2017-10-27 00:34:14;0;1
2017-10-27 00:35:23;0;1
2017-10-27 00:36:32;0;1
2017-10-27 00:37:41;0;1
2017-10-27 00:38:50;0;1
2017-10-27 00:39:59;0;1
2017-10-27 00:41:08;0;1
2017-10-27 00:42:17;0;1
2017-10-27 00:43:26;0;1
2017-10-27 00:44:35;0;1
2017-10-27 00:45:44;0;1
2017-10-27 00:46:53;0;1
2017-10-27 00:48:02;0;1
2017-10-27 00:49:11;0;1
2017-10-27 00:50:20;0;1
2017-10-27 00:51:29;0;1
2017-10-27 00:52:38;0;1
2017-10-27 00:53:47;0;1
2017-10-27 00:54:56;0;1
2017-10-27 00:56:05;0;1
2017-10-27 00:57:14;0;1
2017-10-27 00:58:23;0;1
2017-10-27 00:59:32;0;1
2017-10-27 01:00:41;0;1
2017-10-27 01:01:50;0;1
2017-10-27 01:02:59;0;1
2017-10-27 01:04:08;0;1
2017-10-27 01:05:17;0;1
2017-10-27 01:06:26;0;1
2017-10-27 01:07:35;0;1
2017-10-27 01:08:44;0;1
2017-10-27 01:09:53;0;1
2017-10-27 01:11:02;0;1
2017-10-27 01:12:11;0;1
2017-10-27 01:13:20;0;1
2017-10-27 01:14:29;0;1
2017-10-27 01:15:38;0;1
2017-10-27 01:16:47;0;1
2017-10-27 01:17:56;0;1
2017-10-27 01:19:05;0;1
2017-10-27 01:20:14;0;1
2017-10-27 01:21:23;0;1
2017-10-27 01:22:32;0;1
2017-10-27 01:23:41;0;1
2017-10-27 01:24:50;0;1
2017-10-27 01:25:59;0;1
2017-10-27 01:27:08;0;1
2017-10-27 01:28:17;0;1
2017-10-27 01:29:26;0;1
2017-10-27 01:30:35;0;1
2017-10-27 01:31:44;0;1
2017-10-27 01:32:53;0;1
2017-10-27 01:34:02;0;1
2017-10-27 01:35:11;0;1
2017-10-27 01:36:20;0;1
2017-10-27 01:37:29;0;1
2017-10-27 01:38:38;0;1
2017-10-27 01:39:47;0;1
2017-10-27 01:40:56;0;1
2017-10-27 01:42:05;0;1
2017-10-27 01:43:14;0;1
2017-10-27 01:44:23;0;1
2017-10-27 01:45:32;0;1
2017-10-27 01:46:41;0;1
2017-10-27 01:47:50;0;1
2017-10-27 01:48:59;0;1
2017-10-27 01:50:08;0;1
2017-10-27 01:51:17;0;1
2017-10-27 01:52:26;0;1
2017-10-27 01:53:35;0;1
2017-10-27 01:54:44;0;1
2017-10-27 01:55:53;0;1
2017-10-27 01:57:02;0;1
2017-10-27 01:58:11;0;1
2017-10-27 01:59:20;0;1
2017-10-27 02:00:29;0;1
2017-10-27 02:01:38;0;1
2017-10-27 02:02:47;0;1
2017-10-27 02:03:56;0;1
2017-10-27 02:05:05;0;1
2017-10-27 02:06:14;0;1
2017-10-27 02:07:23;0;1
2017-10-27 02:08:32;0;1
2017-10-27 02:09:41;0;1
2017-10-27 02:10:50;0;1
2017-10-27 02:11:59;0;1
2017-10-27 02:13:08;0;1
2017-10-27 02:14:17;0;1
2017-10-27 02:15:26;0;1
2017-10-27 02:16:35;0;1
2017-10-27 02:17:44;0;1
2017-10-27 02:18:53;0;1
2017-10-27 02:20:02;0;1
2017-10-27 02:21:11;0;1
2017-10-27 02:22:20;0;1
2017-10-27 02:23:29;0;1
2017-10-27 02:24:38;0;1
2017-10-27 02:25:47;0;1
2017-10-27 02:26:56;0;1
2017-10-27 02:28:05;0;1
2017-10-27 02:29:14;0;1
2017-10-27 02:30:23;0;1
2017-10-27 02:31:32;0;1
2017-10-27 02:32:41;0;1
2017-10-27 02:33:50;0;1
2017-10-27 02:34:59;0;1
2017-10-27 02:36:08;0;1
2017-10-27 02:37:17;0;1
2017-10-27 02:38:26;0;1
2017-10-27 02:39:35;0;1
2017-10-27 02:40:44;0;1
2017-10-27 02:41:53;0;1
2017-10-27 02:43:02;0;1
2017-10-27 02:44:11;0;1
2017-10-27 02:45:20;0;1
2017-10-27 02:46:29;0;1
2017-10-27 02:47:38;0;1
2017-10-27 02:48:47;0;1
2017-10-27 02:49:56;0;1
2017-10-27 02:51:05;0;1
2017-10-27 02:52:14;0;1
2017-10-27 02:53:23;0;1
2017-10-27 02:54:32;0;1
2017-10-27 02:55:41;0;1
2017-10-27 02:56:50;0;1
2017-10-27 02:57:59;0;1
2017-10-27 02:59:08;0;1
2017-10-27 03:00:17;0;1
2017-10-27 03:01:26;0;1
2017-10-27 03:02:35;0;1
2017-10-27 03:03:44;0;1
2017-10-27 03:04:53;0;1
2017-10-27 03:06:02;0;1
2017-10-27 03:07:11;0;1
2017-10-27 03:08:20;0;1
2017-10-27 03:09:29;0;1
2017-10-27 03:10:38;0;1
2017-10-27 03:11:47;0;1
2017-10-27 03:12:56;0;1
2017-10-27 03:14:05;0;1
2017-10-27 03:15:14;0;1
2017-10-27 03:16:23;0;1
2017-10-27 03:17:32;0;1
2017-10-27 03:18:41;0;1
2017-10-27 03:19:50;0;1
2017-10-27 03:20:59;0;1
2017-10-27 03:22:08;0;1
2017-10-27 03:23:17;0;1
2017-10-27 03:24:26;0;1
2017-10-27 03:25:35;0;1
2017-10-27 03:26:44;0;1
2017-10-27 03:27:53;0;1
2017-10-27 03:29:02;0;1
2017-10-27 03:30:11;0;1
2017-10-27 03:31:20;0;1
2017-10-27 03:32:29;0;1
2017-10-27 03:33:38;0;1
2017-10-27 03:34:47;0;1
2017-10-27 03:35:56;0;1
2017-10-27 03:37:05;0;1
2017-10-27 03:38:14;0;1
2017-10-27 03:39:23;0;1
2017-10-27 03:40:32;0;1
2017-10-27 03:41:41;0;1
2017-10-27 03:42:50;0;1
2017-10-27 03:43:59;0;1
2017-10-27 03:45:08;0;1
2017-10-27 03:46:17;0;1
2017-10-27 03:47:26;0;1
2017-10-27 03:48:35;0;1
2017-10-27 03:49:44;0;1
2017-10-27 03:50:53;0;1
2017-10-27 03:52:02;0;1
2017-10-27 03:53:11;0;1
2017-10-27 03:54:20;0;1
2017-10-27 03:55:29;0;1
2017-10-27 03:56:38;0;1
2017-10-27 03:57:47;0;1
2017-10-27 03:58:56;0;1
2017-10-27 04:00:05;0;1
2017-10-27 04:01:14;0;1
2017-10-27 04:02:23;0;1
2017-10-27 04:03:32;0;1
2017-10-27 04:04:41;0;1
2017-10-27 04:07:19;0;1
2017-10-27 04:08:40;0;1
2017-10-27 04:09:49;0;1
2017-10-27 04:10:58;0;1
2017-10-27 04:12:07;0;1
2017-10-27 04:13:16;0;1
2017-10-27 04:14:25;0;1
2017-10-27 04:15:34;0;1
2017-10-27 04:16:43;0;1
2017-10-27 04:17:52;0;1
2017-10-27 04:19:01;0;1
2017-10-27 04:20:10;0;1
2017-10-27 04:21:19;0;1
2017-10-27 04:22:28;0;1
2017-10-27 04:23:37;0;1
2017-10-27 04:24:46;0;1
2017-10-27 04:25:55;0;1
2017-10-27 04:27:04;0;1
2017-10-27 04:28:13;0;1
2017-10-27 04:29:22;0;1
2017-10-27 04:30:31;0;1
2017-10-27 04:31:40;0;1
2017-10-27 04:32:49;0;1
2017-10-27 04:33:58;0;1
2017-10-27 04:35:07;0;1
2017-10-27 04:36:16;0;1
2017-10-27 04:37:25;0;1
2017-10-27 04:38:34;0;1
2017-10-27 04:39:43;0;1
2017-10-27 04:40:52;0;1
2017-10-27 04:42:01;0;1
2017-10-27 04:43:10;0;1
2017-10-27 04:44:19;0;1
2017-10-27 04:45:28;0;1
2017-10-27 04:46:37;0;1
2017-10-27 04:47:46;0;1
2017-10-27 04:48:55;0;1
2017-10-27 04:50:04;0;1
2017-10-27 04:51:13;0;1
2017-10-27 04:52:22;0;1
2017-10-27 04:53:31;0;1
2017-10-27 04:54:40;0;1
2017-10-27 04:55:49;0;1
2017-10-27 04:56:58;0;1
2017-10-27 04:58:07;0;1
2017-10-27 04:59:16;0;1
2017-10-27 05:00:25;0;1
2017-10-27 05:01:34;0;1
2017-10-27 05:02:43;0;1
2017-10-27 05:03:52;0;1
2017-10-27 05:05:01;0;1
2017-10-27 05:06:10;0;1
2017-10-27 05:07:19;0;1
2017-10-27 05:08:28;0;1
2017-10-27 05:09:37;0;1
2017-10-27 05:10:46;0;1
2017-10-27 05:11:55;0;1
2017-10-27 05:13:04;0;1
2017-10-27 05:14:13;0;1
2017-10-27 05:15:22;0;1
2017-10-27 05:16:31;0;1
2017-10-27 05:17:40;0;1
2017-10-27 05:18:49;0;1
2017-10-27 05:19:58;0;1
2017-10-27 05:21:07;0;1
2017-10-27 05:22:16;0;1
2017-10-27 05:23:25;0;1
2017-10-27 05:24:34;0;1
2017-10-27 05:25:43;0;1
2017-10-27 05:26:52;0;1
2017-10-27 05:28:01;0;1
2017-10-27 05:29:10;0;1
2017-10-27 05:30:19;0;1
2017-10-27 05:31:28;0;1
2017-10-27 05:32:37;0;1
2017-10-27 05:33:46;0;1
2017-10-27 05:34:55;0;1
2017-10-27 05:36:04;0;1
2017-10-27 05:37:13;0;1
2017-10-27 05:38:22;0;1
2017-10-27 05:39:31;0;1
2017-10-27 05:40:40;0;1
2017-10-27 05:41:49;0;1
2017-10-27 05:42:58;0;1
2017-10-27 05:44:07;0;1
2017-10-27 05:45:16;0;1
2017-10-27 05:46:25;0;1
2017-10-27 05:47:34;0;1
2017-10-27 05:48:43;0;1
2017-10-27 05:49:52;0;1
2017-10-27 05:51:01;0;1
2017-10-27 05:52:10;0;1
2017-10-27 05:53:19;0;1
2017-10-27 05:54:28;0;1
2017-10-27 05:55:37;0;1
2017-10-27 05:56:46;0;1
2017-10-27 05:57:55;0;1
2017-10-27 05:59:04;0;1
2017-10-27 06:00:13;0;1
2017-10-27 06:01:22;0;1
2017-10-27 06:02:31;0;1
2017-10-27 06:03:40;0;1
2017-10-27 06:04:49;0;1
2017-10-27 06:05:58;521.747;1
2017-10-27 06:07:07;678.231;1
2017-10-27 06:08:16;626.023;1
2017-10-27 06:09:25;626.087;1
2017-10-27 06:10:34;626.105;1
2017-10-27 06:11:43;626.096;1
2017-10-27 06:12:52;626.078;1
2017-10-27 06:14:01;626.15;1
2017-10-27 06:15:10;573.863;1
2017-10-27 06:16:19;678.3;1
2017-10-27 06:17:28;626.15;1
2017-10-27 06:18:37;626.051;1
2017-10-27 06:19:46;573.855;1
2017-10-27 06:20:55;626.132;1
2017-10-27 06:22:04;626.078;1
2017-10-27 06:23:13;573.913;1
2017-10-27 06:24:22;626.105;1
2017-10-27 06:25:31;626.023;1
2017-10-27 06:26:40;678.281;1
2017-10-27 06:27:49;782.688;1
2017-10-27 06:28:58;730.403;1
2017-10-27 06:30:07;782.597;1
2017-10-27 06:31:16;782.609;1
2017-10-27 06:32:25;834.867;1
2017-10-27 06:33:34;730.361;1
2017-10-27 06:34:43;834.722;1
2017-10-27 06:35:52;782.62;1
2017-10-27 06:37:01;730.477;1
2017-10-27 06:38:10;782.575;1
2017-10-27 06:39:19;730.414;1
2017-10-27 06:40:28;782.711;1
2017-10-27 06:41:37;730.35;1
2017-10-27 06:42:46;730.498;1
2017-10-27 06:43:55;782.643;1
2017-10-27 06:45:04;730.467;1
2017-10-27 06:46:13;730.445;1
2017-10-27 06:47:22;730.488;1
2017-10-27 06:48:31;782.631;1
2017-10-27 06:49:40;730.403;1
2017-10-27 06:50:49;730.414;1
2017-10-27 06:51:58;730.424;1
2017-10-27 06:53:07;730.456;1
2017-10-27 06:54:16;730.382;1
2017-10-27 06:55:25;678.33;1
2017-10-27 06:56:34;782.665;1
2017-10-27 06:57:43;678.222;1
2017-10-27 06:58:52;730.424;1
2017-10-27 07:00:01;730.424;1
2017-10-27 07:01:10;730.435;1
2017-10-27 07:02:19;730.424;1
2017-10-27 07:03:28;730.445;1
2017-10-27 07:04:37;730.477;1
2017-10-27 07:05:46;730.35;1
2017-10-27 07:06:55;730.519;1
2017-10-27 07:08:04;730.414;1
2017-10-27 07:09:13;730.435;1
2017-10-27 07:10:22;730.35;1
2017-10-27 07:11:31;886.892;1
2017-10-27 07:12:40;1095.684;1
2017-10-27 07:13:49;1200.052;1
2017-10-27 07:14:58;1200.035;1
2017-10-27 07:16:07;1200.035;1
2017-10-27 07:17:16;1199.913;1
2017-10-27 07:18:25;1460.891;1
2017-10-27 07:19:34;1826.219;1
2017-10-27 07:20:43;1252.138;1
2017-10-27 07:21:52;1460.891;1
2017-10-27 07:23:01;1408.736;1
2017-10-27 07:24:10;1356.443;1
2017-10-27 07:25:19;1773.862;1
2017-10-27 07:26:28;1408.716;1
2017-10-27 07:27:37;1200.035;1
2017-10-27 07:28:46;1304.216;1
2017-10-27 07:29:55;1252.174;1
2017-10-27 07:31:04;1304.405;1
2017-10-27 07:32:13;1252.283;1
2017-10-27 07:33:22;1252.119;1
2017-10-27 07:34:31;1304.272;1
2017-10-27 07:35:40;1252.21;1
2017-10-27 07:36:49;1304.272;1
2017-10-27 07:37:58;1252.21;1
2017-10-27 07:39:07;1304.253;1
2017-10-27 07:40:16;1200.017;1
2017-10-27 07:41:25;1669.493;1
2017-10-27 07:42:34;1565.331;1
2017-10-27 07:43:43;1147.859;1
2017-10-27 07:44:52;1200.017;1
2017-10-27 07:46:01;1147.859;1
2017-10-27 07:47:10;1147.859;1
2017-10-27 07:48:19;1147.776;1
2017-10-27 07:49:28;1200.07;1
2017-10-27 07:50:37;1147.859;1
2017-10-27 07:51:46;1095.557;1
2017-10-27 07:52:55;1513.197;1
2017-10-27 07:54:04;1408.532;1
2017-10-27 07:55:13;1669.541;1
2017-10-27 07:56:22;1147.909;1
2017-10-27 07:57:31;1408.573;1
2017-10-27 07:58:40;1930.295;1
2017-10-27 07:59:49;1826.06;1
2017-10-27 08:00:58;1721.864;1
2017-10-27 08:02:07;1773.759;1
2017-10-27 08:03:16;1095.732;1
2017-10-27 08:04:25;1408.573;1
2017-10-27 08:05:34;1147.776;1
2017-10-27 08:06:43;1147.843;1
2017-10-27 08:07:52;1095.684;1
2017-10-27 08:09:01;1095.684;1
2017-10-27 08:10:10;1147.826;1
2017-10-27 08:11:19;1147.793;1
2017-10-27 08:12:28;1095.7;1
2017-10-27 08:13:37;1356.482;1
2017-10-27 08:14:46;1513.153;1
2017-10-27 08:15:55;1460.912;1
2017-10-27 08:17:04;1408.492;1
2017-10-27 08:18:13;1513.022;1
2017-10-27 08:19:22;1304.386;1
2017-10-27 08:20:31;1095.652;1
2017-10-27 08:21:40;1043.509;1
2017-10-27 08:22:49;1043.509;1
2017-10-27 08:23:58;1043.372;1
2017-10-27 08:25:07;991.319;1
2017-10-27 08:26:16;1095.652;1
2017-10-27 08:27:25;991.29;1
2017-10-27 08:28:34;1304.386;1
2017-10-27 08:29:43;939.049;1
2017-10-27 08:30:52;991.247;1
2017-10-27 08:32:01;939.103;1
2017-10-27 08:33:10;991.376;1
2017-10-27 08:34:19;1252.138;1
2017-10-27 08:35:28;1252.101;1
2017-10-27 08:36:37;1617.251;1
2017-10-27 08:37:46;1356.463;1
2017-10-27 08:38:55;991.276;1
2017-10-27 08:40:04;991.376;1
2017-10-27 08:41:13;991.233;1
2017-10-27 08:42:22;1147.909;1
2017-10-27 08:43:31;1356.522;1
2017-10-27 08:44:40;1043.403;1
2017-10-27 08:45:49;1043.478;1
2017-10-27 08:46:58;991.276;1
2017-10-27 08:48:07;939.103;1
2017-10-27 08:49:16;939.13;1
2017-10-27 08:50:25;886.957;1
2017-10-27 08:51:34;886.982;1
2017-10-27 08:52:43;782.643;1
2017-10-27 08:53:52;886.905;1
2017-10-27 08:55:01;834.795;1
2017-10-27 08:56:10;939.144;1
2017-10-27 08:57:19;939.035;1
2017-10-27 08:58:28;886.982;1
2017-10-27 08:59:37;939.035;1
2017-10-27 09:00:46;991.347;1
2017-10-27 09:01:55;1043.569;1
2017-10-27 09:03:04;1460.912;1
2017-10-27 09:04:13;1878.206;1
2017-10-27 09:05:22;1408.757;1
2017-10-27 09:06:31;1304.291;1
2017-10-27 09:07:40;1617.344;1
2017-10-27 09:08:49;1252.083;1
2017-10-27 09:09:58;1617.321;1
2017-10-27 09:11:07;1669.589;1
2017-10-27 09:12:16;1461.06;1
2017-10-27 09:13:25;1826.06;1
2017-10-27 09:14:34;1617.204;1
2017-10-27 09:15:43;1669.589;1
2017-10-27 09:16:52;1669.42;1
2017-10-27 09:18:01;1513.153;1
2017-10-27 09:19:10;1460.933;1
2017-10-27 09:20:19;1617.344;1
2017-10-27 09:21:28;1512.912;1
2017-10-27 09:22:37;1617.321;1
2017-10-27 09:23:46;1565.263;1
2017-10-27 09:24:55;1878.315;1
2017-10-27 09:26:04;1669.71;1
2017-10-27 09:27:13;1617.368;1
2017-10-27 09:28:22;1721.639;1
2017-10-27 09:29:31;1773.939;1
2017-10-27 09:30:40;1721.814;1
2017-10-27 09:31:49;1721.764;1
2017-10-27 09:32:58;1773.656;1
2017-10-27 09:34:07;1773.939;1
2017-10-27 09:35:16;1982.81;1
2017-10-27 09:36:25;2086.775;1
2017-10-27 09:37:34;2139.099;1
2017-10-27 09:38:43;1982.752;1
2017-10-27 09:39:52;1930.295;1
2017-10-27 09:41:01;1929.819;1
2017-10-27 09:42:10;2295.785;1
2017-10-27 09:43:19;1982.58;1
2017-10-27 09:44:28;1982.666;1
2017-10-27 09:45:37;3078.573;1
2017-10-27 09:46:46;1982.408;1
2017-10-27 09:47:55;1826.087;1
2017-10-27 09:49:04;1930.603;1
2017-10-27 09:50:13;1878.343;1
2017-10-27 09:51:22;1930.547;1
2017-10-27 09:52:31;1774.016;1
2017-10-27 09:53:40;1408.818;1
2017-10-27 09:54:49;1304.405;1
2017-10-27 09:55:58;1043.493;1
2017-10-27 09:57:07;1043.539;1
2017-10-27 09:58:16;991.405;1
2017-10-27 09:59:25;1147.992;1
2017-10-27 10:00:34;678.31;1
2017-10-27 10:01:43;469.579;1
2017-10-27 10:02:52;365.265;1
2017-10-27 10:04:01;260.9;1
2017-10-27 10:05:10;260.885;1
2017-10-27 10:06:19;417.391;1
2017-10-27 10:07:28;469.586;1
2017-10-27 10:08:37;469.64;1
2017-10-27 10:09:46;417.428;1
2017-10-27 10:10:55;365.233;1
2017-10-27 10:12:04;208.708;1
2017-10-27 10:13:13;260.888;1
2017-10-27 10:14:22;156.529;1
2017-10-27 10:15:31;260.892;1
2017-10-27 10:16:39;156.535;1
2017-10-27 10:17:48;626.15;1
2017-10-27 10:18:57;313.075;1
2017-10-27 10:20:06;313.048;1
2017-10-27 10:21:15;365.249;1
2017-10-27 10:22:24;417.403;1
2017-10-27 10:23:33;469.613;1
2017-10-27 10:24:42;469.613;1
2017-10-27 10:25:51;521.769;1
2017-10-27 10:27:00;469.599;1
2017-10-27 10:28:09;521.762;1
2017-10-27 10:29:18;365.244;1
2017-10-27 10:30:27;260.881;1
2017-10-27 10:31:36;52.179;1
2017-10-27 10:32:45;0;1
2017-10-27 10:33:54;0;1
2017-10-27 10:35:03;0;1
2017-10-27 10:36:12;0;1
2017-10-27 10:37:21;52.177;1
2017-10-27 10:38:30;0;1
2017-10-27 10:39:39;0;1
2017-10-27 10:40:48;0;1
2017-10-27 10:41:57;0;1
2017-10-27 10:43:06;0;1
2017-10-27 10:44:15;0;1
2017-10-27 10:45:24;52.176;1
2017-10-27 10:46:33;208.708;1
2017-10-27 10:47:42;260.904;1
2017-10-27 10:48:51;260.9;1
2017-10-27 10:50:00;834.819;1
2017-10-27 10:51:09;208.708;1
2017-10-27 10:52:18;0;1
2017-10-27 10:53:27;0;1
2017-10-27 10:54:36;0;1
2017-10-27 10:55:45;0;1
2017-10-27 10:56:54;0;1
2017-10-27 10:58:03;0;1
2017-10-27 10:59:12;0;1
2017-10-27 11:00:21;0;1
2017-10-27 11:01:30;104.352;1
2017-10-27 11:02:39;313.066;1
2017-10-27 11:03:48;417.409;1
2017-10-27 11:04:57;678.29;1
2017-10-27 11:06:06;782.643;1
2017-10-27 11:07:15;834.843;1
2017-10-27 11:08:24;1356.64;1
2017-10-27 11:09:33;991.347;1
2017-10-27 11:10:42;991.462;1
2017-10-27 11:11:51;1043.554;1
2017-10-27 11:13:00;1200.139;1
2017-10-27 11:14:09;1408.9;1
2017-10-27 11:15:18;1095.827;1
2017-10-27 11:16:27;1095.811;1
2017-10-27 11:17:36;1043.584;1
2017-10-27 11:18:45;1043.509;1
2017-10-27 11:19:54;1147.826;1
2017-10-27 11:21:03;1617.579;1
2017-10-27 11:22:12;1252.283;1
2017-10-27 11:23:21;1095.684;1
2017-10-27 11:24:30;1095.779;1
2017-10-27 11:25:39;1043.554;1
2017-10-27 11:26:48;1095.763;1
2017-10-27 11:27:57;1043.63;1
2017-10-27 11:29:06;1043.584;1
2017-10-27 11:30:15;1043.614;1
2017-10-27 11:31:24;1095.7;1
2017-10-27 11:32:33;1147.909;1
2017-10-27 11:33:42;1200.157;1
2017-10-27 11:34:51;1148.009;1
2017-10-27 11:36:00;1147.859;1
2017-10-27 11:37:09;1147.893;1
2017-10-27 11:38:18;1095.605;1
2017-10-27 11:39:27;991.376;1
2017-10-27 11:40:36;887.047;1
2017-10-27 11:41:45;834.879;1
2017-10-27 11:42:54;1304.48;1
2017-10-27 11:44:03;1565.127;1
2017-10-27 11:45:12;1669.638;1
2017-10-27 11:46:21;1565.081;1
2017-10-27 11:47:30;1147.926;1
2017-10-27 11:48:39;1095.509;1
2017-10-27 11:49:48;834.831;1
2017-10-27 11:50:57;834.795;1
2017-10-27 11:52:06;834.771;1
2017-10-27 11:53:15;834.843;1
2017-10-27 11:54:24;834.698;1
2017-10-27 11:55:33;782.677;1
2017-10-27 11:56:42;834.771;1
2017-10-27 11:57:51;886.969;1
2017-10-27 11:59:00;782.529;1
2017-10-27 12:00:09;782.631;1
2017-10-27 12:01:18;834.831;1
2017-10-27 12:02:27;834.795;1
2017-10-27 12:03:36;834.734;1
2017-10-27 12:04:45;834.819;1
2017-10-27 12:05:54;939.09;1
2017-10-27 12:07:03;834.758;1
2017-10-27 12:08:12;886.957;1
2017-10-27 12:09:21;939.117;1
2017-10-27 12:10:30;782.677;1
2017-10-27 12:11:39;626.078;1
2017-10-27 12:12:48;521.747;1
2017-10-27 12:13:57;365.212;1
2017-10-27 12:15:06;313.012;1
2017-10-27 12:16:15;417.422;1
2017-10-27 12:17:24;573.913;1
2017-10-27 12:18:33;678.34;1
2017-10-27 12:19:42;573.938;1
2017-10-27 12:20:51;573.963;1
2017-10-27 12:22:00;730.477;1
2017-10-27 12:23:09;782.745;1
2017-10-27 12:24:18;834.807;1
2017-10-27 12:25:27;782.189;1
2017-10-27 12:26:36;834.686;1
2017-10-27 12:27:45;834.758;1
2017-10-27 12:28:54;469.599;1
2017-10-27 12:30:03;365.207;1
2017-10-27 12:31:12;417.391;1
2017-10-27 12:32:21;573.955;1
2017-10-27 12:33:30;730.435;1
2017-10-27 12:34:39;886.969;1
2017-10-27 12:35:48;886.905;1
2017-10-27 12:36:57;573.888;1
2017-10-27 12:38:06;208.702;1
2017-10-27 12:39:15;0;1
2017-10-27 12:40:24;0;1
2017-10-27 12:41:33;104.363;1
2017-10-27 12:42:42;0;1
2017-10-27 12:43:51;0;1
2017-10-27 12:45:00;156.517;1
2017-10-27 12:46:09;417.391;1
2017-10-27 12:47:18;469.586;1
2017-10-27 12:48:27;521.709;1
2017-10-27 12:49:36;626.16;1
2017-10-27 12:50:45;782.597;1
2017-10-27 12:51:54;782.529;1
2017-10-27 12:53:03;782.609;1
2017-10-27 12:54:12;782.677;1
2017-10-27 12:55:21;782.609;1
2017-10-27 12:56:30;782.62;1
2017-10-27 12:57:39;730.414;1
2017-10-27 12:58:48;886.841;1
2017-10-27 12:59:57;991.347;1
2017-10-27 13:01:06;939.171;1
2017-10-27 13:02:15;991.347;1
2017-10-27 13:03:24;939.022;1
2017-10-27 13:04:33;886.995;1
2017-10-27 13:05:42;834.819;1
2017-10-27 13:06:51;730.361;1
2017-10-27 13:08:00;678.32;1
2017-10-27 13:09:09;730.488;1
2017-10-27 13:10:18;782.529;1
2017-10-27 13:11:27;782.541;1
2017-10-27 13:12:36;782.643;1
2017-10-27 13:13:45;834.795;1
2017-10-27 13:14:54;834.771;1
2017-10-27 13:16:03;834.867;1
2017-10-27 13:17:12;939.117;1
2017-10-27 13:18:21;886.944;1
2017-10-27 13:19:30;939.049;1
2017-10-27 13:20:39;939.144;1
2017-10-27 13:21:48;991.319;1
2017-10-27 13:22:57;939.103;1
2017-10-27 13:24:06;939.144;1
2017-10-27 13:25:15;886.995;1
2017-10-27 13:26:24;886.982;1
2017-10-27 13:27:33;834.758;1
2017-10-27 13:28:42;886.918;1
2017-10-27 13:29:51;886.931;1
2017-10-27 13:31:00;887.059;1
2017-10-27 13:32:09;886.944;1
2017-10-27 13:33:18;886.892;1
2017-10-27 13:34:27;887.034;1
2017-10-27 13:35:36;886.867;1
2017-10-27 13:36:45;834.746;1
2017-10-27 13:37:54;730.498;1
2017-10-27 13:39:03;730.445;1
2017-10-27 13:40:12;782.563;1
2017-10-27 13:41:21;730.435;1
2017-10-27 13:42:30;782.665;1
2017-10-27 13:43:39;782.609;1
2017-10-27 13:44:48;730.498;1
2017-10-27 13:45:57;730.53;1
2017-10-27 13:47:06;730.456;1
2017-10-27 13:48:15;782.711;1
2017-10-27 13:49:24;730.445;1
2017-10-27 13:50:33;730.456;1
2017-10-27 13:51:42;730.477;1
2017-10-27 13:52:51;730.519;1
2017-10-27 13:54:00;626.087;1
2017-10-27 13:55:09;626.105;1
2017-10-27 13:56:18;521.739;1
2017-10-27 13:57:27;469.626;1
2017-10-27 13:58:36;417.403;1
2017-10-27 13:59:45;313.071;1
2017-10-27 14:00:54;260.888;1
2017-10-27 14:02:03;104.357;1
2017-10-27 14:03:12;260.881;1
2017-10-27 14:04:21;417.409;1
2017-10-27 14:05:30;521.8;1
2017-10-27 14:06:39;573.93;1
2017-10-27 14:07:48;626.15;1
2017-10-27 14:08:57;730.498;1
2017-10-27 14:10:06;730.488;1
2017-10-27 14:11:15;678.31;1
2017-10-27 14:12:24;678.33;1
2017-10-27 14:13:33;626.123;1
2017-10-27 14:14:42;626.123;1
2017-10-27 14:15:51;678.379;1
2017-10-27 14:17:00;626.132;1
2017-10-27 14:18:09;678.281;1
2017-10-27 14:19:18;626.16;1
2017-10-27 14:20:27;626.087;1
2017-10-27 14:21:36;626.123;1
2017-10-27 14:22:45;678.32;1
2017-10-27 14:23:54;626.196;1
2017-10-27 14:25:03;678.359;1
2017-10-27 14:26:12;626.16;1
2017-10-27 14:27:21;678.33;1
2017-10-27 14:28:30;626.123;1
2017-10-27 14:29:39;678.251;1
2017-10-27 14:30:48;678.33;1
2017-10-27 14:31:57;678.33;1
2017-10-27 14:33:06;782.677;1
2017-10-27 14:34:15;730.519;1
2017-10-27 14:35:24;782.688;1
2017-10-27 14:36:33;782.643;1
2017-10-27 14:37:42;782.711;1
2017-10-27 14:38:51;782.688;1
2017-10-27 14:40:00;782.722;1
2017-10-27 14:41:09;782.654;1
2017-10-27 14:42:18;782.699;1
2017-10-27 14:43:27;834.855;1
2017-10-27 14:44:36;782.643;1
2017-10-27 14:45:45;834.795;1
2017-10-27 14:46:54;834.831;1
2017-10-27 14:48:03;887.072;1
2017-10-27 14:49:12;834.879;1
2017-10-27 14:50:21;886.957;1
2017-10-27 14:51:30;834.855;1
2017-10-27 14:52:39;834.831;1
2017-10-27 14:53:48;782.586;1
2017-10-27 14:54:57;730.509;1
2017-10-27 14:56:06;730.53;1
2017-10-27 14:57:15;678.29;1
2017-10-27 14:58:24;730.445;1
2017-10-27 14:59:33;730.509;1
2017-10-27 15:00:42;782.654;1
2017-10-27 15:01:51;730.509;1
2017-10-27 15:03:00;678.33;1
2017-10-27 15:04:09;678.31;1
2017-10-27 15:05:18;730.509;1
2017-10-27 15:06:27;678.34;1
2017-10-27 15:07:36;730.456;1
2017-10-27 15:08:45;678.163;1
2017-10-27 15:09:54;678.29;1
2017-10-27 15:11:03;678.31;1
2017-10-27 15:12:12;626.078;1
2017-10-27 15:13:21;678.241;1
2017-10-27 15:14:30;626.042;1
2017-10-27 15:15:39;626.114;1
2017-10-27 15:16:48;626.105;1
2017-10-27 15:17:57;573.93;1
2017-10-27 15:19:06;626.087;1
2017-10-27 15:20:15;521.716;1
2017-10-27 15:21:24;521.709;1
2017-10-27 15:22:33;469.579;1
2017-10-27 15:23:42;417.416;1
2017-10-27 15:24:51;573.913;1
2017-10-27 15:26:00;626.06;1
2017-10-27 15:27:09;521.724;1
2017-10-27 15:28:18;469.572;1
2017-10-27 15:29:27;417.391;1
2017-10-27 15:30:36;521.785;1
2017-10-27 15:31:45;626.014;1
2017-10-27 15:32:54;626.087;1
2017-10-27 15:34:03;521.724;1
2017-10-27 15:35:12;521.724;1
2017-10-27 15:36:21;573.946;1
2017-10-27 15:37:30;678.153;1
2017-10-27 15:38:39;626.132;1
2017-10-27 15:39:48;626.051;1
2017-10-27 15:40:57;626.033;1
2017-10-27 15:42:06;521.785;1
2017-10-27 15:43:15;521.732;1
2017-10-27 15:44:24;313.053;1
2017-10-27 15:45:33;313.039;1
2017-10-27 15:46:42;417.313;1
2017-10-27 15:47:51;573.913;1
2017-10-27 15:49:00;626.096;1
2017-10-27 15:50:09;626.141;1
2017-10-27 15:51:18;573.896;1
2017-10-27 15:52:27;626.114;1
2017-10-27 15:53:36;626.042;1
2017-10-27 15:54:45;730.488;1
2017-10-27 15:55:54;678.222;1
2017-10-27 15:57:03;626.078;1
2017-10-27 15:58:12;313.048;1
2017-10-27 15:59:21;52.174;1
2017-10-27 16:00:30;0;1
2017-10-27 16:01:39;0;1
2017-10-27 16:02:48;208.684;1
2017-10-27 16:03:57;365.196;1
2017-10-27 16:05:06;521.769;1
2017-10-27 16:06:15;1565.24;1
2017-10-27 16:07:24;1408.675;1
2017-10-27 16:08:33;1356.64;1
2017-10-27 16:09:42;1513.065;1
2017-10-27 16:10:51;1043.433;1
2017-10-27 16:12:00;1043.509;1
2017-10-27 16:13:09;1043.267;1
2017-10-27 16:14:18;1043.509;1
2017-10-27 16:15:27;1043.509;1
2017-10-27 16:16:36;1043.569;1
2017-10-27 16:17:45;991.189;1
2017-10-27 16:18:54;939.171;1
2017-10-27 16:20:03;677.927;1
2017-10-27 16:21:12;521.762;1
2017-10-27 16:22:21;365.239;1
2017-10-27 16:23:30;313.093;1
2017-10-27 16:24:39;208.702;1
2017-10-27 16:25:48;104.355;1
2017-10-27 16:26:57;156.526;1
2017-10-27 16:28:06;365.26;1
2017-10-27 16:29:15;313.043;1
2017-10-27 16:30:24;365.207;1
2017-10-27 16:31:33;313.075;1
2017-10-27 16:32:42;365.217;1
2017-10-27 16:33:51;730.414;1
2017-10-27 16:35:00;1564.923;1
2017-10-27 16:36:09;1774.119;1
2017-10-27 16:37:18;1826.113;1
2017-10-27 16:38:27;1826.06;1
2017-10-27 16:39:36;1565.081;1
2017-10-27 16:40:45;834.783;1
2017-10-27 16:41:54;678.32;1
2017-10-27 16:43:03;1617.368;1
2017-10-27 16:44:12;469.606;1
2017-10-27 16:45:21;365.149;1
2017-10-27 16:46:30;365.26;1
2017-10-27 16:47:39;417.385;1
2017-10-27 16:48:48;417.385;1
2017-10-27 16:49:57;417.416;1
2017-10-27 16:51:06;469.524;1
2017-10-27 16:52:15;417.428;1
2017-10-27 16:53:24;417.385;1
2017-10-27 16:54:33;469.558;1
2017-10-27 16:55:42;417.367;1
2017-10-27 16:56:51;469.558;1
2017-10-27 16:58:00;417.385;1
2017-10-27 16:59:09;417.379;1
2017-10-27 17:00:18;417.434;1
2017-10-27 17:01:27;417.349;1
2017-10-27 17:02:36;469.558;1
2017-10-27 17:03:45;521.777;1
2017-10-27 17:04:54;521.701;1
2017-10-27 17:06:03;626.178;1
2017-10-27 17:07:12;573.805;1
2017-10-27 17:08:21;678.34;1
2017-10-27 17:09:30;730.392;1
2017-10-27 17:10:39;678.29;1
2017-10-27 17:11:48;730.403;1
2017-10-27 17:12:57;678.261;1
2017-10-27 17:14:06;730.456;1
2017-10-27 17:15:15;626.096;1
2017-10-27 17:16:24;626.051;1
2017-10-27 17:17:33;573.913;1
2017-10-27 17:18:42;521.739;1
2017-10-27 17:19:51;365.212;1
2017-10-27 17:21:00;313.071;1
2017-10-27 17:22:09;313.016;1
2017-10-27 17:23:18;313.062;1
2017-10-27 17:24:27;313.053;1
2017-10-27 17:25:36;365.191;1
2017-10-27 17:26:45;365.228;1
2017-10-27 17:27:54;365.202;1
2017-10-27 17:29:03;365.202;1
2017-10-27 17:30:12;313.053;1
2017-10-27 17:31:21;365.254;1
2017-10-27 17:32:30;417.361;1
2017-10-27 17:33:39;365.239;1
2017-10-27 17:34:48;365.239;1
2017-10-27 17:35:57;365.244;1
2017-10-27 17:37:06;417.355;1
2017-10-27 17:38:15;365.186;1
2017-10-27 17:39:24;365.207;1
2017-10-27 17:40:33;417.373;1
2017-10-27 17:41:42;417.409;1
2017-10-27 17:42:51;365.233;1
2017-10-27 17:44:00;417.337;1
2017-10-27 17:45:09;469.545;1
2017-10-27 17:46:18;469.565;1
2017-10-27 17:47:27;469.613;1
2017-10-27 17:48:36;521.792;1
2017-10-27 17:49:45;521.656;1
2017-10-27 17:50:54;573.946;1
2017-10-27 17:52:03;573.921;1
2017-10-27 17:53:12;626.069;1
2017-10-27 17:54:21;573.921;1
2017-10-27 17:55:30;626.06;1
2017-10-27 17:56:39;626.042;1
2017-10-27 17:57:48;678.29;1
2017-10-27 17:58:57;626.105;1
2017-10-27 18:00:06;626.096;1
2017-10-27 18:01:15;678.261;1
2017-10-27 18:02:24;678.271;1
2017-10-27 18:03:33;678.241;1
2017-10-27 18:04:42;626.051;1
2017-10-27 18:05:51;678.29;1
2017-10-27 18:07:00;678.33;1
2017-10-27 18:08:09;678.163;1
2017-10-27 18:09:18;678.33;1
2017-10-27 18:10:27;678.202;1
2017-10-27 18:11:36;730.445;1
2017-10-27 18:12:45;678.231;1
2017-10-27 18:13:54;678.31;1
2017-10-27 18:15:03;678.271;1
2017-10-27 18:16:12;678.251;1
2017-10-27 18:17:21;626.051;1
2017-10-27 18:18:30;626.141;1
2017-10-27 18:19:39;626.033;1
2017-10-27 18:20:48;626.023;1
2017-10-27 18:21:57;626.069;1
2017-10-27 18:23:06;678.33;1
2017-10-27 18:24:15;782.597;1
2017-10-27 18:25:24;782.597;1
2017-10-27 18:26:33;782.62;1
2017-10-27 18:27:42;730.456;1
2017-10-27 18:28:51;730.382;1
2017-10-27 18:30:00;782.631;1
2017-10-27 18:31:09;782.677;1
2017-10-27 18:32:18;782.563;1
2017-10-27 18:33:27;782.643;1
2017-10-27 18:34:36;782.575;1
2017-10-27 18:35:45;730.498;1
2017-10-27 18:36:54;782.643;1
2017-10-27 18:38:03;782.631;1
2017-10-27 18:39:12;730.424;1
2017-10-27 18:40:21;782.643;1
2017-10-27 18:41:30;730.392;1
2017-10-27 18:42:39;730.424;1
2017-10-27 18:43:48;782.586;1
2017-10-27 18:44:57;730.445;1
2017-10-27 18:46:06;782.586;1
2017-10-27 18:47:15;730.467;1
2017-10-27 18:48:24;782.665;1
2017-10-27 18:49:33;730.424;1
2017-10-27 18:50:42;730.361;1
2017-10-27 18:51:51;782.677;1
2017-10-27 18:53:00;730.456;1
2017-10-27 18:54:09;730.414;1
2017-10-27 18:55:18;730.435;1
2017-10-27 18:56:27;730.382;1
2017-10-27 18:57:36;782.631;1
2017-10-27 18:58:45;730.467;1
2017-10-27 18:59:54;730.361;1
2017-10-27 19:01:03;782.62;1
2017-10-27 19:02:12;782.631;1
2017-10-27 19:03:21;730.403;1
2017-10-27 19:04:30;730.467;1
2017-10-27 19:05:39;782.631;1
2017-10-27 19:06:48;730.414;1
2017-10-27 19:07:57;730.467;1
2017-10-27 19:09:06;782.609;1
2017-10-27 19:10:15;730.456;1
2017-10-27 19:11:24;782.552;1
2017-10-27 19:12:33;782.609;1
2017-10-27 19:13:42;730.435;1
2017-10-27 19:14:51;782.631;1
2017-10-27 19:16:00;730.403;1
2017-10-27 19:17:09;730.414;1
2017-10-27 19:18:18;730.445;1
2017-10-27 19:19:27;730.456;1
2017-10-27 19:20:36;782.529;1
2017-10-27 19:21:45;730.467;1
2017-10-27 19:22:54;782.609;1
2017-10-27 19:24:03;730.435;1
2017-10-27 19:25:12;730.445;1
2017-10-27 19:26:21;730.467;1
2017-10-27 19:27:30;730.488;1
2017-10-27 19:28:39;730.308;1
2017-10-27 19:29:48;782.677;1
2017-10-27 19:30:57;730.414;1
2017-10-27 19:32:06;678.281;1
2017-10-27 19:33:15;626.023;1
2017-10-27 19:34:24;626.069;1
2017-10-27 19:35:33;626.141;1
2017-10-27 19:36:42;626.087;1
2017-10-27 19:37:51;626.069;1
2017-10-27 19:39:00;626.096;1
2017-10-27 19:40:09;626.087;1
2017-10-27 19:41:18;626.078;1
2017-10-27 19:42:27;626.096;1
2017-10-27 19:43:36;626.069;1
2017-10-27 19:44:45;626.114;1
2017-10-27 19:45:54;626.123;1
2017-10-27 19:47:03;626.042;1
2017-10-27 19:48:12;626.069;1
2017-10-27 19:49:21;678.251;1
2017-10-27 19:50:30;626.105;1
2017-10-27 19:51:39;626.105;1
2017-10-27 19:52:48;626.114;1
2017-10-27 19:53:57;626.051;1
2017-10-27 19:55:06;626.051;1
2017-10-27 19:56:15;626.087;1
2017-10-27 19:57:24;626.078;1
2017-10-27 19:58:33;626.114;1
2017-10-27 19:59:42;626.078;1
2017-10-27 20:00:51;626.087;1
2017-10-27 20:02:00;626.087;1
2017-10-27 20:03:09;626.087;1
2017-10-27 20:04:18;730.477;1
2017-10-27 20:05:27;626.096;1
2017-10-27 20:06:36;625.996;1
2017-10-27 20:07:45;626.096;1
2017-10-27 20:08:54;626.105;1
2017-10-27 20:10:03;626.078;1
2017-10-27 20:11:12;626.078;1
2017-10-27 20:12:21;626.087;1
2017-10-27 20:13:30;626.141;1
2017-10-27 20:14:39;626.078;1
2017-10-27 20:15:48;626.06;1
2017-10-27 20:16:57;626.096;1
2017-10-27 20:18:06;626.096;1
2017-10-27 20:19:15;626.033;1
2017-10-27 20:20:24;573.93;1
2017-10-27 20:21:33;678.202;1
2017-10-27 20:22:42;626.123;1
2017-10-27 20:23:51;626.105;1
2017-10-27 20:25:00;626.078;1
2017-10-27 20:26:09;573.93;1
2017-10-27 20:27:18;678.32;1
2017-10-27 20:28:27;573.855;1
2017-10-27 20:29:36;626.042;1
2017-10-27 20:30:45;626.087;1
2017-10-27 20:31:54;626.123;1
2017-10-27 20:33:03;626.096;1
2017-10-27 20:34:12;573.905;1
2017-10-27 20:35:21;626.033;1
2017-10-27 20:36:30;626.16;1
2017-10-27 20:37:39;573.905;1
2017-10-27 20:38:48;626.042;1
2017-10-27 20:39:57;573.938;1
2017-10-27 20:41:06;626.114;1
2017-10-27 20:42:15;626.06;1
2017-10-27 20:43:24;573.871;1
2017-10-27 20:44:33;626.123;1
2017-10-27 20:45:42;626.087;1
2017-10-27 20:46:51;626.114;1
2017-10-27 20:48:00;573.88;1
2017-10-27 20:49:09;626.096;1
2017-10-27 20:50:18;626.06;1
2017-10-27 20:51:27;573.93;1
2017-10-27 20:52:36;626.069;1
2017-10-27 20:53:45;573.896;1
2017-10-27 20:54:54;573.905;1
2017-10-27 20:56:03;626.132;1
2017-10-27 20:57:12;573.93;1
2017-10-27 20:58:21;573.871;1
2017-10-27 20:59:30;573.963;1
2017-10-27 21:00:39;626.078;1
2017-10-27 21:01:48;626.06;1
2017-10-27 21:02:57;626.123;1
2017-10-27 21:04:06;626.096;1
2017-10-27 21:05:15;626.096;1
2017-10-27 21:06:24;626.042;1
2017-10-27 21:07:33;626.078;1
2017-10-27 21:08:42;573.905;1
2017-10-27 21:09:51;626.123;1
2017-10-27 21:11:00;626.023;1
2017-10-27 21:12:09;626.114;1
2017-10-27 21:13:18;573.905;1
2017-10-27 21:14:27;626.114;1
2017-10-27 21:15:36;573.888;1
2017-10-27 21:16:45;626.087;1
2017-10-27 21:17:54;626.078;1
2017-10-27 21:19:03;573.93;1
2017-10-27 21:20:12;626.087;1
2017-10-27 21:21:21;782.631;1
2017-10-27 21:22:30;782.586;1
2017-10-27 21:23:39;730.424;1
2017-10-27 21:24:48;730.414;1
2017-10-27 21:25:57;782.665;1
2017-10-27 21:27:06;730.371;1
2017-10-27 21:28:15;782.563;1
2017-10-27 21:29:24;782.654;1
2017-10-27 21:30:33;730.424;1
2017-10-27 21:31:42;730.467;1
2017-10-27 21:32:51;730.509;1
2017-10-27 21:34:00;730.519;1
2017-10-27 21:35:09;730.488;1
2017-10-27 21:36:18;730.477;1
2017-10-27 21:37:27;730.551;1
2017-10-27 21:38:36;730.456;1
2017-10-27 21:39:45;730.488;1
2017-10-27 21:40:54;730.509;1
2017-10-27 21:42:03;730.509;1
2017-10-27 21:43:12;678.349;1
2017-10-27 21:44:21;730.477;1
2017-10-27 21:45:30;730.488;1
2017-10-27 21:46:39;730.509;1
2017-10-27 21:47:48;730.477;1
2017-10-27 21:48:57;730.477;1
2017-10-27 21:50:06;730.488;1
2017-10-27 21:51:15;730.488;1
2017-10-27 21:52:24;678.359;1
2017-10-27 21:53:33;730.551;1
2017-10-27 21:54:42;730.456;1
2017-10-27 21:55:51;730.519;1
2017-10-27 21:57:00;730.477;1
2017-10-27 21:58:09;678.29;1
2017-10-27 21:59:18;730.509;1
2017-10-27 22:00:27;730.519;1
2017-10-27 22:01:36;730.488;1
2017-10-27 22:02:45;678.32;1
2017-10-27 22:03:54;730.53;1
2017-10-27 22:05:03;678.33;1
2017-10-27 22:06:12;0;1
2017-10-27 22:07:21;0;1
2017-10-27 22:08:30;0;1
2017-10-27 22:09:39;0;1
2017-10-27 22:10:48;0;1
2017-10-27 22:11:57;0;1
2017-10-27 22:13:06;0;1
2017-10-27 22:14:15;0;1
2017-10-27 22:15:24;0;1
2017-10-27 22:16:33;0;1
2017-10-27 22:17:42;0;1
2017-10-27 22:18:51;0;1
2017-10-27 22:20:00;0;1
2017-10-27 22:21:09;0;1
2017-10-27 22:22:18;0;1
2017-10-27 22:23:27;0;1
2017-10-27 22:24:36;0;1
2017-10-27 22:25:45;0;1
2017-10-27 22:26:54;0;1
2017-10-27 22:28:03;0;1
2017-10-27 22:29:12;0;1
2017-10-27 22:30:21;0;1
2017-10-27 22:31:30;0;1
2017-10-27 22:32:38;0;1
2017-10-27 22:33:47;0;1
2017-10-27 22:34:56;0;1
2017-10-27 22:36:05;0;1
2017-10-27 22:37:14;0;1
2017-10-27 22:38:23;0;1
2017-10-27 22:39:32;0;1
2017-10-27 22:40:41;0;1
2017-10-27 22:41:50;0;1
2017-10-27 22:42:59;0;1
2017-10-27 22:44:08;0;1
2017-10-27 22:45:17;0;1
2017-10-27 22:46:26;0;1
2017-10-27 22:47:35;0;1
2017-10-27 22:48:44;0;1
2017-10-27 22:49:53;0;1
2017-10-27 22:51:02;0;1
2017-10-27 22:52:11;0;1
2017-10-27 22:53:20;0;1
2017-10-27 22:54:29;0;1
2017-10-27 22:55:38;0;1
2017-10-27 22:56:47;0;1
2017-10-27 22:57:56;0;1
2017-10-27 22:59:05;0;1
2017-10-27 23:00:14;0;1
2017-10-27 23:01:23;0;1
2017-10-27 23:02:32;0;1
2017-10-27 23:03:41;0;1
2017-10-27 23:04:50;0;1
2017-10-27 23:05:59;0;1
2017-10-27 23:07:08;0;1
2017-10-27 23:08:17;0;1
2017-10-27 23:09:26;0;1
2017-10-27 23:10:35;0;1
2017-10-27 23:11:44;0;1
2017-10-27 23:12:53;0;1
2017-10-27 23:14:02;0;1
2017-10-27 23:15:11;0;1
2017-10-27 23:16:20;0;1
2017-10-27 23:17:29;0;1
2017-10-27 23:18:38;0;1
2017-10-27 23:19:47;0;1
2017-10-27 23:20:56;0;1
2017-10-27 23:22:05;0;1
2017-10-27 23:23:14;0;1
2017-10-27 23:24:23;0;1
2017-10-27 23:25:32;0;1
2017-10-27 23:26:41;0;1
2017-10-27 23:27:50;0;1
2017-10-27 23:28:59;0;1
2017-10-27 23:30:08;0;1
2017-10-27 23:31:17;0;1
2017-10-27 23:32:26;0;1
2017-10-27 23:33:35;0;1
2017-10-27 23:34:44;0;1
2017-10-27 23:35:53;0;1
2017-10-27 23:37:02;0;1
2017-10-27 23:38:11;0;1
2017-10-27 23:39:20;0;1
2017-10-27 23:40:29;0;1
2017-10-27 23:41:38;0;1
2017-10-27 23:42:47;0;1
2017-10-27 23:43:56;0;1
2017-10-27 23:45:05;0;1
2017-10-27 23:46:14;0;1
2017-10-27 23:47:23;0;1
2017-10-27 23:48:32;0;1
2017-10-27 23:49:41;0;1
2017-10-27 23:50:50;0;1
2017-10-27 23:51:59;0;1
2017-10-27 23:53:08;0;1
2017-10-27 23:54:17;0;1
2017-10-27 23:55:26;0;1
2017-10-27 23:56:35;0;1
2017-10-27 23:57:44;0;1
2017-10-27 23:58:53;0;1
2017-10-28 00:00:02;0;1
2017-10-28 00:01:11;0;1
2017-10-28 00:02:20;0;1
2017-10-28 00:03:29;0;1
2017-10-28 00:04:38;0;1
2017-10-28 00:05:47;0;1
2017-10-28 00:06:56;0;1
2017-10-28 00:08:05;0;1
2017-10-28 00:09:14;0;1
2017-10-28 00:10:23;0;1
2017-10-28 00:11:32;0;1
2017-10-28 00:12:41;0;1
2017-10-28 00:13:50;0;1
2017-10-28 00:14:59;0;1
2017-10-28 00:16:08;0;1
2017-10-28 00:17:17;0;1
2017-10-28 00:18:26;0;1
2017-10-28 00:19:35;0;1
2017-10-28 00:20:44;0;1
2017-10-28 00:21:53;0;1
2017-10-28 00:23:02;0;1
2017-10-28 00:24:11;0;1
2017-10-28 00:25:20;0;1
2017-10-28 00:26:29;0;1
2017-10-28 00:27:38;0;1
2017-10-28 00:28:47;0;1
2017-10-28 00:29:56;0;1
2017-10-28 00:31:05;0;1
2017-10-28 00:32:14;0;1
2017-10-28 00:33:23;0;1
2017-10-28 00:34:32;0;1
2017-10-28 00:35:41;0;1
2017-10-28 00:36:50;0;1
2017-10-28 00:37:59;0;1
2017-10-28 00:39:08;0;1
2017-10-28 00:40:17;0;1
2017-10-28 00:41:26;0;1
2017-10-28 00:42:35;0;1
2017-10-28 00:43:44;0;1
2017-10-28 00:44:53;0;1
2017-10-28 00:46:02;0;1
2017-10-28 00:47:11;0;1
2017-10-28 00:48:20;0;1
2017-10-28 00:49:29;0;1
2017-10-28 00:50:38;0;1
2017-10-28 00:51:47;0;1
2017-10-28 00:52:56;0;1
2017-10-28 00:54:05;0;1
2017-10-28 00:55:14;0;1
2017-10-28 00:56:23;0;1
2017-10-28 00:57:32;0;1
2017-10-28 00:58:41;0;1
2017-10-28 00:59:50;0;1
2017-10-28 01:00:59;0;1
2017-10-28 01:02:08;0;1
2017-10-28 01:03:17;0;1
2017-10-28 01:04:26;0;1
2017-10-28 01:05:35;0;1
2017-10-28 01:06:44;0;1
2017-10-28 01:07:53;0;1
2017-10-28 01:09:02;0;1
2017-10-28 01:10:11;0;1
2017-10-28 01:11:20;0;1
2017-10-28 01:12:29;0;1
2017-10-28 01:13:38;0;1
2017-10-28 01:14:47;0;1
2017-10-28 01:15:56;0;1
2017-10-28 01:17:05;0;1
2017-10-28 01:18:14;0;1
2017-10-28 01:19:23;0;1
2017-10-28 01:20:32;0;1
2017-10-28 01:21:41;0;1
2017-10-28 01:22:50;0;1
2017-10-28 01:23:59;0;1
2017-10-28 01:25:08;0;1
2017-10-28 01:26:17;0;1
2017-10-28 01:27:26;0;1
2017-10-28 01:28:35;0;1
2017-10-28 01:29:44;0;1
2017-10-28 01:30:53;0;1
2017-10-28 01:32:02;0;1
2017-10-28 01:33:11;0;1
2017-10-28 01:34:20;0;1
2017-10-28 01:35:29;0;1
2017-10-28 01:36:38;0;1
2017-10-28 01:37:47;0;1
2017-10-28 01:38:56;0;1
2017-10-28 01:40:05;0;1
2017-10-28 01:41:14;0;1
2017-10-28 01:42:23;0;1
2017-10-28 01:43:32;0;1
2017-10-28 01:44:41;0;1
2017-10-28 01:45:50;0;1
2017-10-28 01:46:59;0;1
2017-10-28 01:48:08;0;1
2017-10-28 01:49:17;0;1
2017-10-28 01:50:26;0;1
2017-10-28 01:51:35;0;1
2017-10-28 01:52:44;0;1
2017-10-28 01:53:53;0;1
2017-10-28 01:55:02;0;1
2017-10-28 01:56:11;0;1
2017-10-28 01:57:20;0;1
2017-10-28 01:58:29;0;1
2017-10-28 01:59:38;0;1
2017-10-28 02:00:47;0;1
2017-10-28 02:01:56;0;1
2017-10-28 02:03:05;0;1
2017-10-28 02:04:14;0;1
2017-10-28 02:05:23;0;1
2017-10-28 02:06:32;0;1
2017-10-28 02:07:41;0;1
2017-10-28 02:08:50;0;1
2017-10-28 02:09:59;0;1
2017-10-28 02:11:08;0;1
2017-10-28 02:12:17;0;1
2017-10-28 02:13:26;0;1
2017-10-28 02:14:35;0;1
2017-10-28 02:15:44;0;1
2017-10-28 02:16:53;0;1
2017-10-28 02:18:02;0;1
2017-10-28 02:19:11;0;1
2017-10-28 02:20:20;0;1
2017-10-28 02:21:29;0;1
2017-10-28 02:22:38;0;1
2017-10-28 02:23:47;0;1
2017-10-28 02:24:56;0;1
2017-10-28 02:26:05;0;1
2017-10-28 02:27:14;0;1
2017-10-28 02:28:23;0;1
2017-10-28 02:29:32;0;1
2017-10-28 02:30:41;0;1
2017-10-28 02:31:50;0;1
2017-10-28 02:32:59;0;1
2017-10-28 02:34:08;0;1
2017-10-28 02:35:17;0;1
2017-10-28 02:36:26;0;1
2017-10-28 02:37:35;0;1
2017-10-28 02:38:44;0;1
2017-10-28 02:39:53;0;1
2017-10-28 02:41:02;0;1
2017-10-28 02:42:11;0;1
2017-10-28 02:43:20;0;1
2017-10-28 02:44:29;0;1
2017-10-28 02:45:38;0;1
2017-10-28 02:46:47;0;1
2017-10-28 02:47:56;0;1
2017-10-28 02:49:05;0;1
2017-10-28 02:50:14;0;1
2017-10-28 02:51:23;0;1
2017-10-28 02:52:32;0;1
2017-10-28 02:53:41;0;1
2017-10-28 02:54:50;0;1
2017-10-28 02:55:59;0;1
2017-10-28 02:57:08;0;1
2017-10-28 02:58:17;0;1
2017-10-28 02:59:26;0;1
2017-10-28 03:00:35;0;1
2017-10-28 03:01:44;0;1
2017-10-28 03:02:53;0;1
2017-10-28 03:04:02;0;1
2017-10-28 03:05:11;0;1
2017-10-28 03:06:20;0;1
2017-10-28 03:07:29;0;1
2017-10-28 03:08:38;0;1
2017-10-28 03:09:47;0;1
2017-10-28 03:10:56;0;1
2017-10-28 03:12:05;0;1
2017-10-28 03:13:14;0;1
2017-10-28 03:14:23;0;1
2017-10-28 03:15:32;0;1
2017-10-28 03:16:41;0;1
2017-10-28 03:17:50;0;1
2017-10-28 03:18:59;0;1
2017-10-28 03:20:08;0;1
2017-10-28 03:21:17;0;1
2017-10-28 03:22:26;0;1
2017-10-28 03:23:35;0;1
2017-10-28 03:24:44;0;1
2017-10-28 03:25:53;0;1
2017-10-28 03:27:02;0;1
2017-10-28 03:28:11;0;1
2017-10-28 03:29:20;0;1
2017-10-28 03:30:29;0;1
2017-10-28 03:31:38;0;1
2017-10-28 03:32:47;0;1
2017-10-28 03:33:56;0;1
2017-10-28 03:35:05;0;1
2017-10-28 03:36:14;0;1
2017-10-28 03:37:23;0;1
2017-10-28 03:38:32;0;1
2017-10-28 03:39:41;0;1
2017-10-28 03:40:50;0;1
2017-10-28 03:41:59;0;1
2017-10-28 03:43:08;0;1
2017-10-28 03:44:17;0;1
2017-10-28 03:45:26;0;1
2017-10-28 03:46:35;0;1
2017-10-28 03:47:44;0;1
2017-10-28 03:48:53;0;1
2017-10-28 03:50:02;0;1
2017-10-28 03:51:11;0;1
2017-10-28 03:52:20;0;1
2017-10-28 03:53:29;0;1
2017-10-28 03:54:38;0;1
2017-10-28 03:55:47;0;1
2017-10-28 03:56:56;0;1
2017-10-28 03:58:05;0;1
2017-10-28 03:59:14;0;1
2017-10-28 04:00:23;0;1
2017-10-28 04:01:32;0;1
2017-10-28 04:02:41;0;1
2017-10-28 04:03:50;0;1
2017-10-28 04:07:35;0;1
2017-10-28 04:08:51;0;1
2017-10-28 04:10:00;0;1
2017-10-28 04:11:09;0;1
2017-10-28 04:12:18;0;1
2017-10-28 04:13:27;0;1
2017-10-28 04:14:36;0;1
2017-10-28 04:15:45;0;1
2017-10-28 04:16:54;0;1
2017-10-28 04:18:03;0;1
2017-10-28 04:19:12;0;1
2017-10-28 04:20:21;0;1
2017-10-28 04:21:30;0;1
2017-10-28 04:22:39;0;1
2017-10-28 04:23:48;0;1
2017-10-28 04:24:57;0;1
2017-10-28 04:26:06;0;1
2017-10-28 04:27:15;0;1
2017-10-28 04:28:24;0;1
2017-10-28 04:29:33;0;1
2017-10-28 04:30:42;0;1
2017-10-28 04:31:51;0;1
2017-10-28 04:33:00;0;1
2017-10-28 04:34:09;0;1
2017-10-28 04:35:18;0;1
2017-10-28 04:36:27;0;1
2017-10-28 04:37:36;0;1
2017-10-28 04:38:45;0;1
2017-10-28 04:39:54;0;1
2017-10-28 04:41:03;0;1
2017-10-28 04:42:12;0;1
2017-10-28 04:43:21;0;1
2017-10-28 04:44:30;0;1
2017-10-28 04:45:39;0;1
2017-10-28 04:46:48;0;1
2017-10-28 04:47:57;0;1
2017-10-28 04:49:06;0;1
2017-10-28 04:50:15;0;1
2017-10-28 04:51:24;0;1
2017-10-28 04:52:33;0;1
2017-10-28 04:53:42;0;1
2017-10-28 04:54:51;0;1
2017-10-28 04:56:00;0;1
2017-10-28 04:57:09;0;1
2017-10-28 04:58:18;0;1
2017-10-28 04:59:27;0;1
2017-10-28 05:00:36;0;1
2017-10-28 05:01:45;0;1
2017-10-28 05:02:54;0;1
2017-10-28 05:04:03;0;1
2017-10-28 05:05:12;0;1
2017-10-28 05:06:21;0;1
2017-10-28 05:07:30;0;1
2017-10-28 05:08:39;0;1
2017-10-28 05:09:48;0;1
2017-10-28 05:10:57;0;1
2017-10-28 05:12:06;0;1
2017-10-28 05:13:15;0;1
2017-10-28 05:14:24;0;1
2017-10-28 05:15:33;0;1
2017-10-28 05:16:42;0;1
2017-10-28 05:17:51;0;1
2017-10-28 05:19:00;0;1
2017-10-28 05:20:09;0;1
2017-10-28 05:21:18;0;1
2017-10-28 05:22:27;0;1
2017-10-28 05:23:36;0;1
2017-10-28 05:24:45;0;1
2017-10-28 05:25:54;0;1
2017-10-28 05:27:03;0;1
2017-10-28 05:28:12;0;1
2017-10-28 05:29:21;0;1
2017-10-28 05:30:30;0;1
2017-10-28 05:31:39;0;1
2017-10-28 05:32:48;0;1
2017-10-28 05:33:57;0;1
2017-10-28 05:35:06;0;1
2017-10-28 05:36:15;0;1
2017-10-28 05:37:24;0;1
2017-10-28 05:38:33;0;1
2017-10-28 05:39:42;0;1
2017-10-28 05:40:51;0;1
2017-10-28 05:42:00;0;1
2017-10-28 05:43:09;0;1
2017-10-28 05:44:18;0;1
2017-10-28 05:45:27;0;1
2017-10-28 05:46:36;0;1
2017-10-28 05:47:45;0;1
2017-10-28 05:48:54;0;1
2017-10-28 05:50:03;0;1
2017-10-28 05:51:12;0;1
2017-10-28 05:52:21;0;1
2017-10-28 05:53:30;0;1
2017-10-28 05:54:39;0;1
2017-10-28 05:55:48;0;1
2017-10-28 05:56:57;0;1
2017-10-28 05:58:06;0;1
2017-10-28 05:59:15;0;1
2017-10-28 06:00:24;0;1
2017-10-28 06:01:33;0;1
2017-10-28 06:02:42;0;1
2017-10-28 06:03:51;0;1
2017-10-28 06:05:00;0;1
2017-10-28 06:06:09;626.042;1
2017-10-28 06:07:18;626.033;1
2017-10-28 06:08:27;626.105;1
2017-10-28 06:09:36;626.06;1
2017-10-28 06:10:45;626.141;1
2017-10-28 06:11:54;626.033;1
2017-10-28 06:13:03;573.88;1
2017-10-28 06:14:12;730.445;1
2017-10-28 06:15:21;782.677;1
2017-10-28 06:16:30;782.541;1
2017-10-28 06:17:39;834.819;1
2017-10-28 06:18:48;730.456;1
2017-10-28 06:19:57;834.746;1
2017-10-28 06:21:06;782.575;1
2017-10-28 06:22:15;782.586;1
2017-10-28 06:23:24;730.477;1
2017-10-28 06:24:33;782.575;1
2017-10-28 06:25:42;782.643;1
2017-10-28 06:26:51;730.361;1
2017-10-28 06:28:00;782.563;1
2017-10-28 06:29:09;782.563;1
2017-10-28 06:30:18;730.477;1
2017-10-28 06:31:27;782.575;1
2017-10-28 06:32:36;730.498;1
2017-10-28 06:33:45;782.541;1
2017-10-28 06:34:54;730.435;1
2017-10-28 06:36:03;782.665;1
2017-10-28 06:37:12;730.34;1
2017-10-28 06:38:21;730.477;1
2017-10-28 06:39:30;782.552;1
2017-10-28 06:40:39;730.488;1
2017-10-28 06:41:48;730.382;1
2017-10-28 06:42:57;782.643;1
2017-10-28 06:44:06;730.467;1
2017-10-28 06:45:15;730.456;1
2017-10-28 06:46:24;782.518;1
2017-10-28 06:47:33;730.456;1
2017-10-28 06:48:42;730.456;1
2017-10-28 06:49:51;782.586;1
2017-10-28 06:51:00;730.414;1
2017-10-28 06:52:09;730.498;1
2017-10-28 06:53:18;730.361;1
2017-10-28 06:54:27;730.456;1
2017-10-28 06:55:36;782.643;1
2017-10-28 06:56:45;730.456;1
2017-10-28 06:57:54;730.308;1
2017-10-28 06:59:03;730.519;1
2017-10-28 07:00:12;730.456;1
2017-10-28 07:01:21;730.414;1
2017-10-28 07:02:30;782.575;1
2017-10-28 07:03:39;730.403;1
2017-10-28 07:04:48;730.519;1
2017-10-28 07:05:57;730.424;1
2017-10-28 07:07:06;782.609;1
2017-10-28 07:08:15;730.35;1
2017-10-28 07:09:24;730.467;1
2017-10-28 07:10:33;730.456;1
2017-10-28 07:11:42;782.654;1
2017-10-28 07:12:51;730.403;1
2017-10-28 07:14:00;730.392;1
2017-10-28 07:15:09;730.414;1
2017-10-28 07:16:18;730.488;1
2017-10-28 07:17:27;782.586;1
2017-10-28 07:18:36;730.414;1
2017-10-28 07:19:45;730.551;1
2017-10-28 07:20:54;730.445;1
2017-10-28 07:22:03;678.359;1
2017-10-28 07:23:12;626.033;1
2017-10-28 07:24:21;626.06;1
2017-10-28 07:25:30;626.114;1
2017-10-28 07:26:39;626.096;1
2017-10-28 07:27:48;626.114;1
2017-10-28 07:28:57;626.114;1
2017-10-28 07:30:06;626.141;1
2017-10-28 07:31:15;626.087;1
2017-10-28 07:32:24;626.023;1
2017-10-28 07:33:33;626.105;1
2017-10-28 07:34:42;626.114;1
2017-10-28 07:35:51;626.087;1
2017-10-28 07:37:00;626.087;1
2017-10-28 07:38:09;626.078;1
2017-10-28 07:39:18;626.114;1
2017-10-28 07:40:27;626.078;1
2017-10-28 07:41:36;573.888;1
2017-10-28 07:42:45;626.141;1
2017-10-28 07:43:54;678.202;1
2017-10-28 07:45:03;573.93;1
2017-10-28 07:46:12;626.105;1
2017-10-28 07:47:21;626.033;1
2017-10-28 07:48:30;678.281;1
2017-10-28 07:49:39;626.096;1
2017-10-28 07:50:48;626.069;1
2017-10-28 07:51:57;626.078;1
2017-10-28 07:53:06;626.105;1
2017-10-28 07:54:15;626.051;1
2017-10-28 07:55:24;626.123;1
2017-10-28 07:56:33;626.105;1
2017-10-28 07:57:42;626.06;1
2017-10-28 07:58:51;626.078;1
2017-10-28 08:00:00;626.051;1
2017-10-28 08:01:09;626.141;1
2017-10-28 08:02:18;626.087;1
2017-10-28 08:03:27;626.096;1
2017-10-28 08:04:36;626.114;1
2017-10-28 08:05:45;626.087;1
2017-10-28 08:06:54;626.069;1
2017-10-28 08:08:03;626.023;1
2017-10-28 08:09:12;521.769;1
2017-10-28 08:10:21;521.739;1
2017-10-28 08:11:30;573.896;1
2017-10-28 08:12:39;469.552;1
2017-10-28 08:13:48;521.724;1
2017-10-28 08:14:57;469.586;1
2017-10-28 08:16:06;521.724;1
2017-10-28 08:17:15;417.373;1
2017-10-28 08:18:24;469.545;1
2017-10-28 08:19:33;469.558;1
2017-10-28 08:20:42;417.422;1
2017-10-28 08:21:51;365.233;1
2017-10-28 08:23:00;365.207;1
2017-10-28 08:24:09;313.066;1
2017-10-28 08:25:18;208.693;1
2017-10-28 08:26:27;208.696;1
2017-10-28 08:27:36;156.526;1
2017-10-28 08:28:45;156.515;1
2017-10-28 08:29:54;104.349;1
2017-10-28 08:31:03;52.174;1
2017-10-28 08:32:12;52.168;1
2017-10-28 08:33:21;0;1
2017-10-28 08:34:30;0;1
2017-10-28 08:35:39;0;1
2017-10-28 08:36:48;0;1
2017-10-28 08:37:57;0;1
2017-10-28 08:39:06;0;1
2017-10-28 08:40:15;0;1
2017-10-28 08:41:24;0;1
2017-10-28 08:42:33;0;1
2017-10-28 08:43:42;0;1
2017-10-28 08:44:51;52.173;1
2017-10-28 08:46:00;0;1
2017-10-28 08:47:09;0;1
2017-10-28 08:48:18;0;1
2017-10-28 08:49:27;52.178;1
2017-10-28 08:50:36;52.176;1
2017-10-28 08:51:45;0;1
2017-10-28 08:52:54;0;1
2017-10-28 08:54:03;0;1
2017-10-28 08:55:12;0;1
2017-10-28 08:56:21;0;1
2017-10-28 08:57:30;0;1
2017-10-28 08:58:39;0;1
2017-10-28 08:59:48;0;1
2017-10-28 09:00:57;0;1
2017-10-28 09:02:06;0;1
2017-10-28 09:03:15;0;1
2017-10-28 09:04:24;0;1
2017-10-28 09:05:33;0;1
2017-10-28 09:06:42;0;1
2017-10-28 09:07:51;0;1
2017-10-28 09:09:00;0;1
2017-10-28 09:10:09;0;1
2017-10-28 09:11:18;0;1
2017-10-28 09:12:27;0;1
2017-10-28 09:13:36;0;1
2017-10-28 09:14:45;0;1
2017-10-28 09:15:54;0;1
2017-10-28 09:17:03;0;1
2017-10-28 09:18:12;0;1
2017-10-28 09:19:21;0;1
2017-10-28 09:20:30;0;1
2017-10-28 09:21:39;0;1
2017-10-28 09:22:48;0;1
2017-10-28 09:23:57;0;1
2017-10-28 09:25:06;0;1
2017-10-28 09:26:15;0;1
2017-10-28 09:27:24;0;1
2017-10-28 09:28:33;0;1
2017-10-28 09:29:42;0;1
2017-10-28 09:30:51;0;1
2017-10-28 09:32:00;0;1
2017-10-28 09:33:09;0;1
2017-10-28 09:34:18;0;1
2017-10-28 09:35:27;0;1
2017-10-28 09:36:36;0;1
2017-10-28 09:37:45;0;1
2017-10-28 09:38:54;0;1
2017-10-28 09:40:03;0;1
2017-10-28 09:41:12;0;1
2017-10-28 09:42:21;0;1
2017-10-28 09:43:30;0;1
2017-10-28 09:44:39;0;1
2017-10-28 09:45:48;0;1
2017-10-28 09:46:57;0;1
2017-10-28 09:48:06;0;1
2017-10-28 09:49:15;0;1
2017-10-28 09:50:24;0;1
2017-10-28 09:51:33;0;1
2017-10-28 09:52:42;0;1
2017-10-28 09:53:51;0;1
2017-10-28 09:55:00;0;1
2017-10-28 09:56:09;0;1
2017-10-28 09:57:18;0;1
2017-10-28 09:58:27;0;1
2017-10-28 09:59:36;0;1
2017-10-28 10:00:45;0;1
2017-10-28 10:01:54;0;1
2017-10-28 10:03:03;0;1
2017-10-28 10:04:12;0;1
2017-10-28 10:05:21;0;1
2017-10-28 10:06:30;0;1
2017-10-28 10:07:39;0;1
2017-10-28 10:08:48;0;1
2017-10-28 10:09:57;0;1
2017-10-28 10:11:06;0;1
2017-10-28 10:12:15;0;1
2017-10-28 10:13:24;0;1
2017-10-28 10:14:33;0;1
2017-10-28 10:15:42;0;1
2017-10-28 10:16:51;0;1
2017-10-28 10:18:00;0;1
2017-10-28 10:19:08;0;1
2017-10-28 10:20:17;0;1
2017-10-28 10:21:26;0;1
2017-10-28 10:22:35;0;1
2017-10-28 10:23:44;0;1
2017-10-28 10:24:53;0;1
2017-10-28 10:26:02;0;1
2017-10-28 10:27:11;0;1
2017-10-28 10:28:20;0;1
2017-10-28 10:29:29;0;1
2017-10-28 10:30:38;0;1
2017-10-28 10:31:47;0;1
2017-10-28 10:32:56;0;1
2017-10-28 10:34:05;0;1
2017-10-28 10:35:14;0;1
2017-10-28 10:36:23;0;1
2017-10-28 10:37:32;0;1
2017-10-28 10:38:41;0;1
2017-10-28 10:39:50;0;1
2017-10-28 10:40:59;0;1
2017-10-28 10:42:08;0;1
2017-10-28 10:43:17;0;1
2017-10-28 10:44:26;0;1
2017-10-28 10:45:35;0;1
2017-10-28 10:46:44;0;1
2017-10-28 10:47:53;0;1
2017-10-28 10:49:02;0;1
2017-10-28 10:50:11;0;1
2017-10-28 10:51:20;0;1
2017-10-28 10:52:29;0;1
2017-10-28 10:53:38;0;1
2017-10-28 10:54:47;0;1
2017-10-28 10:55:56;0;1
2017-10-28 10:57:05;0;1
2017-10-28 10:58:14;0;1
2017-10-28 10:59:23;0;1
2017-10-28 11:00:32;0;1
2017-10-28 11:01:41;0;1
2017-10-28 11:02:50;0;1
2017-10-28 11:03:59;0;1
2017-10-28 11:05:08;0;1
2017-10-28 11:06:17;0;1
2017-10-28 11:07:26;0;1
2017-10-28 11:08:35;0;1
2017-10-28 11:09:44;0;1
2017-10-28 11:10:53;0;1
2017-10-28 11:12:02;0;1
2017-10-28 11:13:11;0;1
2017-10-28 11:14:20;0;1
2017-10-28 11:15:29;0;1
2017-10-28 11:16:38;0;1
2017-10-28 11:17:47;0;1
2017-10-28 11:18:56;0;1
2017-10-28 11:20:05;0;1
2017-10-28 11:21:14;0;1
2017-10-28 11:22:23;0;1
2017-10-28 11:23:32;0;1
2017-10-28 11:24:41;0;1
2017-10-28 11:25:50;0;1
2017-10-28 11:26:59;0;1
2017-10-28 11:28:08;0;1
2017-10-28 11:29:17;0;1
2017-10-28 11:30:26;0;1
2017-10-28 11:31:35;0;1
2017-10-28 11:32:44;0;1
2017-10-28 11:33:53;0;1
2017-10-28 11:35:02;0;1
2017-10-28 11:36:11;0;1
2017-10-28 11:37:20;0;1
2017-10-28 11:38:29;0;1
2017-10-28 11:39:38;0;1
2017-10-28 11:40:47;0;1
2017-10-28 11:41:56;0;1
2017-10-28 11:43:05;0;1
2017-10-28 11:44:14;0;1
2017-10-28 11:45:23;0;1
2017-10-28 11:46:32;0;1
2017-10-28 11:47:41;0;1
2017-10-28 11:48:50;0;1
2017-10-28 11:49:59;0;1
2017-10-28 11:51:08;0;1
2017-10-28 11:52:17;0;1
2017-10-28 11:53:26;0;1
2017-10-28 11:54:35;0;1
2017-10-28 11:55:44;0;1
2017-10-28 11:56:53;0;1
2017-10-28 11:58:02;0;1
2017-10-28 11:59:11;0;1
2017-10-28 12:00:20;0;1
2017-10-28 12:01:29;0;1
2017-10-28 12:02:38;0;1
2017-10-28 12:03:47;0;1
2017-10-28 12:04:56;0;1
2017-10-28 12:06:05;0;1
2017-10-28 12:07:14;0;1
2017-10-28 12:08:23;0;1
2017-10-28 12:09:32;0;1
2017-10-28 12:10:41;0;1
2017-10-28 12:11:50;0;1
2017-10-28 12:12:59;0;1
2017-10-28 12:14:08;0;1
2017-10-28 12:15:17;0;1
2017-10-28 12:16:26;0;1
2017-10-28 12:17:35;0;1
2017-10-28 12:18:44;0;1
2017-10-28 12:19:53;0;1
2017-10-28 12:21:02;0;1
2017-10-28 12:22:11;0;1
2017-10-28 12:23:20;0;1
2017-10-28 12:24:29;0;1
2017-10-28 12:25:38;0;1
2017-10-28 12:26:47;0;1
2017-10-28 12:27:56;0;1
2017-10-28 12:29:05;156.542;1
2017-10-28 12:30:14;208.714;1
2017-10-28 12:31:23;0;1
2017-10-28 12:32:32;0;1
2017-10-28 12:33:41;0;1
2017-10-28 12:34:50;0;1
2017-10-28 12:35:59;0;1
2017-10-28 12:37:08;0;1
2017-10-28 12:38:17;0;1
2017-10-28 12:39:26;0;1
2017-10-28 12:40:35;0;1
2017-10-28 12:41:44;0;1
2017-10-28 12:42:53;0;1
2017-10-28 12:44:02;0;1
2017-10-28 12:45:11;0;1
2017-10-28 12:46:20;0;1
2017-10-28 12:47:29;0;1
2017-10-28 12:48:38;0;1
2017-10-28 12:49:47;0;1
2017-10-28 12:50:56;0;1
2017-10-28 12:52:05;0;1
2017-10-28 12:53:14;0;1
2017-10-28 12:54:23;0;1
2017-10-28 12:55:32;0;1
2017-10-28 12:56:41;0;1
2017-10-28 12:57:50;0;1
2017-10-28 12:58:59;0;1
2017-10-28 13:00:08;0;1
2017-10-28 13:01:17;0;1
2017-10-28 13:02:26;0;1
2017-10-28 13:03:35;0;1
2017-10-28 13:04:44;0;1
2017-10-28 13:05:53;0;1
2017-10-28 13:07:02;0;1
2017-10-28 13:08:11;0;1
2017-10-28 13:09:20;0;1
2017-10-28 13:10:29;0;1
2017-10-28 13:11:38;0;1
2017-10-28 13:12:47;0;1
2017-10-28 13:13:56;0;1
2017-10-28 13:15:05;0;1
2017-10-28 13:16:14;0;1
2017-10-28 13:17:23;0;1
2017-10-28 13:18:32;0;1
2017-10-28 13:19:41;0;1
2017-10-28 13:20:50;0;1
2017-10-28 13:21:59;0;1
2017-10-28 13:23:08;0;1
2017-10-28 13:24:17;0;1
2017-10-28 13:25:26;0;1
2017-10-28 13:26:35;0;1
2017-10-28 13:27:44;0;1
2017-10-28 13:28:53;0;1
2017-10-28 13:30:02;0;1
2017-10-28 13:31:11;0;1
2017-10-28 13:32:20;0;1
2017-10-28 13:33:29;0;1
2017-10-28 13:34:38;0;1
2017-10-28 13:35:47;0;1
2017-10-28 13:36:56;0;1
2017-10-28 13:38:05;0;1
2017-10-28 13:39:14;0;1
2017-10-28 13:40:23;0;1
2017-10-28 13:41:32;0;1
2017-10-28 13:42:41;0;1
2017-10-28 13:43:50;0;1
2017-10-28 13:44:59;0;1
2017-10-28 13:46:08;0;1
2017-10-28 13:47:17;0;1
2017-10-28 13:48:26;0;1
2017-10-28 13:49:35;0;1
2017-10-28 13:50:44;0;1
2017-10-28 13:51:53;0;1
2017-10-28 13:53:02;0;1
2017-10-28 13:54:11;0;1
2017-10-28 13:55:20;0;1
2017-10-28 13:56:29;0;1
2017-10-28 13:57:38;0;1
2017-10-28 13:58:47;0;1
2017-10-28 13:59:56;0;1
2017-10-28 14:01:05;0;1
2017-10-28 14:02:14;0;1
2017-10-28 14:03:23;0;1
2017-10-28 14:04:32;0;1
2017-10-28 14:05:41;0;1
2017-10-28 14:06:50;0;1
2017-10-28 14:07:59;0;1
2017-10-28 14:09:08;0;1
2017-10-28 14:10:17;0;1
2017-10-28 14:11:26;0;1
2017-10-28 14:12:35;0;1
2017-10-28 14:13:44;0;1
2017-10-28 14:14:53;0;1
2017-10-28 14:16:02;0;1
2017-10-28 14:17:11;0;1
2017-10-28 14:18:20;0;1
2017-10-28 14:19:29;0;1
2017-10-28 14:20:38;0;1
2017-10-28 14:21:47;0;1
2017-10-28 14:22:56;0;1
2017-10-28 14:24:05;0;1
2017-10-28 14:25:14;0;1
2017-10-28 14:26:23;0;1
2017-10-28 14:27:32;0;1
2017-10-28 14:28:41;0;1
2017-10-28 14:29:50;0;1
2017-10-28 14:30:59;0;1
2017-10-28 14:32:08;0;1
2017-10-28 14:33:17;0;1
2017-10-28 14:34:26;0;1
2017-10-28 14:35:35;0;1
2017-10-28 14:36:44;0;1
2017-10-28 14:37:53;0;1
2017-10-28 14:39:02;0;1
2017-10-28 14:40:11;0;1
2017-10-28 14:41:20;0;1
2017-10-28 14:42:29;0;1
2017-10-28 14:43:38;0;1
2017-10-28 14:44:47;0;1
2017-10-28 14:45:56;0;1
2017-10-28 14:47:05;0;1
2017-10-28 14:48:14;0;1
2017-10-28 14:49:23;0;1
2017-10-28 14:50:32;0;1
2017-10-28 14:51:41;0;1
2017-10-28 14:52:50;0;1
2017-10-28 14:53:59;0;1
2017-10-28 14:55:08;0;1
2017-10-28 14:56:17;0;1
2017-10-28 14:57:26;0;1
2017-10-28 14:58:35;0;1
2017-10-28 14:59:44;0;1
2017-10-28 15:00:53;0;1
2017-10-28 15:02:02;0;1
2017-10-28 15:03:11;0;1
2017-10-28 15:04:20;0;1
2017-10-28 15:05:29;0;1
2017-10-28 15:06:38;0;1
2017-10-28 15:07:47;0;1
2017-10-28 15:08:56;0;1
2017-10-28 15:10:05;0;1
2017-10-28 15:11:14;0;1
2017-10-28 15:12:23;0;1
2017-10-28 15:13:32;0;1
2017-10-28 15:14:41;0;1
2017-10-28 15:15:50;0;1
2017-10-28 15:16:59;0;1
2017-10-28 15:18:08;0;1
2017-10-28 15:19:17;0;1
2017-10-28 15:20:26;0;1
2017-10-28 15:21:35;0;1
2017-10-28 15:22:44;0;1
2017-10-28 15:23:53;0;1
2017-10-28 15:25:02;0;1
2017-10-28 15:26:11;0;1
2017-10-28 15:27:20;0;1
2017-10-28 15:28:29;0;1
2017-10-28 15:29:38;0;1
2017-10-28 15:30:47;0;1
2017-10-28 15:31:56;0;1
2017-10-28 15:33:05;0;1
2017-10-28 15:34:14;0;1
2017-10-28 15:35:23;0;1
2017-10-28 15:36:32;0;1
2017-10-28 15:37:41;0;1
2017-10-28 15:38:50;0;1
2017-10-28 15:39:59;0;1
2017-10-28 15:41:08;0;1
2017-10-28 15:42:17;0;1
2017-10-28 15:43:26;0;1
2017-10-28 15:44:35;0;1
2017-10-28 15:45:44;0;1
2017-10-28 15:46:53;0;1
2017-10-28 15:48:02;0;1
2017-10-28 15:49:11;0;1
2017-10-28 15:50:20;0;1
2017-10-28 15:51:29;0;1
2017-10-28 15:52:38;0;1
2017-10-28 15:53:47;0;1
2017-10-28 15:54:56;0;1
2017-10-28 15:56:05;0;1
2017-10-28 15:57:14;0;1
2017-10-28 15:58:23;0;1
2017-10-28 15:59:32;0;1
2017-10-28 16:00:41;0;1
2017-10-28 16:01:50;0;1
2017-10-28 16:02:59;0;1
2017-10-28 16:04:08;0;1
2017-10-28 16:05:17;0;1
2017-10-28 16:06:26;0;1
2017-10-28 16:07:35;0;1
2017-10-28 16:08:44;0;1
2017-10-28 16:09:53;0;1
2017-10-28 16:11:02;0;1
2017-10-28 16:12:11;0;1
2017-10-28 16:13:20;0;1
2017-10-28 16:14:29;0;1
2017-10-28 16:15:38;0;1
2017-10-28 16:16:47;0;1
2017-10-28 16:17:56;0;1
2017-10-28 16:19:05;0;1
2017-10-28 16:20:14;0;1
2017-10-28 16:21:23;0;1
2017-10-28 16:22:32;0;1
2017-10-28 16:23:41;0;1
2017-10-28 16:24:50;0;1
2017-10-28 16:25:59;0;1
2017-10-28 16:27:08;0;1
2017-10-28 16:28:17;0;1
2017-10-28 16:29:26;0;1
2017-10-28 16:30:35;0;1
2017-10-28 16:31:44;0;1
2017-10-28 16:32:53;0;1
2017-10-28 16:34:02;0;1
2017-10-28 16:35:11;0;1
2017-10-28 16:36:20;0;1
2017-10-28 16:37:29;0;1
2017-10-28 16:38:38;0;1
2017-10-28 16:39:47;0;1
2017-10-28 16:40:56;0;1
2017-10-28 16:42:05;0;1
2017-10-28 16:43:14;0;1
2017-10-28 16:44:23;0;1
2017-10-28 16:45:32;0;1
2017-10-28 16:46:41;0;1
2017-10-28 16:47:50;0;1
2017-10-28 16:48:59;0;1
2017-10-28 16:50:08;0;1
2017-10-28 16:51:17;0;1
2017-10-28 16:52:26;0;1
2017-10-28 16:53:35;0;1
2017-10-28 16:54:44;0;1
2017-10-28 16:55:53;0;1
2017-10-28 16:57:02;0;1
2017-10-28 16:58:11;0;1
2017-10-28 16:59:20;0;1
2017-10-28 17:00:29;0;1
2017-10-28 17:01:38;0;1
2017-10-28 17:02:47;0;1
2017-10-28 17:03:56;0;1
2017-10-28 17:05:05;0;1
2017-10-28 17:06:14;0;1
2017-10-28 17:07:23;0;1
2017-10-28 17:08:32;0;1
2017-10-28 17:09:41;0;1
2017-10-28 17:10:50;0;1
2017-10-28 17:11:59;0;1
2017-10-28 17:13:08;0;1
2017-10-28 17:14:17;0;1
2017-10-28 17:15:26;0;1
2017-10-28 17:16:35;0;1
2017-10-28 17:17:44;0;1
2017-10-28 17:18:53;0;1
2017-10-28 17:20:02;0;1
2017-10-28 17:21:11;0;1
2017-10-28 17:22:20;0;1
2017-10-28 17:23:29;0;1
2017-10-28 17:24:38;0;1
2017-10-28 17:25:47;0;1
2017-10-28 17:26:56;0;1
2017-10-28 17:28:05;0;1
2017-10-28 17:29:14;0;1
2017-10-28 17:30:23;0;1
2017-10-28 17:31:32;0;1
2017-10-28 17:32:41;0;1
2017-10-28 17:33:50;0;1
2017-10-28 17:34:59;0;1
2017-10-28 17:36:08;0;1
2017-10-28 17:37:17;0;1
2017-10-28 17:38:26;0;1
2017-10-28 17:39:35;0;1
2017-10-28 17:40:44;0;1
2017-10-28 17:41:53;0;1
2017-10-28 17:43:02;0;1
2017-10-28 17:44:11;0;1
2017-10-28 17:45:20;0;1
2017-10-28 17:46:29;0;1
2017-10-28 17:47:38;0;1
2017-10-28 17:48:47;0;1
2017-10-28 17:49:56;0;1
2017-10-28 17:51:05;0;1
2017-10-28 17:52:14;0;1
2017-10-28 17:53:23;0;1
2017-10-28 17:54:32;0;1
2017-10-28 17:55:41;0;1
2017-10-28 17:56:50;0;1
2017-10-28 17:57:59;0;1
2017-10-28 17:59:08;0;1
2017-10-28 18:00:17;0;1
2017-10-28 18:01:26;0;1
2017-10-28 18:02:35;0;1
2017-10-28 18:03:44;0;1
2017-10-28 18:04:53;0;1
2017-10-28 18:06:02;0;1
2017-10-28 18:07:11;0;1
2017-10-28 18:08:20;0;1
2017-10-28 18:09:29;0;1
2017-10-28 18:10:38;0;1
2017-10-28 18:11:47;0;1
2017-10-28 18:12:56;0;1
2017-10-28 18:14:05;0;1
2017-10-28 18:15:14;0;1
2017-10-28 18:16:23;0;1
2017-10-28 18:17:32;0;1
2017-10-28 18:18:41;0;1
2017-10-28 18:19:50;0;1
2017-10-28 18:20:59;0;1
2017-10-28 18:22:08;0;1
2017-10-28 18:23:17;0;1
2017-10-28 18:24:26;0;1
2017-10-28 18:25:35;0;1
2017-10-28 18:26:44;0;1
2017-10-28 18:27:53;0;1
2017-10-28 18:29:02;0;1
2017-10-28 18:30:11;0;1
2017-10-28 18:31:20;0;1
2017-10-28 18:32:29;0;1
2017-10-28 18:33:38;0;1
2017-10-28 18:34:47;0;1
2017-10-28 18:35:56;0;1
2017-10-28 18:37:05;0;1
2017-10-28 18:38:14;0;1
2017-10-28 18:39:23;0;1
2017-10-28 18:40:32;0;1
2017-10-28 18:41:41;0;1
2017-10-28 18:42:50;0;1
2017-10-28 18:43:59;0;1
2017-10-28 18:45:08;0;1
2017-10-28 18:46:17;0;1
2017-10-28 18:47:26;0;1
2017-10-28 18:48:35;0;1
2017-10-28 18:49:44;0;1
2017-10-28 18:50:53;0;1
2017-10-28 18:52:02;0;1
2017-10-28 18:53:11;0;1
2017-10-28 18:54:20;0;1
2017-10-28 18:55:29;0;1
2017-10-28 18:56:38;0;1
2017-10-28 18:57:47;0;1
2017-10-28 18:58:56;0;1
2017-10-28 19:00:05;0;1
2017-10-28 19:01:14;0;1
2017-10-28 19:02:23;0;1
2017-10-28 19:03:32;0;1
2017-10-28 19:04:41;0;1
2017-10-28 19:05:50;0;1
2017-10-28 19:06:59;0;1
2017-10-28 19:08:08;0;1
2017-10-28 19:09:17;0;1
2017-10-28 19:10:26;0;1
2017-10-28 19:11:35;0;1
2017-10-28 19:12:44;0;1
2017-10-28 19:13:53;0;1
2017-10-28 19:15:02;0;1
2017-10-28 19:16:11;0;1
2017-10-28 19:17:20;0;1
2017-10-28 19:18:29;0;1
2017-10-28 19:19:38;0;1
2017-10-28 19:20:47;0;1
2017-10-28 19:21:56;0;1
2017-10-28 19:23:05;0;1
2017-10-28 19:24:14;0;1
2017-10-28 19:25:23;0;1
2017-10-28 19:26:32;0;1
2017-10-28 19:27:41;0;1
2017-10-28 19:28:50;0;1
2017-10-28 19:29:59;0;1
2017-10-28 19:31:08;0;1
2017-10-28 19:32:17;0;1
2017-10-28 19:33:26;0;1
2017-10-28 19:34:35;0;1
2017-10-28 19:35:44;0;1
2017-10-28 19:36:53;0;1
2017-10-28 19:38:02;0;1
2017-10-28 19:39:11;0;1
2017-10-28 19:40:20;0;1
2017-10-28 19:41:29;0;1
2017-10-28 19:42:38;0;1
2017-10-28 19:43:47;0;1
2017-10-28 19:44:56;0;1
2017-10-28 19:46:05;0;1
2017-10-28 19:47:14;0;1
2017-10-28 19:48:23;0;1
2017-10-28 19:49:32;0;1
2017-10-28 19:50:41;0;1
2017-10-28 19:51:50;0;1
2017-10-28 19:52:59;0;1
2017-10-28 19:54:08;0;1
2017-10-28 19:55:17;0;1
2017-10-28 19:56:26;0;1
2017-10-28 19:57:35;0;1
2017-10-28 19:58:44;0;1
2017-10-28 19:59:53;0;1
2017-10-28 20:01:02;0;1
2017-10-28 20:02:11;0;1
2017-10-28 20:03:20;0;1
2017-10-28 20:04:29;0;1
2017-10-28 20:05:38;0;1
2017-10-28 20:06:47;0;1
2017-10-28 20:07:56;0;1
2017-10-28 20:09:05;0;1
2017-10-28 20:10:14;0;1
2017-10-28 20:11:23;0;1
2017-10-28 20:12:32;0;1
2017-10-28 20:13:41;0;1
2017-10-28 20:14:50;0;1
2017-10-28 20:15:59;0;1
2017-10-28 20:17:08;0;1
2017-10-28 20:18:17;0;1
2017-10-28 20:19:26;0;1
2017-10-28 20:20:35;0;1
2017-10-28 20:21:44;0;1
2017-10-28 20:22:53;0;1
2017-10-28 20:24:02;0;1
2017-10-28 20:25:11;0;1
2017-10-28 20:26:20;0;1
2017-10-28 20:27:29;0;1
2017-10-28 20:28:38;0;1
2017-10-28 20:29:47;0;1
2017-10-28 20:30:56;0;1
2017-10-28 20:32:05;0;1
2017-10-28 20:33:14;0;1
2017-10-28 20:34:23;0;1
2017-10-28 20:35:32;0;1
2017-10-28 20:36:41;0;1
2017-10-28 20:37:50;0;1
2017-10-28 20:38:59;0;1
2017-10-28 20:40:08;0;1
2017-10-28 20:41:17;0;1
2017-10-28 20:42:26;0;1
2017-10-28 20:43:35;0;1
2017-10-28 20:44:44;0;1
2017-10-28 20:45:53;0;1
2017-10-28 20:47:02;0;1
2017-10-28 20:48:11;0;1
2017-10-28 20:49:20;0;1
2017-10-28 20:50:29;0;1
2017-10-28 20:51:38;0;1
2017-10-28 20:52:47;0;1
2017-10-28 20:53:56;0;1
2017-10-28 20:55:05;0;1
2017-10-28 20:56:14;0;1
2017-10-28 20:57:23;0;1
2017-10-28 20:58:32;0;1
2017-10-28 20:59:41;0;1
2017-10-28 21:00:50;0;1
2017-10-28 21:01:59;0;1
2017-10-28 21:03:08;0;1
2017-10-28 21:04:17;0;1
2017-10-28 21:05:26;0;1
2017-10-28 21:06:35;0;1
2017-10-28 21:07:44;0;1
2017-10-28 21:08:53;0;1
2017-10-28 21:10:02;0;1
2017-10-28 21:11:11;0;1
2017-10-28 21:12:20;0;1
2017-10-28 21:13:29;0;1
2017-10-28 21:14:38;0;1
2017-10-28 21:15:47;0;1
2017-10-28 21:16:56;0;1
2017-10-28 21:18:05;0;1
2017-10-28 21:19:14;0;1
2017-10-28 21:20:23;0;1
2017-10-28 21:21:32;0;1
2017-10-28 21:22:41;0;1
2017-10-28 21:23:50;0;1
2017-10-28 21:24:59;0;1
2017-10-28 21:26:08;0;1
2017-10-28 21:27:17;0;1
2017-10-28 21:28:26;0;1
2017-10-28 21:29:35;0;1
2017-10-28 21:30:44;0;1
2017-10-28 21:31:53;0;1
2017-10-28 21:33:02;0;1
2017-10-28 21:34:11;0;1
2017-10-28 21:35:20;0;1
2017-10-28 21:36:29;0;1
2017-10-28 21:37:38;0;1
2017-10-28 21:38:47;0;1
2017-10-28 21:39:56;0;1
2017-10-28 21:41:05;0;1
2017-10-28 21:42:14;0;1
2017-10-28 21:43:23;0;1
2017-10-28 21:44:32;0;1
2017-10-28 21:45:41;0;1
2017-10-28 21:46:50;0;1
2017-10-28 21:47:59;0;1
2017-10-28 21:49:08;0;1
2017-10-28 21:50:17;0;1
2017-10-28 21:51:26;0;1
2017-10-28 21:52:35;0;1
2017-10-28 21:53:44;0;1
2017-10-28 21:54:53;0;1
2017-10-28 21:56:02;0;1
2017-10-28 21:57:11;0;1
2017-10-28 21:58:20;0;1
2017-10-28 21:59:29;0;1
2017-10-28 22:00:38;0;1
2017-10-28 22:01:47;0;1
2017-10-28 22:02:56;0;1
2017-10-28 22:04:05;0;1
2017-10-28 22:05:14;0;1
2017-10-28 22:06:23;0;1
2017-10-28 22:07:32;0;1
2017-10-28 22:08:41;0;1
2017-10-28 22:09:50;0;1
2017-10-28 22:10:59;0;1
2017-10-28 22:12:08;0;1
2017-10-28 22:13:17;0;1
2017-10-28 22:14:26;0;1
2017-10-28 22:15:35;0;1
2017-10-28 22:16:44;0;1
2017-10-28 22:17:53;0;1
2017-10-28 22:19:02;0;1
2017-10-28 22:20:11;0;1
2017-10-28 22:21:20;0;1
2017-10-28 22:22:29;0;1
2017-10-28 22:23:38;0;1
2017-10-28 22:24:47;0;1
2017-10-28 22:25:56;0;1
2017-10-28 22:27:05;0;1
2017-10-28 22:28:14;0;1
2017-10-28 22:29:23;0;1
2017-10-28 22:30:32;0;1
2017-10-28 22:31:41;0;1
2017-10-28 22:32:50;0;1
2017-10-28 22:33:59;0;1
2017-10-28 22:35:08;0;1
2017-10-28 22:36:17;0;1
2017-10-28 22:37:26;0;1
2017-10-28 22:38:35;0;1
2017-10-28 22:39:44;0;1
2017-10-28 22:40:53;0;1
2017-10-28 22:42:02;0;1
2017-10-28 22:43:11;0;1
2017-10-28 22:44:20;0;1
2017-10-28 22:45:29;0;1
2017-10-28 22:46:38;0;1
2017-10-28 22:47:47;0;1
2017-10-28 22:48:56;0;1
2017-10-28 22:50:05;0;1
2017-10-28 22:51:14;0;1
2017-10-28 22:52:23;0;1
2017-10-28 22:53:32;0;1
2017-10-28 22:54:41;0;1
2017-10-28 22:55:50;0;1
2017-10-28 22:56:59;0;1
2017-10-28 22:58:08;0;1
2017-10-28 22:59:17;0;1
2017-10-28 23:00:26;0;1
2017-10-28 23:01:35;0;1
2017-10-28 23:02:44;0;1
2017-10-28 23:03:53;0;1
2017-10-28 23:05:02;0;1
2017-10-28 23:06:11;0;1
2017-10-28 23:07:20;0;1
2017-10-28 23:08:29;0;1
2017-10-28 23:09:38;0;1
2017-10-28 23:10:47;0;1
2017-10-28 23:11:56;0;1
2017-10-28 23:13:05;0;1
2017-10-28 23:14:14;0;1
2017-10-28 23:15:23;0;1
2017-10-28 23:16:32;0;1
2017-10-28 23:17:41;0;1
2017-10-28 23:18:50;0;1
2017-10-28 23:19:59;0;1
2017-10-28 23:21:08;0;1
2017-10-28 23:22:17;0;1
2017-10-28 23:23:26;0;1
2017-10-28 23:24:35;0;1
2017-10-28 23:25:44;0;1
2017-10-28 23:26:53;0;1
2017-10-28 23:28:02;0;1
2017-10-28 23:29:11;0;1
2017-10-28 23:30:20;0;1
2017-10-28 23:31:29;0;1
2017-10-28 23:32:38;0;1
2017-10-28 23:33:47;0;1
2017-10-28 23:34:56;0;1
2017-10-28 23:36:05;0;1
2017-10-28 23:37:14;0;1
2017-10-28 23:38:23;0;1
2017-10-28 23:39:32;0;1
2017-10-28 23:40:41;0;1
2017-10-28 23:41:50;0;1
2017-10-28 23:42:59;0;1
2017-10-28 23:44:08;0;1
2017-10-28 23:45:17;0;1
2017-10-28 23:46:26;0;1
2017-10-28 23:47:35;0;1
2017-10-28 23:48:44;0;1
2017-10-28 23:49:53;0;1
2017-10-28 23:51:02;0;1
2017-10-28 23:52:11;0;1
2017-10-28 23:53:20;0;1
2017-10-28 23:54:29;0;1
2017-10-28 23:55:38;0;1
2017-10-28 23:56:47;0;1
2017-10-28 23:57:56;0;1
2017-10-28 23:59:05;0;1
2017-10-29 00:00:14;0;1
2017-10-29 00:01:23;0;1
2017-10-29 00:02:32;0;1
2017-10-29 00:03:41;0;1
2017-10-29 00:04:50;0;1
2017-10-29 00:05:59;0;1
2017-10-29 00:07:08;0;1
2017-10-29 00:08:17;0;1
2017-10-29 00:09:26;0;1
2017-10-29 00:10:35;0;1
2017-10-29 00:11:44;0;1
2017-10-29 00:12:53;0;1
2017-10-29 00:14:02;0;1
2017-10-29 00:15:11;0;1
2017-10-29 00:16:20;0;1
2017-10-29 00:17:29;0;1
2017-10-29 00:18:38;0;1
2017-10-29 00:19:47;0;1
2017-10-29 00:20:56;0;1
2017-10-29 00:22:05;0;1
2017-10-29 00:23:14;0;1
2017-10-29 00:24:23;0;1
2017-10-29 00:25:32;0;1
2017-10-29 00:26:41;0;1
2017-10-29 00:27:50;0;1
2017-10-29 00:28:59;0;1
2017-10-29 00:30:08;0;1
2017-10-29 00:31:17;0;1
2017-10-29 00:32:26;0;1
2017-10-29 00:33:35;0;1
2017-10-29 00:34:44;0;1
2017-10-29 00:35:53;0;1
2017-10-29 00:37:02;0;1
2017-10-29 00:38:11;0;1
2017-10-29 00:39:20;0;1
2017-10-29 00:40:29;0;1
2017-10-29 00:41:38;0;1
2017-10-29 00:42:47;0;1
2017-10-29 00:43:56;0;1
2017-10-29 00:45:05;0;1
2017-10-29 00:46:14;0;1
2017-10-29 00:47:23;0;1
2017-10-29 00:48:32;0;1
2017-10-29 00:49:41;0;1
2017-10-29 00:50:50;0;1
2017-10-29 00:51:59;0;1
2017-10-29 00:53:08;0;1
2017-10-29 00:54:17;0;1
2017-10-29 00:55:26;0;1
2017-10-29 00:56:35;0;1
2017-10-29 00:57:44;0;1
2017-10-29 00:58:53;0;1
2017-10-29 01:00:02;0;1
2017-10-29 01:01:11;0;1
2017-10-29 01:02:20;0;1
2017-10-29 01:03:29;0;1
2017-10-29 01:04:38;0;1
2017-10-29 01:05:47;0;1
2017-10-29 01:06:56;0;1
2017-10-29 01:08:05;0;1
2017-10-29 01:09:14;0;1
2017-10-29 01:10:23;0;1
2017-10-29 01:11:32;0;1
2017-10-29 01:12:41;0;1
2017-10-29 01:13:50;0;1
2017-10-29 01:14:59;0;1
2017-10-29 01:16:08;0;1
2017-10-29 01:17:17;0;1
2017-10-29 01:18:26;0;1
2017-10-29 01:19:35;0;1
2017-10-29 01:20:44;0;1
2017-10-29 01:21:53;0;1
2017-10-29 01:23:02;0;1
2017-10-29 01:24:11;0;1
2017-10-29 01:25:20;0;1
2017-10-29 01:26:29;0;1
2017-10-29 01:27:38;0;1
2017-10-29 01:28:47;0;1
2017-10-29 01:29:56;0;1
2017-10-29 01:31:05;0;1
2017-10-29 01:32:14;0;1
2017-10-29 01:33:23;0;1
2017-10-29 01:34:32;0;1
2017-10-29 01:35:41;0;1
2017-10-29 01:36:50;0;1
2017-10-29 01:37:59;0;1
2017-10-29 01:39:08;0;1
2017-10-29 01:40:17;0;1
2017-10-29 01:41:26;0;1
2017-10-29 01:42:35;0;1
2017-10-29 01:43:44;0;1
2017-10-29 01:44:53;0;1
2017-10-29 01:46:02;0;1
2017-10-29 01:47:11;0;1
2017-10-29 01:48:20;0;1
2017-10-29 01:49:29;0;1
2017-10-29 01:50:38;0;1
2017-10-29 01:51:47;0;1
2017-10-29 01:52:56;0;1
2017-10-29 01:54:05;0;1
2017-10-29 01:55:14;0;1
2017-10-29 01:56:23;0;1
2017-10-29 01:57:32;0;1
2017-10-29 01:58:41;0;1
2017-10-29 01:59:50;0;1
2017-10-29 02:00:59;0;1
2017-10-29 02:02:08;0;1
2017-10-29 02:03:17;0;1
2017-10-29 02:04:26;0;1
2017-10-29 02:05:35;0;1
2017-10-29 02:06:44;0;1
2017-10-29 02:07:53;0;1
2017-10-29 02:09:02;0;1
2017-10-29 02:10:11;0;1
2017-10-29 02:11:20;0;1
2017-10-29 02:12:29;0;1
2017-10-29 02:13:38;0;1
2017-10-29 02:14:47;0;1
2017-10-29 02:15:56;0;1
2017-10-29 02:17:05;0;1
2017-10-29 02:18:14;0;1
2017-10-29 02:19:23;0;1
2017-10-29 02:20:32;0;1
2017-10-29 02:21:41;0;1
2017-10-29 02:22:50;0;1
2017-10-29 02:23:59;0;1
2017-10-29 02:25:08;0;1
2017-10-29 02:26:17;0;1
2017-10-29 02:27:26;0;1
2017-10-29 02:28:35;0;1
2017-10-29 02:29:44;0;1
2017-10-29 02:30:53;0;1
2017-10-29 02:32:02;0;1
2017-10-29 02:33:11;0;1
2017-10-29 02:34:20;0;1
2017-10-29 02:35:29;0;1
2017-10-29 02:36:38;0;1
2017-10-29 02:37:47;0;1
2017-10-29 02:38:56;0;1
2017-10-29 02:40:05;0;1
2017-10-29 02:41:14;0;1
2017-10-29 02:42:23;0;1
2017-10-29 02:43:32;0;1
2017-10-29 02:44:41;0;1
2017-10-29 02:45:50;0;1
2017-10-29 02:46:59;0;1
2017-10-29 02:48:08;0;1
2017-10-29 02:49:17;0;1
2017-10-29 02:50:26;0;1
2017-10-29 02:51:35;0;1
2017-10-29 02:52:44;0;1
2017-10-29 02:53:53;0;1
2017-10-29 02:55:02;0;1
2017-10-29 02:56:11;0;1
2017-10-29 02:57:20;0;1
2017-10-29 02:58:29;0;1
2017-10-29 02:59:38;0;1
2017-10-29 02:00:47;0;1
2017-10-29 02:01:56;0;1
2017-10-29 02:03:05;0;1
2017-10-29 02:04:14;0;1
2017-10-29 02:05:23;0;1
2017-10-29 02:06:32;0;1
2017-10-29 02:07:41;0;1
2017-10-29 02:08:50;0;1
2017-10-29 02:09:59;0;1
2017-10-29 02:11:08;0;1
2017-10-29 02:12:17;0;1
2017-10-29 02:13:26;0;1
2017-10-29 02:14:35;0;1
2017-10-29 02:15:44;0;1
2017-10-29 02:16:53;0;1
2017-10-29 02:18:02;0;1
2017-10-29 02:19:11;0;1
2017-10-29 02:20:20;0;1
2017-10-29 02:21:29;0;1
2017-10-29 02:22:38;0;1
2017-10-29 02:23:47;0;1
2017-10-29 02:24:56;0;1
2017-10-29 02:26:05;0;1
2017-10-29 02:27:14;0;1
2017-10-29 02:28:23;0;1
2017-10-29 02:29:32;0;1
2017-10-29 02:30:41;0;1
2017-10-29 02:31:50;0;1
2017-10-29 02:32:59;0;1
2017-10-29 02:34:08;0;1
2017-10-29 02:35:17;0;1
2017-10-29 02:36:26;0;1
2017-10-29 02:37:35;0;1
2017-10-29 02:38:44;0;1
2017-10-29 02:39:53;0;1
2017-10-29 02:41:02;0;1
2017-10-29 02:42:11;0;1
2017-10-29 02:43:20;0;1
2017-10-29 02:44:29;0;1
2017-10-29 02:45:38;0;1
2017-10-29 02:46:47;0;1
2017-10-29 02:47:56;0;1
2017-10-29 02:49:05;0;1
2017-10-29 02:50:14;0;1
2017-10-29 02:51:23;0;1
2017-10-29 02:52:32;0;1
2017-10-29 02:53:41;0;1
2017-10-29 02:54:50;0;1
2017-10-29 02:55:59;0;1
2017-10-29 02:57:08;0;1
2017-10-29 02:58:17;0;1
2017-10-29 02:59:26;0;1
2017-10-29 03:00:35;0;1
2017-10-29 03:01:44;0;1
2017-10-29 03:02:53;0;1
2017-10-29 03:04:02;0;1
2017-10-29 03:05:11;0;1
2017-10-29 03:06:20;0;1
2017-10-29 03:07:29;0;1
2017-10-29 03:08:38;0;1
2017-10-29 03:09:47;0;1
2017-10-29 03:10:56;0;1
2017-10-29 03:12:05;0;1
2017-10-29 03:13:14;0;1
2017-10-29 03:14:23;0;1
2017-10-29 03:15:32;0;1
2017-10-29 03:16:41;0;1
2017-10-29 03:17:50;0;1
2017-10-29 03:18:59;0;1
2017-10-29 03:20:08;0;1
2017-10-29 03:21:17;0;1
2017-10-29 03:22:26;0;1
2017-10-29 03:23:35;0;1
2017-10-29 03:24:44;0;1
2017-10-29 03:25:53;0;1
2017-10-29 03:27:02;0;1
2017-10-29 03:28:11;0;1
2017-10-29 03:29:20;0;1
2017-10-29 03:30:29;0;1
2017-10-29 03:31:38;0;1
2017-10-29 03:32:47;0;1
2017-10-29 03:33:56;0;1
2017-10-29 03:35:05;0;1
2017-10-29 03:36:14;0;1
2017-10-29 03:37:23;0;1
2017-10-29 03:38:32;0;1
2017-10-29 03:39:41;0;1
2017-10-29 03:40:50;0;1
2017-10-29 03:41:59;0;1
2017-10-29 03:43:08;0;1
2017-10-29 03:44:17;0;1
2017-10-29 03:45:26;0;1
2017-10-29 03:46:35;0;1
2017-10-29 03:47:44;0;1
2017-10-29 03:48:53;0;1
2017-10-29 03:50:02;0;1
2017-10-29 03:51:11;0;1
2017-10-29 03:52:20;0;1
2017-10-29 03:53:29;0;1
2017-10-29 03:54:38;0;1
2017-10-29 03:55:47;0;1
2017-10-29 03:56:56;0;1
2017-10-29 03:58:05;0;1
2017-10-29 03:59:14;0;1
2017-10-29 04:00:23;0;1
2017-10-29 04:01:32;0;1
2017-10-29 04:02:41;0;1
2017-10-29 04:03:50;0;1
2017-10-29 04:07:19;0;1
2017-10-29 04:08:35;0;1
2017-10-29 04:09:44;0;1
2017-10-29 04:10:53;0;1
2017-10-29 04:12:02;0;1
2017-10-29 04:13:11;0;1
2017-10-29 04:14:20;0;1
2017-10-29 04:15:29;0;1
2017-10-29 04:16:38;0;1
2017-10-29 04:17:47;0;1
2017-10-29 04:18:56;0;1
2017-10-29 04:20:05;0;1
2017-10-29 04:21:14;0;1
2017-10-29 04:22:23;0;1
2017-10-29 04:23:32;0;1
2017-10-29 04:24:41;0;1
2017-10-29 04:25:50;0;1
2017-10-29 04:26:59;0;1
2017-10-29 04:28:08;0;1
2017-10-29 04:29:17;0;1
2017-10-29 04:30:26;0;1
2017-10-29 04:31:35;0;1
2017-10-29 04:32:44;0;1
2017-10-29 04:33:53;0;1
2017-10-29 04:35:02;0;1
2017-10-29 04:36:11;0;1
2017-10-29 04:37:20;0;1
2017-10-29 04:38:29;0;1
2017-10-29 04:39:38;0;1
2017-10-29 04:40:47;0;1
2017-10-29 04:41:56;0;1
2017-10-29 04:43:05;0;1
2017-10-29 04:44:14;0;1
2017-10-29 04:45:23;0;1
2017-10-29 04:46:32;0;1
2017-10-29 04:47:41;0;1
2017-10-29 04:48:50;0;1
2017-10-29 04:49:59;0;1
2017-10-29 04:51:08;0;1
2017-10-29 04:52:17;0;1
2017-10-29 04:53:26;0;1
2017-10-29 04:54:35;0;1
2017-10-29 04:55:44;0;1
2017-10-29 04:56:53;0;1
2017-10-29 04:58:02;0;1
2017-10-29 04:59:11;0;1
2017-10-29 05:00:20;0;1
2017-10-29 05:01:29;0;1
2017-10-29 05:02:38;0;1
2017-10-29 05:03:47;0;1
2017-10-29 05:04:56;0;1
2017-10-29 05:06:05;0;1
2017-10-29 05:07:14;0;1
2017-10-29 05:08:23;0;1
2017-10-29 05:09:32;0;1
2017-10-29 05:10:41;0;1
2017-10-29 05:11:50;0;1
2017-10-29 05:12:59;0;1
2017-10-29 05:14:08;0;1
2017-10-29 05:15:17;0;1
2017-10-29 05:16:26;0;1
2017-10-29 05:17:35;0;1
2017-10-29 05:18:44;0;1
2017-10-29 05:19:53;0;1
2017-10-29 05:21:02;0;1
2017-10-29 05:22:11;0;1
2017-10-29 05:23:20;0;1
2017-10-29 05:24:29;0;1
2017-10-29 05:25:38;0;1
2017-10-29 05:26:47;0;1
2017-10-29 05:27:56;0;1
2017-10-29 05:29:05;0;1
2017-10-29 05:30:14;0;1
2017-10-29 05:31:23;0;1
2017-10-29 05:32:32;0;1
2017-10-29 05:33:41;0;1
2017-10-29 05:34:50;0;1
2017-10-29 05:35:59;0;1
2017-10-29 05:37:08;0;1
2017-10-29 05:38:17;0;1
2017-10-29 05:39:26;0;1
2017-10-29 05:40:35;0;1
2017-10-29 05:41:44;0;1
2017-10-29 05:42:53;0;1
2017-10-29 05:44:02;0;1
2017-10-29 05:45:11;0;1
2017-10-29 05:46:20;0;1
2017-10-29 05:47:29;0;1
2017-10-29 05:48:38;0;1
2017-10-29 05:49:47;0;1
2017-10-29 05:50:56;0;1
2017-10-29 05:52:05;0;1
2017-10-29 05:53:14;0;1
2017-10-29 05:54:23;0;1
2017-10-29 05:55:32;0;1
2017-10-29 05:56:41;0;1
2017-10-29 05:57:50;0;1
2017-10-29 05:58:59;0;1
2017-10-29 06:00:08;0;1
2017-10-29 06:01:17;0;1
2017-10-29 06:02:26;0;1
2017-10-29 06:03:35;0;1
2017-10-29 06:04:44;0;1
2017-10-29 06:05:53;626.096;1
2017-10-29 06:07:02;782.597;1
2017-10-29 06:08:11;782.563;1
2017-10-29 06:09:20;730.477;1
2017-10-29 06:10:29;782.631;1
2017-10-29 06:11:38;782.563;1
2017-10-29 06:12:47;730.488;1
2017-10-29 06:13:56;782.552;1
2017-10-29 06:15:05;782.654;1
2017-10-29 06:16:14;782.586;1
2017-10-29 06:17:23;730.403;1
2017-10-29 06:18:32;782.643;1
2017-10-29 06:19:41;782.563;1
2017-10-29 06:20:50;730.435;1
2017-10-29 06:21:59;782.62;1
2017-10-29 06:23:08;782.575;1
2017-10-29 06:24:17;782.654;1
2017-10-29 06:25:26;730.403;1
2017-10-29 06:26:35;782.665;1
2017-10-29 06:27:44;782.609;1
2017-10-29 06:28:53;730.382;1
2017-10-29 06:30:02;782.62;1
2017-10-29 06:31:11;730.456;1
2017-10-29 06:32:20;730.361;1
2017-10-29 06:33:29;626.123;1
2017-10-29 06:34:38;678.32;1
2017-10-29 06:35:47;678.212;1
2017-10-29 06:36:56;626.114;1
2017-10-29 06:38:05;678.271;1
2017-10-29 06:39:14;678.192;1
2017-10-29 06:40:23;678.251;1
2017-10-29 06:41:32;626.105;1
2017-10-29 06:42:41;678.241;1
2017-10-29 06:43:50;678.31;1
2017-10-29 06:44:59;626.105;1
2017-10-29 06:46:08;678.212;1
2017-10-29 06:47:17;678.271;1
2017-10-29 06:48:26;626.096;1
2017-10-29 06:49:35;678.271;1
2017-10-29 06:50:44;678.251;1
2017-10-29 06:51:53;678.251;1
2017-10-29 06:53:02;678.241;1
2017-10-29 06:54:11;626.123;1
2017-10-29 06:55:20;678.251;1
2017-10-29 06:56:29;678.202;1
2017-10-29 06:57:38;678.271;1
2017-10-29 06:58:47;626.051;1
2017-10-29 06:59:56;678.3;1
2017-10-29 07:01:05;626.114;1
2017-10-29 07:02:14;730.456;1
2017-10-29 07:03:23;625.996;1
2017-10-29 07:04:32;678.261;1
2017-10-29 07:05:41;678.29;1
2017-10-29 07:06:50;626.141;1
2017-10-29 07:07:59;678.202;1
2017-10-29 07:09:08;626.123;1
2017-10-29 07:10:17;678.231;1
2017-10-29 07:11:26;678.222;1
2017-10-29 07:12:35;678.33;1
2017-10-29 07:13:44;626.023;1
2017-10-29 07:14:53;678.31;1
2017-10-29 07:16:02;626.105;1
2017-10-29 07:17:11;678.369;1
2017-10-29 07:18:20;678.34;1
2017-10-29 07:19:29;626.196;1
2017-10-29 07:20:38;678.3;1
2017-10-29 07:21:47;626.114;1
2017-10-29 07:22:56;678.32;1
2017-10-29 07:24:05;625.996;1
2017-10-29 07:25:14;678.3;1
2017-10-29 07:26:23;678.222;1
2017-10-29 07:27:32;626.096;1
2017-10-29 07:28:41;678.251;1
2017-10-29 07:29:50;678.3;1
2017-10-29 07:30:59;626.033;1
2017-10-29 07:32:08;678.29;1
2017-10-29 07:33:17;678.271;1
2017-10-29 07:34:26;626.105;1
2017-10-29 07:35:35;678.212;1
2017-10-29 07:36:44;678.261;1
2017-10-29 07:37:53;626.132;1
2017-10-29 07:39:02;678.231;1
2017-10-29 07:40:11;678.29;1
2017-10-29 07:41:20;626.132;1
2017-10-29 07:42:29;730.382;1
2017-10-29 07:43:38;626.051;1
2017-10-29 07:44:47;678.202;1
2017-10-29 07:45:56;678.34;1
2017-10-29 07:47:05;626.023;1
2017-10-29 07:48:14;678.33;1
2017-10-29 07:49:23;678.222;1
2017-10-29 07:50:32;678.251;1
2017-10-29 07:51:41;678.3;1
2017-10-29 07:52:50;626.042;1
2017-10-29 07:53:59;678.349;1
2017-10-29 07:55:08;678.182;1
2017-10-29 07:56:17;626.123;1
2017-10-29 07:57:26;626.169;1
2017-10-29 07:58:35;730.34;1
2017-10-29 07:59:44;678.212;1
2017-10-29 08:00:53;678.241;1
2017-10-29 08:02:02;678.34;1
2017-10-29 08:03:11;678.251;1
2017-10-29 08:04:20;678.202;1
2017-10-29 08:05:29;678.29;1
2017-10-29 08:06:38;678.33;1
2017-10-29 08:07:47;678.349;1
2017-10-29 08:08:56;678.31;1
2017-10-29 08:10:05;678.3;1
2017-10-29 08:11:14;678.251;1
2017-10-29 08:12:23;730.498;1
2017-10-29 08:13:32;626.132;1
2017-10-29 08:14:41;678.3;1
2017-10-29 08:15:50;678.241;1
2017-10-29 08:16:59;678.281;1
2017-10-29 08:18:08;730.498;1
2017-10-29 08:19:17;678.241;1
2017-10-29 08:20:26;678.33;1
2017-10-29 08:21:35;678.32;1
2017-10-29 08:22:44;730.424;1
2017-10-29 08:23:53;678.29;1
2017-10-29 08:25:02;678.29;1
2017-10-29 08:26:11;834.831;1
2017-10-29 08:27:20;834.867;1
2017-10-29 08:28:29;834.879;1
2017-10-29 08:29:38;834.867;1
2017-10-29 08:30:47;834.795;1
2017-10-29 08:31:56;834.831;1
2017-10-29 08:33:05;834.795;1
2017-10-29 08:34:14;834.916;1
2017-10-29 08:35:23;782.688;1
2017-10-29 08:36:32;834.758;1
2017-10-29 08:37:41;782.654;1
2017-10-29 08:38:50;834.843;1
2017-10-29 08:39:59;782.699;1
2017-10-29 08:41:08;834.843;1
2017-10-29 08:42:17;782.654;1
2017-10-29 08:43:26;782.665;1
2017-10-29 08:44:35;834.879;1
2017-10-29 08:45:44;782.654;1
2017-10-29 08:46:53;782.688;1
2017-10-29 08:48:02;730.498;1
2017-10-29 08:49:11;782.631;1
2017-10-29 08:50:20;730.498;1
2017-10-29 08:51:29;782.745;1
2017-10-29 08:52:38;730.509;1
2017-10-29 08:53:47;782.665;1
2017-10-29 08:54:56;782.665;1
2017-10-29 08:56:04;730.498;1
2017-10-29 08:57:13;782.745;1
2017-10-29 08:58:22;730.435;1
2017-10-29 08:59:31;730.488;1
2017-10-29 09:00:40;782.688;1
2017-10-29 09:01:49;730.509;1
2017-10-29 09:02:58;782.631;1
2017-10-29 09:04:07;782.631;1
2017-10-29 09:05:16;782.631;1
2017-10-29 09:06:25;678.31;1
2017-10-29 09:07:34;730.435;1
2017-10-29 09:08:43;730.488;1
2017-10-29 09:09:52;730.498;1
2017-10-29 09:11:01;730.414;1
2017-10-29 09:12:10;626.15;1
2017-10-29 09:13:19;678.29;1
2017-10-29 09:14:28;626.132;1
2017-10-29 09:15:37;626.096;1
2017-10-29 09:16:46;626.069;1
2017-10-29 09:17:55;626.114;1
2017-10-29 09:19:04;678.281;1
2017-10-29 09:20:13;678.29;1
2017-10-29 09:21:22;678.281;1
2017-10-29 09:22:31;678.261;1
2017-10-29 09:23:40;678.281;1
2017-10-29 09:24:49;678.29;1
2017-10-29 09:25:58;626.15;1
2017-10-29 09:27:07;678.33;1
2017-10-29 09:28:16;573.938;1
2017-10-29 09:29:25;626.123;1
2017-10-29 09:30:34;521.777;1
2017-10-29 09:31:43;469.572;1
2017-10-29 09:32:52;521.792;1
2017-10-29 09:34:01;521.762;1
2017-10-29 09:35:10;469.599;1
2017-10-29 09:36:19;521.792;1
2017-10-29 09:37:28;469.586;1
2017-10-29 09:38:37;521.785;1
2017-10-29 09:39:46;469.606;1
2017-10-29 09:40:55;521.769;1
2017-10-29 09:42:04;521.762;1
2017-10-29 09:43:13;521.815;1
2017-10-29 09:44:22;469.579;1
2017-10-29 09:45:31;521.769;1
2017-10-29 09:46:40;469.626;1
2017-10-29 09:47:49;521.777;1
2017-10-29 09:48:58;521.754;1
2017-10-29 09:50:07;469.626;1
2017-10-29 09:51:16;521.747;1
2017-10-29 09:52:25;469.558;1
2017-10-29 09:53:34;469.592;1
2017-10-29 09:54:43;417.397;1
2017-10-29 09:55:52;469.579;1
2017-10-29 09:57:01;417.379;1
2017-10-29 09:58:10;417.391;1
2017-10-29 09:59:19;365.228;1
2017-10-29 10:00:28;365.191;1
2017-10-29 10:01:37;313.053;1
2017-10-29 10:02:46;313.03;1
2017-10-29 10:03:55;260.888;1
2017-10-29 10:05:04;313.053;1
2017-10-29 10:06:13;313.012;1
2017-10-29 10:07:22;313.062;1
2017-10-29 10:08:31;313.039;1
2017-10-29 10:09:40;365.202;1
2017-10-29 10:10:49;365.212;1
2017-10-29 10:11:58;365.244;1
2017-10-29 10:13:07;469.552;1
2017-10-29 10:14:16;365.18;1
2017-10-29 10:15:25;417.434;1
2017-10-29 10:16:34;417.385;1
2017-10-29 10:17:43;469.531;1
2017-10-29 10:18:52;469.586;1
2017-10-29 10:20:01;469.586;1
2017-10-29 10:21:10;521.716;1
2017-10-29 10:22:19;521.747;1
2017-10-29 10:23:28;521.716;1
2017-10-29 10:24:37;521.792;1
2017-10-29 10:25:46;521.679;1
2017-10-29 10:26:55;573.971;1
2017-10-29 10:28:04;521.716;1
2017-10-29 10:29:13;573.896;1
2017-10-29 10:30:22;573.93;1
2017-10-29 10:31:31;521.724;1
2017-10-29 10:32:40;573.955;1
2017-10-29 10:33:49;573.913;1
2017-10-29 10:34:58;573.871;1
2017-10-29 10:36:07;521.777;1
2017-10-29 10:37:16;573.88;1
2017-10-29 10:38:25;521.679;1
2017-10-29 10:39:34;521.777;1
2017-10-29 10:40:43;469.572;1
2017-10-29 10:41:52;521.769;1
2017-10-29 10:43:01;469.565;1
2017-10-29 10:44:10;469.558;1
2017-10-29 10:45:19;469.552;1
2017-10-29 10:46:28;469.558;1
2017-10-29 10:47:37;469.552;1
2017-10-29 10:48:46;417.367;1
2017-10-29 10:49:55;417.379;1
2017-10-29 10:51:04;469.633;1
2017-10-29 10:52:13;469.586;1
2017-10-29 10:53:22;469.545;1
2017-10-29 10:54:31;521.754;1
2017-10-29 10:55:40;469.552;1
2017-10-29 10:56:49;521.724;1
2017-10-29 10:57:58;521.777;1
2017-10-29 10:59:07;573.888;1
2017-10-29 11:00:16;573.855;1
2017-10-29 11:01:25;573.905;1
2017-10-29 11:02:34;521.777;1
2017-10-29 11:03:43;573.971;1
2017-10-29 11:04:52;469.606;1
2017-10-29 11:06:01;521.792;1
2017-10-29 11:07:10;521.762;1
2017-10-29 11:08:19;469.62;1
2017-10-29 11:09:28;469.586;1
2017-10-29 11:10:37;469.599;1
2017-10-29 11:11:46;469.579;1
2017-10-29 11:12:55;417.416;1
2017-10-29 11:14:04;417.434;1
2017-10-29 11:15:13;417.416;1
2017-10-29 11:16:22;469.579;1
2017-10-29 11:17:31;417.428;1
2017-10-29 11:18:40;417.434;1
2017-10-29 11:19:49;313.053;1
2017-10-29 11:20:58;365.249;1
2017-10-29 11:22:07;365.26;1
2017-10-29 11:23:16;365.239;1
2017-10-29 11:24:25;260.873;1
2017-10-29 11:25:34;313.048;1
2017-10-29 11:26:43;313.075;1
2017-10-29 11:27:52;313.053;1
2017-10-29 11:29:01;260.885;1
2017-10-29 11:30:10;260.896;1
2017-10-29 11:31:19;469.606;1
2017-10-29 11:32:28;417.428;1
2017-10-29 11:33:37;417.434;1
2017-10-29 11:34:46;469.579;1
2017-10-29 11:35:55;469.572;1
2017-10-29 11:37:04;469.572;1
2017-10-29 11:38:13;365.228;1
2017-10-29 11:39:22;365.244;1
2017-10-29 11:40:31;365.233;1
2017-10-29 11:41:40;260.885;1
2017-10-29 11:42:49;260.896;1
2017-10-29 11:43:58;260.919;1
2017-10-29 11:45:07;208.702;1
2017-10-29 11:46:16;208.711;1
2017-10-29 11:47:25;260.881;1
2017-10-29 11:48:34;208.714;1
2017-10-29 11:49:43;208.72;1
2017-10-29 11:50:52;260.877;1
2017-10-29 11:52:01;260.9;1
2017-10-29 11:53:10;208.714;1
2017-10-29 11:54:19;260.877;1
2017-10-29 11:55:28;260.877;1
2017-10-29 11:56:37;208.705;1
2017-10-29 11:57:46;260.9;1
2017-10-29 11:58:55;208.699;1
2017-10-29 12:00:04;260.885;1
2017-10-29 12:01:13;313.071;1
2017-10-29 12:02:22;208.705;1
2017-10-29 12:03:31;313.062;1
2017-10-29 12:04:40;208.714;1
2017-10-29 12:05:49;156.529;1
2017-10-29 12:06:58;52.174;1
2017-10-29 12:08:07;52.177;1
2017-10-29 12:09:16;0;1
2017-10-29 12:10:25;0;1
2017-10-29 12:11:34;52.176;1
2017-10-29 12:12:43;0;1
2017-10-29 12:13:52;52.178;1
2017-10-29 12:15:01;52.175;1
2017-10-29 12:16:10;52.177;1
2017-10-29 12:17:19;52.178;1
2017-10-29 12:18:28;0;1
2017-10-29 12:19:37;0;1
2017-10-29 12:20:46;0;1
2017-10-29 12:21:55;0;1
2017-10-29 12:23:04;0;1
2017-10-29 12:24:13;0;1
2017-10-29 12:25:22;52.179;1
2017-10-29 12:26:31;104.355;1
2017-10-29 12:27:40;104.358;1
2017-10-29 12:28:49;52.179;1
2017-10-29 12:29:58;104.352;1
2017-10-29 12:31:07;104.357;1
2017-10-29 12:32:16;104.358;1
2017-10-29 12:33:25;104.357;1
2017-10-29 12:34:34;52.178;1
2017-10-29 12:35:43;104.354;1
2017-10-29 12:36:52;0;1
2017-10-29 12:38:01;0;1
2017-10-29 12:39:10;0;1
2017-10-29 12:40:19;0;1
2017-10-29 12:41:28;0;1
2017-10-29 12:42:37;0;1
2017-10-29 12:43:46;0;1
2017-10-29 12:44:55;0;1
2017-10-29 12:46:04;0;1
2017-10-29 12:47:13;0;1
2017-10-29 12:48:22;0;1
2017-10-29 12:49:31;0;1
2017-10-29 12:50:40;0;1
2017-10-29 12:51:49;0;1
2017-10-29 12:52:58;0;1
2017-10-29 12:54:07;0;1
2017-10-29 12:55:16;0;1
2017-10-29 12:56:25;0;1
2017-10-29 12:57:34;0;1
2017-10-29 12:58:43;0;1
2017-10-29 12:59:52;0;1
2017-10-29 13:01:01;0;1
2017-10-29 13:02:10;0;1
2017-10-29 13:03:19;0;1
2017-10-29 13:04:28;0;1
2017-10-29 13:05:37;0;1
2017-10-29 13:06:46;0;1
2017-10-29 13:07:55;0;1
2017-10-29 13:09:04;0;1
2017-10-29 13:10:13;0;1
2017-10-29 13:11:22;0;1
2017-10-29 13:12:31;0;1
2017-10-29 13:13:40;0;1
2017-10-29 13:14:49;0;1
2017-10-29 13:15:58;0;1
2017-10-29 13:17:07;0;1
2017-10-29 13:18:16;0;1
2017-10-29 13:19:25;0;1
2017-10-29 13:20:34;0;1
2017-10-29 13:21:43;0;1
2017-10-29 13:22:52;0;1
2017-10-29 13:24:01;0;1
2017-10-29 13:25:10;0;1
2017-10-29 13:26:19;0;1
2017-10-29 13:27:28;0;1
2017-10-29 13:28:37;0;1
2017-10-29 13:29:46;0;1
2017-10-29 13:30:55;0;1
2017-10-29 13:32:04;0;1
2017-10-29 13:33:13;0;1
2017-10-29 13:34:22;0;1
2017-10-29 13:35:31;0;1
2017-10-29 13:36:40;0;1
2017-10-29 13:37:49;0;1
2017-10-29 13:38:58;0;1
2017-10-29 13:40:07;0;1
2017-10-29 13:41:16;0;1
2017-10-29 13:42:25;0;1
2017-10-29 13:43:34;0;1
2017-10-29 13:44:43;0;1
2017-10-29 13:45:52;0;1
2017-10-29 13:47:01;0;1
2017-10-29 13:48:10;0;1
2017-10-29 13:49:19;0;1
2017-10-29 13:50:28;0;1
2017-10-29 13:51:37;0;1
2017-10-29 13:52:46;0;1
2017-10-29 13:53:55;0;1
2017-10-29 13:55:04;0;1
2017-10-29 13:56:13;0;1
2017-10-29 13:57:22;0;1
2017-10-29 13:58:31;0;1
2017-10-29 13:59:40;0;1
2017-10-29 14:00:49;0;1
2017-10-29 14:01:58;0;1
2017-10-29 14:03:07;0;1
2017-10-29 14:04:16;0;1
2017-10-29 14:05:25;0;1
2017-10-29 14:06:34;0;1
2017-10-29 14:07:43;0;1
2017-10-29 14:08:52;0;1
2017-10-29 14:10:01;0;1
2017-10-29 14:11:10;0;1
2017-10-29 14:12:19;0;1
2017-10-29 14:13:28;0;1
2017-10-29 14:14:37;0;1
2017-10-29 14:15:46;0;1
2017-10-29 14:16:55;0;1
2017-10-29 14:18:04;0;1
2017-10-29 14:19:13;0;1
2017-10-29 14:20:22;0;1
2017-10-29 14:21:31;0;1
2017-10-29 14:22:40;0;1
2017-10-29 14:23:49;0;1
2017-10-29 14:24:58;0;1
2017-10-29 14:26:07;0;1
2017-10-29 14:27:16;0;1
2017-10-29 14:28:25;0;1
2017-10-29 14:29:34;0;1
2017-10-29 14:30:43;0;1
2017-10-29 14:31:52;0;1
2017-10-29 14:33:01;0;1
2017-10-29 14:34:10;0;1
2017-10-29 14:35:19;0;1
2017-10-29 14:36:28;0;1
2017-10-29 14:37:37;0;1
2017-10-29 14:38:46;0;1
2017-10-29 14:39:55;0;1
2017-10-29 14:41:04;0;1
2017-10-29 14:42:13;0;1
2017-10-29 14:43:22;0;1
2017-10-29 14:44:31;0;1
2017-10-29 14:45:40;0;1
2017-10-29 14:46:49;0;1
2017-10-29 14:47:58;0;1
2017-10-29 14:49:07;0;1
2017-10-29 14:50:16;0;1
2017-10-29 14:51:25;0;1
2017-10-29 14:52:34;0;1
2017-10-29 14:53:43;0;1
2017-10-29 14:54:52;0;1
2017-10-29 14:56:01;0;1
2017-10-29 14:57:10;0;1
2017-10-29 14:58:19;0;1
2017-10-29 14:59:28;0;1
2017-10-29 15:00:37;0;1
2017-10-29 15:01:46;0;1
2017-10-29 15:02:55;0;1
2017-10-29 15:04:04;0;1
2017-10-29 15:05:13;0;1
2017-10-29 15:06:22;0;1
2017-10-29 15:07:31;104.366;1
2017-10-29 15:08:40;156.531;1
2017-10-29 15:09:49;104.36;1
2017-10-29 15:10:58;156.526;1
2017-10-29 15:12:07;156.529;1
2017-10-29 15:13:16;104.357;1
2017-10-29 15:14:25;104.357;1
2017-10-29 15:15:34;104.352;1
2017-10-29 15:16:43;0;1
2017-10-29 15:17:52;0;1
2017-10-29 15:19:01;0;1
2017-10-29 15:20:10;0;1
2017-10-29 15:21:19;0;1
2017-10-29 15:22:28;0;1
2017-10-29 15:23:37;0;1
2017-10-29 15:24:46;0;1
2017-10-29 15:25:55;0;1
2017-10-29 15:27:04;0;1
2017-10-29 15:28:13;0;1
2017-10-29 15:29:22;0;1
2017-10-29 15:30:31;0;1
2017-10-29 15:31:40;0;1
2017-10-29 15:32:49;0;1
2017-10-29 15:33:58;0;1
2017-10-29 15:35:07;0;1
2017-10-29 15:36:16;0;1
2017-10-29 15:37:25;0;1
2017-10-29 15:38:34;0;1
2017-10-29 15:39:43;0;1
2017-10-29 15:40:52;0;1
2017-10-29 15:42:01;0;1
2017-10-29 15:43:10;0;1
2017-10-29 15:44:19;0;1
2017-10-29 15:45:28;52.179;1
2017-10-29 15:46:37;156.529;1
2017-10-29 15:47:46;260.892;1
2017-10-29 15:48:55;260.877;1
2017-10-29 15:50:04;260.892;1
2017-10-29 15:51:13;313.048;1
2017-10-29 15:52:22;313.053;1
2017-10-29 15:53:31;313.066;1
2017-10-29 15:54:40;313.057;1
2017-10-29 15:55:49;365.228;1
2017-10-29 15:56:58;313.08;1
2017-10-29 15:58:07;365.27;1
2017-10-29 15:59:16;365.239;1
2017-10-29 16:00:25;417.416;1
2017-10-29 16:01:34;417.422;1
2017-10-29 16:02:42;417.44;1
2017-10-29 16:03:51;365.239;1
2017-10-29 16:05:00;365.233;1
2017-10-29 16:06:09;313.062;1
2017-10-29 16:07:18;365.244;1
2017-10-29 16:08:27;365.244;1
2017-10-29 16:09:36;417.416;1
2017-10-29 16:10:45;417.428;1
2017-10-29 16:11:54;417.409;1
2017-10-29 16:13:03;417.434;1
2017-10-29 16:14:12;417.422;1
2017-10-29 16:15:21;469.599;1
2017-10-29 16:16:30;469.599;1
2017-10-29 16:17:39;521.785;1
2017-10-29 16:18:48;521.792;1
2017-10-29 16:19:57;521.724;1
2017-10-29 16:21:06;573.971;1
2017-10-29 16:22:15;573.938;1
2017-10-29 16:23:24;573.988;1
2017-10-29 16:24:33;573.888;1
2017-10-29 16:25:42;573.871;1
2017-10-29 16:26:51;573.98;1
2017-10-29 16:28:00;573.88;1
2017-10-29 16:29:09;521.762;1
2017-10-29 16:30:18;573.838;1
2017-10-29 16:31:27;573.98;1
2017-10-29 16:32:36;626.051;1
2017-10-29 16:33:45;626.114;1
2017-10-29 16:34:54;626.069;1
2017-10-29 16:36:03;626.132;1
2017-10-29 16:37:12;625.987;1
2017-10-29 16:38:21;626.141;1
2017-10-29 16:39:30;678.241;1
2017-10-29 16:40:39;626.033;1
2017-10-29 16:41:48;678.281;1
2017-10-29 16:42:57;678.241;1
2017-10-29 16:44:06;730.477;1
2017-10-29 16:45:15;626.078;1
2017-10-29 16:46:24;730.488;1
2017-10-29 16:47:33;678.241;1
2017-10-29 16:48:42;678.251;1
2017-10-29 16:49:51;678.261;1
2017-10-29 16:51:00;678.281;1
2017-10-29 16:52:09;730.424;1
2017-10-29 16:53:18;678.29;1
2017-10-29 16:54:27;678.222;1
2017-10-29 16:55:36;730.477;1
2017-10-29 16:56:45;678.212;1
2017-10-29 16:57:54;730.467;1
2017-10-29 16:59:03;678.32;1
2017-10-29 17:00:12;730.414;1
2017-10-29 17:01:21;678.251;1
2017-10-29 17:02:30;730.498;1
2017-10-29 17:03:39;678.32;1
2017-10-29 17:04:48;730.403;1
2017-10-29 17:05:57;730.467;1
2017-10-29 17:07:06;678.192;1
2017-10-29 17:08:15;730.445;1
2017-10-29 17:09:24;730.456;1
2017-10-29 17:10:33;730.456;1
2017-10-29 17:11:42;730.467;1
2017-10-29 17:12:51;678.241;1
2017-10-29 17:14:00;730.435;1
2017-10-29 17:15:09;730.435;1
2017-10-29 17:16:18;626.042;1
2017-10-29 17:17:27;678.29;1
2017-10-29 17:18:36;626.123;1
2017-10-29 17:19:45;626.051;1
2017-10-29 17:20:54;573.938;1
2017-10-29 17:22:03;626.042;1
2017-10-29 17:23:12;626.087;1
2017-10-29 17:24:21;626.123;1
2017-10-29 17:25:30;626.033;1
2017-10-29 17:26:39;626.114;1
2017-10-29 17:27:48;626.141;1
2017-10-29 17:28:57;573.822;1
2017-10-29 17:30:06;626.051;1
2017-10-29 17:31:15;626.123;1
2017-10-29 17:32:24;626.06;1
2017-10-29 17:33:33;626.105;1
2017-10-29 17:34:42;626.132;1
2017-10-29 17:35:51;626.033;1
2017-10-29 17:37:00;626.105;1
2017-10-29 17:38:09;730.519;1
2017-10-29 17:39:18;730.424;1
2017-10-29 17:40:27;886.982;1
2017-10-29 17:41:36;834.879;1
2017-10-29 17:42:45;887.059;1
2017-10-29 17:43:54;887.008;1
2017-10-29 17:45:03;782.688;1
2017-10-29 17:46:12;782.688;1
2017-10-29 17:47:21;730.467;1
2017-10-29 17:48:30;782.62;1
2017-10-29 17:49:39;782.665;1
2017-10-29 17:50:48;730.488;1
2017-10-29 17:51:57;782.688;1
2017-10-29 17:53:06;730.509;1
2017-10-29 17:54:15;782.688;1
2017-10-29 17:55:24;730.445;1
2017-10-29 17:56:33;782.665;1
2017-10-29 17:57:42;730.435;1
2017-10-29 17:58:51;730.467;1
2017-10-29 18:00:00;782.688;1
2017-10-29 18:01:09;730.488;1
2017-10-29 18:02:18;730.488;1
2017-10-29 18:03:27;730.467;1
2017-10-29 18:04:36;782.665;1
2017-10-29 18:05:45;730.477;1
2017-10-29 18:06:54;730.445;1
2017-10-29 18:08:03;730.509;1
2017-10-29 18:09:12;730.467;1
2017-10-29 18:10:21;782.677;1
2017-10-29 18:11:30;730.509;1
2017-10-29 18:12:39;730.519;1
2017-10-29 18:13:48;730.477;1
2017-10-29 18:14:57;730.488;1
2017-10-29 18:16:06;782.677;1
2017-10-29 18:17:15;730.509;1
2017-10-29 18:18:24;730.467;1
2017-10-29 18:19:33;730.541;1
2017-10-29 18:20:42;730.509;1
2017-10-29 18:21:51;730.498;1
2017-10-29 18:23:00;730.498;1
2017-10-29 18:24:09;782.643;1
2017-10-29 18:25:18;782.688;1
2017-10-29 18:26:27;834.855;1
2017-10-29 18:27:36;834.879;1
2017-10-29 18:28:45;834.867;1
2017-10-29 18:29:54;782.699;1
2017-10-29 18:31:03;886.995;1
2017-10-29 18:32:12;887.072;1
2017-10-29 18:33:21;887.034;1
2017-10-29 18:34:30;834.867;1
2017-10-29 18:35:39;886.995;1
2017-10-29 18:36:48;834.879;1
2017-10-29 18:37:57;887.072;1
2017-10-29 18:39:06;834.892;1
2017-10-29 18:40:15;834.831;1
2017-10-29 18:41:24;887.047;1
2017-10-29 18:42:33;834.879;1
2017-10-29 18:43:42;887.072;1
2017-10-29 18:44:51;834.783;1
2017-10-29 18:46:00;834.904;1
2017-10-29 18:47:09;886.969;1
2017-10-29 18:48:18;782.665;1
2017-10-29 18:49:27;730.498;1
2017-10-29 18:50:36;782.711;1
2017-10-29 18:51:45;730.488;1
2017-10-29 18:52:54;782.643;1
2017-10-29 18:54:03;730.456;1
2017-10-29 18:55:12;730.456;1
2017-10-29 18:56:21;730.467;1
2017-10-29 18:57:30;730.519;1
2017-10-29 18:58:39;782.631;1
2017-10-29 18:59:48;730.456;1
2017-10-29 19:00:57;730.498;1
2017-10-29 19:02:06;782.597;1
2017-10-29 19:03:15;730.445;1
2017-10-29 19:04:24;730.467;1
2017-10-29 19:05:33;730.467;1
2017-10-29 19:06:42;782.631;1
2017-10-29 19:07:51;730.509;1
2017-10-29 19:09:00;730.456;1
2017-10-29 19:10:09;782.733;1
2017-10-29 19:11:18;782.654;1
2017-10-29 19:12:27;782.722;1
2017-10-29 19:13:36;730.551;1
2017-10-29 19:14:45;730.498;1
2017-10-29 19:15:54;782.677;1
2017-10-29 19:17:03;730.477;1
2017-10-29 19:18:12;678.32;1
2017-10-29 19:19:21;730.498;1
2017-10-29 19:20:30;678.3;1
2017-10-29 19:21:39;678.34;1
2017-10-29 19:22:48;678.31;1
2017-10-29 19:23:57;678.261;1
2017-10-29 19:25:06;678.33;1
2017-10-29 19:26:15;678.3;1
2017-10-29 19:27:24;678.3;1
2017-10-29 19:28:33;678.33;1
2017-10-29 19:29:42;678.29;1
2017-10-29 19:30:51;730.467;1
2017-10-29 19:32:00;678.241;1
2017-10-29 19:33:09;626.105;1
2017-10-29 19:34:18;678.271;1
2017-10-29 19:35:27;678.251;1
2017-10-29 19:36:36;626.096;1
2017-10-29 19:37:45;626.114;1
2017-10-29 19:38:54;678.241;1
2017-10-29 19:40:03;626.105;1
2017-10-29 19:41:12;626.005;1
2017-10-29 19:42:21;678.3;1
2017-10-29 19:43:30;626.096;1
2017-10-29 19:44:39;678.31;1
2017-10-29 19:45:48;626.005;1
2017-10-29 19:46:57;678.32;1
2017-10-29 19:48:06;626.087;1
2017-10-29 19:49:15;678.192;1
2017-10-29 19:50:24;626.114;1
2017-10-29 19:51:33;626.096;1
2017-10-29 19:52:42;626.06;1
2017-10-29 19:53:51;626.096;1
2017-10-29 19:55:00;626.141;1
2017-10-29 19:56:09;573.888;1
2017-10-29 19:57:18;626.15;1
2017-10-29 19:58:27;573.963;1
2017-10-29 19:59:36;626.132;1
2017-10-29 20:00:45;626.096;1
2017-10-29 20:01:54;626.114;1
2017-10-29 20:03:03;678.31;1
2017-10-29 20:04:12;626.087;1
2017-10-29 20:05:21;678.261;1
2017-10-29 20:06:30;626.087;1
2017-10-29 20:07:39;678.379;1
2017-10-29 20:08:48;730.35;1
2017-10-29 20:09:57;1095.747;1
2017-10-29 20:11:06;1200.052;1
2017-10-29 20:12:15;886.789;1
2017-10-29 20:13:24;782.529;1
2017-10-29 20:14:33;730.445;1
2017-10-29 20:15:42;730.414;1
2017-10-29 20:16:51;730.519;1
2017-10-29 20:18:00;730.435;1
2017-10-29 20:19:09;886.879;1
2017-10-29 20:20:18;886.931;1
2017-10-29 20:21:27;886.969;1
2017-10-29 20:22:36;782.575;1
2017-10-29 20:23:45;782.575;1
2017-10-29 20:24:54;782.665;1
2017-10-29 20:26:03;834.819;1
2017-10-29 20:27:12;834.783;1
2017-10-29 20:28:21;886.918;1
2017-10-29 20:29:30;886.931;1
2017-10-29 20:30:39;886.982;1
2017-10-29 20:31:48;782.643;1
2017-10-29 20:32:57;834.722;1
2017-10-29 20:34:06;782.677;1
2017-10-29 20:35:15;834.795;1
2017-10-29 20:36:24;782.586;1
2017-10-29 20:37:33;886.892;1
2017-10-29 20:38:42;782.699;1
2017-10-29 20:39:51;834.746;1
2017-10-29 20:41:00;782.62;1
2017-10-29 20:42:09;782.643;1
2017-10-29 20:43:18;834.674;1
2017-10-29 20:44:27;886.969;1
2017-10-29 20:45:36;991.233;1
2017-10-29 20:46:45;939.158;1
2017-10-29 20:47:54;991.247;1
2017-10-29 20:49:03;939.212;1
2017-10-29 20:50:12;939.103;1
2017-10-29 20:51:21;939.144;1
2017-10-29 20:52:30;886.918;1
2017-10-29 20:53:39;887.072;1
2017-10-29 20:54:48;782.597;1
2017-10-29 20:55:57;834.771;1
2017-10-29 20:57:06;834.819;1
2017-10-29 20:58:15;834.662;1
2017-10-29 20:59:24;834.843;1
2017-10-29 21:00:33;782.586;1
2017-10-29 21:01:42;834.867;1
2017-10-29 21:02:51;834.867;1
2017-10-29 21:04:00;782.495;1
2017-10-29 21:05:09;834.71;1
2017-10-29 21:06:18;782.62;1
2017-10-29 21:07:27;834.771;1
2017-10-29 21:08:36;834.746;1
2017-10-29 21:09:45;782.665;1
2017-10-29 21:10:54;834.795;1
2017-10-29 21:12:03;782.541;1
2017-10-29 21:13:12;782.631;1
2017-10-29 21:14:21;834.819;1
2017-10-29 21:15:30;782.631;1
2017-10-29 21:16:39;782.62;1
2017-10-29 21:17:48;834.674;1
2017-10-29 21:18:57;782.654;1
2017-10-29 21:20:06;834.758;1
2017-10-29 21:21:15;782.609;1
2017-10-29 21:22:24;782.677;1
2017-10-29 21:23:33;834.758;1
2017-10-29 21:24:42;782.552;1
2017-10-29 21:25:51;782.711;1
2017-10-29 21:27:00;782.473;1
2017-10-29 21:28:09;834.746;1
2017-10-29 21:29:18;782.688;1
2017-10-29 21:30:27;782.552;1
2017-10-29 21:31:36;834.892;1
2017-10-29 21:32:45;782.597;1
2017-10-29 21:33:54;782.518;1
2017-10-29 21:35:03;782.631;1
2017-10-29 21:36:12;834.746;1
2017-10-29 21:37:21;782.699;1
2017-10-29 21:38:30;782.575;1
2017-10-29 21:39:39;782.631;1
2017-10-29 21:40:48;782.631;1
2017-10-29 21:41:57;834.758;1
2017-10-29 21:43:06;782.563;1
2017-10-29 21:44:15;782.643;1
2017-10-29 21:45:24;834.758;1
2017-10-29 21:46:33;782.62;1
2017-10-29 21:47:42;834.807;1
2017-10-29 21:48:51;730.551;1
2017-10-29 21:50:00;834.807;1
2017-10-29 21:51:09;782.677;1
2017-10-29 21:52:18;678.3;1
2017-10-29 21:53:27;678.281;1
2017-10-29 21:54:36;730.488;1
2017-10-29 21:55:45;678.31;1
2017-10-29 21:56:54;678.241;1
2017-10-29 21:58:03;678.34;1
2017-10-29 21:59:12;678.33;1
2017-10-29 22:00:21;678.349;1
2017-10-29 22:01:30;730.435;1
2017-10-29 22:02:39;678.251;1
2017-10-29 22:03:48;678.33;1
2017-10-29 22:04:57;730.498;1
2017-10-29 22:06:06;0;1
2017-10-29 22:07:15;0;1
2017-10-29 22:08:24;0;1
2017-10-29 22:09:33;0;1
2017-10-29 22:10:42;0;1
2017-10-29 22:11:51;0;1
2017-10-29 22:13:00;0;1
2017-10-29 22:14:09;0;1
2017-10-29 22:15:18;0;1
2017-10-29 22:16:27;0;1
2017-10-29 22:17:36;0;1
2017-10-29 22:18:45;0;1
2017-10-29 22:19:54;0;1
2017-10-29 22:21:03;0;1
2017-10-29 22:22:12;0;1
2017-10-29 22:23:21;0;1
2017-10-29 22:24:30;0;1
2017-10-29 22:25:39;0;1
2017-10-29 22:26:48;0;1
2017-10-29 22:27:57;0;1
2017-10-29 22:29:06;0;1
2017-10-29 22:30:15;0;1
2017-10-29 22:31:24;0;1
2017-10-29 22:32:33;0;1
2017-10-29 22:33:42;0;1
2017-10-29 22:34:51;0;1
2017-10-29 22:36:00;0;1
2017-10-29 22:37:09;0;1
2017-10-29 22:38:18;0;1
2017-10-29 22:39:27;0;1
2017-10-29 22:40:36;0;1
2017-10-29 22:41:45;0;1
2017-10-29 22:42:54;0;1
2017-10-29 22:44:03;0;1
2017-10-29 22:45:12;0;1
2017-10-29 22:46:21;0;1
2017-10-29 22:47:30;0;1
2017-10-29 22:48:39;0;1
2017-10-29 22:49:48;0;1
2017-10-29 22:50:57;0;1
2017-10-29 22:52:06;0;1
2017-10-29 22:53:15;0;1
2017-10-29 22:54:24;0;1
2017-10-29 22:55:33;0;1
2017-10-29 22:56:42;0;1
2017-10-29 22:57:51;0;1
2017-10-29 22:59:00;0;1
2017-10-29 23:00:09;0;1
2017-10-29 23:01:18;0;1
2017-10-29 23:02:27;0;1
2017-10-29 23:03:36;0;1
2017-10-29 23:04:45;0;1
2017-10-29 23:05:54;0;1
2017-10-29 23:07:03;0;1
2017-10-29 23:08:12;0;1
2017-10-29 23:09:21;0;1
2017-10-29 23:10:30;0;1
2017-10-29 23:11:39;0;1
2017-10-29 23:12:48;0;1
2017-10-29 23:13:57;0;1
2017-10-29 23:15:06;0;1
2017-10-29 23:16:15;0;1
2017-10-29 23:17:24;0;1
2017-10-29 23:18:33;0;1
2017-10-29 23:19:42;0;1
2017-10-29 23:20:51;0;1
2017-10-29 23:22:00;0;1
2017-10-29 23:23:09;0;1
2017-10-29 23:24:18;0;1
2017-10-29 23:25:27;0;1
2017-10-29 23:26:36;0;1
2017-10-29 23:27:45;0;1
2017-10-29 23:28:54;0;1
2017-10-29 23:30:03;0;1
2017-10-29 23:31:12;0;1
2017-10-29 23:32:21;0;1
2017-10-29 23:33:30;0;1
2017-10-29 23:34:39;0;1
2017-10-29 23:35:48;0;1
2017-10-29 23:36:57;0;1
2017-10-29 23:38:06;0;1
2017-10-29 23:39:15;0;1
2017-10-29 23:40:24;0;1
2017-10-29 23:41:33;0;1
2017-10-29 23:42:42;0;1
2017-10-29 23:43:51;0;1
2017-10-29 23:45:00;0;1
2017-10-29 23:46:09;0;1
2017-10-29 23:47:18;0;1
2017-10-29 23:48:27;0;1
2017-10-29 23:49:36;0;1
2017-10-29 23:50:45;0;1
2017-10-29 23:51:54;0;1
2017-10-29 23:53:03;0;1
2017-10-29 23:54:12;0;1
2017-10-29 23:55:21;0;1
2017-10-29 23:56:30;0;1
2017-10-29 23:57:39;0;1
2017-10-29 23:58:48;0;1
2017-10-29 23:59:57;0;1
2017-10-30 00:01:06;0;1
2017-10-30 00:02:15;0;1
2017-10-30 00:03:24;0;1
2017-10-30 00:04:33;0;1
2017-10-30 00:05:42;0;1
2017-10-30 00:06:51;0;1
2017-10-30 00:08:00;0;1
2017-10-30 00:09:09;0;1
2017-10-30 00:10:18;0;1
2017-10-30 00:11:27;0;1
2017-10-30 00:12:36;0;1
2017-10-30 00:13:45;0;1
2017-10-30 00:14:54;0;1
2017-10-30 00:16:03;0;1
2017-10-30 00:17:11;0;1
2017-10-30 00:18:20;0;1
2017-10-30 00:19:29;0;1
2017-10-30 00:20:38;0;1
2017-10-30 00:21:47;0;1
2017-10-30 00:22:56;0;1
2017-10-30 00:24:05;0;1
2017-10-30 00:25:14;0;1
2017-10-30 00:26:23;0;1
2017-10-30 00:27:32;0;1
2017-10-30 00:28:41;0;1
2017-10-30 00:29:50;0;1
2017-10-30 00:30:59;0;1
2017-10-30 00:32:08;0;1
2017-10-30 00:33:17;0;1
2017-10-30 00:34:26;0;1
2017-10-30 00:35:35;0;1
2017-10-30 00:36:44;0;1
2017-10-30 00:37:53;0;1
2017-10-30 00:39:02;0;1
2017-10-30 00:40:11;0;1
2017-10-30 00:41:20;0;1
2017-10-30 00:42:29;0;1
2017-10-30 00:43:38;0;1
2017-10-30 00:44:47;0;1
2017-10-30 00:45:56;0;1
2017-10-30 00:47:05;0;1
2017-10-30 00:48:14;0;1
2017-10-30 00:49:23;0;1
2017-10-30 00:50:33;0;1
2017-10-30 00:51:41;0;1
2017-10-30 00:52:50;0;1
2017-10-30 00:53:59;0;1
2017-10-30 00:55:08;0;1
2017-10-30 00:56:17;0;1
2017-10-30 00:57:26;0;1
2017-10-30 00:58:35;0;1
2017-10-30 00:59:44;0;1
2017-10-30 01:00:53;0;1
2017-10-30 01:02:03;0;1
2017-10-30 01:03:12;0;1
2017-10-30 01:04:21;0;1
2017-10-30 01:05:30;0;1
2017-10-30 01:06:39;0;1
2017-10-30 01:07:48;0;1
2017-10-30 01:08:56;0;1
2017-10-30 01:10:05;0;1
2017-10-30 01:11:15;0;1
2017-10-30 01:12:24;0;1
2017-10-30 01:13:33;0;1
2017-10-30 01:14:41;0;1
2017-10-30 01:15:50;0;1
2017-10-30 01:16:59;0;1
2017-10-30 01:18:09;0;1
2017-10-30 01:19:17;0;1
2017-10-30 01:20:26;0;1
2017-10-30 01:21:36;0;1
2017-10-30 01:22:44;0;1
2017-10-30 01:23:53;0;1
2017-10-30 01:25:02;0;1
2017-10-30 01:26:11;0;1
2017-10-30 01:27:20;0;1
2017-10-30 01:28:30;0;1
2017-10-30 01:29:39;0;1
2017-10-30 01:30:47;0;1
2017-10-30 01:31:57;0;1
2017-10-30 01:33:06;0;1
2017-10-30 01:34:15;0;1
2017-10-30 01:35:24;0;1
2017-10-30 01:36:33;0;1
2017-10-30 01:37:41;0;1
2017-10-30 01:38:50;0;1
2017-10-30 01:40:00;0;1
2017-10-30 01:41:09;0;1
2017-10-30 01:42:18;0;1
2017-10-30 01:43:27;0;1
2017-10-30 01:44:36;0;1
2017-10-30 01:45:45;0;1
2017-10-30 01:46:54;0;1
2017-10-30 01:48:03;0;1
2017-10-30 01:49:12;0;1
2017-10-30 01:50:21;0;1
2017-10-30 01:51:30;0;1
2017-10-30 01:52:38;0;1
2017-10-30 01:53:47;0;1
2017-10-30 01:54:56;0;1
2017-10-30 01:56:05;0;1
2017-10-30 01:57:14;0;1
2017-10-30 01:58:23;0;1
2017-10-30 01:59:32;0;1
2017-10-30 02:00:41;0;1
2017-10-30 02:01:50;0;1
2017-10-30 02:02:59;0;1
2017-10-30 02:04:08;0;1
2017-10-30 02:05:17;0;1
2017-10-30 02:06:26;0;1
2017-10-30 02:07:35;0;1
2017-10-30 02:08:44;0;1
2017-10-30 02:09:53;0;1
2017-10-30 02:11:02;0;1
2017-10-30 02:12:11;0;1
2017-10-30 02:13:20;0;1
2017-10-30 02:14:29;0;1
2017-10-30 02:15:38;0;1
2017-10-30 02:16:47;0;1
2017-10-30 02:17:56;0;1
2017-10-30 02:19:05;0;1
2017-10-30 02:20:14;0;1
2017-10-30 02:21:23;0;1
2017-10-30 02:22:32;0;1
2017-10-30 02:23:41;0;1
2017-10-30 02:24:50;0;1
2017-10-30 02:25:59;0;1
2017-10-30 02:27:08;0;1
2017-10-30 02:28:17;0;1
2017-10-30 02:29:26;0;1
2017-10-30 02:30:35;0;1
2017-10-30 02:31:44;0;1
2017-10-30 02:32:53;0;1
2017-10-30 02:34:02;0;1
2017-10-30 02:35:11;0;1
2017-10-30 02:36:20;0;1
2017-10-30 02:37:29;0;1
2017-10-30 02:38:38;0;1
2017-10-30 02:39:47;0;1
2017-10-30 02:40:56;0;1
2017-10-30 02:42:05;0;1
2017-10-30 02:43:14;0;1
2017-10-30 02:44:23;0;1
2017-10-30 02:45:32;0;1
2017-10-30 02:46:41;0;1
2017-10-30 02:47:50;0;1
2017-10-30 02:48:59;0;1
2017-10-30 02:50:08;0;1
2017-10-30 02:51:17;0;1
2017-10-30 02:52:26;0;1
2017-10-30 02:53:35;0;1
2017-10-30 02:54:44;0;1
2017-10-30 02:55:53;0;1
2017-10-30 02:57:02;0;1
2017-10-30 02:58:11;0;1
2017-10-30 02:59:20;0;1
2017-10-30 03:00:29;0;1
2017-10-30 03:01:38;0;1
2017-10-30 03:02:47;0;1
2017-10-30 03:03:56;0;1
2017-10-30 03:05:05;0;1
2017-10-30 03:06:14;0;1
2017-10-30 03:07:23;0;1
2017-10-30 03:08:32;0;1
2017-10-30 03:09:41;0;1
2017-10-30 03:10:50;0;1
2017-10-30 03:11:59;0;1
2017-10-30 03:13:08;0;1
2017-10-30 03:14:17;0;1
2017-10-30 03:15:26;0;1
2017-10-30 03:16:35;0;1
2017-10-30 03:17:44;0;1
2017-10-30 03:18:53;0;1
2017-10-30 03:20:02;0;1
2017-10-30 03:21:11;0;1
2017-10-30 03:22:20;0;1
2017-10-30 03:23:29;0;1
2017-10-30 03:24:38;0;1
2017-10-30 03:25:47;0;1
2017-10-30 03:26:56;0;1
2017-10-30 03:28:05;0;1
2017-10-30 03:29:14;0;1
2017-10-30 03:30:23;0;1
2017-10-30 03:31:32;0;1
2017-10-30 03:32:41;0;1
2017-10-30 03:33:50;0;1
2017-10-30 03:34:59;0;1
2017-10-30 03:36:08;0;1
2017-10-30 03:37:17;0;1
2017-10-30 03:38:26;0;1
2017-10-30 03:39:35;0;1
2017-10-30 03:40:44;0;1
2017-10-30 03:41:53;0;1
2017-10-30 03:43:02;0;1
2017-10-30 03:44:11;0;1
2017-10-30 03:45:20;0;1
2017-10-30 03:46:29;0;1
2017-10-30 03:47:38;0;1
2017-10-30 03:48:47;0;1
2017-10-30 03:49:56;0;1
2017-10-30 03:51:05;0;1
2017-10-30 03:52:14;0;1
2017-10-30 03:53:23;0;1
2017-10-30 03:54:32;0;1
2017-10-30 03:55:41;0;1
2017-10-30 03:56:50;0;1
2017-10-30 03:57:59;0;1
2017-10-30 03:59:08;0;1
2017-10-30 04:00:17;0;1
2017-10-30 04:01:26;0;1
2017-10-30 04:02:35;0;1
2017-10-30 04:03:44;0;1
2017-10-30 04:04:53;0;1
2017-10-30 04:07:06;0;1
2017-10-30 04:08:23;0;1
2017-10-30 04:09:32;0;1
2017-10-30 04:10:41;0;1
2017-10-30 04:11:50;0;1
2017-10-30 04:12:59;0;1
2017-10-30 04:14:08;0;1
2017-10-30 04:15:17;0;1
2017-10-30 04:16:26;0;1
2017-10-30 04:17:35;0;1
2017-10-30 04:18:44;0;1
2017-10-30 04:19:53;0;1
2017-10-30 04:21:02;0;1
2017-10-30 04:22:11;0;1
2017-10-30 04:23:20;0;1
2017-10-30 04:24:29;0;1
2017-10-30 04:25:38;0;1
2017-10-30 04:26:47;0;1
2017-10-30 04:27:56;0;1
2017-10-30 04:29:05;0;1
2017-10-30 04:30:14;0;1
2017-10-30 04:31:23;0;1
2017-10-30 04:32:32;0;1
2017-10-30 04:33:41;0;1
2017-10-30 04:34:50;0;1
2017-10-30 04:35:59;0;1
2017-10-30 04:37:08;0;1
2017-10-30 04:38:17;0;1
2017-10-30 04:39:26;0;1
2017-10-30 04:40:35;0;1
2017-10-30 04:41:44;0;1
2017-10-30 04:42:53;0;1
2017-10-30 04:44:02;0;1
2017-10-30 04:45:11;0;1
2017-10-30 04:46:20;0;1
2017-10-30 04:47:29;0;1
2017-10-30 04:48:38;0;1
2017-10-30 04:49:47;0;1
2017-10-30 04:50:56;0;1
2017-10-30 04:52:05;0;1
2017-10-30 04:53:14;0;1
2017-10-30 04:54:23;0;1
2017-10-30 04:55:32;0;1
2017-10-30 04:56:41;0;1
2017-10-30 04:57:50;0;1
2017-10-30 04:58:59;0;1
2017-10-30 05:00:08;0;1
2017-10-30 05:01:17;0;1
2017-10-30 05:02:26;0;1
2017-10-30 05:03:35;0;1
2017-10-30 05:04:44;0;1
2017-10-30 05:05:53;0;1
2017-10-30 05:07:02;0;1
2017-10-30 05:08:11;0;1
2017-10-30 05:09:20;0;1
2017-10-30 05:10:29;0;1
2017-10-30 05:11:38;0;1
2017-10-30 05:12:47;0;1
2017-10-30 05:13:56;0;1
2017-10-30 05:15:05;0;1
2017-10-30 05:16:14;0;1
2017-10-30 05:17:23;0;1
2017-10-30 05:18:32;0;1
2017-10-30 05:19:41;0;1
2017-10-30 05:20:50;0;1
2017-10-30 05:21:59;0;1
2017-10-30 05:23:08;0;1
2017-10-30 05:24:17;0;1
2017-10-30 05:25:26;0;1
2017-10-30 05:26:35;0;1
2017-10-30 05:27:44;0;1
2017-10-30 05:28:53;0;1
2017-10-30 05:30:02;0;1
2017-10-30 05:31:11;0;1
2017-10-30 05:32:20;0;1
2017-10-30 05:33:29;0;1
2017-10-30 05:34:38;0;1
2017-10-30 05:35:47;0;1
2017-10-30 05:36:56;0;1
2017-10-30 05:38:05;0;1
2017-10-30 05:39:14;0;1
2017-10-30 05:40:23;0;1
2017-10-30 05:41:32;0;1
2017-10-30 05:42:41;0;1
2017-10-30 05:43:50;0;1
2017-10-30 05:44:59;0;1
2017-10-30 05:46:08;0;1
2017-10-30 05:47:17;0;1
2017-10-30 05:48:26;0;1
2017-10-30 05:49:35;0;1
2017-10-30 05:50:44;0;1
2017-10-30 05:51:53;0;1
2017-10-30 05:53:02;0;1
2017-10-30 05:54:11;0;1
2017-10-30 05:55:20;0;1
2017-10-30 05:56:29;0;1
2017-10-30 05:57:38;0;1
2017-10-30 05:58:47;0;1
2017-10-30 05:59:56;0;1
2017-10-30 06:01:05;0;1
2017-10-30 06:02:14;0;1
2017-10-30 06:03:23;0;1
2017-10-30 06:04:32;0;1
2017-10-30 06:05:41;469.586;1
2017-10-30 06:06:50;834.831;1
2017-10-30 06:07:59;834.819;1
2017-10-30 06:09:08;834.867;1
2017-10-30 06:10:17;834.831;1
2017-10-30 06:11:26;834.855;1
2017-10-30 06:12:35;834.867;1
2017-10-30 06:13:44;834.807;1
2017-10-30 06:14:53;834.807;1
2017-10-30 06:16:02;782.665;1
2017-10-30 06:17:11;834.867;1
2017-10-30 06:18:20;834.904;1
2017-10-30 06:19:29;834.795;1
2017-10-30 06:20:38;834.843;1
2017-10-30 06:21:47;834.771;1
2017-10-30 06:22:56;782.711;1
2017-10-30 06:24:05;834.795;1
2017-10-30 06:25:14;834.831;1
2017-10-30 06:26:23;834.795;1
2017-10-30 06:27:32;782.586;1
2017-10-30 06:28:41;782.643;1
2017-10-30 06:29:50;782.699;1
2017-10-30 06:30:59;834.686;1
2017-10-30 06:32:08;782.699;1
2017-10-30 06:33:17;886.867;1
2017-10-30 06:34:26;834.746;1
2017-10-30 06:35:35;782.62;1
2017-10-30 06:36:44;834.771;1
2017-10-30 06:37:53;730.424;1
2017-10-30 06:39:02;782.62;1
2017-10-30 06:40:11;782.688;1
2017-10-30 06:41:20;782.62;1
2017-10-30 06:42:29;782.495;1
2017-10-30 06:43:38;782.665;1
2017-10-30 06:44:47;782.597;1
2017-10-30 06:45:56;730.414;1
2017-10-30 06:47:05;782.575;1
2017-10-30 06:48:14;782.631;1
2017-10-30 06:49:23;782.552;1
2017-10-30 06:50:32;730.488;1
2017-10-30 06:51:41;782.529;1
2017-10-30 06:52:50;782.677;1
2017-10-30 06:53:59;730.477;1
2017-10-30 06:55:08;782.541;1
2017-10-30 06:56:17;782.665;1
2017-10-30 06:57:26;678.261;1
2017-10-30 06:58:35;626.051;1
2017-10-30 06:59:44;678.251;1
2017-10-30 07:00:53;678.29;1
2017-10-30 07:02:02;678.281;1
2017-10-30 07:03:11;678.222;1
2017-10-30 07:04:20;678.231;1
2017-10-30 07:05:29;678.261;1
2017-10-30 07:06:38;678.281;1
2017-10-30 07:07:47;678.231;1
2017-10-30 07:08:56;678.281;1
2017-10-30 07:10:05;678.3;1
2017-10-30 07:11:14;730.403;1
2017-10-30 07:12:23;886.854;1
2017-10-30 07:13:32;991.362;1
2017-10-30 07:14:41;939.103;1
2017-10-30 07:15:50;1043.509;1
2017-10-30 07:16:59;1043.478;1
2017-10-30 07:18:08;1043.493;1
2017-10-30 07:19:17;1095.636;1
2017-10-30 07:20:26;1043.539;1
2017-10-30 07:21:35;1043.509;1
2017-10-30 07:22:44;1982.264;1
2017-10-30 07:23:53;1513.197;1
2017-10-30 07:25:02;1043.448;1
2017-10-30 07:26:11;1408.777;1
2017-10-30 07:27:20;1460.764;1
2017-10-30 07:28:29;991.376;1
2017-10-30 07:29:38;939.035;1
2017-10-30 07:30:47;1043.599;1
2017-10-30 07:31:56;1930.183;1
2017-10-30 07:33:05;1199.948;1
2017-10-30 07:34:14;1043.554;1
2017-10-30 07:35:23;939.13;1
2017-10-30 07:36:32;939.185;1
2017-10-30 07:37:41;886.892;1
2017-10-30 07:38:50;939.076;1
2017-10-30 07:39:59;887.072;1
2017-10-30 07:41:08;886.879;1
2017-10-30 07:42:17;886.995;1
2017-10-30 07:43:26;834.758;1
2017-10-30 07:44:35;886.957;1
2017-10-30 07:45:44;834.771;1
2017-10-30 07:46:53;834.758;1
2017-10-30 07:48:02;834.867;1
2017-10-30 07:49:11;782.677;1
2017-10-30 07:50:20;834.771;1
2017-10-30 07:51:29;782.688;1
2017-10-30 07:52:38;782.631;1
2017-10-30 07:53:47;730.403;1
2017-10-30 07:54:56;730.403;1
2017-10-30 07:56:05;782.575;1
2017-10-30 07:57:14;782.597;1
2017-10-30 07:58:23;1147.826;1
2017-10-30 07:59:32;1095.779;1
2017-10-30 08:00:41;1304.405;1
2017-10-30 08:01:50;1669.614;1
2017-10-30 08:02:59;1617.344;1
2017-10-30 08:04:08;1669.517;1
2017-10-30 08:05:17;1669.275;1
2017-10-30 08:06:26;1617.532;1
2017-10-30 08:07:35;1878.234;1
2017-10-30 08:08:44;1878.37;1
2017-10-30 08:09:53;1513;1
2017-10-30 08:11:02;1565.172;1
2017-10-30 08:12:11;1878.179;1
2017-10-30 08:13:20;1408.777;1
2017-10-30 08:14:29;1408.655;1
2017-10-30 08:15:38;1356.463;1
2017-10-30 08:16:47;1408.655;1
2017-10-30 08:17:56;1356.561;1
2017-10-30 08:19:05;1356.62;1
2017-10-30 08:20:14;1826.06;1
2017-10-30 08:21:23;2243.543;1
2017-10-30 08:22:32;1669.468;1
2017-10-30 08:23:41;1408.716;1
2017-10-30 08:24:50;1513.087;1
2017-10-30 08:25:59;1878.206;1
2017-10-30 08:27:08;1512.978;1
2017-10-30 08:28:17;1460.806;1
2017-10-30 08:29:26;1460.954;1
2017-10-30 08:30:35;1773.887;1
2017-10-30 08:31:44;1356.699;1
2017-10-30 08:32:53;1304.216;1
2017-10-30 08:34:02;1252.265;1
2017-10-30 08:35:11;1252.029;1
2017-10-30 08:36:20;1200.087;1
2017-10-30 08:37:29;1200.035;1
2017-10-30 08:38:38;1147.809;1
2017-10-30 08:39:47;1147.194;1
2017-10-30 08:40:56;1147.377;1
2017-10-30 08:42:05;1513.087;1
2017-10-30 08:43:14;1147.859;1
2017-10-30 08:44:23;1200.139;1
2017-10-30 08:45:32;1200.104;1
2017-10-30 08:46:41;1200.035;1
2017-10-30 08:47:50;1460.891;1
2017-10-30 08:48:59;1304.461;1
2017-10-30 08:50:08;1147.311;1
2017-10-30 08:51:17;1095.795;1
2017-10-30 08:52:26;1095.636;1
2017-10-30 08:53:35;1095.779;1
2017-10-30 08:54:44;1669.589;1
2017-10-30 08:55:53;1565.399;1
2017-10-30 08:57:02;1356.6;1
2017-10-30 08:58:11;1200.035;1
2017-10-30 08:59:20;1460.975;1
2017-10-30 09:00:29;1304.253;1
2017-10-30 09:01:38;1356.64;1
2017-10-30 09:02:47;1356.364;1
2017-10-30 09:03:56;1304.48;1
2017-10-30 09:05:05;1408.634;1
2017-10-30 09:06:14;1356.384;1
2017-10-30 09:07:23;1356.561;1
2017-10-30 09:08:32;1304.461;1
2017-10-30 09:09:41;1147.809;1
2017-10-30 09:10:50;1043.524;1
2017-10-30 09:11:59;834.807;1
2017-10-30 09:13:08;417.331;1
2017-10-30 09:14:17;834.843;1
2017-10-30 09:15:26;991.304;1
2017-10-30 09:16:35;1147.909;1
2017-10-30 09:17:44;991.218;1
2017-10-30 09:18:53;678.32;1
2017-10-30 09:20:02;678.192;1
2017-10-30 09:21:11;678.271;1
2017-10-30 09:22:20;782.643;1
2017-10-30 09:23:29;730.318;1
2017-10-30 09:24:38;678.281;1
2017-10-30 09:25:47;626.087;1
2017-10-30 09:26:56;573.905;1
2017-10-30 09:28:05;730.424;1
2017-10-30 09:29:14;521.754;1
2017-10-30 09:30:23;573.888;1
2017-10-30 09:31:32;313.071;1
2017-10-30 09:32:41;208.702;1
2017-10-30 09:33:50;156.519;1
2017-10-30 09:34:59;0;1
2017-10-30 09:36:08;260.904;1
2017-10-30 09:37:17;782.643;1
2017-10-30 09:38:26;678.281;1
2017-10-30 09:39:35;782.586;1
2017-10-30 09:40:44;834.807;1
2017-10-30 09:41:53;730.519;1
2017-10-30 09:43:02;573.963;1
2017-10-30 09:44:11;678.202;1
2017-10-30 09:45:20;417.422;1
2017-10-30 09:46:29;104.346;1
2017-10-30 09:47:38;0;1
2017-10-30 09:48:47;0;1
2017-10-30 09:49:56;0;1
2017-10-30 09:51:05;0;1
2017-10-30 09:52:14;52.178;1
2017-10-30 09:53:23;156.515;1
2017-10-30 09:54:32;0;1
2017-10-30 09:55:41;0;1
2017-10-30 09:56:50;0;1
2017-10-30 09:57:59;0;1
2017-10-30 09:59:08;52.178;1
2017-10-30 10:00:17;260.828;1
2017-10-30 10:01:26;156.529;1
2017-10-30 10:02:35;0;1
2017-10-30 10:03:44;0;1
2017-10-30 10:04:53;0;1
2017-10-30 10:06:02;573.896;1
2017-10-30 10:07:11;15026.523;1
2017-10-30 10:08:20;15755.38;1
2017-10-30 10:09:29;16069.798;1
2017-10-30 10:10:38;16174.382;1
2017-10-30 10:11:47;16226.087;1
2017-10-30 10:12:56;16329.015;1
2017-10-30 10:14:05;16174.616;1
2017-10-30 10:15:14;16119.87;1
2017-10-30 10:16:23;16070.031;1
2017-10-30 10:17:32;16174.382;1
2017-10-30 10:18:41;16383.084;1
2017-10-30 10:19:50;16330.671;1
2017-10-30 10:20:59;15443.478;1
2017-10-30 10:22:08;15493.856;1
2017-10-30 10:23:17;14713.043;1
2017-10-30 10:24:26;14817.606;1
2017-10-30 10:25:35;15340.242;1
2017-10-30 10:26:44;15861.329;1
2017-10-30 10:27:53;14555.256;1
2017-10-30 10:29:02;11687.295;1
2017-10-30 10:30:11;11374.408;1
2017-10-30 10:31:20;11947.307;1
2017-10-30 10:32:29;10904.506;1
2017-10-30 10:33:38;11216.904;1
2017-10-30 10:34:47;12418.111;1
2017-10-30 10:35:56;14973.913;1
2017-10-30 10:37:05;13929.627;1
2017-10-30 10:38:14;15445.269;1
2017-10-30 10:39:23;15912.352;1
2017-10-30 10:40:32;15965.217;1
2017-10-30 10:41:41;15859.49;1
2017-10-30 10:42:50;15182.609;1
2017-10-30 10:43:59;14922.172;1
2017-10-30 10:45:08;14556.1;1
2017-10-30 10:46:17;13826.688;1
2017-10-30 10:47:26;12210.111;1
2017-10-30 10:48:35;12418.651;1
2017-10-30 10:49:44;12731.911;1
2017-10-30 10:50:53;12053.571;1
2017-10-30 10:52:02;12523.01;1
2017-10-30 10:53:11;12210.111;1
2017-10-30 10:54:20;12993.564;1
2017-10-30 10:55:29;11582.777;1
2017-10-30 10:56:38;11530.769;1
2017-10-30 10:57:47;11426.749;1
2017-10-30 10:58:56;11582.777;1
2017-10-30 11:00:05;13461.26;1
2017-10-30 11:01:14;13566.2;1
2017-10-30 11:02:23;13827.49;1
2017-10-30 11:03:32;13670.358;1
2017-10-30 11:04:41;13618.181;1
2017-10-30 11:05:50;12157.227;1
2017-10-30 11:06:59;11948.172;1
2017-10-30 11:08:08;13148.207;1
2017-10-30 11:09:17;13201.722;1
2017-10-30 11:10:26;11740.321;1
2017-10-30 11:11:35;12417.571;1
2017-10-30 11:12:44;12678.261;1
2017-10-30 11:13:53;13096.601;1
2017-10-30 11:15:01;13201.339;1
2017-10-30 11:16:10;13304.926;1
2017-10-30 11:17:19;13305.119;1
2017-10-30 11:18:28;14349.282;1
2017-10-30 11:19:37;13670.556;1
2017-10-30 11:20:46;12784.462;1
2017-10-30 11:21:55;13096.411;1
2017-10-30 11:23:04;12261.403;1
2017-10-30 11:24:13;12000.522;1
2017-10-30 11:25:22;13201.148;1
2017-10-30 11:26:31;12939.318;1
2017-10-30 11:27:40;11635.794;1
2017-10-30 11:28:49;14036.003;1
2017-10-30 11:29:58;13513.631;1
2017-10-30 11:31:07;12889.011;1
2017-10-30 11:32:16;13044.991;1
2017-10-30 11:33:25;12783.35;1
2017-10-30 11:34:34;12992.246;1
2017-10-30 11:35:43;13774.712;1
2017-10-30 11:36:52;14348.242;1
2017-10-30 11:38:01;14556.733;1
2017-10-30 11:39:10;13252.75;1
2017-10-30 11:40:19;13253.326;1
2017-10-30 11:41:28;13826.889;1
2017-10-30 11:42:37;14036.207;1
2017-10-30 11:43:46;13722.932;1
2017-10-30 11:44:55;13931.242;1
2017-10-30 11:46:04;15183.489;1
2017-10-30 11:47:13;16592.747;1
2017-10-30 11:48:22;16384.033;1
2017-10-30 11:49:31;16331.618;1
2017-10-30 11:50:40;16696.862;1
2017-10-30 11:51:49;16958.242;1
2017-10-30 11:52:58;17113.291;1
2017-10-30 11:54:07;17010.175;1
2017-10-30 11:55:16;17009.189;1
2017-10-30 11:56:25;17793.109;1
2017-10-30 11:57:34;17321.99;1
2017-10-30 11:58:43;17061.859;1
2017-10-30 11:59:52;15601.131;1
2017-10-30 12:01:01;14557.155;1
2017-10-30 12:02:10;14661.507;1
2017-10-30 12:03:19;15653.535;1
2017-10-30 12:04:28;17479.021;1
2017-10-30 12:05:37;14504.978;1
2017-10-30 12:06:46;13200.574;1
2017-10-30 12:07:55;12678.996;1
2017-10-30 12:09:04;12105.225;1
2017-10-30 12:10:13;12522.828;1
2017-10-30 12:11:22;12209.934;1
2017-10-30 12:12:31;12522.102;1
2017-10-30 12:13:40;12313.579;1
2017-10-30 12:14:49;12315.007;1
2017-10-30 12:15:58;12575.189;1
2017-10-30 12:17:07;12313.936;1
2017-10-30 12:18:16;12627.185;1
2017-10-30 12:19:25;13305.119;1
2017-10-30 12:20:34;12940.443;1
2017-10-30 12:21:43;12836.085;1
2017-10-30 12:22:52;4852.315;1
2017-10-30 12:24:01;0;1
2017-10-30 12:25:10;0;1
2017-10-30 12:26:19;0;1
2017-10-30 12:27:28;0;1
2017-10-30 12:28:37;0;1
2017-10-30 12:29:46;0;1
2017-10-30 12:30:55;0;1
2017-10-30 12:32:04;0;1
2017-10-30 12:33:13;0;1
2017-10-30 12:34:22;0;1
2017-10-30 12:35:31;0;1
2017-10-30 12:36:40;0;1
2017-10-30 12:37:49;0;1
2017-10-30 12:38:58;0;1
2017-10-30 12:40:07;0;1
2017-10-30 12:41:16;0;1
2017-10-30 12:42:25;0;1
2017-10-30 12:43:34;0;1
2017-10-30 12:44:43;0;1
2017-10-30 12:45:52;0;1
2017-10-30 12:47:01;0;1
2017-10-30 12:48:10;0;1
2017-10-30 12:49:19;0;1
2017-10-30 12:50:28;0;1
2017-10-30 12:51:37;0;1
2017-10-30 12:52:46;0;1
2017-10-30 12:53:55;0;1
2017-10-30 12:55:04;0;1
2017-10-30 12:56:13;0;1
2017-10-30 12:57:22;0;1
2017-10-30 12:58:31;0;1
2017-10-30 12:59:40;0;1
2017-10-30 13:00:49;0;1
2017-10-30 13:01:58;0;1
2017-10-30 13:03:07;0;1
2017-10-30 13:04:16;0;1
2017-10-30 13:05:25;0;1
2017-10-30 13:06:34;0;1
2017-10-30 13:07:43;0;1
2017-10-30 13:08:52;0;1
2017-10-30 13:10:01;0;1
2017-10-30 13:11:10;0;1
2017-10-30 13:12:19;0;1
2017-10-30 13:13:28;0;1
2017-10-30 13:14:37;0;1
2017-10-30 13:15:46;0;1
2017-10-30 13:16:55;0;1
2017-10-30 13:18:04;0;1
2017-10-30 13:19:13;0;1
2017-10-30 13:20:22;0;1
2017-10-30 13:21:31;0;1
2017-10-30 13:22:40;0;1
2017-10-30 13:23:49;0;1
2017-10-30 13:24:58;0;1
2017-10-30 13:26:07;0;1
2017-10-30 13:27:16;0;1
2017-10-30 13:28:25;0;1
2017-10-30 13:29:34;0;1
2017-10-30 13:30:43;0;1
2017-10-30 13:31:52;0;1
2017-10-30 13:33:01;0;1
2017-10-30 13:34:10;0;1
2017-10-30 13:35:19;0;1
2017-10-30 13:36:28;0;1
2017-10-30 13:37:37;0;1
2017-10-30 13:38:46;0;1
2017-10-30 13:39:55;0;1
2017-10-30 13:41:04;0;1
2017-10-30 13:42:13;0;1
2017-10-30 13:43:22;0;1
2017-10-30 13:44:31;0;1
2017-10-30 13:45:40;0;1
2017-10-30 13:46:49;0;1
2017-10-30 13:47:58;0;1
2017-10-30 13:49:07;0;1
2017-10-30 13:50:16;0;1
2017-10-30 13:51:25;0;1
2017-10-30 13:52:34;0;1
2017-10-30 13:53:43;0;1
2017-10-30 13:54:52;0;1
2017-10-30 13:56:01;0;1
2017-10-30 13:57:10;0;1
2017-10-30 13:58:19;0;1
2017-10-30 13:59:28;0;1
2017-10-30 14:00:37;0;1
2017-10-30 14:01:46;0;1
2017-10-30 14:02:55;0;1
2017-10-30 14:04:04;0;1
2017-10-30 14:05:13;0;1
2017-10-30 14:06:22;0;1
2017-10-30 14:07:31;0;1
2017-10-30 14:08:40;0;1
2017-10-30 14:09:49;0;1
2017-10-30 14:10:58;0;1
2017-10-30 14:12:07;0;1
2017-10-30 14:13:16;0;1
2017-10-30 14:14:25;0;1
2017-10-30 14:15:34;0;1
2017-10-30 14:16:43;0;1
2017-10-30 14:17:52;0;1
2017-10-30 14:19:01;0;1
2017-10-30 14:20:10;0;1
2017-10-30 14:21:19;0;1
2017-10-30 14:22:28;0;1
2017-10-30 14:23:37;0;1
2017-10-30 14:24:46;0;1
2017-10-30 14:25:55;0;1
2017-10-30 14:27:04;0;1
2017-10-30 14:28:13;0;1
2017-10-30 14:29:22;0;1
2017-10-30 14:30:31;0;1
2017-10-30 14:31:40;0;1
2017-10-30 14:32:49;0;1
2017-10-30 14:33:58;0;1
2017-10-30 14:35:07;0;1
2017-10-30 14:36:16;0;1
2017-10-30 14:37:25;0;1
2017-10-30 14:38:34;0;1
2017-10-30 14:39:43;0;1
2017-10-30 14:40:52;0;1
2017-10-30 14:42:01;0;1
2017-10-30 14:43:10;0;1
2017-10-30 14:44:19;0;1
2017-10-30 14:45:28;0;1
2017-10-30 14:46:37;0;1
2017-10-30 14:47:46;0;1
2017-10-30 14:48:55;0;1
2017-10-30 14:50:04;0;1
2017-10-30 14:51:13;0;1
2017-10-30 14:52:22;0;1
2017-10-30 14:53:31;0;1
2017-10-30 14:54:40;0;1
2017-10-30 14:55:49;0;1
2017-10-30 14:56:58;0;1
2017-10-30 14:58:07;0;1
2017-10-30 14:59:16;0;1
2017-10-30 15:00:25;0;1
2017-10-30 15:01:34;0;1
2017-10-30 15:02:43;0;1
2017-10-30 15:03:52;0;1
2017-10-30 15:05:01;0;1
2017-10-30 15:06:10;0;1
2017-10-30 15:07:19;0;1
2017-10-30 15:08:28;0;1
2017-10-30 15:09:37;0;1
2017-10-30 15:10:46;0;1
2017-10-30 15:11:55;0;1
2017-10-30 15:13:04;0;1
2017-10-30 15:14:13;0;1
2017-10-30 15:15:22;0;1
2017-10-30 15:16:31;0;1
2017-10-30 15:17:40;0;1
2017-10-30 15:18:49;0;1
2017-10-30 15:19:58;0;1
2017-10-30 15:21:07;0;1
2017-10-30 15:22:16;0;1
2017-10-30 15:23:25;0;1
2017-10-30 15:24:34;0;1
2017-10-30 15:25:43;0;1
2017-10-30 15:26:52;0;1
2017-10-30 15:28:01;0;1
2017-10-30 15:29:10;0;1
2017-10-30 15:30:19;0;1
2017-10-30 15:31:28;0;1
2017-10-30 15:32:37;0;1
2017-10-30 15:33:46;0;1
2017-10-30 15:34:55;0;1
2017-10-30 15:36:04;0;1
2017-10-30 15:37:13;0;1
2017-10-30 15:38:22;0;1
2017-10-30 15:39:31;0;1
2017-10-30 15:40:40;0;1
2017-10-30 15:41:49;0;1
2017-10-30 15:42:58;0;1
2017-10-30 15:44:07;0;1
2017-10-30 15:45:16;0;1
2017-10-30 15:46:25;0;1
2017-10-30 15:47:34;0;1
2017-10-30 15:48:43;0;1
2017-10-30 15:49:52;0;1
2017-10-30 15:51:01;0;1
2017-10-30 15:52:10;0;1
2017-10-30 15:53:19;0;1
2017-10-30 15:54:28;0;1
2017-10-30 15:55:37;0;1
2017-10-30 15:56:46;0;1
2017-10-30 15:57:55;0;1
2017-10-30 15:59:04;0;1
2017-10-30 16:00:13;0;1
2017-10-30 16:01:22;0;1
2017-10-30 16:02:31;0;1
2017-10-30 16:03:40;0;1
2017-10-30 16:04:49;0;1
2017-10-30 16:05:58;0;1
2017-10-30 16:07:07;0;1
2017-10-30 16:08:16;0;1
2017-10-30 16:09:25;0;1
2017-10-30 16:10:34;0;1
2017-10-30 16:11:43;0;1
2017-10-30 16:12:52;0;1
2017-10-30 16:14:01;0;1
2017-10-30 16:15:10;52.178;1
2017-10-30 16:16:19;52.178;1
2017-10-30 16:17:28;104.352;1
2017-10-30 16:18:37;104.346;1
2017-10-30 16:19:46;104.349;1
2017-10-30 16:20:55;156.531;1
2017-10-30 16:22:04;208.699;1
2017-10-30 16:23:13;365.233;1
2017-10-30 16:24:22;365.26;1
2017-10-30 16:25:31;469.62;1
2017-10-30 16:26:40;417.403;1
2017-10-30 16:27:49;469.613;1
2017-10-30 16:28:58;417.403;1
2017-10-30 16:30:07;417.397;1
2017-10-30 16:31:16;469.599;1
2017-10-30 16:32:25;417.397;1
2017-10-30 16:33:34;469.572;1
2017-10-30 16:34:43;417.452;1
2017-10-30 16:35:52;417.428;1
2017-10-30 16:37:01;469.599;1
2017-10-30 16:38:10;469.552;1
2017-10-30 16:39:19;521.769;1
2017-10-30 16:40:28;469.579;1
2017-10-30 16:41:37;521.8;1
2017-10-30 16:42:46;521.762;1
2017-10-30 16:43:55;521.792;1
2017-10-30 16:45:04;521.792;1
2017-10-30 16:46:13;521.8;1
2017-10-30 16:47:22;573.955;1
2017-10-30 16:48:31;573.938;1
2017-10-30 16:49:40;573.971;1
2017-10-30 16:50:49;573.938;1
2017-10-30 16:51:58;626.123;1
2017-10-30 16:53:07;573.938;1
2017-10-30 16:54:16;678.31;1
2017-10-30 16:55:25;626.114;1
2017-10-30 16:56:34;626.114;1
2017-10-30 16:57:43;678.379;1
2017-10-30 16:58:52;678.271;1
2017-10-30 17:00:01;626.123;1
2017-10-30 17:01:10;678.32;1
2017-10-30 17:02:19;678.369;1
2017-10-30 17:03:28;730.445;1
2017-10-30 17:04:37;678.281;1
2017-10-30 17:05:46;678.33;1
2017-10-30 17:06:55;678.261;1
2017-10-30 17:08:04;730.424;1
2017-10-30 17:09:13;678.31;1
2017-10-30 17:10:22;730.445;1
2017-10-30 17:11:31;730.445;1
2017-10-30 17:12:40;678.281;1
2017-10-30 17:13:49;730.53;1
2017-10-30 17:14:58;730.498;1
2017-10-30 17:16:07;678.34;1
2017-10-30 17:17:16;678.359;1
2017-10-30 17:18:25;626.132;1
2017-10-30 17:19:34;678.32;1
2017-10-30 17:20:43;678.32;1
2017-10-30 17:21:52;626.087;1
2017-10-30 17:23:01;678.241;1
2017-10-30 17:24:10;626.096;1
2017-10-30 17:25:19;626.105;1
2017-10-30 17:26:28;626.114;1
2017-10-30 17:27:37;626.105;1
2017-10-30 17:28:46;626.114;1
2017-10-30 17:29:55;573.888;1
2017-10-30 17:31:04;626.069;1
2017-10-30 17:32:13;626.105;1
2017-10-30 17:33:22;626.105;1
2017-10-30 17:34:31;626.014;1
2017-10-30 17:35:40;626.15;1
2017-10-30 17:36:49;626.15;1
2017-10-30 17:37:58;626.051;1
2017-10-30 17:39:07;573.83;1
2017-10-30 17:40:16;678.31;1
2017-10-30 17:41:25;573.871;1
2017-10-30 17:42:34;626.105;1
2017-10-30 17:43:43;626.06;1
2017-10-30 17:44:52;626.132;1
2017-10-30 17:46:01;626.051;1
2017-10-30 17:47:10;626.087;1
2017-10-30 17:48:19;626.078;1
2017-10-30 17:49:28;626.096;1
2017-10-30 17:50:37;626.114;1
2017-10-30 17:51:46;626.051;1
2017-10-30 17:52:55;573.946;1
2017-10-30 17:54:04;626.105;1
2017-10-30 17:55:13;626.087;1
2017-10-30 17:56:22;626.069;1
2017-10-30 17:57:31;626.051;1
2017-10-30 17:58:40;626.123;1
2017-10-30 17:59:49;782.586;1
2017-10-30 18:00:58;782.665;1
2017-10-30 18:02:07;782.575;1
2017-10-30 18:03:16;782.575;1
2017-10-30 18:04:25;730.424;1
2017-10-30 18:05:34;782.62;1
2017-10-30 18:06:43;782.529;1
2017-10-30 18:07:52;730.435;1
2017-10-30 18:09:01;782.643;1
2017-10-30 18:10:10;782.631;1
2017-10-30 18:11:19;730.435;1
2017-10-30 18:12:28;782.654;1
2017-10-30 18:13:37;730.435;1
2017-10-30 18:14:46;782.575;1
2017-10-30 18:15:55;730.424;1
2017-10-30 18:17:04;782.597;1
2017-10-30 18:18:13;730.509;1
2017-10-30 18:19:22;834.734;1
2017-10-30 18:20:31;939.117;1
2017-10-30 18:21:40;886.969;1
2017-10-30 18:22:49;939.062;1
2017-10-30 18:23:58;834.843;1
2017-10-30 18:25:07;887.008;1
2017-10-30 18:26:16;834.734;1
2017-10-30 18:27:25;834.795;1
2017-10-30 18:28:34;782.597;1
2017-10-30 18:29:43;782.518;1
2017-10-30 18:30:52;782.643;1
2017-10-30 18:32:01;834.807;1
2017-10-30 18:33:10;834.831;1
2017-10-30 18:34:19;782.552;1
2017-10-30 18:35:28;782.688;1
2017-10-30 18:36:37;782.552;1
2017-10-30 18:37:46;782.586;1
2017-10-30 18:38:55;782.643;1
2017-10-30 18:40:04;782.507;1
2017-10-30 18:41:13;782.665;1
2017-10-30 18:42:22;782.631;1
2017-10-30 18:43:31;782.631;1
2017-10-30 18:44:40;730.414;1
2017-10-30 18:45:49;782.631;1
2017-10-30 18:46:58;782.541;1
2017-10-30 18:48:07;782.654;1
2017-10-30 18:49:16;730.361;1
2017-10-30 18:50:25;782.722;1
2017-10-30 18:51:34;782.552;1
2017-10-30 18:52:43;730.424;1
2017-10-30 18:53:52;782.586;1
2017-10-30 18:55:01;782.665;1
2017-10-30 18:56:10;782.654;1
2017-10-30 18:57:19;782.552;1
2017-10-30 18:58:28;730.445;1
2017-10-30 18:59:37;782.541;1
2017-10-30 19:00:46;782.609;1
2017-10-30 19:01:55;782.677;1
2017-10-30 19:03:04;782.597;1
2017-10-30 19:04:13;782.518;1
2017-10-30 19:05:22;782.654;1
2017-10-30 19:06:31;782.609;1
2017-10-30 19:07:40;730.424;1
2017-10-30 19:08:49;730.541;1
2017-10-30 19:09:58;626.141;1
2017-10-30 19:11:07;730.467;1
2017-10-30 19:12:16;678.271;1
2017-10-30 19:13:25;678.31;1
2017-10-30 19:14:34;678.369;1
2017-10-30 19:15:43;626.069;1
2017-10-30 19:16:52;678.251;1
2017-10-30 19:18:01;678.241;1
2017-10-30 19:19:10;782.62;1
2017-10-30 19:20:19;991.304;1
2017-10-30 19:21:28;1043.569;1
2017-10-30 19:22:37;1043.493;1
2017-10-30 19:23:46;1251.956;1
2017-10-30 19:24:55;1095.716;1
2017-10-30 19:26:04;1043.433;1
2017-10-30 19:27:13;1043.554;1
2017-10-30 19:28:22;939.144;1
2017-10-30 19:29:31;939.13;1
2017-10-30 19:30:40;939.09;1
2017-10-30 19:31:49;939.144;1
2017-10-30 19:32:58;886.931;1
2017-10-30 19:34:07;991.333;1
2017-10-30 19:35:16;886.867;1
2017-10-30 19:36:25;886.969;1
2017-10-30 19:37:34;886.995;1
2017-10-30 19:38:43;886.982;1
2017-10-30 19:39:52;939.09;1
2017-10-30 19:41:01;834.662;1
2017-10-30 19:42:10;886.944;1
2017-10-30 19:43:19;886.982;1
2017-10-30 19:44:28;886.905;1
2017-10-30 19:45:37;834.783;1
2017-10-30 19:46:46;886.918;1
2017-10-30 19:47:55;834.795;1
2017-10-30 19:49:04;886.918;1
2017-10-30 19:50:13;834.795;1
2017-10-30 19:51:22;834.807;1
2017-10-30 19:52:31;834.819;1
2017-10-30 19:53:40;782.529;1
2017-10-30 19:54:49;834.807;1
2017-10-30 19:55:58;782.643;1
2017-10-30 19:57:07;834.783;1
2017-10-30 19:58:16;782.643;1
2017-10-30 19:59:25;834.758;1
2017-10-30 20:00:34;782.631;1
2017-10-30 20:01:43;834.662;1
2017-10-30 20:02:52;834.819;1
2017-10-30 20:04:01;887.008;1
2017-10-30 20:05:10;834.686;1
2017-10-30 20:06:19;834.807;1
2017-10-30 20:07:28;782.609;1
2017-10-30 20:08:37;782.654;1
2017-10-30 20:09:46;834.71;1
2017-10-30 20:10:55;782.575;1
2017-10-30 20:12:04;782.609;1
2017-10-30 20:13:13;834.831;1
2017-10-30 20:14:22;782.677;1
2017-10-30 20:15:31;782.597;1
2017-10-30 20:16:40;782.643;1
2017-10-30 20:17:49;834.867;1
2017-10-30 20:18:58;782.529;1
2017-10-30 20:20:07;782.552;1
2017-10-30 20:21:16;782.654;1
2017-10-30 20:22:25;782.575;1
2017-10-30 20:23:34;782.529;1
2017-10-30 20:24:43;782.677;1
2017-10-30 20:25:52;782.529;1
2017-10-30 20:27:01;782.631;1
2017-10-30 20:28:10;782.609;1
2017-10-30 20:29:19;782.563;1
2017-10-30 20:30:28;782.575;1
2017-10-30 20:31:37;730.445;1
2017-10-30 20:32:46;782.699;1
2017-10-30 20:33:55;782.631;1
2017-10-30 20:35:04;782.552;1
2017-10-30 20:36:13;730.467;1
2017-10-30 20:37:22;782.665;1
2017-10-30 20:38:31;782.495;1
2017-10-30 20:39:40;782.654;1
2017-10-30 20:40:49;730.392;1
2017-10-30 20:41:58;782.631;1
2017-10-30 20:43:07;730.509;1
2017-10-30 20:44:16;834.746;1
2017-10-30 20:45:25;730.371;1
2017-10-30 20:46:34;782.665;1
2017-10-30 20:47:43;730.361;1
2017-10-30 20:48:52;782.654;1
2017-10-30 20:50:01;730.414;1
2017-10-30 20:51:10;782.609;1
2017-10-30 20:52:19;730.53;1
2017-10-30 20:53:28;834.698;1
2017-10-30 20:54:37;886.969;1
2017-10-30 20:55:46;939.117;1
2017-10-30 20:56:55;887.021;1
2017-10-30 20:58:04;886.918;1
2017-10-30 20:59:13;886.995;1
2017-10-30 21:00:22;886.892;1
2017-10-30 21:01:31;939.117;1
2017-10-30 21:02:40;886.879;1
2017-10-30 21:03:49;886.995;1
2017-10-30 21:04:58;887.021;1
2017-10-30 21:06:07;834.698;1
2017-10-30 21:07:16;887.008;1
2017-10-30 21:08:25;886.982;1
2017-10-30 21:09:34;886.944;1
2017-10-30 21:10:43;886.879;1
2017-10-30 21:11:52;886.982;1
2017-10-30 21:13:01;886.957;1
2017-10-30 21:14:10;834.795;1
2017-10-30 21:15:19;886.918;1
2017-10-30 21:16:28;887.021;1
2017-10-30 21:17:37;886.969;1
2017-10-30 21:18:46;834.807;1
2017-10-30 21:19:55;886.969;1
2017-10-30 21:21:04;834.65;1
2017-10-30 21:22:13;834.758;1
2017-10-30 21:23:22;886.969;1
2017-10-30 21:24:31;834.807;1
2017-10-30 21:25:40;886.918;1
2017-10-30 21:26:49;834.795;1
2017-10-30 21:27:58;834.783;1
2017-10-30 21:29:07;887.047;1
2017-10-30 21:30:16;834.795;1
2017-10-30 21:31:25;834.746;1
2017-10-30 21:32:34;886.892;1
2017-10-30 21:33:43;834.795;1
2017-10-30 21:34:52;834.758;1
2017-10-30 21:36:01;886.918;1
2017-10-30 21:37:10;834.783;1
2017-10-30 21:38:19;834.783;1
2017-10-30 21:39:28;834.831;1
2017-10-30 21:40:37;834.771;1
2017-10-30 21:41:46;834.771;1
2017-10-30 21:42:55;834.771;1
2017-10-30 21:44:04;834.783;1
2017-10-30 21:45:13;834.807;1
2017-10-30 21:46:22;834.795;1
2017-10-30 21:47:31;834.771;1
2017-10-30 21:48:40;834.795;1
2017-10-30 21:49:49;834.771;1
2017-10-30 21:50:58;834.831;1
2017-10-30 21:52:07;834.746;1
2017-10-30 21:53:16;834.819;1
2017-10-30 21:54:25;834.807;1
2017-10-30 21:55:34;782.654;1
2017-10-30 21:56:43;834.613;1
2017-10-30 21:57:52;834.746;1
2017-10-30 21:59:01;834.771;1
2017-10-30 22:00:10;834.758;1
2017-10-30 22:01:19;782.631;1
2017-10-30 22:02:28;886.931;1
2017-10-30 22:03:37;782.665;1
2017-10-30 22:04:46;834.819;1
2017-10-30 22:05:55;156.524;1
2017-10-30 22:07:04;0;1
2017-10-30 22:08:13;0;1
2017-10-30 22:09:22;0;1
2017-10-30 22:10:31;0;1
2017-10-30 22:11:40;0;1
2017-10-30 22:12:49;0;1
2017-10-30 22:13:58;0;1
2017-10-30 22:15:07;0;1
2017-10-30 22:16:16;0;1
2017-10-30 22:17:25;0;1
2017-10-30 22:18:34;0;1
2017-10-30 22:19:43;0;1
2017-10-30 22:20:52;0;1
2017-10-30 22:22:01;0;1
2017-10-30 22:23:10;0;1
2017-10-30 22:24:19;0;1
2017-10-30 22:25:28;0;1
2017-10-30 22:26:37;0;1
2017-10-30 22:27:46;0;1
2017-10-30 22:28:55;0;1
2017-10-30 22:30:04;0;1
2017-10-30 22:31:13;0;1
2017-10-30 22:32:22;0;1
2017-10-30 22:33:31;0;1
2017-10-30 22:34:40;0;1
2017-10-30 22:35:49;0;1
2017-10-30 22:36:58;0;1
2017-10-30 22:38:07;0;1
2017-10-30 22:39:16;0;1
2017-10-30 22:40:25;0;1
2017-10-30 22:41:34;0;1
2017-10-30 22:42:43;0;1
2017-10-30 22:43:52;0;1
2017-10-30 22:45:01;0;1
2017-10-30 22:46:10;0;1
2017-10-30 22:47:19;0;1
2017-10-30 22:48:28;0;1
2017-10-30 22:49:37;0;1
2017-10-30 22:50:46;0;1
2017-10-30 22:51:55;0;1
2017-10-30 22:53:04;0;1
2017-10-30 22:54:13;0;1
2017-10-30 22:55:22;0;1
2017-10-30 22:56:31;0;1
2017-10-30 22:57:40;0;1
2017-10-30 22:58:49;0;1
2017-10-30 22:59:58;0;1
2017-10-30 23:01:07;0;1
2017-10-30 23:02:16;0;1
2017-10-30 23:03:25;0;1
2017-10-30 23:04:34;0;1
2017-10-30 23:05:43;0;1
2017-10-30 23:06:52;0;1
2017-10-30 23:08:01;0;1
2017-10-30 23:09:10;0;1
2017-10-30 23:10:19;0;1
2017-10-30 23:11:28;0;1
2017-10-30 23:12:37;0;1
2017-10-30 23:13:46;0;1
2017-10-30 23:14:55;0;1
2017-10-30 23:16:04;0;1
2017-10-30 23:17:13;0;1
2017-10-30 23:18:22;0;1
2017-10-30 23:19:31;0;1
2017-10-30 23:20:40;0;1
2017-10-30 23:21:49;0;1
2017-10-30 23:22:58;0;1
2017-10-30 23:24:07;0;1
2017-10-30 23:25:16;0;1
2017-10-30 23:26:25;0;1
2017-10-30 23:27:34;0;1
2017-10-30 23:28:43;0;1
2017-10-30 23:29:52;0;1
2017-10-30 23:31:01;0;1
2017-10-30 23:32:10;0;1
2017-10-30 23:33:19;0;1
2017-10-30 23:34:28;0;1
2017-10-30 23:35:37;0;1
2017-10-30 23:36:46;0;1
2017-10-30 23:37:54;0;1
2017-10-30 23:39:03;0;1
2017-10-30 23:40:12;0;1
2017-10-30 23:41:21;0;1
2017-10-30 23:42:30;0;1
2017-10-30 23:43:39;0;1
2017-10-30 23:44:48;0;1
2017-10-30 23:45:57;0;1
2017-10-30 23:47:06;0;1
2017-10-30 23:48:15;0;1
2017-10-30 23:49:24;0;1
2017-10-30 23:50:33;0;1
2017-10-30 23:51:42;0;1
2017-10-30 23:52:51;0;1
2017-10-30 23:54:00;0;1
2017-10-30 23:55:09;0;1
2017-10-30 23:56:18;0;1
2017-10-30 23:57:27;0;1
2017-10-30 23:58:36;0;1
2017-10-30 23:59:45;0;1
2017-10-31 00:00:54;0;1
2017-10-31 00:02:03;0;1
2017-10-31 00:03:12;0;1
2017-10-31 00:04:21;0;1
2017-10-31 00:05:30;0;1
2017-10-31 00:06:39;0;1
2017-10-31 00:07:48;0;1
2017-10-31 00:08:57;0;1
2017-10-31 00:10:06;0;1
2017-10-31 00:11:15;0;1
2017-10-31 00:12:24;0;1
2017-10-31 00:13:33;0;1
2017-10-31 00:14:42;0;1
2017-10-31 00:15:51;0;1
2017-10-31 00:17:00;0;1
2017-10-31 00:18:09;0;1
2017-10-31 00:19:18;0;1
2017-10-31 00:20:27;0;1
2017-10-31 00:21:36;0;1
2017-10-31 00:22:45;0;1
2017-10-31 00:23:54;0;1
2017-10-31 00:25:03;0;1
2017-10-31 00:26:12;0;1
2017-10-31 00:27:21;0;1
2017-10-31 00:28:30;0;1
2017-10-31 00:29:39;0;1
2017-10-31 00:30:48;0;1
2017-10-31 00:31:57;0;1
2017-10-31 00:33:06;0;1
2017-10-31 00:34:15;0;1
2017-10-31 00:35:24;0;1
2017-10-31 00:36:33;0;1
2017-10-31 00:37:42;0;1
2017-10-31 00:38:51;0;1
2017-10-31 00:40:00;0;1
2017-10-31 00:41:09;0;1
2017-10-31 00:42:18;0;1
2017-10-31 00:43:27;0;1
2017-10-31 00:44:36;0;1
2017-10-31 00:45:45;0;1
2017-10-31 00:46:54;0;1
2017-10-31 00:48:03;0;1
2017-10-31 00:49:12;0;1
2017-10-31 00:50:21;0;1
2017-10-31 00:51:30;0;1
2017-10-31 00:52:39;0;1
2017-10-31 00:53:48;0;1
2017-10-31 00:54:57;0;1
2017-10-31 00:56:06;0;1
2017-10-31 00:57:15;0;1
2017-10-31 00:58:24;0;1
2017-10-31 00:59:33;0;1
2017-10-31 01:00:42;0;1
2017-10-31 01:01:51;0;1
2017-10-31 01:03:00;0;1
2017-10-31 01:04:09;0;1
2017-10-31 01:05:18;0;1
2017-10-31 01:06:27;0;1
2017-10-31 01:07:36;0;1
2017-10-31 01:08:45;0;1
2017-10-31 01:09:54;0;1
2017-10-31 01:11:03;0;1
2017-10-31 01:12:12;0;1
2017-10-31 01:13:21;0;1
2017-10-31 01:14:30;0;1
2017-10-31 01:15:39;0;1
2017-10-31 01:16:48;0;1
2017-10-31 01:17:57;0;1
2017-10-31 01:19:06;0;1
2017-10-31 01:20:15;0;1
2017-10-31 01:21:24;0;1
2017-10-31 01:22:33;0;1
2017-10-31 01:23:42;0;1
2017-10-31 01:24:51;0;1
2017-10-31 01:26:00;0;1
2017-10-31 01:27:09;0;1
2017-10-31 01:28:18;0;1
2017-10-31 01:29:27;0;1
2017-10-31 01:30:36;0;1
2017-10-31 01:31:45;0;1
2017-10-31 01:32:54;0;1
2017-10-31 01:34:03;0;1
2017-10-31 01:35:12;0;1
2017-10-31 01:36:21;0;1
2017-10-31 01:37:30;0;1
2017-10-31 01:38:39;0;1
2017-10-31 01:39:48;0;1
2017-10-31 01:40:57;0;1
2017-10-31 01:42:06;0;1
2017-10-31 01:43:15;0;1
2017-10-31 01:44:24;0;1
2017-10-31 01:45:33;0;1
2017-10-31 01:46:42;0;1
2017-10-31 01:47:51;0;1
2017-10-31 01:49:00;0;1
2017-10-31 01:50:09;0;1
2017-10-31 01:51:18;0;1
2017-10-31 01:52:27;0;1
2017-10-31 01:53:36;0;1
2017-10-31 01:54:45;0;1
2017-10-31 01:55:54;0;1
2017-10-31 01:57:03;0;1
2017-10-31 01:58:12;0;1
2017-10-31 01:59:21;0;1
2017-10-31 02:00:30;0;1
2017-10-31 02:01:39;0;1
2017-10-31 02:02:48;0;1
2017-10-31 02:03:57;0;1
2017-10-31 02:05:06;0;1
2017-10-31 02:06:15;0;1
2017-10-31 02:07:24;0;1
2017-10-31 02:08:33;0;1
2017-10-31 02:09:42;0;1
2017-10-31 02:10:51;0;1
2017-10-31 02:12:00;0;1
2017-10-31 02:13:09;0;1
2017-10-31 02:14:18;0;1
2017-10-31 02:15:27;0;1
2017-10-31 02:16:36;0;1
2017-10-31 02:17:45;0;1
2017-10-31 02:18:54;0;1
2017-10-31 02:20:03;0;1
2017-10-31 02:21:12;0;1
2017-10-31 02:22:21;0;1
2017-10-31 02:23:30;0;1
2017-10-31 02:24:39;0;1
2017-10-31 02:25:48;0;1
2017-10-31 02:26:57;0;1
2017-10-31 02:28:06;0;1
2017-10-31 02:29:15;0;1
2017-10-31 02:30:24;0;1
2017-10-31 02:31:33;0;1
2017-10-31 02:32:42;0;1
2017-10-31 02:33:51;0;1
2017-10-31 02:35:00;0;1
2017-10-31 02:36:09;0;1
2017-10-31 02:37:18;0;1
2017-10-31 02:38:27;0;1
2017-10-31 02:39:36;0;1
2017-10-31 02:40:45;0;1
2017-10-31 02:41:54;0;1
2017-10-31 02:43:03;0;1
2017-10-31 02:44:12;0;1
2017-10-31 02:45:21;0;1
2017-10-31 02:46:30;0;1
2017-10-31 02:47:39;0;1
2017-10-31 02:48:48;0;1
2017-10-31 02:49:57;0;1
2017-10-31 02:51:06;0;1
2017-10-31 02:52:15;0;1
2017-10-31 02:53:24;0;1
2017-10-31 02:54:33;0;1
2017-10-31 02:55:42;0;1
2017-10-31 02:56:51;0;1
2017-10-31 02:58:00;0;1
2017-10-31 02:59:09;0;1
2017-10-31 03:00:18;0;1
2017-10-31 03:01:27;0;1
2017-10-31 03:02:36;0;1
2017-10-31 03:03:45;0;1
2017-10-31 03:04:54;0;1
2017-10-31 03:06:03;0;1
2017-10-31 03:07:12;0;1
2017-10-31 03:08:21;0;1
2017-10-31 03:09:30;0;1
2017-10-31 03:10:39;0;1
2017-10-31 03:11:48;0;1
2017-10-31 03:12:57;0;1
2017-10-31 03:14:06;0;1
2017-10-31 03:15:15;0;1
2017-10-31 03:16:24;0;1
2017-10-31 03:17:33;0;1
2017-10-31 03:18:42;0;1
2017-10-31 03:19:51;0;1
2017-10-31 03:21:00;0;1
2017-10-31 03:22:09;0;1
2017-10-31 03:23:18;0;1
2017-10-31 03:24:27;0;1
2017-10-31 03:25:36;0;1
2017-10-31 03:26:45;0;1
2017-10-31 03:27:54;0;1
2017-10-31 03:29:03;0;1
2017-10-31 03:30:12;0;1
2017-10-31 03:31:21;0;1
2017-10-31 03:32:30;0;1
2017-10-31 03:33:39;0;1
2017-10-31 03:34:48;0;1
2017-10-31 03:35:57;0;1
2017-10-31 03:37:06;0;1
2017-10-31 03:38:15;0;1
2017-10-31 03:39:24;0;1
2017-10-31 03:40:33;0;1
2017-10-31 03:41:42;0;1
2017-10-31 03:42:51;0;1
2017-10-31 03:44:00;0;1
2017-10-31 03:45:09;0;1
2017-10-31 03:46:18;0;1
2017-10-31 03:47:27;0;1
2017-10-31 03:48:36;0;1
2017-10-31 03:49:45;0;1
2017-10-31 03:50:54;0;1
2017-10-31 03:52:03;0;1
2017-10-31 03:53:12;0;1
2017-10-31 03:54:21;0;1
2017-10-31 03:55:30;0;1
2017-10-31 03:56:39;0;1
2017-10-31 03:57:48;0;1
2017-10-31 03:58:57;0;1
2017-10-31 04:00:06;0;1
2017-10-31 04:01:15;0;1
2017-10-31 04:02:24;0;1
2017-10-31 04:03:33;0;1
2017-10-31 04:04:42;0;1
2017-10-31 04:07:06;0;1
2017-10-31 04:08:23;0;1
2017-10-31 04:09:32;0;1
2017-10-31 04:10:41;0;1
2017-10-31 04:11:50;0;1
2017-10-31 04:12:59;0;1
2017-10-31 04:14:08;0;1
2017-10-31 04:15:17;0;1
2017-10-31 04:16:26;0;1
2017-10-31 04:17:35;0;1
2017-10-31 04:18:44;0;1
2017-10-31 04:19:53;0;1
2017-10-31 04:21:02;0;1
2017-10-31 04:22:11;0;1
2017-10-31 04:23:20;0;1
2017-10-31 04:24:29;0;1
2017-10-31 04:25:38;0;1
2017-10-31 04:26:47;0;1
2017-10-31 04:27:56;0;1
2017-10-31 04:29:05;0;1
2017-10-31 04:30:14;0;1
2017-10-31 04:31:23;0;1
2017-10-31 04:32:32;0;1
2017-10-31 04:33:41;0;1
2017-10-31 04:34:50;0;1
2017-10-31 04:35:59;0;1
2017-10-31 04:37:08;0;1
2017-10-31 04:38:17;0;1
2017-10-31 04:39:26;0;1
2017-10-31 04:40:35;0;1
2017-10-31 04:41:44;0;1
2017-10-31 04:42:53;0;1
2017-10-31 04:44:02;0;1
2017-10-31 04:45:11;0;1
2017-10-31 04:46:20;0;1
2017-10-31 04:47:29;0;1
2017-10-31 04:48:38;0;1
2017-10-31 04:49:47;0;1
2017-10-31 04:50:56;0;1
2017-10-31 04:52:05;0;1
2017-10-31 04:53:14;0;1
2017-10-31 04:54:23;0;1
2017-10-31 04:55:32;0;1
2017-10-31 04:56:41;0;1
2017-10-31 04:57:50;0;1
2017-10-31 04:58:59;0;1
2017-10-31 05:00:08;0;1
2017-10-31 05:01:17;0;1
2017-10-31 05:02:26;0;1
2017-10-31 05:03:35;0;1
2017-10-31 05:04:44;0;1
2017-10-31 05:05:53;0;1
2017-10-31 05:07:02;0;1
2017-10-31 05:08:11;0;1
2017-10-31 05:09:20;0;1
2017-10-31 05:10:29;0;1
2017-10-31 05:11:38;0;1
2017-10-31 05:12:47;0;1
2017-10-31 05:13:56;0;1
2017-10-31 05:15:05;0;1
2017-10-31 05:16:14;0;1
2017-10-31 05:17:23;0;1
2017-10-31 05:18:32;0;1
2017-10-31 05:19:41;0;1
2017-10-31 05:20:50;0;1
2017-10-31 05:21:59;0;1
2017-10-31 05:23:08;0;1
2017-10-31 05:24:17;0;1
2017-10-31 05:25:26;0;1
2017-10-31 05:26:35;0;1
2017-10-31 05:27:44;0;1
2017-10-31 05:28:53;0;1
2017-10-31 05:30:02;0;1
2017-10-31 05:31:11;0;1
2017-10-31 05:32:20;0;1
2017-10-31 05:33:29;0;1
2017-10-31 05:34:38;0;1
2017-10-31 05:35:47;0;1
2017-10-31 05:36:56;0;1
2017-10-31 05:38:05;0;1
2017-10-31 05:39:14;0;1
2017-10-31 05:40:23;0;1
2017-10-31 05:41:32;0;1
2017-10-31 05:42:41;0;1
2017-10-31 05:43:50;0;1
2017-10-31 05:44:59;0;1
2017-10-31 05:46:08;0;1
2017-10-31 05:47:17;0;1
2017-10-31 05:48:26;0;1
2017-10-31 05:49:35;0;1
2017-10-31 05:50:44;0;1
2017-10-31 05:51:53;0;1
2017-10-31 05:53:02;0;1
2017-10-31 05:54:11;0;1
2017-10-31 05:55:20;0;1
2017-10-31 05:56:29;0;1
2017-10-31 05:57:38;0;1
2017-10-31 05:58:47;0;1
2017-10-31 05:59:56;0;1
2017-10-31 06:01:05;0;1
2017-10-31 06:02:14;0;1
2017-10-31 06:03:23;0;1
2017-10-31 06:04:32;0;1
2017-10-31 06:05:41;469.62;1
2017-10-31 06:06:50;834.819;1
2017-10-31 06:07:59;782.631;1
2017-10-31 06:09:08;782.597;1
2017-10-31 06:10:17;834.867;1
2017-10-31 06:11:26;782.711;1
2017-10-31 06:12:35;782.62;1
2017-10-31 06:13:44;782.654;1
2017-10-31 06:14:53;834.783;1
2017-10-31 06:16:02;834.819;1
2017-10-31 06:17:11;782.665;1
2017-10-31 06:18:20;834.867;1
2017-10-31 06:19:29;782.631;1
2017-10-31 06:20:38;782.654;1
2017-10-31 06:21:47;834.904;1
2017-10-31 06:22:56;782.654;1
2017-10-31 06:24:05;834.855;1
2017-10-31 06:25:14;782.643;1
2017-10-31 06:26:23;834.807;1
2017-10-31 06:27:32;782.643;1
2017-10-31 06:28:41;782.688;1
2017-10-31 06:29:50;834.783;1
2017-10-31 06:30:59;782.665;1
2017-10-31 06:32:08;887.008;1
2017-10-31 06:33:17;782.631;1
2017-10-31 06:34:26;887.008;1
2017-10-31 06:35:35;782.643;1
2017-10-31 06:36:44;834.855;1
2017-10-31 06:37:53;782.677;1
2017-10-31 06:39:02;782.665;1
2017-10-31 06:40:11;834.807;1
2017-10-31 06:41:20;782.643;1
2017-10-31 06:42:29;939.117;1
2017-10-31 06:43:38;1095.811;1
2017-10-31 06:44:47;1147.826;1
2017-10-31 06:45:56;1147.793;1
2017-10-31 06:47:05;1147.909;1
2017-10-31 06:48:14;1147.743;1
2017-10-31 06:49:23;887.034;1
2017-10-31 06:50:32;782.518;1
2017-10-31 06:51:41;834.879;1
2017-10-31 06:52:50;782.586;1
2017-10-31 06:53:59;782.529;1
2017-10-31 06:55:08;834.867;1
2017-10-31 06:56:17;782.529;1
2017-10-31 06:57:26;782.654;1
2017-10-31 06:58:35;834.783;1
2017-10-31 06:59:44;782.631;1
2017-10-31 07:00:53;782.575;1
2017-10-31 07:02:02;678.251;1
2017-10-31 07:03:11;678.261;1
2017-10-31 07:04:20;678.281;1
2017-10-31 07:05:29;678.251;1
2017-10-31 07:06:38;678.271;1
2017-10-31 07:07:47;730.35;1
2017-10-31 07:08:56;678.31;1
2017-10-31 07:10:05;678.33;1
2017-10-31 07:11:14;678.271;1
2017-10-31 07:12:23;678.31;1
2017-10-31 07:13:32;678.182;1
2017-10-31 07:14:41;678.172;1
2017-10-31 07:15:50;626.169;1
2017-10-31 07:16:59;626.06;1
2017-10-31 07:18:08;626.114;1
2017-10-31 07:19:17;626.051;1
2017-10-31 07:20:26;626.069;1
2017-10-31 07:21:35;626.105;1
2017-10-31 07:22:44;626.014;1
2017-10-31 07:23:53;573.971;1
2017-10-31 07:25:02;573.855;1
2017-10-31 07:26:11;573.98;1
2017-10-31 07:27:20;939.13;1
2017-10-31 07:28:29;991.161;1
2017-10-31 07:29:38;991.419;1
2017-10-31 07:30:47;991.376;1
2017-10-31 07:31:56;939.198;1
2017-10-31 07:33:05;834.843;1
2017-10-31 07:34:14;678.231;1
2017-10-31 07:35:23;573.938;1
2017-10-31 07:36:32;573.822;1
2017-10-31 07:37:41;1252.265;1
2017-10-31 07:38:50;1147.859;1
2017-10-31 07:39:59;834.831;1
2017-10-31 07:41:08;678.281;1
2017-10-31 07:42:17;52.169;1
2017-10-31 07:43:26;0;1
2017-10-31 07:44:35;0;1
2017-10-31 07:45:44;0;1
2017-10-31 07:46:53;0;1
2017-10-31 07:48:02;0;1
2017-10-31 07:49:11;0;1
2017-10-31 07:50:20;0;1
2017-10-31 07:51:29;0;1
2017-10-31 07:52:38;0;1
2017-10-31 07:53:47;0;1
2017-10-31 07:54:56;0;1
2017-10-31 07:56:05;0;1
2017-10-31 07:57:14;0;1
2017-10-31 07:58:23;156.522;1
2017-10-31 07:59:32;0;1
2017-10-31 08:00:41;0;1
2017-10-31 08:01:50;0;1
2017-10-31 08:02:59;0;1
2017-10-31 08:04:08;730.445;1
2017-10-31 08:05:17;730.477;1
2017-10-31 08:06:26;0;1
2017-10-31 08:07:35;0;1
2017-10-31 08:08:44;0;1
2017-10-31 08:09:53;0;1
2017-10-31 08:11:02;0;1
2017-10-31 08:12:11;0;1
2017-10-31 08:13:20;208.678;1
2017-10-31 08:14:29;52.174;1
2017-10-31 08:15:38;469.579;1
2017-10-31 08:16:47;0;1
2017-10-31 08:17:56;0;1
2017-10-31 08:19:05;0;1
2017-10-31 08:20:14;0;1
2017-10-31 08:21:23;0;1
2017-10-31 08:22:32;0;1
2017-10-31 08:23:41;0;1
2017-10-31 08:24:50;0;1
2017-10-31 08:25:59;0;1
2017-10-31 08:27:08;0;1
2017-10-31 08:28:17;0;1
2017-10-31 08:29:26;0;1
2017-10-31 08:30:35;0;1
2017-10-31 08:31:44;0;1
2017-10-31 08:32:53;0;1
2017-10-31 08:34:02;0;1
2017-10-31 08:35:11;0;1
2017-10-31 08:36:20;0;1
2017-10-31 08:37:29;0;1
2017-10-31 08:38:38;0;1
2017-10-31 08:39:47;0;1
2017-10-31 08:40:56;0;1
2017-10-31 08:42:05;0;1
2017-10-31 08:43:14;52.178;1
2017-10-31 08:44:23;52.176;1
2017-10-31 08:45:32;0;1
2017-10-31 08:46:41;0;1
2017-10-31 08:47:50;0;1
2017-10-31 08:48:59;0;1
2017-10-31 08:50:08;0;1
2017-10-31 08:51:17;0;1
2017-10-31 08:52:26;0;1
2017-10-31 08:53:35;0;1
2017-10-31 08:54:44;0;1
2017-10-31 08:55:53;0;1
2017-10-31 08:57:02;0;1
2017-10-31 08:58:11;0;1
2017-10-31 08:59:20;0;1
2017-10-31 09:00:29;0;1
2017-10-31 09:01:38;0;1
2017-10-31 09:02:47;0;1
2017-10-31 09:03:56;0;1
2017-10-31 09:05:05;0;1
2017-10-31 09:06:14;0;1
2017-10-31 09:07:23;0;1
2017-10-31 09:08:32;0;1
2017-10-31 09:09:41;0;1
2017-10-31 09:10:50;0;1
2017-10-31 09:11:59;0;1
2017-10-31 09:13:08;0;1
2017-10-31 09:14:17;0;1
2017-10-31 09:15:26;0;1
2017-10-31 09:16:35;0;1
2017-10-31 09:17:44;0;1
2017-10-31 09:18:53;0;1
2017-10-31 09:20:02;0;1
2017-10-31 09:21:11;0;1
2017-10-31 09:22:20;0;1
2017-10-31 09:23:29;0;1
2017-10-31 09:24:38;0;1
2017-10-31 09:25:47;0;1
2017-10-31 09:26:56;0;1
2017-10-31 09:28:05;0;1
2017-10-31 09:29:14;0;1
2017-10-31 09:30:23;0;1
2017-10-31 09:31:32;0;1
2017-10-31 09:32:41;0;1
2017-10-31 09:33:50;0;1
2017-10-31 09:34:59;0;1
2017-10-31 09:36:08;0;1
2017-10-31 09:37:17;0;1
2017-10-31 09:38:26;0;1
2017-10-31 09:39:35;0;1
2017-10-31 09:40:44;0;1
2017-10-31 09:41:53;0;1
2017-10-31 09:43:02;0;1
2017-10-31 09:44:11;0;1
2017-10-31 09:45:20;0;1
2017-10-31 09:46:29;0;1
2017-10-31 09:47:38;0;1
2017-10-31 09:48:47;0;1
2017-10-31 09:49:56;0;1
2017-10-31 09:51:05;0;1
2017-10-31 09:52:14;0;1
2017-10-31 09:53:23;0;1
2017-10-31 09:54:32;0;1
2017-10-31 09:55:41;0;1
2017-10-31 09:56:50;0;1
2017-10-31 09:57:59;0;1
2017-10-31 09:59:08;0;1
2017-10-31 10:00:17;0;1
2017-10-31 10:01:26;0;1
2017-10-31 10:02:35;0;1
2017-10-31 10:03:44;0;1
2017-10-31 10:04:53;0;1
2017-10-31 10:06:02;0;1
2017-10-31 10:07:11;0;1
2017-10-31 10:08:20;0;1
2017-10-31 10:09:29;0;1
2017-10-31 10:10:38;0;1
2017-10-31 10:11:47;0;1
2017-10-31 10:12:56;0;1
2017-10-31 10:14:05;0;1
2017-10-31 10:15:14;0;1
2017-10-31 10:16:23;0;1
2017-10-31 10:17:32;0;1
2017-10-31 10:18:41;0;1
2017-10-31 10:19:50;0;1
2017-10-31 10:20:59;0;1
2017-10-31 10:22:08;0;1
2017-10-31 10:23:17;0;1
2017-10-31 10:24:26;0;1
2017-10-31 10:25:35;0;1
2017-10-31 10:26:44;0;1
2017-10-31 10:27:53;0;1
2017-10-31 10:29:02;0;1
2017-10-31 10:30:11;0;1
2017-10-31 10:31:20;0;1
2017-10-31 10:32:29;0;1
2017-10-31 10:33:38;0;1
2017-10-31 10:34:47;0;1
2017-10-31 10:35:56;0;1
2017-10-31 10:37:05;0;1
2017-10-31 10:38:14;0;1
2017-10-31 10:39:23;0;1
2017-10-31 10:40:32;0;1
2017-10-31 10:41:41;0;1
2017-10-31 10:42:50;313.093;1
2017-10-31 10:43:59;521.777;1
2017-10-31 10:45:08;678.32;1
2017-10-31 10:46:17;730.519;1
2017-10-31 10:47:26;730.541;1
2017-10-31 10:48:35;730.488;1
2017-10-31 10:49:44;730.456;1
2017-10-31 10:50:53;260.892;1
2017-10-31 10:52:02;0;1
2017-10-31 10:53:11;52.177;1
2017-10-31 10:54:20;313.053;1
2017-10-31 10:55:29;0;1
2017-10-31 10:56:38;0;1
2017-10-31 10:57:47;0;1
2017-10-31 10:58:56;0;1
2017-10-31 11:00:05;0;1
2017-10-31 11:01:14;0;1
2017-10-31 11:02:23;0;1
2017-10-31 11:03:32;0;1
2017-10-31 11:04:41;0;1
2017-10-31 11:05:50;0;1
2017-10-31 11:06:59;0;1
2017-10-31 11:08:08;0;1
2017-10-31 11:09:17;0;1
2017-10-31 11:10:26;0;1
2017-10-31 11:11:35;0;1
2017-10-31 11:12:44;0;1
2017-10-31 11:13:53;0;1
2017-10-31 11:15:02;0;1
2017-10-31 11:16:11;0;1
2017-10-31 11:17:20;0;1
2017-10-31 11:18:28;0;1
2017-10-31 11:19:37;0;1
2017-10-31 11:20:46;0;1
2017-10-31 11:21:55;0;1
2017-10-31 11:23:04;0;1
2017-10-31 11:24:13;0;1
2017-10-31 11:25:22;0;1
2017-10-31 11:26:31;0;1
2017-10-31 11:27:40;0;1
2017-10-31 11:28:49;0;1
2017-10-31 11:29:58;0;1
2017-10-31 11:31:07;0;1
2017-10-31 11:32:16;0;1
2017-10-31 11:33:25;0;1
2017-10-31 11:34:34;0;1
2017-10-31 11:35:43;0;1
2017-10-31 11:36:52;0;1
2017-10-31 11:38:01;0;1
2017-10-31 11:39:10;0;1
2017-10-31 11:40:19;0;1
2017-10-31 11:41:28;0;1
2017-10-31 11:42:37;0;1
2017-10-31 11:43:46;0;1
2017-10-31 11:44:55;0;1
2017-10-31 11:46:04;0;1
2017-10-31 11:47:13;0;1
2017-10-31 11:48:22;0;1
2017-10-31 11:49:31;0;1
2017-10-31 11:50:40;0;1
2017-10-31 11:51:49;0;1
2017-10-31 11:52:58;0;1
2017-10-31 11:54:07;0;1
2017-10-31 11:55:16;0;1
2017-10-31 11:56:25;0;1
2017-10-31 11:57:34;0;1
2017-10-31 11:58:43;0;1
2017-10-31 11:59:52;0;1
2017-10-31 12:01:01;0;1
2017-10-31 12:02:10;0;1
2017-10-31 12:03:19;0;1
2017-10-31 12:04:28;0;1
2017-10-31 12:05:37;469.579;1
2017-10-31 12:06:46;11947.307;1
2017-10-31 12:07:55;12365.397;1
2017-10-31 12:09:04;12470.83;1
2017-10-31 12:10:13;12624.806;1
2017-10-31 12:11:22;12416.851;1
2017-10-31 12:12:31;12157.05;1
2017-10-31 12:13:40;12522.284;1
2017-10-31 12:14:49;12261.047;1
2017-10-31 12:15:58;12312.865;1
2017-10-31 12:17:07;12677.526;1
2017-10-31 12:18:16;12887.33;1
2017-10-31 12:19:25;12886.77;1
2017-10-31 12:20:34;12939.505;1
2017-10-31 12:21:43;13095.083;1
2017-10-31 12:22:52;13042.722;1
2017-10-31 12:24:01;13097.55;1
2017-10-31 12:25:10;13251.214;1
2017-10-31 12:26:19;12887.704;1
2017-10-31 12:27:28;12989.987;1
2017-10-31 12:28:37;13773.713;1
2017-10-31 12:29:46;12991.304;1
2017-10-31 12:30:55;12992.434;1
2017-10-31 12:32:04;12938.193;1
2017-10-31 12:33:13;12834.411;1
2017-10-31 12:34:22;12731.542;1
2017-10-31 12:35:31;12833.667;1
2017-10-31 12:36:40;12625.172;1
2017-10-31 12:37:49;12679.547;1
2017-10-31 12:38:58;12833.481;1
2017-10-31 12:40:07;12835.341;1
2017-10-31 12:41:16;12730.435;1
2017-10-31 12:42:25;12835.527;1
2017-10-31 12:43:34;13305.505;1
2017-10-31 12:44:43;12888.824;1
2017-10-31 12:45:52;12679.915;1
2017-10-31 12:47:01;12782.979;1
2017-10-31 12:48:10;12783.164;1
2017-10-31 12:49:19;12627.002;1
2017-10-31 12:50:28;13513.239;1
2017-10-31 12:51:37;13357.102;1
2017-10-31 12:52:46;13461.065;1
2017-10-31 12:53:55;13567.184;1
2017-10-31 12:55:04;13617.391;1
2017-10-31 12:56:13;13722.932;1
2017-10-31 12:57:22;13409.473;1
2017-10-31 12:58:31;13044.424;1
2017-10-31 12:59:40;13410.25;1
2017-10-31 13:00:49;13253.326;1
2017-10-31 13:01:58;12940.631;1
2017-10-31 13:03:07;12836.271;1
2017-10-31 13:04:16;12730.988;1
2017-10-31 13:05:25;12992.622;1
2017-10-31 13:06:34;12836.085;1
2017-10-31 13:07:43;12940.818;1
2017-10-31 13:08:52;12939.693;1
2017-10-31 13:10:01;12836.457;1
2017-10-31 13:11:10;12783.535;1
2017-10-31 13:12:19;12783.906;1
2017-10-31 13:13:28;13201.531;1
2017-10-31 13:14:37;13201.148;1
2017-10-31 13:15:46;13357.296;1
2017-10-31 13:16:55;13356.909;1
2017-10-31 13:18:04;13149.16;1
2017-10-31 13:19:13;12836.271;1
2017-10-31 13:20:22;13043.478;1
2017-10-31 13:21:31;13409.473;1
2017-10-31 13:22:40;13462.43;1
2017-10-31 13:23:49;13409.279;1
2017-10-31 13:24:58;13566.397;1
2017-10-31 13:26:07;13252.558;1
2017-10-31 13:27:16;13305.119;1
2017-10-31 13:28:25;13877.859;1
2017-10-31 13:29:34;13722.734;1
2017-10-31 13:30:43;13356.522;1
2017-10-31 13:31:52;13096.601;1
2017-10-31 13:33:01;13043.856;1
2017-10-31 13:34:10;13409.862;1
2017-10-31 13:35:19;13201.722;1
2017-10-31 13:36:28;13513.631;1
2017-10-31 13:37:37;13566.004;1
2017-10-31 13:38:46;13148.969;1
2017-10-31 13:39:55;13565.807;1
2017-10-31 13:41:04;13721.54;1
2017-10-31 13:42:13;13200.383;1
2017-10-31 13:43:22;13201.722;1
2017-10-31 13:44:31;13356.522;1
2017-10-31 13:45:40;13670.358;1
2017-10-31 13:46:49;13723.33;1
2017-10-31 13:47:58;13827.49;1
2017-10-31 13:49:07;13826.087;1
2017-10-31 13:50:16;13670.754;1
2017-10-31 13:51:25;13722.734;1
2017-10-31 13:52:34;13723.131;1
2017-10-31 13:53:43;13931.444;1
2017-10-31 13:54:52;13775.91;1
2017-10-31 13:56:01;13826.688;1
2017-10-31 13:57:10;14138.926;1
2017-10-31 13:58:19;8035.365;1
2017-10-31 13:59:28;0;1
2017-10-31 14:00:37;0;1
2017-10-31 14:01:46;0;1
2017-10-31 14:02:55;0;1
2017-10-31 14:04:04;0;1
2017-10-31 14:05:13;0;1
2017-10-31 14:06:22;0;1
2017-10-31 14:07:31;0;1
2017-10-31 14:08:40;0;1
2017-10-31 14:09:49;0;1
2017-10-31 14:10:58;0;1
2017-10-31 14:12:07;0;1
2017-10-31 14:13:16;0;1
2017-10-31 14:14:25;0;1
2017-10-31 14:15:34;0;1
2017-10-31 14:16:43;0;1
2017-10-31 14:17:52;0;1
2017-10-31 14:19:01;0;1
2017-10-31 14:20:10;0;1
2017-10-31 14:21:19;0;1
2017-10-31 14:22:28;0;1
2017-10-31 14:23:37;0;1
2017-10-31 14:24:46;0;1
2017-10-31 14:25:55;0;1
2017-10-31 14:27:04;0;1
2017-10-31 14:28:13;0;1
2017-10-31 14:29:22;0;1
2017-10-31 14:30:31;0;1
2017-10-31 14:31:40;0;1
2017-10-31 14:32:49;0;1
2017-10-31 14:33:58;0;1
2017-10-31 14:35:07;0;1
2017-10-31 14:36:16;0;1
2017-10-31 14:37:25;0;1
2017-10-31 14:38:34;0;1
2017-10-31 14:39:43;0;1
2017-10-31 14:40:52;0;1
2017-10-31 14:42:01;0;1
2017-10-31 14:43:10;0;1
2017-10-31 14:44:19;0;1
2017-10-31 14:45:28;0;1
2017-10-31 14:46:37;0;1
2017-10-31 14:47:46;0;1
2017-10-31 14:48:55;0;1
2017-10-31 14:50:04;0;1
2017-10-31 14:51:13;0;1
2017-10-31 14:52:22;0;1
2017-10-31 14:53:31;0;1
2017-10-31 14:54:40;0;1
2017-10-31 14:55:49;0;1
2017-10-31 14:56:58;0;1
2017-10-31 14:58:07;0;1
2017-10-31 14:59:16;0;1
2017-10-31 15:00:25;0;1
2017-10-31 15:01:34;0;1
2017-10-31 15:02:43;0;1
2017-10-31 15:03:52;0;1
2017-10-31 15:05:01;0;1
2017-10-31 15:06:10;0;1
2017-10-31 15:07:19;0;1
2017-10-31 15:08:28;0;1
2017-10-31 15:09:37;0;1
2017-10-31 15:10:46;0;1
2017-10-31 15:11:55;0;1
2017-10-31 15:13:04;0;1
2017-10-31 15:14:13;0;1
2017-10-31 15:15:22;0;1
2017-10-31 15:16:31;0;1
2017-10-31 15:17:40;0;1
2017-10-31 15:18:49;0;1
2017-10-31 15:19:58;0;1
2017-10-31 15:21:07;0;1
2017-10-31 15:22:16;0;1
2017-10-31 15:23:25;0;1
2017-10-31 15:24:34;0;1
2017-10-31 15:25:43;0;1
2017-10-31 15:26:52;0;1
2017-10-31 15:28:01;0;1
2017-10-31 15:29:10;0;1
2017-10-31 15:30:19;0;1
2017-10-31 15:31:28;0;1
2017-10-31 15:32:37;0;1
2017-10-31 15:33:46;0;1
2017-10-31 15:34:55;0;1
2017-10-31 15:36:04;0;1
2017-10-31 15:37:13;0;1
2017-10-31 15:38:22;0;1
2017-10-31 15:39:31;0;1
2017-10-31 15:40:40;0;1
2017-10-31 15:41:49;0;1
2017-10-31 15:42:58;0;1
2017-10-31 15:44:07;0;1
2017-10-31 15:45:16;0;1
2017-10-31 15:46:25;0;1
2017-10-31 15:47:34;0;1
2017-10-31 15:48:43;0;1
2017-10-31 15:49:52;0;1
2017-10-31 15:51:01;0;1
2017-10-31 15:52:10;0;1
2017-10-31 15:53:19;0;1
2017-10-31 15:54:28;0;1
2017-10-31 15:55:37;0;1
2017-10-31 15:56:46;0;1
2017-10-31 15:57:55;0;1
2017-10-31 15:59:04;0;1
2017-10-31 16:00:13;0;1
2017-10-31 16:01:22;0;1
2017-10-31 16:02:31;0;1
2017-10-31 16:03:40;0;1
2017-10-31 16:04:49;0;1
2017-10-31 16:05:58;0;1
2017-10-31 16:07:07;0;1
2017-10-31 16:08:16;0;1
2017-10-31 16:09:25;104.349;1
2017-10-31 16:10:34;104.34;1
2017-10-31 16:11:43;0;1
2017-10-31 16:12:52;52.172;1
2017-10-31 16:14:01;0;1
2017-10-31 16:15:10;0;1
2017-10-31 16:16:19;0;1
2017-10-31 16:17:28;0;1
2017-10-31 16:18:37;0;1
2017-10-31 16:19:46;52.179;1
2017-10-31 16:20:55;208.656;1
2017-10-31 16:22:04;260.911;1
2017-10-31 16:23:13;365.207;1
2017-10-31 16:24:22;417.397;1
2017-10-31 16:25:31;365.233;1
2017-10-31 16:26:40;365.265;1
2017-10-31 16:27:49;417.428;1
2017-10-31 16:28:58;417.367;1
2017-10-31 16:30:07;417.422;1
2017-10-31 16:31:16;417.452;1
2017-10-31 16:32:25;469.62;1
2017-10-31 16:33:34;469.592;1
2017-10-31 16:34:43;469.606;1
2017-10-31 16:35:52;521.785;1
2017-10-31 16:37:01;469.613;1
2017-10-31 16:38:10;469.592;1
2017-10-31 16:39:19;521.777;1
2017-10-31 16:40:28;521.769;1
2017-10-31 16:41:37;573.963;1
2017-10-31 16:42:46;521.785;1
2017-10-31 16:43:55;573.946;1
2017-10-31 16:45:04;573.971;1
2017-10-31 16:46:13;573.971;1
2017-10-31 16:47:22;573.988;1
2017-10-31 16:48:31;626.132;1
2017-10-31 16:49:40;573.946;1
2017-10-31 16:50:49;626.141;1
2017-10-31 16:51:58;626.169;1
2017-10-31 16:53:07;626.141;1
2017-10-31 16:54:16;626.141;1
2017-10-31 16:55:25;626.096;1
2017-10-31 16:56:34;626.105;1
2017-10-31 16:57:43;678.31;1
2017-10-31 16:58:52;626.123;1
2017-10-31 17:00:01;678.3;1
2017-10-31 17:01:10;678.359;1
2017-10-31 17:02:19;678.29;1
2017-10-31 17:03:28;678.349;1
2017-10-31 17:04:37;678.379;1
2017-10-31 17:05:46;678.379;1
2017-10-31 17:06:55;730.424;1
2017-10-31 17:08:04;730.509;1
2017-10-31 17:09:13;730.519;1
2017-10-31 17:10:22;730.498;1
2017-10-31 17:11:31;782.654;1
2017-10-31 17:12:40;730.541;1
2017-10-31 17:13:49;678.33;1
2017-10-31 17:14:58;730.488;1
2017-10-31 17:16:07;678.32;1
2017-10-31 17:17:16;678.29;1
2017-10-31 17:18:25;678.33;1
2017-10-31 17:19:34;730.53;1
2017-10-31 17:20:43;626.178;1
2017-10-31 17:21:52;678.271;1
2017-10-31 17:23:01;678.32;1
2017-10-31 17:24:10;678.3;1
2017-10-31 17:25:19;678.349;1
2017-10-31 17:26:28;678.3;1
2017-10-31 17:27:37;626.123;1
2017-10-31 17:28:46;626.15;1
2017-10-31 17:29:55;626.178;1
2017-10-31 17:31:04;678.34;1
2017-10-31 17:32:13;626.087;1
2017-10-31 17:33:22;626.178;1
2017-10-31 17:34:31;626.132;1
2017-10-31 17:35:40;626.15;1
2017-10-31 17:36:49;678.32;1
2017-10-31 17:37:58;626.169;1
2017-10-31 17:39:07;834.855;1
2017-10-31 17:40:16;782.711;1
2017-10-31 17:41:25;782.722;1
2017-10-31 17:42:34;782.699;1
2017-10-31 17:43:43;782.643;1
2017-10-31 17:44:52;782.643;1
2017-10-31 17:46:01;782.722;1
2017-10-31 17:47:10;782.643;1
2017-10-31 17:48:19;782.654;1
2017-10-31 17:49:28;782.643;1
2017-10-31 17:50:37;834.843;1
2017-10-31 17:51:46;782.699;1
2017-10-31 17:52:55;730.477;1
2017-10-31 17:54:04;782.688;1
2017-10-31 17:55:13;782.688;1
2017-10-31 17:56:22;782.586;1
2017-10-31 17:57:31;782.745;1
2017-10-31 17:58:40;730.456;1
2017-10-31 17:59:49;782.631;1
2017-10-31 18:00:58;782.677;1
2017-10-31 18:02:07;730.488;1
2017-10-31 18:03:16;782.654;1
2017-10-31 18:04:25;782.711;1
2017-10-31 18:05:34;782.643;1
2017-10-31 18:06:43;730.445;1
2017-10-31 18:07:52;782.643;1
2017-10-31 18:09:01;730.477;1
2017-10-31 18:10:10;782.643;1
2017-10-31 18:11:19;730.424;1
2017-10-31 18:12:28;782.552;1
2017-10-31 18:13:37;834.843;1
2017-10-31 18:14:46;834.758;1
2017-10-31 18:15:55;730.361;1
2017-10-31 18:17:04;730.488;1
2017-10-31 18:18:13;730.414;1
2017-10-31 18:19:22;730.477;1
2017-10-31 18:20:31;730.371;1
2017-10-31 18:21:40;730.456;1
2017-10-31 18:22:49;730.467;1
2017-10-31 18:23:58;730.371;1
2017-10-31 18:25:07;730.488;1
2017-10-31 18:26:16;730.403;1
2017-10-31 18:27:25;730.498;1
2017-10-31 18:28:34;730.435;1
2017-10-31 18:29:43;730.371;1
2017-10-31 18:30:52;782.597;1
2017-10-31 18:32:01;782.609;1
2017-10-31 18:33:10;782.575;1
2017-10-31 18:34:19;782.677;1
2017-10-31 18:35:28;730.414;1
2017-10-31 18:36:37;730.403;1
2017-10-31 18:37:46;782.654;1
2017-10-31 18:38:55;730.424;1
2017-10-31 18:40:04;782.575;1
2017-10-31 18:41:13;730.424;1
2017-10-31 18:42:22;730.456;1
2017-10-31 18:43:31;782.575;1
2017-10-31 18:44:40;730.467;1
2017-10-31 18:45:49;730.424;1
2017-10-31 18:46:58;730.424;1
2017-10-31 18:48:07;782.62;1
2017-10-31 18:49:16;678.31;1
2017-10-31 18:50:25;678.241;1
2017-10-31 18:51:34;626.051;1
2017-10-31 18:52:43;626.105;1
2017-10-31 18:53:52;626.06;1
2017-10-31 18:55:01;626.078;1
2017-10-31 18:56:10;678.281;1
2017-10-31 18:57:19;626.051;1
2017-10-31 18:58:28;626.105;1
2017-10-31 18:59:37;626.069;1
2017-10-31 19:00:46;678.281;1
2017-10-31 19:01:55;678.281;1
2017-10-31 19:03:04;626.06;1
2017-10-31 19:04:13;626.105;1
2017-10-31 19:05:22;626.069;1
2017-10-31 19:06:31;678.231;1
2017-10-31 19:07:40;626.123;1
2017-10-31 19:08:49;678.231;1
2017-10-31 19:09:58;626.096;1
2017-10-31 19:11:07;678.241;1
2017-10-31 19:12:16;626.105;1
2017-10-31 19:13:25;678.29;1
2017-10-31 19:14:34;626.078;1
2017-10-31 19:15:43;626.042;1
2017-10-31 19:16:52;626.105;1
2017-10-31 19:18:01;626.078;1
2017-10-31 19:19:10;626.132;1
2017-10-31 19:20:19;626.06;1
2017-10-31 19:21:28;626.123;1
2017-10-31 19:22:37;678.34;1
2017-10-31 19:23:46;626.132;1
2017-10-31 19:24:55;626.105;1
2017-10-31 19:26:04;626.105;1
2017-10-31 19:27:13;626.105;1
2017-10-31 19:28:22;626.132;1
2017-10-31 19:29:31;626.123;1
2017-10-31 19:30:40;626.132;1
2017-10-31 19:31:49;626.051;1
2017-10-31 19:32:58;626.042;1
2017-10-31 19:34:07;678.29;1
2017-10-31 19:35:16;626.096;1
2017-10-31 19:36:25;626.06;1
2017-10-31 19:37:34;626.06;1
2017-10-31 19:38:43;626.114;1
2017-10-31 19:39:52;626.051;1
2017-10-31 19:41:01;626.096;1
2017-10-31 19:42:10;626.132;1
2017-10-31 19:43:19;626.087;1
2017-10-31 19:44:28;626.078;1
2017-10-31 19:45:37;626.096;1
2017-10-31 19:46:46;626.096;1
2017-10-31 19:47:55;625.987;1
2017-10-31 19:49:04;626.15;1
2017-10-31 19:50:13;626.069;1
2017-10-31 19:51:22;573.93;1
2017-10-31 19:52:31;626.123;1
2017-10-31 19:53:40;626.042;1
2017-10-31 19:54:49;626.06;1
2017-10-31 19:55:58;573.913;1
2017-10-31 19:57:07;626.105;1
2017-10-31 19:58:16;626.087;1
2017-10-31 19:59:25;573.946;1
2017-10-31 20:00:34;626.023;1
2017-10-31 20:01:43;626.123;1
2017-10-31 20:02:52;573.93;1
2017-10-31 20:04:01;626.06;1
2017-10-31 20:05:10;626.132;1
2017-10-31 20:06:19;626.16;1
2017-10-31 20:07:28;626.132;1
2017-10-31 20:08:37;573.938;1
2017-10-31 20:09:46;678.31;1
2017-10-31 20:10:55;573.98;1
2017-10-31 20:12:04;626.096;1
2017-10-31 20:13:13;573.93;1
2017-10-31 20:14:22;626.051;1
2017-10-31 20:15:30;573.971;1
2017-10-31 20:16:39;626.096;1
2017-10-31 20:17:48;573.955;1
2017-10-31 20:18:57;626.169;1
2017-10-31 20:20:06;626.15;1
2017-10-31 20:21:15;573.98;1
2017-10-31 20:22:24;626.105;1
2017-10-31 20:23:33;573.971;1
2017-10-31 20:24:42;626.123;1
2017-10-31 20:25:51;573.946;1
2017-10-31 20:27:00;626.06;1
2017-10-31 20:28:09;573.98;1
2017-10-31 20:29:18;626.078;1
2017-10-31 20:30:27;573.93;1
2017-10-31 20:31:36;626.141;1
2017-10-31 20:32:45;573.946;1
2017-10-31 20:33:54;626.132;1
2017-10-31 20:35:03;573.98;1
2017-10-31 20:36:12;678.271;1
2017-10-31 20:37:21;730.509;1
2017-10-31 20:38:30;782.654;1
2017-10-31 20:39:39;730.509;1
2017-10-31 20:40:48;782.665;1
2017-10-31 20:41:57;730.467;1
2017-10-31 20:43:06;782.699;1
2017-10-31 20:44:15;730.445;1
2017-10-31 20:45:24;730.414;1
2017-10-31 20:46:33;782.631;1
2017-10-31 20:47:42;730.424;1
2017-10-31 20:48:51;730.477;1
2017-10-31 20:50:00;730.477;1
2017-10-31 20:51:09;730.445;1
2017-10-31 20:52:18;730.477;1
2017-10-31 20:53:27;730.488;1
2017-10-31 20:54:36;730.477;1
2017-10-31 20:55:45;730.509;1
2017-10-31 20:56:54;782.654;1
2017-10-31 20:58:03;678.3;1
2017-10-31 20:59:12;730.519;1
2017-10-31 21:00:21;782.665;1
2017-10-31 21:01:30;678.261;1
2017-10-31 21:02:39;782.665;1
2017-10-31 21:03:48;678.34;1
2017-10-31 21:04:57;730.488;1
2017-10-31 21:06:06;730.445;1
2017-10-31 21:07:15;730.53;1
2017-10-31 21:08:24;730.498;1
2017-10-31 21:09:33;730.435;1
2017-10-31 21:10:42;730.467;1
2017-10-31 21:11:51;730.477;1
2017-10-31 21:13:00;730.488;1
2017-10-31 21:14:09;730.477;1
2017-10-31 21:15:18;678.271;1
2017-10-31 21:16:27;730.467;1
2017-10-31 21:17:36;730.414;1
2017-10-31 21:18:45;730.519;1
2017-10-31 21:19:54;678.34;1
2017-10-31 21:21:03;730.414;1
2017-10-31 21:22:12;730.498;1
2017-10-31 21:23:21;678.31;1
2017-10-31 21:24:30;730.488;1
2017-10-31 21:25:39;730.435;1
2017-10-31 21:26:48;730.445;1
2017-10-31 21:27:57;678.271;1
2017-10-31 21:29:06;730.488;1
2017-10-31 21:30:15;730.509;1
2017-10-31 21:31:24;678.29;1
2017-10-31 21:32:33;730.498;1
2017-10-31 21:33:42;730.477;1
2017-10-31 21:34:51;678.29;1
2017-10-31 21:36:00;730.488;1
2017-10-31 21:37:09;730.435;1
2017-10-31 21:38:18;678.271;1
2017-10-31 21:39:27;730.498;1
2017-10-31 21:40:36;730.456;1
2017-10-31 21:41:45;730.509;1
2017-10-31 21:42:54;730.424;1
2017-10-31 21:44:03;730.392;1
2017-10-31 21:45:12;730.477;1
2017-10-31 21:46:21;678.271;1
2017-10-31 21:47:30;678.34;1
2017-10-31 21:48:39;626.105;1
2017-10-31 21:49:48;573.988;1
2017-10-31 21:50:57;626.105;1
2017-10-31 21:52:06;573.938;1
2017-10-31 21:53:15;626.132;1
2017-10-31 21:54:24;626.15;1
2017-10-31 21:55:33;626.096;1
2017-10-31 21:56:42;573.921;1
2017-10-31 21:57:51;626.169;1
2017-10-31 21:59:00;626.087;1
2017-10-31 22:00:09;573.888;1
2017-10-31 22:01:18;626.105;1
2017-10-31 22:02:27;626.15;1
2017-10-31 22:03:36;573.88;1
2017-10-31 22:04:45;626.141;1
2017-10-31 22:05:54;104.358;1
2017-10-31 22:07:03;0;1
2017-10-31 22:08:12;0;1
2017-10-31 22:09:21;0;1
2017-10-31 22:10:30;0;1
2017-10-31 22:11:39;0;1
2017-10-31 22:12:48;0;1
2017-10-31 22:13:57;0;1
2017-10-31 22:15:06;0;1
2017-10-31 22:16:15;0;1
2017-10-31 22:17:24;0;1
2017-10-31 22:18:33;0;1
2017-10-31 22:19:42;0;1
2017-10-31 22:20:51;0;1
2017-10-31 22:22:00;0;1
2017-10-31 22:23:09;0;1
2017-10-31 22:24:18;0;1
2017-10-31 22:25:27;0;1
2017-10-31 22:26:36;0;1
2017-10-31 22:27:45;0;1
2017-10-31 22:28:54;0;1
2017-10-31 22:30:03;0;1
2017-10-31 22:31:12;0;1
2017-10-31 22:32:21;0;1
2017-10-31 22:33:30;0;1
2017-10-31 22:34:39;0;1
2017-10-31 22:35:48;0;1
2017-10-31 22:36:57;0;1
2017-10-31 22:38:06;0;1
2017-10-31 22:39:15;0;1
2017-10-31 22:40:24;0;1
2017-10-31 22:41:33;0;1
2017-10-31 22:42:42;0;1
2017-10-31 22:43:51;0;1
2017-10-31 22:45:00;0;1
2017-10-31 22:46:09;0;1
2017-10-31 22:47:18;0;1
2017-10-31 22:48:27;0;1
2017-10-31 22:49:36;0;1
2017-10-31 22:50:45;0;1
2017-10-31 22:51:54;0;1
2017-10-31 22:53:03;0;1
2017-10-31 22:54:12;0;1
2017-10-31 22:55:21;0;1
2017-10-31 22:56:30;0;1
2017-10-31 22:57:39;0;1
2017-10-31 22:58:48;0;1
2017-10-31 22:59:57;0;1
2017-10-31 23:01:06;0;1
2017-10-31 23:02:15;0;1
2017-10-31 23:03:24;0;1
2017-10-31 23:04:33;0;1
2017-10-31 23:05:42;0;1
2017-10-31 23:06:51;0;1
2017-10-31 23:08:00;0;1
2017-10-31 23:09:09;0;1
2017-10-31 23:10:18;0;1
2017-10-31 23:11:27;0;1
2017-10-31 23:12:36;0;1
2017-10-31 23:13:45;0;1
2017-10-31 23:14:54;0;1
2017-10-31 23:16:03;0;1
2017-10-31 23:17:12;0;1
2017-10-31 23:18:21;0;1
2017-10-31 23:19:30;0;1
2017-10-31 23:20:39;0;1
2017-10-31 23:21:48;0;1
2017-10-31 23:22:57;0;1
2017-10-31 23:24:06;0;1
2017-10-31 23:25:15;0;1
2017-10-31 23:26:24;0;1
2017-10-31 23:27:33;0;1
2017-10-31 23:28:42;0;1
2017-10-31 23:29:51;0;1
2017-10-31 23:31:00;0;1
2017-10-31 23:32:09;0;1
2017-10-31 23:33:18;0;1
2017-10-31 23:34:27;0;1
2017-10-31 23:35:36;0;1
2017-10-31 23:36:45;0;1
2017-10-31 23:37:54;0;1
2017-10-31 23:39:03;0;1
2017-10-31 23:40:12;0;1
2017-10-31 23:41:21;0;1
2017-10-31 23:42:30;0;1
2017-10-31 23:43:39;0;1
2017-10-31 23:44:48;0;1
2017-10-31 23:45:57;0;1
2017-10-31 23:47:06;0;1
2017-10-31 23:48:15;0;1
2017-10-31 23:49:24;0;1
2017-10-31 23:50:33;0;1
2017-10-31 23:51:42;0;1
2017-10-31 23:52:51;0;1
2017-10-31 23:54:00;0;1
2017-10-31 23:55:09;0;1
2017-10-31 23:56:18;0;1
2017-10-31 23:57:27;0;1
2017-10-31 23:58:36;0;1
2017-10-31 23:59:45;0;1
2017-11-01 00:00:54;0;1
2017-11-01 00:02:03;0;1
2017-11-01 00:03:12;0;1
2017-11-01 00:04:21;0;1
2017-11-01 00:05:30;0;1
2017-11-01 00:06:39;0;1
2017-11-01 00:07:48;0;1
2017-11-01 00:08:57;0;1
2017-11-01 00:10:06;0;1
2017-11-01 00:11:15;0;1
2017-11-01 00:12:24;0;1
2017-11-01 00:13:33;0;1
2017-11-01 00:14:42;0;1
2017-11-01 00:15:51;0;1
2017-11-01 00:17:00;0;1
2017-11-01 00:18:09;0;1
2017-11-01 00:19:18;0;1
2017-11-01 00:20:27;0;1
2017-11-01 00:21:36;0;1
2017-11-01 00:22:45;0;1
2017-11-01 00:23:54;0;1
2017-11-01 00:25:03;0;1
2017-11-01 00:26:12;0;1
2017-11-01 00:27:21;0;1
2017-11-01 00:28:30;0;1
2017-11-01 00:29:39;0;1
2017-11-01 00:30:48;0;1
2017-11-01 00:31:57;0;1
2017-11-01 00:33:06;0;1
2017-11-01 00:34:15;0;1
2017-11-01 00:35:24;0;1
2017-11-01 00:36:33;0;1
2017-11-01 00:37:42;0;1
2017-11-01 00:38:51;0;1
2017-11-01 00:40:00;0;1
2017-11-01 00:41:09;0;1
2017-11-01 00:42:18;0;1
2017-11-01 00:43:27;0;1
2017-11-01 00:44:36;0;1
2017-11-01 00:45:45;0;1
2017-11-01 00:46:54;0;1
2017-11-01 00:48:03;0;1
2017-11-01 00:49:12;0;1
2017-11-01 00:50:21;0;1
2017-11-01 00:51:30;0;1
2017-11-01 00:52:39;0;1
2017-11-01 00:53:48;0;1
2017-11-01 00:54:57;0;1
2017-11-01 00:56:06;0;1
2017-11-01 00:57:15;0;1
2017-11-01 00:58:24;0;1
2017-11-01 00:59:33;0;1
2017-11-01 01:00:42;0;1
2017-11-01 01:01:51;0;1
2017-11-01 01:03:00;0;1
2017-11-01 01:04:09;0;1
2017-11-01 01:05:18;0;1
2017-11-01 01:06:27;0;1
2017-11-01 01:07:36;0;1
2017-11-01 01:08:45;0;1
2017-11-01 01:09:54;0;1
2017-11-01 01:11:03;0;1
2017-11-01 01:12:12;0;1
2017-11-01 01:13:21;0;1
2017-11-01 01:14:30;0;1
2017-11-01 01:15:39;0;1
2017-11-01 01:16:48;0;1
2017-11-01 01:17:57;0;1
2017-11-01 01:19:06;0;1
2017-11-01 01:20:15;0;1
2017-11-01 01:21:24;0;1
2017-11-01 01:22:33;0;1
2017-11-01 01:23:42;0;1
2017-11-01 01:24:51;0;1
2017-11-01 01:26:00;0;1
2017-11-01 01:27:09;0;1
2017-11-01 01:28:18;0;1
2017-11-01 01:29:27;0;1
2017-11-01 01:30:36;0;1
2017-11-01 01:31:45;0;1
2017-11-01 01:32:54;0;1
2017-11-01 01:34:03;0;1
2017-11-01 01:35:12;0;1
2017-11-01 01:36:21;0;1
2017-11-01 01:37:30;0;1
2017-11-01 01:38:39;0;1
2017-11-01 01:39:48;0;1
2017-11-01 01:40:57;0;1
2017-11-01 01:42:06;0;1
2017-11-01 01:43:15;0;1
2017-11-01 01:44:24;0;1
2017-11-01 01:45:33;0;1
2017-11-01 01:46:42;0;1
2017-11-01 01:47:51;0;1
2017-11-01 01:49:00;0;1
2017-11-01 01:50:09;0;1
2017-11-01 01:51:18;0;1
2017-11-01 01:52:27;0;1
2017-11-01 01:53:36;0;1
2017-11-01 01:54:45;0;1
2017-11-01 01:55:54;0;1
2017-11-01 01:57:03;0;1
2017-11-01 01:58:12;0;1
2017-11-01 01:59:21;0;1
2017-11-01 02:00:30;0;1
2017-11-01 02:01:39;0;1
2017-11-01 02:02:48;0;1
2017-11-01 02:03:57;0;1
2017-11-01 02:05:06;0;1
2017-11-01 02:06:15;0;1
2017-11-01 02:07:24;0;1
2017-11-01 02:08:33;0;1
2017-11-01 02:09:42;0;1
2017-11-01 02:10:51;0;1
2017-11-01 02:12:00;0;1
2017-11-01 02:13:09;0;1
2017-11-01 02:14:18;0;1
2017-11-01 02:15:27;0;1
2017-11-01 02:16:36;0;1
2017-11-01 02:17:45;0;1
2017-11-01 02:18:54;0;1
2017-11-01 02:20:03;0;1
2017-11-01 02:21:12;0;1
2017-11-01 02:22:21;0;1
2017-11-01 02:23:30;0;1
2017-11-01 02:24:39;0;1
2017-11-01 02:25:48;0;1
2017-11-01 02:26:57;0;1
2017-11-01 02:28:06;0;1
2017-11-01 02:29:15;0;1
2017-11-01 02:30:24;0;1
2017-11-01 02:31:33;0;1
2017-11-01 02:32:42;0;1
2017-11-01 02:33:51;0;1
2017-11-01 02:35:00;0;1
2017-11-01 02:36:09;0;1
2017-11-01 02:37:18;0;1
2017-11-01 02:38:27;0;1
2017-11-01 02:39:36;0;1
2017-11-01 02:40:45;0;1
2017-11-01 02:41:54;0;1
2017-11-01 02:43:03;0;1
2017-11-01 02:44:12;0;1
2017-11-01 02:45:21;0;1
2017-11-01 02:46:30;0;1
2017-11-01 02:47:39;0;1
2017-11-01 02:48:48;0;1
2017-11-01 02:49:57;0;1
2017-11-01 02:51:06;0;1
2017-11-01 02:52:15;0;1
2017-11-01 02:53:24;0;1
2017-11-01 02:54:33;0;1
2017-11-01 02:55:42;0;1
2017-11-01 02:56:51;0;1
2017-11-01 02:58:00;0;1
2017-11-01 02:59:09;0;1
2017-11-01 03:00:18;0;1
2017-11-01 03:01:27;0;1
2017-11-01 03:02:36;0;1
2017-11-01 03:03:45;0;1
2017-11-01 03:04:54;0;1
2017-11-01 03:06:03;0;1
2017-11-01 03:07:12;0;1
2017-11-01 03:08:21;0;1
2017-11-01 03:09:30;0;1
2017-11-01 03:10:39;0;1
2017-11-01 03:11:48;0;1
2017-11-01 03:12:57;0;1
2017-11-01 03:14:06;0;1
2017-11-01 03:15:15;0;1
2017-11-01 03:16:24;0;1
2017-11-01 03:17:33;0;1
2017-11-01 03:18:42;0;1
2017-11-01 03:19:51;0;1
2017-11-01 03:21:00;0;1
2017-11-01 03:22:09;0;1
2017-11-01 03:23:18;0;1
2017-11-01 03:24:27;0;1
2017-11-01 03:25:36;0;1
2017-11-01 03:26:45;0;1
2017-11-01 03:27:54;0;1
2017-11-01 03:29:03;0;1
2017-11-01 03:30:12;0;1
2017-11-01 03:31:21;0;1
2017-11-01 03:32:30;0;1
2017-11-01 03:33:39;0;1
2017-11-01 03:34:48;0;1
2017-11-01 03:35:57;0;1
2017-11-01 03:37:06;0;1
2017-11-01 03:38:15;0;1
2017-11-01 03:39:24;0;1
2017-11-01 03:40:33;0;1
2017-11-01 03:41:42;0;1
2017-11-01 03:42:51;0;1
2017-11-01 03:44:00;0;1
2017-11-01 03:45:09;0;1
2017-11-01 03:46:18;0;1
2017-11-01 03:47:27;0;1
2017-11-01 03:48:36;0;1
2017-11-01 03:49:45;0;1
2017-11-01 03:50:54;0;1
2017-11-01 03:52:03;0;1
2017-11-01 03:53:12;0;1
2017-11-01 03:54:21;0;1
2017-11-01 03:55:30;0;1
2017-11-01 03:56:39;0;1
2017-11-01 03:57:48;0;1
2017-11-01 03:58:57;0;1
2017-11-01 04:00:06;0;1
2017-11-01 04:01:15;0;1
2017-11-01 04:02:24;0;1
2017-11-01 04:03:33;0;1
2017-11-01 04:04:42;0;1
2017-11-01 04:07:12;0;1
2017-11-01 04:08:31;0;1
2017-11-01 04:09:40;0;1
2017-11-01 04:10:49;0;1
2017-11-01 04:11:58;0;1
2017-11-01 04:13:07;0;1
2017-11-01 04:14:16;0;1
2017-11-01 04:15:25;0;1
2017-11-01 04:16:34;0;1
2017-11-01 04:17:43;0;1
2017-11-01 04:18:52;0;1
2017-11-01 04:20:01;0;1
2017-11-01 04:21:10;0;1
2017-11-01 04:22:19;0;1
2017-11-01 04:23:28;0;1
2017-11-01 04:24:37;0;1
2017-11-01 04:25:46;0;1
2017-11-01 04:26:55;0;1
2017-11-01 04:28:04;0;1
2017-11-01 04:29:13;0;1
2017-11-01 04:30:22;0;1
2017-11-01 04:31:31;0;1
2017-11-01 04:32:40;0;1
2017-11-01 04:33:49;0;1
2017-11-01 04:34:58;0;1
2017-11-01 04:36:07;0;1
2017-11-01 04:37:16;0;1
2017-11-01 04:38:25;0;1
2017-11-01 04:39:34;0;1
2017-11-01 04:40:43;0;1
2017-11-01 04:41:52;0;1
2017-11-01 04:43:01;0;1
2017-11-01 04:44:10;0;1
2017-11-01 04:45:19;0;1
2017-11-01 04:46:28;0;1
2017-11-01 04:47:37;0;1
2017-11-01 04:48:46;0;1
2017-11-01 04:49:55;0;1
2017-11-01 04:51:04;0;1
2017-11-01 04:52:13;0;1
2017-11-01 04:53:22;0;1
2017-11-01 04:54:31;0;1
2017-11-01 04:55:40;0;1
2017-11-01 04:56:49;0;1
2017-11-01 04:57:58;0;1
2017-11-01 04:59:07;0;1
2017-11-01 05:00:16;0;1
2017-11-01 05:01:25;0;1
2017-11-01 05:02:34;0;1
2017-11-01 05:03:43;0;1
2017-11-01 05:04:52;0;1
2017-11-01 05:06:01;0;1
2017-11-01 05:07:10;0;1
2017-11-01 05:08:19;0;1
2017-11-01 05:09:28;0;1
2017-11-01 05:10:37;0;1
2017-11-01 05:11:46;0;1
2017-11-01 05:12:55;0;1
2017-11-01 05:14:04;0;1
2017-11-01 05:15:13;0;1
2017-11-01 05:16:22;0;1
2017-11-01 05:17:31;0;1
2017-11-01 05:18:40;0;1
2017-11-01 05:19:49;0;1
2017-11-01 05:20:58;0;1
2017-11-01 05:22:07;0;1
2017-11-01 05:23:16;0;1
2017-11-01 05:24:25;0;1
2017-11-01 05:25:34;0;1
2017-11-01 05:26:43;0;1
2017-11-01 05:27:52;0;1
2017-11-01 05:29:01;0;1
2017-11-01 05:30:10;0;1
2017-11-01 05:31:19;0;1
2017-11-01 05:32:28;0;1
2017-11-01 05:33:37;0;1
2017-11-01 05:34:46;0;1
2017-11-01 05:35:55;0;1
2017-11-01 05:37:04;0;1
2017-11-01 05:38:13;0;1
2017-11-01 05:39:22;0;1
2017-11-01 05:40:31;0;1
2017-11-01 05:41:40;0;1
2017-11-01 05:42:49;0;1
2017-11-01 05:43:58;0;1
2017-11-01 05:45:07;0;1
2017-11-01 05:46:16;0;1
2017-11-01 05:47:25;0;1
2017-11-01 05:48:34;0;1
2017-11-01 05:49:43;0;1
2017-11-01 05:50:52;0;1
2017-11-01 05:52:01;0;1
2017-11-01 05:53:10;0;1
2017-11-01 05:54:19;0;1
2017-11-01 05:55:28;0;1
2017-11-01 05:56:37;0;1
2017-11-01 05:57:46;0;1
2017-11-01 05:58:55;0;1
2017-11-01 06:00:04;0;1
2017-11-01 06:01:13;0;1
2017-11-01 06:02:22;0;1
2017-11-01 06:03:31;0;1
2017-11-01 06:04:40;0;1
2017-11-01 06:05:49;469.518;1
2017-11-01 06:06:58;782.62;1
2017-11-01 06:08:07;834.758;1
2017-11-01 06:09:16;782.699;1
2017-11-01 06:10:25;834.734;1
2017-11-01 06:11:34;782.552;1
2017-11-01 06:12:43;782.609;1
2017-11-01 06:13:52;782.699;1
2017-11-01 06:15:01;782.541;1
2017-11-01 06:16:10;834.843;1
2017-11-01 06:17:19;782.518;1
2017-11-01 06:18:28;782.643;1
2017-11-01 06:19:37;782.62;1
2017-11-01 06:20:46;782.597;1
2017-11-01 06:21:55;782.552;1
2017-11-01 06:23:04;782.654;1
2017-11-01 06:24:13;782.575;1
2017-11-01 06:25:22;730.467;1
2017-11-01 06:26:31;782.631;1
2017-11-01 06:27:40;782.677;1
2017-11-01 06:28:49;730.445;1
2017-11-01 06:29:58;782.575;1
2017-11-01 06:31:07;782.518;1
2017-11-01 06:32:16;782.563;1
2017-11-01 06:33:25;782.654;1
2017-11-01 06:34:34;834.819;1
2017-11-01 06:35:43;782.609;1
2017-11-01 06:36:52;730.477;1
2017-11-01 06:38:01;782.597;1
2017-11-01 06:39:10;782.563;1
2017-11-01 06:40:19;730.382;1
2017-11-01 06:41:28;782.643;1
2017-11-01 06:42:37;730.392;1
2017-11-01 06:43:46;782.643;1
2017-11-01 06:44:55;730.456;1
2017-11-01 06:46:04;782.563;1
2017-11-01 06:47:13;730.445;1
2017-11-01 06:48:22;782.609;1
2017-11-01 06:49:31;730.414;1
2017-11-01 06:50:40;782.575;1
2017-11-01 06:51:49;730.498;1
2017-11-01 06:52:58;730.445;1
2017-11-01 06:54:07;782.665;1
2017-11-01 06:55:16;730.382;1
2017-11-01 06:56:25;782.631;1
2017-11-01 06:57:34;730.34;1
2017-11-01 06:58:43;782.699;1
2017-11-01 06:59:52;730.498;1
2017-11-01 07:01:01;782.643;1
2017-11-01 07:02:10;730.382;1
2017-11-01 07:03:19;782.575;1
2017-11-01 07:04:28;730.361;1
2017-11-01 07:05:37;782.597;1
2017-11-01 07:06:46;782.665;1
2017-11-01 07:07:55;730.435;1
2017-11-01 07:09:04;782.677;1
2017-11-01 07:10:13;782.518;1
2017-11-01 07:11:22;782.654;1
2017-11-01 07:12:31;782.62;1
2017-11-01 07:13:40;782.699;1
2017-11-01 07:14:49;782.575;1
2017-11-01 07:15:58;730.467;1
2017-11-01 07:17:07;782.586;1
2017-11-01 07:18:16;730.424;1
2017-11-01 07:19:25;730.392;1
2017-11-01 07:20:34;730.435;1
2017-11-01 07:21:43;730.456;1
2017-11-01 07:22:52;730.488;1
2017-11-01 07:24:01;626.078;1
2017-11-01 07:25:10;626.105;1
2017-11-01 07:26:19;626.06;1
2017-11-01 07:27:28;626.123;1
2017-11-01 07:28:37;573.896;1
2017-11-01 07:29:46;626.132;1
2017-11-01 07:30:55;573.913;1
2017-11-01 07:32:04;626.06;1
2017-11-01 07:33:13;573.88;1
2017-11-01 07:34:22;626.15;1
2017-11-01 07:35:31;626.042;1
2017-11-01 07:36:40;573.888;1
2017-11-01 07:37:49;626.114;1
2017-11-01 07:38:58;573.946;1
2017-11-01 07:40:07;573.855;1
2017-11-01 07:41:16;573.955;1
2017-11-01 07:42:25;573.863;1
2017-11-01 07:43:34;573.913;1
2017-11-01 07:44:43;573.888;1
2017-11-01 07:45:52;521.739;1
2017-11-01 07:47:01;573.938;1
2017-11-01 07:48:10;573.921;1
2017-11-01 07:49:19;521.739;1
2017-11-01 07:50:28;573.913;1
2017-11-01 07:51:37;521.754;1
2017-11-01 07:52:46;573.93;1
2017-11-01 07:53:55;573.822;1
2017-11-01 07:55:04;521.747;1
2017-11-01 07:56:13;573.946;1
2017-11-01 07:57:22;573.955;1
2017-11-01 07:58:31;573.888;1
2017-11-01 07:59:40;521.769;1
2017-11-01 08:00:49;573.921;1
2017-11-01 08:01:58;521.815;1
2017-11-01 08:03:07;521.785;1
2017-11-01 08:04:16;573.971;1
2017-11-01 08:05:25;521.785;1
2017-11-01 08:06:34;521.739;1
2017-11-01 08:07:43;521.815;1
2017-11-01 08:08:52;521.762;1
2017-11-01 08:10:01;521.8;1
2017-11-01 08:11:10;469.613;1
2017-11-01 08:12:19;521.769;1
2017-11-01 08:13:28;469.613;1
2017-11-01 08:14:37;521.792;1
2017-11-01 08:15:46;469.552;1
2017-11-01 08:16:55;521.769;1
2017-11-01 08:18:04;521.762;1
2017-11-01 08:19:13;469.599;1
2017-11-01 08:20:22;469.62;1
2017-11-01 08:21:31;417.416;1
2017-11-01 08:22:40;365.239;1
2017-11-01 08:23:49;365.228;1
2017-11-01 08:24:58;260.888;1
2017-11-01 08:26:07;313.062;1
2017-11-01 08:27:16;313.053;1
2017-11-01 08:28:25;260.885;1
2017-11-01 08:29:34;260.904;1
2017-11-01 08:30:43;208.705;1
2017-11-01 08:31:52;208.708;1
2017-11-01 08:33:01;208.714;1
2017-11-01 08:34:10;156.538;1
2017-11-01 08:35:19;156.533;1
2017-11-01 08:36:28;104.364;1
2017-11-01 08:37:37;52.179;1
2017-11-01 08:38:46;104.363;1
2017-11-01 08:39:55;0;1
2017-11-01 08:41:04;52.18;1
2017-11-01 08:42:13;0;1
2017-11-01 08:43:22;0;1
2017-11-01 08:44:31;0;1
2017-11-01 08:45:40;0;1
2017-11-01 08:46:49;0;1
2017-11-01 08:47:58;0;1
2017-11-01 08:49:07;0;1
2017-11-01 08:50:16;0;1
2017-11-01 08:51:25;782.643;1
2017-11-01 08:52:34;991.333;1
2017-11-01 08:53:43;991.391;1
2017-11-01 08:54:52;939.239;1
2017-11-01 08:56:01;886.995;1
2017-11-01 08:57:10;887.059;1
2017-11-01 08:58:19;886.982;1
2017-11-01 08:59:28;887.021;1
2017-11-01 09:00:37;834.819;1
2017-11-01 09:01:46;939.158;1
2017-11-01 09:02:55;1043.478;1
2017-11-01 09:04:04;1043.554;1
2017-11-01 09:05:13;991.462;1
2017-11-01 09:06:22;1043.539;1
2017-11-01 09:07:31;991.391;1
2017-11-01 09:08:40;1043.509;1
2017-11-01 09:09:49;1043.539;1
2017-11-01 09:10:58;1043.584;1
2017-11-01 09:12:07;1148.026;1
2017-11-01 09:13:16;1095.732;1
2017-11-01 09:14:25;1147.909;1
2017-11-01 09:15:34;1304.386;1
2017-11-01 09:16:43;1304.423;1
2017-11-01 09:17:52;1304.518;1
2017-11-01 09:19:01;1356.659;1
2017-11-01 09:20:10;1356.581;1
2017-11-01 09:21:19;1356.581;1
2017-11-01 09:22:28;1304.442;1
2017-11-01 09:23:37;1304.442;1
2017-11-01 09:24:46;1252.337;1
2017-11-01 09:25:55;1200.052;1
2017-11-01 09:27:04;1200.139;1
2017-11-01 09:28:13;1147.859;1
2017-11-01 09:29:22;1147.843;1
2017-11-01 09:30:31;1147.943;1
2017-11-01 09:31:40;1043.418;1
2017-11-01 09:32:49;1095.732;1
2017-11-01 09:33:58;991.391;1
2017-11-01 09:35:07;991.419;1
2017-11-01 09:36:16;939.158;1
2017-11-01 09:37:25;834.843;1
2017-11-01 09:38:34;782.654;1
2017-11-01 09:39:43;678.32;1
2017-11-01 09:40:52;313.053;1
2017-11-01 09:42:01;0;1
2017-11-01 09:43:10;365.228;1
2017-11-01 09:44:19;834.855;1
2017-11-01 09:45:28;834.892;1
2017-11-01 09:46:37;887.008;1
2017-11-01 09:47:46;208.717;1
2017-11-01 09:48:55;0;1
2017-11-01 09:50:04;0;1
2017-11-01 09:51:13;0;1
2017-11-01 09:52:22;0;1
2017-11-01 09:53:31;0;1
2017-11-01 09:54:40;0;1
2017-11-01 09:55:49;0;1
2017-11-01 09:56:58;0;1
2017-11-01 09:58:07;0;1
2017-11-01 09:59:16;0;1
2017-11-01 10:00:25;0;1
2017-11-01 10:01:34;0;1
2017-11-01 10:02:43;0;1
2017-11-01 10:03:52;0;1
2017-11-01 10:05:01;0;1
2017-11-01 10:06:10;0;1
2017-11-01 10:07:19;0;1
2017-11-01 10:08:28;0;1
2017-11-01 10:09:37;0;1
2017-11-01 10:10:46;0;1
2017-11-01 10:11:55;0;1
2017-11-01 10:13:04;0;1
2017-11-01 10:14:13;0;1
2017-11-01 10:15:22;0;1
2017-11-01 10:16:31;0;1
2017-11-01 10:17:40;0;1
2017-11-01 10:18:49;0;1
2017-11-01 10:19:58;0;1
2017-11-01 10:21:07;0;1
2017-11-01 10:22:16;0;1
2017-11-01 10:23:25;0;1
2017-11-01 10:24:34;0;1
2017-11-01 10:25:43;0;1
2017-11-01 10:26:52;0;1
2017-11-01 10:28:01;0;1
2017-11-01 10:29:10;0;1
2017-11-01 10:30:19;0;1
2017-11-01 10:31:28;0;1
2017-11-01 10:32:37;0;1
2017-11-01 10:33:46;0;1
2017-11-01 10:34:55;0;1
2017-11-01 10:36:04;0;1
2017-11-01 10:37:13;0;1
2017-11-01 10:38:22;0;1
2017-11-01 10:39:31;0;1
2017-11-01 10:40:40;0;1
2017-11-01 10:41:49;0;1
2017-11-01 10:42:58;0;1
2017-11-01 10:44:07;0;1
2017-11-01 10:45:16;0;1
2017-11-01 10:46:25;0;1
2017-11-01 10:47:34;0;1
2017-11-01 10:48:43;0;1
2017-11-01 10:49:52;0;1
2017-11-01 10:51:01;0;1
2017-11-01 10:52:10;0;1
2017-11-01 10:53:19;0;1
2017-11-01 10:54:28;0;1
2017-11-01 10:55:37;0;1
2017-11-01 10:56:46;0;1
2017-11-01 10:57:55;0;1
2017-11-01 10:59:04;0;1
2017-11-01 11:00:13;0;1
2017-11-01 11:01:22;0;1
2017-11-01 11:02:31;0;1
2017-11-01 11:03:40;0;1
2017-11-01 11:04:49;0;1
2017-11-01 11:05:58;0;1
2017-11-01 11:07:07;0;1
2017-11-01 11:08:16;0;1
2017-11-01 11:09:25;0;1
2017-11-01 11:10:34;0;1
2017-11-01 11:11:43;0;1
2017-11-01 11:12:52;0;1
2017-11-01 11:14:01;0;1
2017-11-01 11:15:10;0;1
2017-11-01 11:16:19;0;1
2017-11-01 11:17:28;0;1
2017-11-01 11:18:37;0;1
2017-11-01 11:19:46;0;1
2017-11-01 11:20:55;0;1
2017-11-01 11:22:04;0;1
2017-11-01 11:23:13;0;1
2017-11-01 11:24:22;0;1
2017-11-01 11:25:31;0;1
2017-11-01 11:26:40;0;1
2017-11-01 11:27:49;0;1
2017-11-01 11:28:58;0;1
2017-11-01 11:30:07;0;1
2017-11-01 11:31:16;0;1
2017-11-01 11:32:25;0;1
2017-11-01 11:33:34;0;1
2017-11-01 11:34:43;0;1
2017-11-01 11:35:52;0;1
2017-11-01 11:37:01;0;1
2017-11-01 11:38:10;0;1
2017-11-01 11:39:19;0;1
2017-11-01 11:40:28;0;1
2017-11-01 11:41:37;0;1
2017-11-01 11:42:46;0;1
2017-11-01 11:43:55;0;1
2017-11-01 11:45:04;0;1
2017-11-01 11:46:13;0;1
2017-11-01 11:47:22;0;1
2017-11-01 11:48:31;0;1
2017-11-01 11:49:40;0;1
2017-11-01 11:50:49;0;1
2017-11-01 11:51:58;0;1
2017-11-01 11:53:07;0;1
2017-11-01 11:54:16;0;1
2017-11-01 11:55:25;0;1
2017-11-01 11:56:34;0;1
2017-11-01 11:57:42;0;1
2017-11-01 11:58:51;0;1
2017-11-01 12:00:00;0;1
2017-11-01 12:01:09;0;1
2017-11-01 12:02:18;0;1
2017-11-01 12:03:27;0;1
2017-11-01 12:04:36;0;1
2017-11-01 12:05:45;0;1
2017-11-01 12:06:54;0;1
2017-11-01 12:08:03;0;1
2017-11-01 12:09:12;0;1
2017-11-01 12:10:21;0;1
2017-11-01 12:11:30;0;1
2017-11-01 12:12:39;0;1
2017-11-01 12:13:48;0;1
2017-11-01 12:14:57;0;1
2017-11-01 12:16:06;0;1
2017-11-01 12:17:15;0;1
2017-11-01 12:18:24;0;1
2017-11-01 12:19:33;0;1
2017-11-01 12:20:42;0;1
2017-11-01 12:21:51;0;1
2017-11-01 12:23:00;0;1
2017-11-01 12:24:09;0;1
2017-11-01 12:25:18;0;1
2017-11-01 12:26:27;0;1
2017-11-01 12:27:36;0;1
2017-11-01 12:28:45;0;1
2017-11-01 12:29:54;0;1
2017-11-01 12:31:03;0;1
2017-11-01 12:32:12;0;1
2017-11-01 12:33:21;0;1
2017-11-01 12:34:30;0;1
2017-11-01 12:35:39;0;1
2017-11-01 12:36:48;0;1
2017-11-01 12:37:57;0;1
2017-11-01 12:39:06;0;1
2017-11-01 12:40:15;0;1
2017-11-01 12:41:24;0;1
2017-11-01 12:42:33;0;1
2017-11-01 12:43:42;0;1
2017-11-01 12:44:51;0;1
2017-11-01 12:46:00;0;1
2017-11-01 12:47:09;0;1
2017-11-01 12:48:18;0;1
2017-11-01 12:49:27;0;1
2017-11-01 12:50:36;0;1
2017-11-01 12:51:45;0;1
2017-11-01 12:52:54;0;1
2017-11-01 12:54:03;0;1
2017-11-01 12:55:12;0;1
2017-11-01 12:56:21;0;1
2017-11-01 12:57:30;0;1
2017-11-01 12:58:39;0;1
2017-11-01 12:59:48;0;1
2017-11-01 13:00:57;0;1
2017-11-01 13:02:06;0;1
2017-11-01 13:03:15;0;1
2017-11-01 13:04:24;0;1
2017-11-01 13:05:33;0;1
2017-11-01 13:06:42;0;1
2017-11-01 13:07:51;0;1
2017-11-01 13:09:00;0;1
2017-11-01 13:10:09;0;1
2017-11-01 13:11:18;0;1
2017-11-01 13:12:27;0;1
2017-11-01 13:13:36;0;1
2017-11-01 13:14:45;0;1
2017-11-01 13:15:54;0;1
2017-11-01 13:17:03;0;1
2017-11-01 13:18:12;0;1
2017-11-01 13:19:21;0;1
2017-11-01 13:20:30;0;1
2017-11-01 13:21:39;0;1
2017-11-01 13:22:48;0;1
2017-11-01 13:23:57;0;1
2017-11-01 13:25:06;0;1
2017-11-01 13:26:15;0;1
2017-11-01 13:27:24;0;1
2017-11-01 13:28:33;0;1
2017-11-01 13:29:42;0;1
2017-11-01 13:30:51;0;1
2017-11-01 13:32:00;0;1
2017-11-01 13:33:09;0;1
2017-11-01 13:34:18;0;1
2017-11-01 13:35:27;0;1
2017-11-01 13:36:36;0;1
2017-11-01 13:37:45;0;1
2017-11-01 13:38:54;0;1
2017-11-01 13:40:03;0;1
2017-11-01 13:41:12;0;1
2017-11-01 13:42:21;0;1
2017-11-01 13:43:30;0;1
2017-11-01 13:44:39;0;1
2017-11-01 13:45:48;0;1
2017-11-01 13:46:57;0;1
2017-11-01 13:48:06;0;1
2017-11-01 13:49:15;0;1
2017-11-01 13:50:24;0;1
2017-11-01 13:51:33;0;1
2017-11-01 13:52:42;0;1
2017-11-01 13:53:51;0;1
2017-11-01 13:55:00;0;1
2017-11-01 13:56:09;0;1
2017-11-01 13:57:18;0;1
2017-11-01 13:58:27;0;1
2017-11-01 13:59:36;0;1
2017-11-01 14:00:45;0;1
2017-11-01 14:01:54;0;1
2017-11-01 14:03:03;0;1
2017-11-01 14:04:12;0;1
2017-11-01 14:05:21;0;1
2017-11-01 14:06:30;0;1
2017-11-01 14:07:39;0;1
2017-11-01 14:08:48;0;1
2017-11-01 14:09:57;0;1
2017-11-01 14:11:06;0;1
2017-11-01 14:12:15;0;1
2017-11-01 14:13:24;0;1
2017-11-01 14:14:33;0;1
2017-11-01 14:15:42;0;1
2017-11-01 14:16:51;0;1
2017-11-01 14:18:00;0;1
2017-11-01 14:19:09;0;1
2017-11-01 14:20:18;0;1
2017-11-01 14:21:27;0;1
2017-11-01 14:22:36;0;1
2017-11-01 14:23:45;0;1
2017-11-01 14:24:54;0;1
2017-11-01 14:26:03;0;1
2017-11-01 14:27:12;0;1
2017-11-01 14:28:21;0;1
2017-11-01 14:29:30;0;1
2017-11-01 14:30:39;0;1
2017-11-01 14:31:48;0;1
2017-11-01 14:32:57;0;1
2017-11-01 14:34:06;0;1
2017-11-01 14:35:15;0;1
2017-11-01 14:36:24;0;1
2017-11-01 14:37:33;0;1
2017-11-01 14:38:42;0;1
2017-11-01 14:39:51;0;1
2017-11-01 14:41:00;0;1
2017-11-01 14:42:09;0;1
2017-11-01 14:43:18;0;1
2017-11-01 14:44:27;0;1
2017-11-01 14:45:36;0;1
2017-11-01 14:46:45;0;1
2017-11-01 14:47:54;0;1
2017-11-01 14:49:03;0;1
2017-11-01 14:50:12;0;1
2017-11-01 14:51:21;0;1
2017-11-01 14:52:30;0;1
2017-11-01 14:53:39;0;1
2017-11-01 14:54:48;0;1
