0.198125	-0.100963
0.19825	-0.0953461
0.198375	-0.107383
0.1985	-0.0993585
0.198625	-0.0881238
0.19875	-0.108186
0.198875	-0.112198
0.199	-0.121828
0.199125	-0.100161
0.19925	-0.108988
0.199375	-0.106581
0.1995	-0.0913337
0.199625	-0.124235
0.19975	-0.116211
0.199875	-0.100161
0.2	-0.101766
0.200125	-0.0857163
0.20025	-0.154729
0.200375	-0.108988
0.2005	-0.109791
0.200625	-0.116211
0.20075	-0.120223
0.200875	-0.113803
0.201	-0.0961486
0.201125	-0.105778
0.20125	-0.123433
0.201375	-0.109791
0.2015	-0.124235
0.201625	-0.164359
0.20175	-0.108186
0.201875	-0.133063
0.202	-0.0809015
0.202125	-0.112198
0.20225	-0.12263
0.202375	-0.116211
0.2025	-0.113803
0.202625	-0.096951
0.20275	-0.110593
0.202875	-0.109791
0.203	-0.0937411
0.203125	-0.098556
0.20325	-0.109791
0.203375	-0.134668
0.2035	-0.113803
0.203625	-0.117815
0.20375	-0.106581
0.203875	-0.115408
0.204	-0.0857163
0.204125	-0.107383
0.20425	-0.0865188
0.204375	-0.106581
0.2045	-0.100963
0.204625	-0.0897287
0.20475	-0.0961486
0.204875	-0.103371
0.205	-0.1451
0.205125	-0.0921362
0.20525	-0.108988
0.205375	-0.11942
0.2055	-0.108988
0.205625	-0.0937411
0.20575	-0.0881238
0.205875	-0.113001
0.206	-0.126643
0.206125	-0.110593
0.20625	-0.0889263
0.206375	-0.109791
0.2065	-0.096951
0.206625	-0.116211
0.20675	-0.110593
0.206875	-0.107383
0.207	-0.0945436
0.207125	-0.108988
0.20725	-0.118618
0.207375	-0.100963
0.2075	-0.108988
0.207625	-0.101766
0.20775	-0.112198
0.207875	-0.0913337
0.208	-0.110593
0.208125	-0.129853
0.20825	-0.120223
0.208375	-0.0752841
0.2085	-0.0993585
0.208625	-0.110593
0.20875	-0.096951
0.208875	-0.110593
0.209	-0.110593
0.209125	-0.107383
0.20925	-0.0752841
0.209375	-0.0688643
0.2095	-0.096951
0.209625	-0.117013
0.20975	-0.104976
0.209875	-0.123433
0.21	-0.109791
0.210125	-0.108988
0.21025	-0.110593
0.210375	-0.096951
0.2105	-0.0881238
0.210625	-0.0913337
0.21075	-0.100161
0.210875	-0.105778
0.211	-0.117013
0.211125	-0.111396
0.21125	-0.0913337
0.211375	-0.105778
0.2115	-0.133865
0.211625	-0.108186
0.21175	-0.080099
0.211875	-0.1451
0.212	-0.109791
0.212125	-0.100963
0.21225	-0.0841114
0.212375	-0.137877
0.2125	-0.113001
0.212625	-0.0841114
0.21275	-0.0897287
0.212875	-0.140285
0.213	-0.121828
0.213125	-0.128248
0.21325	-0.126643
0.213375	-0.152322
0.2135	-0.113001
0.213625	-0.111396
0.21375	-0.114606
0.213875	-0.101766
0.214	-0.112198
0.214125	-0.123433
0.21425	-0.142692
0.214375	-0.125038
0.2145	-0.117013
0.214625	-0.123433
0.21475	-0.141087
0.214875	-0.118618
0.215	-0.14831
0.215125	-0.115408
0.21525	-0.12584
0.215375	-0.129853
0.2155	-0.0953461
0.215625	-0.104173
0.21575	-0.109791
0.215875	-0.126643
0.216	-0.12263
0.216125	-0.109791
0.21625	-0.127445
0.216375	-0.0865188
0.2165	-0.116211
0.216625	-0.158742
0.21675	-0.113803
0.216875	-0.117013
0.217	-0.080099
0.217125	-0.0889263
0.21725	-0.12584
0.217375	-0.105778
0.2175	-0.115408
0.217625	-0.12263
0.21775	-0.0736792
0.217875	-0.116211
0.218	-0.134668
0.218125	-0.114606
0.21825	-0.0961486
0.218375	-0.113803
0.2185	-0.101766
0.218625	-0.128248
0.21875	-0.0921362
0.218875	-0.108186
0.219	-0.106581
0.219125	-0.104173
0.21925	-0.0945436
0.219375	-0.109791
0.2195	-0.126643
0.219625	-0.120223
0.21975	-0.100161
0.219875	-0.112198
0.22	-0.0768891
0.220125	-0.0905312
0.22025	-0.106581
0.220375	-0.0913337
0.2205	-0.0977535
0.220625	-0.0921362
0.22075	-0.103371
0.220875	-0.130655
0.221	-0.111396
0.221125	-0.113001
0.22125	-0.109791
0.221375	-0.12905
0.2215	-0.150717
0.221625	-0.107383
0.22175	-0.133865
0.221875	-0.0905312
0.222	-0.105778
0.222125	-0.0993585
0.22225	-0.123433
0.222375	-0.116211
0.2225	-0.104173
0.222625	-0.0841114
0.22275	-0.096951
0.222875	-0.103371
0.223	-0.125038
0.223125	-0.102568
0.22325	-0.134668
0.223375	-0.108186
0.2235	-0.0937411
0.223625	-0.124235
0.22375	-0.112198
0.223875	-0.117815
0.224	-0.115408
0.224125	-0.0833089
0.22425	-0.0809015
0.224375	-0.101766
0.2245	-0.0953461
0.224625	-0.114606
0.22475	-0.0776916
0.224875	-0.0897287
0.225	-0.108186
0.225125	-0.127445
0.22525	-0.104173
0.225375	-0.113803
0.2255	-0.0945436
0.225625	-0.0809015
0.22575	-0.115408
0.225875	-0.114606
0.226	-0.12584
0.226125	-0.120223
0.22625	-0.108186
0.226375	-0.0937411
0.2265	-0.129853
0.226625	-0.115408
0.22675	-0.108186
0.226875	-0.101766
0.227	-0.106581
0.227125	-0.0792965
0.22725	-0.101766
0.227375	-0.113001
0.2275	-0.113001
0.227625	-0.096951
0.22775	-0.110593
0.227875	-0.108186
0.228	-0.142692
0.228125	-0.112198
0.22825	-0.117815
0.228375	-0.100963
0.2285	-0.100963
0.228625	-0.118618
0.22875	-0.112198
0.228875	-0.130655
0.229	-0.110593
0.229125	-0.0977535
0.22925	-0.0889263
0.229375	-0.116211
0.2295	-0.109791
0.229625	-0.105778
0.22975	-0.0905312
0.229875	-0.116211
0.23	-0.116211
0.230125	-0.102568
0.23025	-0.096951
0.230375	-0.101766
0.2305	-0.0833089
0.230625	-0.0945436
0.23075	-0.0905312
0.230875	-0.124235
0.231	-0.133063
0.231125	-0.109791
0.23125	-0.0945436
0.231375	-0.0889263
0.2315	-0.0937411
0.231625	-0.101766
0.23175	-0.116211
0.231875	-0.0873213
0.232	-0.0841114
0.232125	-0.0993585
0.23225	-0.113001
0.232375	-0.0937411
0.2325	-0.141087
0.232625	-0.141087
0.23275	-0.096951
0.232875	-0.134668
0.233	-0.109791
0.233125	-0.108988
0.23325	-0.126643
0.233375	-0.0993585
0.2335	-0.109791
0.233625	-0.096951
0.23375	-0.0937411
0.233875	-0.108988
0.234	-0.131458
0.234125	-0.127445
0.23425	-0.111396
0.234375	-0.107383
0.2345	-0.123433
0.234625	-0.0825064
0.23475	-0.13868
0.234875	-0.0809015
0.235	-0.116211
0.235125	-0.133865
0.23525	-0.124235
0.235375	-0.121025
0.2355	-0.121828
0.235625	-0.096951
0.23575	-0.103371
0.235875	-0.137877
0.236	-0.0977535
0.236125	-0.0929386
0.23625	-0.112198
0.236375	-0.104976
0.2365	-0.13868
0.236625	-0.109791
0.23675	-0.13868
0.236875	-0.113803
0.237	-0.121025
0.237125	-0.0728767
0.23725	-0.0841114
0.237375	-0.117013
0.2375	-0.123433
0.237625	-0.100161
0.23775	-0.0897287
0.237875	-0.113001
0.238	-0.12584
0.238125	-0.13226
0.23825	-0.0873213
0.238375	-0.121025
0.2385	-0.107383
0.238625	-0.117815
0.23875	-0.149915
0.238875	-0.11942
0.239	-0.13226
0.239125	-0.12263
0.23925	-0.108186
0.239375	-0.0993585
0.2395	-0.101766
0.239625	-0.125038
0.23975	-0.100161
0.239875	-0.0889263
0.24	-0.0889263
0.240125	-0.109791
0.24025	-0.108186
0.240375	-0.0977535
0.2405	-0.130655
0.240625	-0.098556
0.24075	-0.108186
0.240875	-0.104976
0.241	-0.096951
0.241125	-0.139482
0.24125	-0.109791
0.241375	-0.0752841
0.2415	-0.150717
0.241625	-0.118618
0.24175	-0.117815
0.241875	-0.111396
0.242	-0.100161
0.242125	-0.0937411
0.24225	-0.0929386
0.242375	-0.121828
0.2425	-0.13547
0.242625	-0.0945436
0.24275	-0.106581
0.242875	-0.0881238
0.243	-0.12263
0.243125	-0.153927
0.24325	-0.118618
0.243375	-0.0977535
0.2435	-0.0865188
0.243625	-0.0929386
0.24375	-0.100963
0.243875	-0.12584
0.244	-0.0993585
0.244125	-0.0993585
0.24425	-0.110593
0.244375	-0.0929386
0.2445	-0.0744817
0.244625	-0.100161
0.24475	-0.108988
0.244875	-0.0921362
0.245	-0.0897287
0.245125	-0.101766
0.24525	-0.108988
0.245375	-0.113001
0.2455	-0.104173
0.245625	-0.123433
0.24575	-0.0873213
0.245875	-0.130655
0.246	-0.0993585
0.246125	-0.117815
0.24625	-0.120223
0.246375	-0.0720742
0.2465	-0.126643
0.246625	-0.115408
0.24675	-0.120223
0.246875	-0.0961486
0.247	-0.0961486
0.247125	-0.133063
0.24725	-0.0897287
0.247375	-0.118618
0.2475	-0.0921362
0.247625	-0.12263
0.24775	-0.104173
0.247875	-0.111396
0.248	-0.0913337
0.248125	-0.125038
0.24825	-0.123433
0.248375	-0.102568
0.2485	-0.0833089
0.248625	-0.12905
0.24875	-0.121025
0.248875	-0.12905
0.249	-0.113001
0.249125	-0.12905
0.24925	-0.118618
0.249375	-0.081704
0.2495	-0.136272
0.249625	-0.129853
0.24975	-0.098556
0.249875	-0.113803
0.25	-0.127445
0.250125	-0.125038
0.25025	-0.124235
0.250375	-0.121828
0.2505	-0.104173
0.250625	-0.110593
0.25075	-0.121828
0.250875	-0.0993585
0.251	-0.11942
0.251125	-0.140285
0.25125	-0.125038
0.251375	-0.113001
0.2515	-0.104976
0.251625	-0.098556
0.25175	-0.104173
0.251875	-0.101766
0.252	-0.078494
0.252125	-0.100161
0.25225	-0.101766
0.252375	-0.123433
0.2525	-0.117815
0.252625	-0.12905
0.25275	-0.12905
0.252875	-0.0929386
0.253	-0.128248
0.253125	-0.108186
0.25325	-0.096951
0.253375	-0.0953461
0.2535	-0.137075
0.253625	-0.0921362
0.25375	-0.0833089
0.253875	-0.096951
0.254	-0.133063
0.254125	-0.0921362
0.25425	-0.11942
0.254375	-0.121025
0.2545	-0.117013
0.254625	-0.133865
0.25475	-0.100161
0.254875	-0.108186
0.255	-0.120223
0.255125	-0.108186
0.25525	-0.096951
0.255375	-0.0937411
0.2555	-0.130655
0.255625	-0.144297
0.25575	-0.106581
0.255875	-0.100963
0.256	-0.117815
0.256125	-0.120223
0.25625	-0.0921362
0.256375	-0.103371
0.2565	-0.104976
0.256625	-0.12905
0.25675	-0.0953461
0.256875	-0.105778
0.257	-0.113001
0.257125	-0.111396
0.25725	-0.114606
0.257375	-0.108988
0.2575	-0.12263
0.257625	-0.107383
0.25775	-0.080099
0.257875	-0.109791
0.258	-0.100963
0.258125	-0.126643
0.25825	-0.118618
0.258375	-0.133865
0.2585	-0.12905
0.258625	-0.115408
0.25875	-0.117815
0.258875	-0.157137
0.259	-0.109791
0.259125	-0.0889263
0.25925	-0.112198
0.259375	-0.0929386
0.2595	-0.105778
0.259625	-0.107383
0.25975	-0.123433
0.259875	-0.121828
0.26	-0.103371
0.260125	-0.103371
0.26025	-0.108186
0.260375	-0.11942
0.2605	-0.105778
0.260625	-0.098556
0.26075	-0.0945436
0.260875	-0.0929386
0.261	-0.112198
0.261125	-0.101766
0.26125	-0.0897287
0.261375	-0.120223
0.2615	-0.104976
0.261625	-0.096951
0.26175	-0.0993585
0.261875	-0.11942
0.262	-0.124235
0.262125	-0.105778
0.26225	-0.098556
0.262375	-0.121828
0.2625	-0.096951
0.262625	-0.108988
0.26275	-0.141087
0.262875	-0.0881238
0.263	-0.103371
0.263125	-0.159544
0.26325	-0.080099
0.263375	-0.143495
0.2635	-0.113001
0.263625	-0.098556
0.26375	-0.113803
0.263875	-0.100161
0.264	-0.117013
0.264125	-0.113001
0.26425	-0.0889263
0.264375	-0.0977535
0.2645	-0.104173
0.264625	-0.0945436
0.26475	-0.110593
0.264875	-0.117815
0.265	-0.12263
0.265125	-0.0953461
0.26525	-0.105778
0.265375	-0.0905312
0.2655	-0.129853
0.265625	-0.110593
0.26575	-0.113001
0.265875	-0.106581
0.266	-0.100963
0.266125	-0.109791
0.26625	-0.0841114
0.266375	-0.124235
0.2665	-0.108186
0.266625	-0.108988
0.26675	-0.111396
0.266875	-0.134668
0.267	-0.126643
0.267125	-0.170779
0.26725	-0.116211
0.267375	-0.0929386
0.2675	-0.106581
0.267625	-0.105778
0.26775	-0.103371
0.267875	-0.142692
0.268	-0.11942
0.268125	-0.111396
0.26825	-0.121025
0.268375	-0.098556
0.2685	-0.12263
0.268625	-0.111396
0.26875	-0.0977535
0.268875	-0.0881238
0.269	-0.12263
0.269125	-0.120223
0.26925	-0.0897287
0.269375	-0.115408
0.2695	-0.121025
0.269625	-0.0825064
0.26975	-0.116211
0.269875	-0.0833089
0.27	-0.108186
0.270125	-0.0744817
0.27025	-0.0993585
0.270375	-0.121828
0.2705	-0.13226
0.270625	-0.120223
0.27075	-0.121828
0.270875	-0.128248
0.271	-0.111396
0.271125	-0.11942
0.27125	-0.101766
0.271375	-0.140285
0.2715	-0.11942
0.271625	-0.0913337
0.27175	-0.0889263
0.271875	-0.102568
0.272	-0.0921362
0.272125	-0.140285
0.27225	-0.103371
0.272375	-0.080099
0.2725	-0.0881238
0.272625	-0.14831
0.27275	-0.104976
0.272875	-0.103371
0.273	-0.139482
0.273125	-0.108988
0.27325	-0.0977535
0.273375	-0.107383
0.2735	-0.11942
0.273625	-0.124235
0.27375	-0.0953461
0.273875	-0.11942
0.274	-0.121828
0.274125	-0.0977535
0.27425	-0.153927
0.274375	-0.108988
0.2745	-0.12584
0.274625	-0.121828
0.27475	-0.0889263
0.274875	-0.11942
0.275	-0.117815
0.275125	-0.111396
0.27525	-0.118618
0.275375	-0.108186
0.2755	-0.126643
0.275625	-0.149915
0.27575	-0.139482
0.275875	-0.0937411
0.276	-0.112198
0.276125	-0.111396
0.27625	-0.118618
0.276375	-0.149915
0.2765	-0.103371
0.276625	-0.141087
0.27675	-0.096951
0.276875	-0.107383
0.277	-0.103371
0.277125	-0.143495
0.27725	-0.108988
0.277375	-0.105778
0.2775	-0.117815
0.277625	-0.124235
0.27775	-0.1451
0.277875	-0.14831
0.278	-0.0945436
0.278125	-0.101766
0.27825	-0.149112
0.278375	-0.125038
0.2785	-0.0977535
0.278625	-0.150717
0.27875	-0.117013
0.278875	-0.0825064
0.279	-0.096951
0.279125	-0.120223
0.27925	-0.121828
0.279375	-0.13226
0.2795	-0.0993585
0.279625	-0.0905312
0.27975	-0.121828
0.279875	-0.105778
0.28	-0.113803
0.280125	-0.133063
0.28025	-0.14831
0.280375	-0.0825064
0.2805	-0.0873213
0.280625	-0.0937411
0.28075	-0.108988
0.280875	-0.0889263
0.281	-0.111396
0.281125	-0.0768891
0.28125	-0.121828
0.281375	-0.0857163
0.2815	-0.143495
0.281625	-0.102568
0.28175	-0.0993585
0.281875	-0.104173
0.282	-0.0993585
0.282125	-0.103371
0.28225	-0.0953461
0.282375	-0.133063
0.2825	-0.0865188
0.282625	-0.108988
0.28275	-0.0873213
0.282875	-0.105778
0.283	-0.078494
0.283125	-0.125038
0.28325	-0.11942
0.283375	-0.0921362
0.2835	-0.121828
0.283625	-0.120223
0.28375	-0.108186
0.283875	-0.0945436
0.284	-0.121828
0.284125	-0.0776916
0.28425	-0.0953461
0.284375	-0.0953461
0.2845	-0.13547
0.284625	-0.098556
0.28475	-0.114606
0.284875	-0.0897287
0.285	-0.159544
0.285125	-0.114606
0.28525	-0.100963
0.285375	-0.12263
0.2855	-0.0921362
0.285625	-0.116211
0.28575	-0.0993585
0.285875	-0.104173
0.286	-0.114606
0.286125	-0.113803
0.28625	-0.137075
0.286375	-0.0937411
0.2865	-0.0929386
0.286625	-0.120223
0.28675	-0.0953461
0.286875	-0.114606
0.287	-0.121025
0.287125	-0.112198
0.28725	-0.121828
0.287375	-0.0905312
0.2875	-0.120223
0.287625	-0.133865
0.28775	-0.113803
0.287875	-0.0913337
0.288	-0.104173
0.288125	-0.121025
0.28825	-0.108186
0.288375	-0.121025
0.2885	-0.123433
0.288625	-0.104976
0.28875	-0.113803
0.288875	-0.0993585
0.289	-0.113803
0.289125	-0.112198
0.28925	-0.121025
0.289375	-0.103371
0.2895	-0.113001
0.289625	-0.12263
0.28975	-0.107383
0.289875	-0.104976
0.29	-0.12584
0.290125	-0.108186
0.29025	-0.123433
0.290375	-0.111396
0.2905	-0.103371
0.290625	-0.106581
0.29075	-0.117815
0.290875	-0.123433
0.291	-0.133865
0.291125	-0.111396
0.29125	-0.103371
0.291375	-0.096951
0.2915	-0.117013
0.291625	-0.131458
0.29175	-0.102568
0.291875	-0.121828
0.292	-0.0945436
0.292125	-0.145902
0.29225	-0.102568
0.292375	-0.131458
0.2925	-0.078494
0.292625	-0.133865
0.29275	-0.113803
0.292875	-0.100963
0.293	-0.112198
0.293125	-0.117013
0.29325	-0.108988
0.293375	-0.117815
0.2935	-0.137075
0.293625	-0.15152
0.29375	-0.109791
0.293875	-0.117013
0.294	-0.124235
0.294125	-0.109791
0.29425	-0.173989
0.294375	-0.145902
0.2945	-0.115408
0.294625	-0.141087
0.29475	-0.130655
0.294875	-0.100963
0.295	-0.129853
0.295125	-0.100963
0.29525	-0.126643
0.295375	-0.0776916
0.2955	-0.106581
0.295625	-0.125038
0.29575	-0.0929386
0.295875	-0.123433
0.296	-0.160347
0.296125	-0.0945436
0.29625	-0.126643
0.296375	-0.12905
0.2965	-0.115408
0.296625	-0.120223
0.29675	-0.12584
0.296875	-0.109791
0.297	-0.111396
0.297125	-0.133865
0.29725	-0.12584
0.297375	-0.123433
0.2975	-0.110593
0.297625	-0.0889263
0.29775	-0.126643
0.297875	-0.136272
0.298	-0.0929386
0.298125	-0.130655
0.29825	-0.0825064
0.298375	-0.108186
0.2985	-0.14189
0.298625	-0.129853
0.29875	-0.096951
0.298875	-0.121025
0.299	-0.0857163
0.299125	-0.120223
0.29925	-0.0857163
0.299375	-0.106581
0.2995	-0.108988
0.299625	-0.0993585
0.29975	-0.118618
0.299875	-0.100963
0.3	-0.102568
0.300125	-0.136272
0.30025	-0.116211
0.300375	-0.0993585
0.3005	-0.0776916
0.300625	-0.109791
0.30075	-0.0921362
0.300875	-0.0929386
0.301	-0.078494
0.301125	-0.104976
0.30125	-0.145902
0.301375	-0.100161
0.3015	-0.113001
0.301625	-0.115408
0.30175	-0.121025
0.301875	-0.104173
0.302	-0.12584
0.302125	-0.0953461
0.30225	-0.0889263
0.302375	-0.0945436
0.3025	-0.0873213
0.302625	-0.117815
0.30275	-0.13226
0.302875	-0.125038
0.303	-0.121828
0.303125	-0.108186
0.30325	-0.111396
0.303375	-0.0913337
0.3035	-0.125038
0.303625	-0.121025
0.30375	-0.139482
0.303875	-0.1451
0.304	-0.118618
0.304125	-0.133865
0.30425	-0.11942
0.304375	-0.098556
0.3045	-0.115408
0.304625	-0.0913337
0.30475	-0.113001
0.304875	-0.115408
0.305	-0.123433
0.305125	-0.117815
0.30525	-0.125038
0.305375	-0.0865188
0.3055	-0.127445
0.305625	-0.13226
0.30575	-0.100963
0.305875	-0.127445
0.306	-0.149112
0.306125	-0.129853
0.30625	-0.100963
0.306375	-0.150717
0.3065	-0.115408
0.306625	-0.0929386
0.30675	-0.102568
0.306875	-0.121025
0.307	-0.118618
0.307125	-0.114606
0.30725	-0.108988
0.307375	-0.127445
0.3075	-0.104976
0.307625	-0.121025
0.30775	-0.129853
0.307875	-0.11942
0.308	-0.123433
0.308125	-0.0977535
0.30825	-0.120223
0.308375	-0.0865188
0.3085	-0.114606
0.308625	-0.115408
0.30875	-0.107383
0.308875	-0.114606
0.309	-0.0897287
0.309125	-0.104976
0.30925	-0.127445
0.309375	-0.153927
0.3095	-0.113803
0.309625	-0.115408
0.30975	-0.098556
0.309875	-0.157137
0.31	-0.149915
0.310125	-0.125038
0.31025	-0.111396
0.310375	-0.131458
0.3105	-0.0841114
0.310625	-0.155532
0.31075	-0.104173
0.310875	-0.128248
0.311	-0.109791
0.311125	-0.0945436
0.31125	-0.113001
0.311375	-0.114606
0.3115	-0.128248
0.311625	-0.108988
0.31175	-0.0841114
0.311875	-0.0945436
0.312	-0.109791
0.312125	-0.11942
0.31225	-0.103371
0.312375	-0.0913337
0.3125	-0.0792965
0.312625	-0.104976
0.31275	-0.128248
0.312875	-0.0977535
0.313	-0.116211
0.313125	-0.112198
0.31325	-0.107383
0.313375	-0.103371
0.3135	-0.197261
0.313625	-0.121828
0.31375	-0.107383
0.313875	-0.0688643
0.314	-0.105778
0.314125	-0.123433
0.31425	-0.133063
0.314375	-0.150717
0.3145	-0.13226
0.314625	-0.150717
0.31475	-0.114606
0.314875	-0.126643
0.315	-0.100963
0.315125	-0.107383
0.31525	-0.113803
0.315375	-0.0921362
0.3155	-0.105778
0.315625	-0.141087
0.31575	-0.101766
0.315875	-0.161149
0.316	-0.120223
0.316125	-0.137075
0.31625	-0.101766
0.316375	-0.149915
0.3165	-0.111396
0.316625	-0.113803
0.31675	-0.109791
0.316875	-0.0937411
0.317	-0.102568
0.317125	-0.128248
0.31725	-0.114606
0.317375	-0.115408
0.3175	-0.0937411
0.317625	-0.100963
0.31775	-0.123433
0.317875	-0.110593
0.318	-0.0993585
0.318125	-0.130655
0.31825	-0.0993585
0.318375	-0.100963
0.3185	-0.118618
0.318625	-0.106581
0.31875	-0.0865188
0.318875	-0.114606
0.319	-0.1451
0.319125	-0.106581
0.31925	-0.101766
0.319375	-0.126643
0.3195	-0.105778
0.319625	-0.129853
0.31975	-0.112198
0.319875	-0.0921362
0.32	-0.109791
0.320125	-0.121025
0.32025	-0.113803
0.320375	-0.143495
0.3205	-0.0881238
0.320625	-0.0961486
0.32075	-0.101766
0.320875	-0.143495
0.321	-0.102568
0.321125	-0.105778
0.32125	-0.11942
0.321375	-0.107383
0.3215	-0.0953461
0.321625	-0.110593
0.32175	-0.0945436
0.321875	-0.124235
0.322	-0.107383
0.322125	-0.121025
0.32225	-0.120223
0.322375	-0.108186
0.3225	-0.133865
0.322625	-0.110593
0.32275	-0.0905312
0.322875	-0.104976
0.323	-0.124235
0.323125	-0.100161
0.32325	-0.104976
0.323375	-0.0776916
0.3235	-0.125038
0.323625	-0.110593
0.32375	-0.128248
0.323875	-0.130655
0.324	-0.0961486
0.324125	-0.12584
0.32425	-0.104173
0.324375	-0.12263
0.3245	-0.1451
0.324625	-0.118618
0.32475	-0.113001
0.324875	-0.11942
0.325	-0.0913337
0.325125	-0.12263
0.32525	-0.108186
0.325375	-0.098556
0.3255	-0.0977535
0.325625	-0.127445
0.32575	-0.113001
0.325875	-0.133063
0.326	-0.105778
0.326125	-0.120223
0.32625	-0.0664569
0.326375	-0.102568
0.3265	-0.0961486
0.326625	-0.104976
0.32675	-0.104976
0.326875	-0.149915
0.327	-0.118618
0.327125	-0.0977535
0.32725	-0.102568
0.327375	-0.14831
0.3275	-0.105778
0.327625	-0.153927
0.32775	-0.098556
0.327875	-0.0897287
0.328	-0.121025
0.328125	-0.114606
0.32825	-0.103371
0.328375	-0.0881238
0.3285	-0.0881238
0.328625	-0.100161
0.32875	-0.113803
0.328875	-0.130655
0.329	-0.101766
0.329125	-0.0961486
0.32925	-0.117013
0.329375	-0.169977
0.3295	-0.106581
0.329625	-0.115408
0.32975	-0.131458
0.329875	-0.113803
0.33	-0.11942
0.330125	-0.107383
0.33025	-0.14831
0.330375	-0.12263
0.3305	-0.0977535
0.330625	-0.131458
0.33075	-0.120223
0.330875	-0.106581
0.331	-0.12263
0.331125	-0.126643
0.33125	-0.105778
0.331375	-0.107383
0.3315	-0.104173
0.331625	-0.117013
0.33175	-0.178804
0.331875	-0.096951
0.332	-0.104173
0.332125	-0.117013
0.33225	-0.101766
0.332375	-0.101766
0.3325	-0.0961486
0.332625	-0.101766
0.33275	-0.117815
0.332875	-0.104173
0.333	-0.104976
0.333125	-0.143495
0.33325	-0.129853
0.333375	-0.117815
0.3335	-0.0993585
0.333625	-0.096951
0.33375	-0.12905
0.333875	-0.121828
0.334	-0.104976
0.334125	-0.123433
0.33425	-0.103371
0.334375	-0.12584
0.3345	-0.133063
0.334625	-0.12263
0.33475	-0.114606
0.334875	-0.117013
0.335	-0.108988
0.335125	-0.13226
0.33525	-0.13226
0.335375	-0.107383
0.3355	-0.117013
0.335625	-0.0857163
0.33575	-0.0913337
0.335875	-0.0961486
0.336	-0.12905
0.336125	-0.0993585
0.33625	-0.0905312
0.336375	-0.111396
0.3365	-0.081704
0.336625	-0.0760866
0.33675	-0.11942
0.336875	-0.113803
0.337	-0.0961486
0.337125	-0.0881238
0.33725	-0.107383
0.337375	-0.116211
0.3375	-0.113803
0.337625	-0.110593
0.33775	-0.100963
0.337875	-0.101766
0.338	-0.12584
0.338125	-0.117013
0.33825	-0.137877
0.338375	-0.0865188
0.3385	-0.101766
0.338625	-0.078494
0.33875	-0.12263
0.338875	-0.149915
0.339	-0.112198
0.339125	-0.0993585
0.33925	-0.0889263
0.339375	-0.112198
0.3395	-0.124235
0.339625	-0.11942
0.33975	-0.142692
0.339875	-0.113001
0.34	-0.0993585
0.340125	-0.137075
0.34025	-0.125038
0.340375	-0.128248
0.3405	-0.098556
0.340625	-0.104976
0.34075	-0.129853
0.340875	-0.114606
0.341	-0.130655
0.341125	-0.0945436
0.34125	-0.0833089
0.341375	-0.110593
0.3415	-0.108186
0.341625	-0.112198
0.34175	-0.134668
0.341875	-0.113803
0.342	-0.0993585
0.342125	-0.104173
0.34225	-0.137877
0.342375	-0.106581
0.3425	-0.0841114
0.342625	-0.101766
0.34275	-0.0857163
0.342875	-0.126643
0.343	-0.101766
0.343125	-0.121025
0.34325	-0.117815
0.343375	-0.0953461
0.3435	-0.0929386
0.343625	-0.13226
0.34375	-0.143495
0.343875	-0.100963
0.344	-0.0768891
0.344125	-0.124235
0.34425	-0.124235
0.344375	-0.11942
0.3445	-0.125038
0.344625	-0.125038
0.34475	-0.0921362
0.344875	-0.109791
0.345	-0.103371
0.345125	-0.0857163
0.34525	-0.113001
0.345375	-0.114606
0.3455	-0.108186
0.345625	-0.106581
0.34575	-0.0961486
0.345875	-0.114606
0.346	-0.133063
0.346125	-0.108186
0.34625	-0.0913337
0.346375	-0.0881238
0.3465	-0.104976
0.346625	-0.121828
0.34675	-0.146705
0.346875	-0.124235
0.347	-0.113001
0.347125	-0.108988
0.34725	-0.114606
0.347375	-0.117013
0.3475	-0.111396
0.347625	-0.131458
0.34775	-0.115408
0.347875	-0.111396
0.348	-0.120223
0.348125	-0.13868
0.34825	-0.100161
0.348375	-0.103371
0.3485	-0.105778
0.348625	-0.080099
0.34875	-0.164359
0.348875	-0.108988
0.349	-0.112198
0.349125	-0.117815
0.34925	-0.100161
0.349375	-0.104173
0.3495	-0.120223
0.349625	-0.120223
0.34975	-0.118618
0.349875	-0.121025
0.35	-0.111396
0.350125	-0.133063
0.35025	-0.103371
0.350375	-0.112198
0.3505	-0.142692
0.350625	-0.0937411
0.35075	-0.121828
0.350875	-0.109791
0.351	-0.117013
0.351125	-0.112198
0.35125	-0.100161
0.351375	-0.12905
0.3515	-0.160347
0.351625	-0.127445
0.35175	-0.109791
0.351875	-0.12263
0.352	-0.107383
0.352125	-0.113803
0.35225	-0.118618
0.352375	-0.118618
0.3525	-0.118618
0.352625	-0.0961486
0.35275	-0.080099
0.352875	-0.12584
0.353	-0.106581
0.353125	-0.11942
0.35325	-0.123433
0.353375	-0.0977535
0.3535	-0.107383
0.353625	-0.13868
0.35375	-0.150717
0.353875	-0.123433
0.354	-0.130655
0.354125	-0.136272
0.35425	-0.105778
0.354375	-0.127445
0.3545	-0.112198
0.354625	-0.131458
0.35475	-0.114606
0.354875	-0.113803
0.355	-0.109791
0.355125	-0.110593
0.35525	-0.123433
0.355375	-0.111396
0.3555	-0.111396
0.355625	-0.104976
0.35575	-0.105778
0.355875	-0.109791
0.356	-0.109791
0.356125	-0.118618
0.35625	-0.0889263
0.356375	-0.101766
0.3565	-0.143495
0.356625	-0.142692
0.35675	-0.100963
0.356875	-0.0849139
0.357	-0.101766
0.357125	-0.081704
0.35725	-0.106581
0.357375	-0.108988
0.3575	-0.143495
0.357625	-0.2101
0.35775	-0.101766
0.357875	-0.100963
0.358	-0.101766
0.358125	-0.111396
0.35825	-0.098556
0.358375	-0.111396
0.3585	-0.108186
0.358625	-0.112198
0.35875	-0.13226
0.358875	-0.115408
0.359	-0.0937411
0.359125	-0.125038
0.35925	-0.098556
0.359375	-0.0881238
0.3595	-0.13868
0.359625	-0.0937411
0.35975	-0.108988
0.359875	-0.0889263
0.36	-0.0937411
0.360125	-0.0961486
0.36025	-0.109791
0.360375	-0.0833089
0.3605	-0.110593
0.360625	-0.114606
0.36075	-0.107383
0.360875	-0.108186
0.361	-0.133063
0.361125	-0.0921362
0.36125	-0.113001
0.361375	-0.106581
0.3615	-0.101766
0.361625	-0.0993585
0.36175	-0.104976
0.361875	-0.12584
0.362	-0.107383
0.362125	-0.0897287
0.36225	-0.117013
0.362375	-0.128248
0.3625	-0.13868
0.362625	-0.12584
0.36275	-0.0825064
0.362875	-0.146705
0.363	-0.127445
0.363125	-0.124235
0.36325	-0.127445
0.363375	-0.133865
0.3635	-0.0768891
0.363625	-0.0977535
0.36375	-0.126643
0.363875	-0.12263
0.364	-0.114606
0.364125	-0.123433
0.36425	-0.0993585
0.364375	-0.107383
0.3645	-0.109791
0.364625	-0.101766
0.36475	-0.0937411
0.364875	-0.114606
0.365	-0.0937411
0.365125	-0.121828
0.36525	-0.112198
0.365375	-0.109791
0.3655	-0.101766
0.365625	-0.117013
0.36575	-0.0929386
0.365875	-0.0937411
0.366	-0.120223
0.366125	-0.129853
0.36625	-0.0993585
0.366375	-0.0913337
0.3665	-0.121025
0.366625	-0.100161
0.36675	-0.12584
0.366875	-0.110593
0.367	-0.100963
0.367125	-0.114606
0.36725	-0.123433
0.367375	-0.12905
0.3675	-0.102568
0.367625	-0.125038
0.36775	-0.139482
0.367875	-0.101766
0.368	-0.107383
0.368125	-0.114606
0.36825	-0.129853
0.368375	-0.125038
0.3685	-0.0873213
0.368625	-0.134668
0.36875	-0.0849139
0.368875	-0.102568
0.369	-0.118618
0.369125	-0.14189
0.36925	-0.100161
0.369375	-0.126643
0.3695	-0.12905
0.369625	-0.103371
0.36975	-0.108186
0.369875	-0.130655
0.37	-0.0977535
0.370125	-0.11942
0.37025	-0.133865
0.370375	-0.13547
0.3705	-0.130655
0.370625	-0.149915
0.37075	-0.0849139
0.370875	-0.102568
0.371	-0.113803
0.371125	-0.0857163
0.37125	-0.118618
0.371375	-0.113803
0.3715	-0.121828
0.371625	-0.0945436
0.37175	-0.147507
0.371875	-0.108186
0.372	-0.112198
0.372125	-0.129853
0.37225	-0.121025
0.372375	-0.114606
0.3725	-0.0728767
0.372625	-0.12905
0.37275	-0.120223
0.372875	-0.0897287
0.373	-0.108988
0.373125	-0.106581
0.37325	-0.0905312
0.373375	-0.139482
0.3735	-0.113803
0.373625	-0.106581
0.37375	-0.105778
0.373875	-0.114606
0.374	-0.139482
0.374125	-0.106581
0.37425	-0.104173
0.374375	-0.134668
0.3745	-0.101766
0.374625	-0.118618
0.37475	-0.121828
0.374875	-0.104976
0.375	-0.14189
0.375125	-0.11942
0.37525	-0.13226
0.375375	-0.104173
0.3755	-0.118618
0.375625	-0.104173
0.37575	-0.12263
0.375875	-0.101766
0.376	-0.126643
0.376125	-0.101766
0.37625	-0.134668
0.376375	-0.117013
0.3765	-0.0945436
0.376625	-0.0897287
0.37675	-0.0993585
0.376875	-0.108186
0.377	-0.109791
0.377125	-0.108988
0.37725	-0.108988
0.377375	-0.0792965
0.3775	-0.0897287
0.377625	-0.128248
0.37775	-0.129853
0.377875	-0.115408
0.378	-0.0953461
0.378125	-0.104173
0.37825	-0.13226
0.378375	-0.133865
0.3785	-0.113001
0.378625	-0.120223
0.37875	-0.0993585
0.378875	-0.098556
0.379	-0.104173
0.379125	-0.0913337
0.37925	-0.0776916
0.379375	-0.0648519
0.3795	-0.0993585
0.379625	-0.137075
0.37975	-0.168372
0.379875	-0.127445
0.38	-0.115408
0.380125	-0.0905312
0.38025	-0.12905
0.380375	-0.141087
0.3805	-0.107383
0.380625	-0.134668
0.38075	-0.112198
0.380875	-0.102568
0.381	-0.105778
0.381125	-0.13226
0.38125	-0.12263
0.381375	-0.103371
0.3815	-0.114606
0.381625	-0.141087
0.38175	-0.110593
0.381875	-0.137877
0.382	-0.140285
0.382125	-0.145902
0.38225	-0.120223
0.382375	-0.131458
0.3825	-0.096951
0.382625	-0.104976
0.38275	-0.116211
0.382875	-0.113803
0.383	-0.0873213
0.383125	-0.080099
0.38325	-0.0977535
0.383375	-0.107383
0.3835	-0.110593
0.383625	-0.0768891
0.38375	-0.102568
0.383875	-0.166767
0.384	-0.123433
0.384125	-0.143495
0.38425	-0.0961486
0.384375	-0.0977535
0.3845	-0.0937411
0.384625	-0.113803
0.38475	-0.133865
0.384875	-0.163557
0.385	-0.0889263
0.385125	-0.0921362
0.38525	-0.12263
0.385375	-0.123433
0.3855	-0.128248
0.385625	-0.0977535
0.38575	-0.116211
0.385875	-0.136272
0.386	-0.136272
0.386125	-0.107383
0.38625	-0.112198
0.386375	-0.157137
0.3865	-0.111396
0.386625	-0.0929386
0.38675	-0.0929386
0.386875	-0.100963
0.387	-0.136272
0.387125	-0.130655
0.38725	-0.131458
0.387375	-0.0849139
0.3875	-0.0945436
0.387625	-0.113001
0.38775	-0.130655
0.387875	-0.128248
0.388	-0.0881238
0.388125	-0.106581
0.38825	-0.0993585
0.388375	-0.105778
0.3885	-0.116211
0.388625	-0.108988
0.38875	-0.142692
0.388875	-0.108186
0.389	-0.104976
0.389125	-0.111396
0.38925	-0.111396
0.389375	-0.12263
0.3895	-0.100963
0.389625	-0.100963
0.38975	-0.125038
0.389875	-0.133063
0.39	-0.102568
0.390125	-0.116211
0.39025	-0.128248
0.390375	-0.100963
0.3905	-0.117815
0.390625	-0.14189
0.39075	-0.0897287
0.390875	-0.0905312
0.391	-0.0921362
0.391125	-0.14831
0.39125	-0.12263
0.391375	-0.13226
0.3915	-0.0825064
0.391625	-0.0953461
0.39175	-0.0929386
0.391875	-0.133865
0.392	-0.141087
0.392125	-0.13226
0.39225	-0.125038
0.392375	-0.104173
0.3925	-0.0881238
0.392625	-0.117013
0.39275	-0.101766
0.392875	-0.098556
0.393	-0.112198
0.393125	-0.117013
0.39325	-0.108988
0.393375	-0.129853
0.3935	-0.124235
0.393625	-0.081704
0.39375	-0.0881238
0.393875	-0.142692
0.394	-0.110593
0.394125	-0.113001
0.39425	-0.118618
0.394375	-0.0833089
0.3945	-0.0937411
0.394625	-0.113001
0.39475	-0.126643
0.394875	-0.156334
0.395	-0.0961486
0.395125	-0.0833089
0.39525	-0.113001
0.395375	-0.114606
0.3955	-0.104173
0.395625	-0.115408
0.39575	-0.111396
0.395875	-0.110593
0.396	-0.100963
0.396125	-0.131458
0.39625	-0.11942
0.396375	-0.112198
0.3965	-0.100161
0.396625	-0.0873213
0.39675	-0.112198
0.396875	-0.124235
0.397	-0.104173
0.397125	-0.116211
0.39725	-0.100963
0.397375	-0.117013
0.3975	-0.108186
0.397625	-0.100161
0.39775	-0.105778
0.397875	-0.120223
0.398	-0.100963
0.398125	-0.102568
0.39825	-0.109791
0.398375	-0.118618
0.3985	-0.116211
0.398625	-0.150717
0.39875	-0.0897287
0.398875	-0.107383
0.399	-0.098556
0.399125	-0.108988
0.39925	-0.110593
0.399375	-0.13226
0.3995	-0.133063
0.399625	-0.0881238
0.39975	-0.0865188
0.399875	-0.113803
0.4	-0.147507
0.400125	-0.104173
0.40025	-0.100963
0.400375	-0.098556
0.4005	-0.117013
0.400625	-0.113001
0.40075	-0.12584
0.400875	-0.133865
0.401	-0.0977535
0.401125	-0.104976
0.40125	-0.104976
0.401375	-0.113803
0.4015	-0.0929386
0.401625	-0.121828
0.40175	-0.109791
0.401875	-0.130655
0.402	-0.11942
0.402125	-0.105778
0.40225	-0.0953461
0.402375	-0.0865188
0.4025	-0.0961486
0.402625	-0.0921362
0.40275	-0.0905312
0.402875	-0.118618
0.403	-0.112198
0.403125	-0.098556
0.40325	-0.100963
0.403375	-0.0849139
0.4035	-0.124235
0.403625	-0.0945436
0.40375	-0.0873213
0.403875	-0.096951
0.404	-0.11942
0.404125	-0.0809015
0.40425	-0.0825064
0.404375	-0.118618
0.4045	-0.0865188
0.404625	-0.144297
0.40475	-0.0768891
0.404875	-0.102568
0.405	-0.100161
0.405125	-0.126643
0.40525	-0.11942
0.405375	-0.117013
0.4055	-0.116211
0.405625	-0.0841114
0.40575	-0.104976
0.405875	-0.117815
0.406	-0.096951
0.406125	-0.103371
0.40625	-0.098556
0.406375	-0.0913337
0.4065	-0.104976
0.406625	-0.100963
0.40675	-0.0905312
0.406875	-0.106581
0.407	-0.112198
0.407125	-0.123433
0.40725	-0.116211
0.407375	-0.131458
0.4075	-0.0656544
0.407625	-0.102568
0.40775	-0.140285
0.407875	-0.160347
0.408	-0.0953461
0.408125	-0.120223
0.40825	-0.108186
0.408375	-0.104173
0.4085	-0.0720742
0.408625	-0.113803
0.40875	-0.158742
0.408875	-0.100161
0.409	-0.111396
0.409125	-0.108988
0.40925	-0.110593
0.409375	-0.142692
0.4095	-0.1451
0.409625	-0.100963
0.40975	-0.117815
0.409875	-0.144297
0.41	-0.127445
0.410125	-0.102568
0.41025	-0.107383
0.410375	-0.0977535
0.4105	-0.104173
0.410625	-0.0921362
0.41075	-0.0857163
0.410875	-0.0961486
0.411	-0.0865188
0.411125	-0.0993585
0.41125	-0.107383
0.411375	-0.102568
0.4115	-0.113001
0.411625	-0.117013
0.41175	-0.0953461
0.411875	-0.100963
0.412	-0.134668
0.412125	-0.104173
0.41225	-0.0776916
0.412375	-0.100963
0.4125	-0.0849139
0.412625	-0.120223
0.41275	-0.0937411
0.412875	-0.114606
0.413	-0.105778
0.413125	-0.0937411
0.41325	-0.098556
0.413375	-0.106581
0.4135	-0.108186
0.413625	-0.13547
0.41375	-0.113001
0.413875	-0.118618
0.414	-0.113803
0.414125	-0.14189
0.41425	-0.12905
0.414375	-0.105778
0.4145	-0.100963
0.414625	-0.108186
0.41475	-0.121025
0.414875	-0.111396
0.415	-0.157939
0.415125	-0.108988
0.41525	-0.0977535
0.415375	-0.0857163
0.4155	-0.125038
0.415625	-0.111396
0.41575	-0.11942
0.415875	-0.112198
0.416	-0.108988
0.416125	-0.13868
0.41625	-0.117815
0.416375	-0.142692
0.4165	-0.113803
0.416625	-0.0953461
0.41675	-0.0736792
0.416875	-0.121828
0.417	-0.096951
0.417125	-0.118618
0.41725	-0.104173
0.417375	-0.0833089
0.4175	-0.0865188
0.417625	-0.112198
0.41775	-0.123433
0.417875	-0.125038
0.418	-0.113001
0.418125	-0.0913337
0.41825	-0.101766
0.418375	-0.0857163
0.4185	-0.142692
0.418625	-0.13547
0.41875	-0.120223
0.418875	-0.147507
0.419	-0.113001
0.419125	-0.096951
0.41925	-0.134668
0.419375	-0.153927
0.4195	-0.101766
0.419625	-0.111396
0.41975	-0.136272
0.419875	-0.116211
0.42	-0.113803
0.420125	-0.12905
0.42025	-0.127445
0.420375	-0.126643
0.4205	-0.0953461
0.420625	-0.0792965
0.42075	-0.130655
0.420875	-0.127445
0.421	-0.0889263
0.421125	-0.101766
0.42125	-0.104976
0.421375	-0.0881238
0.4215	-0.116211
0.421625	-0.108186
0.42175	-0.109791
0.421875	-0.107383
0.422	-0.109791
0.422125	-0.117815
0.42225	-0.100161
0.422375	-0.13547
0.4225	-0.113001
0.422625	-0.125038
0.42275	-0.128248
0.422875	-0.108988
0.423	-0.128248
0.423125	-0.109791
0.42325	-0.123433
0.423375	-0.101766
0.4235	-0.102568
0.423625	-0.114606
0.42375	-0.133063
0.423875	-0.116211
0.424	-0.146705
0.424125	-0.0945436
0.42425	-0.105778
0.424375	-0.137075
0.4245	-0.112198
0.424625	-0.133063
0.42475	-0.100963
0.424875	-0.104976
0.425	-0.121828
0.425125	-0.141087
0.42525	-0.145902
0.425375	-0.172384
0.4255	-0.0961486
0.425625	-0.0704693
0.42575	-0.0961486
0.425875	-0.118618
0.426	-0.113803
0.426125	-0.0672594
0.42625	-0.0768891
0.426375	-0.0937411
0.4265	-0.12263
0.426625	-0.123433
0.42675	-0.118618
0.426875	-0.0841114
0.427	-0.142692
0.427125	-0.121828
0.42725	-0.1451
0.427375	-0.0945436
0.4275	-0.107383
0.427625	-0.0696668
0.42775	-0.121828
0.427875	-0.123433
0.428	-0.136272
0.428125	-0.141087
0.42825	-0.115408
0.428375	-0.109791
0.4285	-0.121025
0.428625	-0.117815
0.42875	-0.0873213
0.428875	-0.114606
0.429	-0.124235
0.429125	-0.0945436
0.42925	-0.117013
0.429375	-0.127445
0.4295	-0.107383
0.429625	-0.116211
0.42975	-0.100963
0.429875	-0.129853
0.43	-0.114606
0.430125	-0.121828
0.43025	-0.102568
0.430375	-0.108988
0.4305	-0.102568
0.430625	-0.0857163
0.43075	-0.12263
0.430875	-0.129853
0.431	-0.125038
0.431125	-0.108988
0.43125	-0.0977535
0.431375	-0.0905312
0.4315	-0.103371
0.431625	-0.125038
0.43175	-0.107383
0.431875	-0.11942
0.432	-0.0841114
0.432125	-0.0937411
0.43225	-0.115408
0.432375	-0.14189
0.4325	-0.134668
0.432625	-0.116211
0.43275	-0.0945436
0.432875	-0.124235
0.433	-0.128248
0.433125	-0.109791
0.43325	-0.109791
0.433375	-0.146705
0.4335	-0.126643
0.433625	-0.081704
0.43375	-0.108186
0.433875	-0.120223
0.434	-0.13868
0.434125	-0.107383
0.43425	-0.128248
0.434375	-0.109791
0.4345	-0.100963
0.434625	-0.112198
0.43475	-0.134668
0.434875	-0.130655
0.435	-0.100161
0.435125	-0.14189
0.43525	-0.12584
0.435375	-0.12584
0.4355	-0.102568
0.435625	-0.113001
0.43575	-0.108988
0.435875	-0.125038
0.436	-0.118618
0.436125	-0.121828
0.43625	-0.111396
0.436375	-0.104173
0.4365	-0.114606
0.436625	-0.116211
0.43675	-0.1451
0.436875	-0.115408
0.437	-0.14831
0.437125	-0.104976
0.43725	-0.0897287
0.437375	-0.123433
0.4375	-0.153124
0.437625	-0.0993585
0.43775	-0.098556
0.437875	-0.113001
0.438	-0.0768891
0.438125	-0.145902
0.43825	-0.110593
0.438375	-0.109791
0.4385	-0.105778
0.438625	-0.0792965
0.43875	-0.147507
0.438875	-0.110593
0.439	-0.109791
0.439125	-0.0937411
0.43925	-0.110593
0.439375	-0.117013
0.4395	-0.108186
0.439625	-0.100963
0.43975	-0.101766
0.439875	-0.0993585
0.44	-0.110593
0.440125	-0.114606
0.44025	-0.12263
0.440375	-0.121828
0.4405	-0.114606
0.440625	-0.100963
0.44075	-0.117815
0.440875	-0.117815
0.441	-0.133865
0.441125	-0.125038
0.44125	-0.123433
0.441375	-0.128248
0.4415	-0.103371
0.441625	-0.111396
0.44175	-0.12263
0.441875	-0.105778
0.442	-0.13868
0.442125	-0.102568
0.44225	-0.110593
0.442375	-0.096951
0.4425	-0.126643
0.442625	-0.115408
0.44275	-0.0905312
0.442875	-0.11942
0.443	-0.116211
0.443125	-0.133865
0.44325	-0.161952
0.443375	-0.0977535
0.4435	-0.117013
0.443625	-0.0865188
0.44375	-0.12584
0.443875	-0.108988
0.444	-0.0921362
0.444125	-0.0881238
0.44425	-0.100963
0.444375	-0.114606
0.4445	-0.117013
0.444625	-0.113803
0.44475	-0.114606
0.444875	-0.13226
0.445	-0.101766
0.445125	-0.113803
0.44525	-0.116211
0.445375	-0.105778
0.4455	-0.113001
0.445625	-0.0865188
0.44575	-0.096951
0.445875	-0.096951
0.446	-0.117013
0.446125	-0.096951
0.44625	-0.109791
0.446375	-0.107383
0.4465	-0.100963
0.446625	-0.0913337
0.44675	-0.112198
0.446875	-0.102568
0.447	-0.115408
0.447125	-0.131458
0.44725	-0.098556
0.447375	-0.103371
0.4475	-0.0905312
0.447625	-0.117815
0.44775	-0.136272
0.447875	-0.133063
0.448	-0.098556
0.448125	-0.12263
0.44825	-0.123433
0.448375	-0.12263
0.4485	-0.100963
0.448625	-0.121828
0.44875	-0.0961486
0.448875	-0.123433
0.449	-0.107383
0.449125	-0.100963
0.44925	-0.109791
0.449375	-0.114606
0.4495	-0.0889263
0.449625	-0.139482
0.44975	-0.140285
0.449875	-0.0945436
0.45	-0.110593
0.450125	-0.104173
0.45025	-0.140285
0.450375	-0.143495
0.4505	-0.105778
0.450625	-0.128248
0.45075	-0.108186
0.450875	-0.0889263
0.451	-0.078494
0.451125	-0.108186
0.45125	-0.116211
0.451375	-0.112198
0.4515	-0.123433
0.451625	-0.0865188
0.45175	-0.0937411
0.451875	-0.123433
0.452	-0.149915
0.452125	-0.0656544
0.45225	-0.0937411
0.452375	-0.0905312
0.4525	-0.115408
0.452625	-0.0921362
0.45275	-0.129853
0.452875	-0.0897287
0.453	-0.0945436
0.453125	-0.111396
0.45325	-0.0881238
0.453375	-0.123433
0.4535	-0.0825064
0.453625	-0.120223
0.45375	-0.096951
0.453875	-0.150717
0.454	-0.0873213
0.454125	-0.105778
0.45425	-0.12263
0.454375	-0.128248
0.4545	-0.120223
0.454625	-0.112198
0.45475	-0.0921362
0.454875	-0.100963
0.455	-0.105778
0.455125	-0.0993585
0.45525	-0.124235
0.455375	-0.103371
0.4555	-0.111396
0.455625	-0.108988
0.45575	-0.0841114
0.455875	-0.0905312
0.456	-0.105778
0.456125	-0.110593
0.45625	-0.100963
0.456375	-0.128248
0.4565	-0.0825064
0.456625	-0.114606
0.45675	-0.0977535
0.456875	-0.0873213
0.457	-0.0993585
0.457125	-0.110593
0.45725	-0.081704
0.457375	-0.140285
0.4575	-0.101766
0.457625	-0.0881238
0.45775	-0.128248
0.457875	-0.134668
0.458	-0.107383
0.458125	-0.0945436
0.45825	-0.103371
0.458375	-0.105778
0.4585	-0.0993585
0.458625	-0.0833089
0.45875	-0.0953461
0.458875	-0.125038
0.459	-0.133865
0.459125	-0.112198
0.45925	-0.117815
0.459375	-0.0913337
0.4595	-0.0873213
0.459625	-0.104173
0.45975	-0.110593
0.459875	-0.134668
0.46	-0.0809015
0.460125	-0.080099
0.46025	-0.107383
0.460375	-0.102568
0.4605	-0.121025
0.460625	-0.0873213
0.46075	-0.103371
0.460875	-0.0857163
0.461	-0.126643
0.461125	-0.121025
0.46125	-0.116211
0.461375	-0.131458
0.4615	-0.133063
0.461625	-0.0744817
0.46175	-0.117815
0.461875	-0.123433
0.462	-0.126643
0.462125	-0.104976
0.46225	-0.0961486
0.462375	-0.125038
0.4625	-0.100161
0.462625	-0.0857163
0.46275	-0.112198
0.462875	-0.105778
0.463	-0.0889263
0.463125	-0.136272
0.46325	-0.134668
0.463375	-0.117013
0.4635	-0.0953461
0.463625	-0.117815
0.46375	-0.113803
0.463875	-0.0945436
0.464	-0.0873213
0.464125	-0.104976
0.46425	-0.0953461
0.464375	-0.121828
0.4645	-0.109791
0.464625	-0.0897287
0.46475	-0.114606
0.464875	-0.128248
0.465	-0.113001
0.465125	-0.078494
0.46525	-0.105778
0.465375	-0.109791
0.4655	-0.113803
0.465625	-0.149112
0.46575	-0.129853
0.465875	-0.111396
0.466	-0.136272
0.466125	-0.12584
0.46625	-0.126643
0.466375	-0.121025
0.4665	-0.0961486
0.466625	-0.116211
0.46675	-0.120223
0.466875	-0.153927
0.467	-0.12263
0.467125	-0.103371
0.46725	-0.0825064
0.467375	-0.105778
0.4675	-0.0937411
0.467625	-0.100963
0.46775	-0.117013
0.467875	-0.167569
0.468	-0.102568
0.468125	-0.0929386
0.46825	-0.105778
0.468375	-0.104173
0.4685	-0.131458
0.468625	-0.0889263
0.46875	-0.104173
0.468875	-0.0953461
0.469	-0.103371
0.469125	-0.107383
0.46925	-0.101766
0.469375	-0.112198
0.4695	-0.081704
0.469625	-0.0881238
0.46975	-0.117815
0.469875	-0.133865
0.47	-0.098556
0.470125	-0.165162
0.47025	-0.117013
0.470375	-0.101766
0.4705	-0.136272
0.470625	-0.113803
0.47075	-0.081704
0.470875	-0.113001
0.471	-0.120223
0.471125	-0.120223
0.47125	-0.147507
0.471375	-0.096951
0.4715	-0.124235
0.471625	-0.124235
0.47175	-0.156334
0.471875	-0.123433
0.472	-0.100161
0.472125	-0.108186
0.47225	-0.107383
0.472375	-0.115408
0.4725	-0.153927
0.472625	-0.112198
0.47275	-0.114606
0.472875	-0.0873213
0.473	-0.144297
0.473125	-0.106581
0.47325	-0.104173
0.473375	-0.114606
0.4735	-0.128248
0.473625	-0.0993585
0.47375	-0.124235
0.473875	-0.117013
0.474	-0.0961486
0.474125	-0.115408
0.47425	-0.127445
0.474375	-0.114606
0.4745	-0.0889263
0.474625	-0.113001
0.47475	-0.136272
0.474875	-0.109791
0.475	-0.104173
0.475125	-0.108186
0.47525	-0.115408
0.475375	-0.102568
0.4755	-0.113803
0.475625	-0.117013
0.47575	-0.123433
0.475875	-0.111396
0.476	-0.0849139
0.476125	-0.137075
0.47625	-0.13226
0.476375	-0.115408
0.4765	-0.128248
0.476625	-0.152322
0.47675	-0.121025
0.476875	-0.11942
0.477	-0.109791
0.477125	-0.121025
0.47725	-0.110593
0.477375	-0.104173
0.4775	-0.114606
0.477625	-0.114606
0.47775	-0.103371
0.477875	-0.120223
0.478	-0.105778
0.478125	-0.113803
0.47825	-0.100963
0.478375	-0.107383
0.4785	-0.0841114
0.478625	-0.104173
0.47875	-0.123433
0.478875	-0.112198
0.479	-0.0688643
0.479125	-0.12584
0.47925	-0.110593
0.479375	-0.103371
0.4795	-0.107383
0.479625	-0.121025
0.47975	-0.111396
0.479875	-0.126643
0.48	-0.114606
0.480125	-0.113803
0.48025	-0.128248
0.480375	-0.108988
0.4805	-0.113001
0.480625	-0.0945436
0.48075	-0.109791
0.480875	-0.117013
0.481	-0.13547
0.481125	-0.110593
0.48125	-0.121828
0.481375	-0.108988
0.4815	-0.130655
0.481625	-0.0937411
0.48175	-0.0833089
0.481875	-0.098556
0.482	-0.0889263
0.482125	-0.106581
0.48225	-0.113001
0.482375	-0.133865
0.4825	-0.110593
0.482625	-0.0945436
0.48275	-0.101766
0.482875	-0.147507
0.483	-0.121828
0.483125	-0.115408
0.48325	-0.11942
0.483375	-0.128248
0.4835	-0.101766
0.483625	-0.153124
0.48375	-0.096951
0.483875	-0.126643
0.484	-0.111396
0.484125	-0.120223
0.48425	-0.115408
0.484375	-0.105778
0.4845	-0.110593
0.484625	-0.103371
0.48475	-0.114606
0.484875	-0.117815
0.485	-0.117013
0.485125	-0.165964
0.48525	-0.134668
0.485375	-0.104976
0.4855	-0.13868
0.485625	-0.145902
0.48575	-0.141087
0.485875	-0.0913337
0.486	-0.100963
0.486125	-0.0961486
0.48625	-0.0937411
0.486375	-0.145902
0.4865	-0.105778
0.486625	-0.120223
0.48675	-0.124235
0.486875	-0.128248
0.487	-0.120223
0.487125	-0.0993585
0.48725	-0.111396
0.487375	-0.131458
0.4875	-0.113001
0.487625	-0.101766
0.48775	-0.133865
0.487875	-0.145902
0.488	-0.0833089
0.488125	-0.0905312
0.48825	-0.103371
0.488375	-0.100963
0.4885	-0.11942
0.488625	-0.118618
0.48875	-0.0889263
0.488875	-0.0961486
0.489	-0.11942
0.489125	-0.0897287
0.48925	-0.107383
0.489375	-0.120223
0.4895	-0.113001
0.489625	-0.101766
0.48975	-0.124235
0.489875	-0.154729
0.49	-0.144297
0.490125	-0.102568
0.49025	-0.118618
0.490375	-0.114606
0.4905	-0.108186
0.490625	-0.125038
0.49075	-0.121828
0.490875	-0.13226
0.491	-0.110593
0.491125	-0.12584
0.49125	-0.133865
0.491375	-0.103371
0.4915	-0.13226
0.491625	-0.120223
0.49175	-0.128248
0.491875	-0.111396
0.492	-0.0961486
0.492125	-0.117815
0.49225	-0.110593
0.492375	-0.113001
0.4925	-0.112198
0.492625	-0.134668
0.49275	-0.096951
0.492875	-0.131458
0.493	-0.109791
0.493125	-0.117013
0.49325	-0.117013
0.493375	-0.12263
0.4935	-0.127445
0.493625	-0.113803
0.49375	-0.117013
0.493875	-0.101766
0.494	-0.137877
0.494125	-0.118618
0.49425	-0.126643
0.494375	-0.12263
0.4945	-0.120223
0.494625	-0.112198
0.49475	-0.129853
0.494875	-0.0889263
0.495	-0.0961486
0.495125	-0.0873213
0.49525	-0.107383
0.495375	-0.141087
0.4955	-0.110593
0.495625	-0.100963
0.49575	-0.0953461
0.495875	-0.12905
0.496	-0.125038
0.496125	-0.117815
0.49625	-0.113803
0.496375	-0.0913337
0.4965	-0.0833089
0.496625	-0.101766
0.49675	-0.12263
0.496875	-0.112198
0.497	-0.110593
0.497125	-0.104976
0.49725	-0.0961486
0.497375	-0.0945436
0.4975	-0.136272
0.497625	-0.100963
0.49775	-0.117815
0.497875	-0.13868
0.498	-0.0865188
0.498125	-0.108186
0.49825	-0.12905
0.498375	-0.098556
0.4985	-0.100161
0.498625	-0.0993585
0.49875	-0.0881238
0.498875	-0.0921362
0.499	-0.108186
0.499125	-0.104976
0.49925	-0.107383
0.499375	-0.105778
0.4995	-0.133865
0.499625	-0.106581
0.49975	-0.105778
0.499875	-0.117815
0.5	-0.0961486
0.500125	-0.106581
0.50025	-0.0913337
0.500375	-0.134668
0.5005	-0.13868
0.500625	-0.120223
0.50075	-0.153124
0.500875	-0.104173
0.501	-0.115408
0.501125	-0.13226
0.50125	-0.0937411
0.501375	-0.100161
0.5015	-0.0897287
0.501625	-0.106581
0.50175	-0.121828
0.501875	-0.0865188
0.502	-0.102568
0.502125	-0.104976
0.50225	-0.098556
0.502375	-0.108186
0.5025	-0.115408
0.502625	-0.125038
0.50275	-0.128248
0.502875	-0.153124
0.503	-0.100963
0.503125	-0.0953461
0.50325	-0.14189
0.503375	-0.111396
0.5035	-0.113001
0.503625	-0.114606
0.50375	-0.0873213
0.503875	-0.0929386
0.504	-0.111396
0.504125	-0.104173
0.50425	-0.114606
0.504375	-0.0865188
0.5045	-0.0921362
0.504625	-0.100963
0.50475	-0.11942
0.504875	-0.106581
0.505	-0.113803
0.505125	-0.0905312
0.50525	-0.098556
0.505375	-0.13226
0.5055	-0.126643
0.505625	-0.103371
0.50575	-0.111396
0.505875	-0.143495
0.506	-0.11942
0.506125	-0.140285
0.50625	-0.0953461
0.506375	-0.149915
0.5065	-0.108186
0.506625	-0.146705
0.50675	-0.0825064
0.506875	-0.101766
0.507	-0.140285
0.507125	-0.124235
0.50725	-0.104173
0.507375	-0.11942
0.5075	-0.130655
0.507625	-0.117815
0.50775	-0.117013
0.507875	-0.139482
0.508	-0.112198
0.508125	-0.0680618
0.50825	-0.117815
0.508375	-0.136272
0.5085	-0.109791
0.508625	-0.0873213
0.50875	-0.121828
0.508875	-0.121025
0.509	-0.112198
0.509125	-0.130655
0.50925	-0.107383
0.509375	-0.129853
0.5095	-0.110593
0.509625	-0.117815
0.50975	-0.115408
0.509875	-0.0937411
0.51	-0.12905
0.510125	-0.108186
0.51025	-0.153927
0.510375	-0.153124
0.5105	-0.147507
0.510625	-0.116211
0.51075	-0.121025
0.510875	-0.100963
0.511	-0.123433
0.511125	-0.110593
0.51125	-0.1451
0.511375	-0.172384
0.5115	-0.107383
0.511625	-0.145902
0.51175	-0.0929386
0.511875	-0.120223
0.512	-0.121025
0.512125	-0.128248
0.51225	-0.114606
0.512375	-0.120223
0.5125	-0.0929386
0.512625	-0.114606
0.51275	-0.096951
0.512875	-0.117013
0.513	-0.102568
0.513125	-0.134668
0.51325	-0.115408
0.513375	-0.11942
0.5135	-0.104173
0.513625	-0.116211
0.51375	-0.111396
0.513875	-0.128248
0.514	-0.120223
0.514125	-0.141087
0.51425	-0.104976
0.514375	-0.116211
0.5145	-0.12905
0.514625	-0.127445
0.51475	-0.109791
0.514875	-0.12584
0.515	-0.114606
0.515125	-0.0945436
0.51525	-0.118618
0.515375	-0.12263
0.5155	-0.108186
0.515625	-0.081704
0.51575	-0.124235
0.515875	-0.101766
0.516	-0.107383
0.516125	-0.13226
0.51625	-0.0913337
0.516375	-0.11942
0.5165	-0.12263
0.516625	-0.0865188
0.51675	-0.0881238
0.516875	-0.108186
0.517	-0.131458
0.517125	-0.125038
0.51725	-0.112198
0.517375	-0.11942
0.5175	-0.121025
0.517625	-0.0961486
0.51775	-0.140285
0.517875	-0.0905312
0.518	-0.0744817
0.518125	-0.13547
0.51825	-0.156334
0.518375	-0.123433
0.5185	-0.096951
0.518625	-0.108186
0.51875	-0.105778
0.518875	-0.101766
0.519	-0.1451
0.519125	-0.112198
0.51925	-0.0993585
0.519375	-0.0929386
0.5195	-0.121828
0.519625	-0.124235
0.51975	-0.11942
0.519875	-0.156334
0.52	-0.141087
0.520125	-0.113001
0.52025	-0.113001
0.520375	-0.124235
0.5205	-0.121025
0.520625	-0.117815
0.52075	-0.0961486
0.520875	-0.106581
0.521	-0.0953461
0.521125	-0.117013
0.52125	-0.098556
0.521375	-0.101766
0.5215	-0.11942
0.521625	-0.098556
0.52175	-0.130655
0.521875	-0.117013
0.522	-0.128248
0.522125	-0.13868
0.52225	-0.102568
0.522375	-0.103371
0.5225	-0.140285
0.522625	-0.0833089
0.52275	-0.0961486
0.522875	-0.0961486
0.523	-0.117013
0.523125	-0.12584
0.52325	-0.123433
0.523375	-0.112198
0.5235	-0.121828
0.523625	-0.0865188
0.52375	-0.14831
0.523875	-0.115408
0.524	-0.104976
0.524125	-0.106581
0.52425	-0.101766
0.524375	-0.133063
0.5245	-0.108988
0.524625	-0.13226
0.52475	-0.0825064
0.524875	-0.104173
0.525	-0.0897287
0.525125	-0.0977535
0.52525	-0.11942
0.525375	-0.117013
0.5255	-0.104976
0.525625	-0.0929386
0.52575	-0.121025
0.525875	-0.080099
0.526	-0.0977535
0.526125	-0.0897287
0.52625	-0.103371
0.526375	-0.102568
0.5265	-0.112198
0.526625	-0.13226
0.52675	-0.133063
0.526875	-0.108988
0.527	-0.107383
0.527125	-0.111396
0.52725	-0.0897287
0.527375	-0.128248
0.5275	-0.103371
0.527625	-0.114606
0.52775	-0.115408
0.527875	-0.106581
0.528	-0.112198
0.528125	-0.113803
0.52825	-0.127445
0.528375	-0.116211
0.5285	-0.0865188
0.528625	-0.0993585
0.52875	-0.115408
0.528875	-0.120223
0.529	-0.162754
0.529125	-0.0897287
0.52925	-0.102568
0.529375	-0.12584
0.5295	-0.123433
0.529625	-0.131458
0.52975	-0.0993585
0.529875	-0.117815
0.53	-0.121025
0.530125	-0.111396
0.53025	-0.118618
0.530375	-0.0841114
0.5305	-0.106581
0.530625	-0.0768891
0.53075	-0.13547
0.530875	-0.117013
0.531	-0.105778
0.531125	-0.112198
0.53125	-0.101766
0.531375	-0.117815
0.5315	-0.143495
0.531625	-0.150717
0.53175	-0.0977535
0.531875	-0.114606
0.532	-0.121828
0.532125	-0.108988
0.53225	-0.109791
0.532375	-0.12905
0.5325	-0.096951
0.532625	-0.112198
0.53275	-0.100963
0.532875	-0.118618
0.533	-0.101766
0.533125	-0.124235
0.53325	-0.127445
0.533375	-0.081704
0.5335	-0.113001
0.533625	-0.104976
0.53375	-0.13226
0.533875	-0.11942
0.534	-0.110593
0.534125	-0.114606
0.53425	-0.117013
0.534375	-0.113803
0.5345	-0.165964
0.534625	-0.113803
0.53475	-0.106581
0.534875	-0.108988
0.535	-0.110593
0.535125	-0.12584
0.53525	-0.118618
0.535375	-0.109791
0.5355	-0.0913337
0.535625	-0.0776916
0.53575	-0.109791
0.535875	-0.117815
0.536	-0.104173
0.536125	-0.120223
0.53625	-0.080099
0.536375	-0.109791
0.5365	-0.118618
0.536625	-0.105778
0.53675	-0.129853
0.536875	-0.0921362
0.537	-0.111396
0.537125	-0.133063
0.53725	-0.108988
0.537375	-0.107383
0.5375	-0.112198
0.537625	-0.0913337
0.53775	-0.103371
0.537875	-0.108186
0.538	-0.117815
0.538125	-0.149112
0.53825	-0.113803
0.538375	-0.104976
0.5385	-0.0929386
0.538625	-0.117815
0.53875	-0.105778
0.538875	-0.118618
0.539	-0.0768891
0.539125	-0.105778
0.53925	-0.0945436
0.539375	-0.128248
0.5395	-0.110593
0.539625	-0.120223
0.53975	-0.117815
0.539875	-0.105778
0.54	-0.101766
0.540125	-0.13868
0.54025	-0.117013
0.540375	-0.124235
0.5405	-0.109791
0.540625	-0.0993585
0.54075	-0.104173
0.540875	-0.13226
0.541	-0.12584
0.541125	-0.0833089
0.54125	-0.0953461
0.541375	-0.112198
0.5415	-0.0961486
0.541625	-0.137075
0.54175	-0.101766
0.541875	-0.0881238
0.542	-0.120223
0.542125	-0.0913337
0.54225	-0.126643
0.542375	-0.104173
0.5425	-0.14189
0.542625	-0.100161
0.54275	-0.0929386
0.542875	-0.098556
0.543	-0.117815
0.543125	-0.120223
0.54325	-0.0873213
0.543375	-0.0945436
0.5435	-0.109791
0.543625	-0.164359
0.54375	-0.146705
0.543875	-0.098556
0.544	-0.114606
0.544125	-0.0945436
0.54425	-0.110593
0.544375	-0.108186
0.5445	-0.0937411
0.544625	-0.123433
0.54475	-0.0945436
0.544875	-0.109791
0.545	-0.113001
0.545125	-0.101766
0.54525	-0.12905
0.545375	-0.101766
0.5455	-0.0921362
0.545625	-0.127445
0.54575	-0.111396
0.545875	-0.0953461
0.546	-0.0889263
0.546125	-0.0993585
0.54625	-0.098556
0.546375	-0.0993585
0.5465	-0.113001
0.546625	-0.11942
0.54675	-0.123433
0.546875	-0.100161
0.547	-0.12263
0.547125	-0.121025
0.54725	-0.118618
0.547375	-0.0945436
0.5475	-0.117815
0.547625	-0.0945436
0.54775	-0.142692
0.547875	-0.129853
0.548	-0.113803
0.548125	-0.14189
0.54825	-0.101766
0.548375	-0.12263
0.5485	-0.12263
0.548625	-0.11942
0.54875	-0.133865
0.548875	-0.104976
0.549	-0.12263
0.549125	-0.0809015
0.54925	-0.105778
0.549375	-0.12905
0.5495	-0.145902
0.549625	-0.149112
0.54975	-0.13226
0.549875	-0.164359
0.55	-0.161149
0.550125	-0.109791
0.55025	-0.108988
0.550375	-0.134668
0.5505	-0.108988
0.550625	-0.136272
0.55075	-0.113001
0.550875	-0.104976
0.551	-0.124235
0.551125	-0.0873213
0.55125	-0.096951
0.551375	-0.118618
0.5515	-0.113803
0.551625	-0.108988
0.55175	-0.098556
0.551875	-0.0897287
0.552	-0.121828
0.552125	-0.103371
0.55225	-0.117013
0.552375	-0.109791
0.5525	-0.157939
0.552625	-0.106581
0.55275	-0.11942
0.552875	-0.130655
0.553	-0.109791
0.553125	-0.112198
0.55325	-0.131458
0.553375	-0.13547
0.5535	-0.103371
0.553625	-0.114606
0.55375	-0.114606
0.553875	-0.100161
0.554	-0.121828
0.554125	-0.12263
0.55425	-0.102568
0.554375	-0.111396
0.5545	-0.126643
0.554625	-0.125038
0.55475	-0.127445
0.554875	-0.123433
0.555	-0.0929386
0.555125	-0.104976
0.55525	-0.127445
0.555375	-0.106581
0.5555	-0.0961486
0.555625	-0.116211
0.55575	-0.0865188
0.555875	-0.114606
0.556	-0.0857163
0.556125	-0.12263
0.55625	-0.12905
0.556375	-0.141087
0.5565	-0.113803
0.556625	-0.0889263
0.55675	-0.118618
0.556875	-0.0881238
0.557	-0.115408
0.557125	-0.0929386
0.55725	-0.12263
0.557375	-0.096951
0.5575	-0.121025
0.557625	-0.142692
0.55775	-0.121025
0.557875	-0.0889263
0.558	-0.130655
0.558125	-0.101766
0.55825	-0.0833089
0.558375	-0.103371
0.5585	-0.0825064
0.558625	-0.103371
0.55875	-0.11942
0.558875	-0.0897287
0.559	-0.0905312
0.559125	-0.130655
0.55925	-0.104976
0.559375	-0.137075
0.5595	-0.0889263
0.559625	-0.103371
0.55975	-0.11942
0.559875	-0.108988
0.56	-0.117013
0.560125	-0.101766
0.56025	-0.127445
0.560375	-0.129853
0.5605	-0.0849139
0.560625	-0.115408
0.56075	-0.118618
0.560875	-0.125038
0.561	-0.0776916
0.561125	-0.100161
0.56125	-0.0929386
0.561375	-0.111396
0.5615	-0.114606
0.561625	-0.127445
0.56175	-0.129853
0.561875	-0.109791
0.562	-0.137075
0.562125	-0.0913337
0.56225	-0.121025
0.562375	-0.0961486
0.5625	-0.13226
0.562625	-0.102568
0.56275	-0.121828
0.562875	-0.144297
0.563	-0.096951
0.563125	-0.113001
0.56325	-0.0929386
0.563375	-0.108988
0.5635	-0.0913337
0.563625	-0.131458
0.56375	-0.146705
0.563875	-0.1451
0.564	-0.101766
0.564125	-0.113803
0.56425	-0.0993585
0.564375	-0.124235
0.5645	-0.0961486
0.564625	-0.100963
0.56475	-0.116211
0.564875	-0.166767
0.565	-0.105778
0.565125	-0.0897287
0.56525	-0.0809015
0.565375	-0.0865188
0.5655	-0.109791
0.565625	-0.103371
0.56575	-0.124235
0.565875	-0.125038
0.566	-0.0841114
0.566125	-0.0881238
0.56625	-0.117815
0.566375	-0.0953461
0.5665	-0.105778
0.566625	-0.109791
0.56675	-0.102568
0.566875	-0.127445
0.567	-0.12263
0.567125	-0.0993585
0.56725	-0.100161
0.567375	-0.105778
0.5675	-0.1451
0.567625	-0.100161
0.56775	-0.0873213
0.567875	-0.103371
0.568	-0.131458
0.568125	-0.100963
0.56825	-0.116211
0.568375	-0.120223
0.5685	-0.104173
0.568625	-0.117013
0.56875	-0.123433
0.568875	-0.0993585
0.569	-0.109791
0.569125	-0.131458
0.56925	-0.101766
0.569375	-0.13868
0.5695	-0.108988
0.569625	-0.116211
0.56975	-0.115408
0.569875	-0.108988
0.57	-0.115408
0.570125	-0.0792965
0.57025	-0.104173
0.570375	-0.13868
0.5705	-0.123433
0.570625	-0.12263
0.57075	-0.100161
0.570875	-0.098556
0.571	-0.0937411
0.571125	-0.115408
0.57125	-0.123433
0.571375	-0.155532
0.5715	-0.12584
0.571625	-0.0937411
0.57175	-0.110593
0.571875	-0.129853
0.572	-0.125038
0.572125	-0.12905
0.57225	-0.0977535
0.572375	-0.0953461
0.5725	-0.117013
0.572625	-0.124235
0.57275	-0.0865188
0.572875	-0.129853
0.573	-0.0776916
0.573125	-0.142692
0.57325	-0.12905
0.573375	-0.137877
0.5735	-0.133865
0.573625	-0.104976
0.57375	-0.0889263
0.573875	-0.113001
0.574	-0.125038
0.574125	-0.103371
0.57425	-0.124235
0.574375	-0.145902
0.5745	-0.0897287
0.574625	-0.111396
0.57475	-0.0977535
0.574875	-0.107383
0.575	-0.0977535
0.575125	-0.113803
0.57525	-0.0825064
0.575375	-0.121828
0.5755	-0.130655
0.575625	-0.101766
0.57575	-0.106581
0.575875	-0.137877
0.576	-0.0993585
0.576125	-0.0889263
0.57625	-0.104173
0.576375	-0.104976
0.5765	-0.0993585
0.576625	-0.0961486
0.57675	-0.101766
0.576875	-0.115408
0.577	-0.114606
0.577125	-0.11942
0.57725	-0.0736792
0.577375	-0.0889263
0.5775	-0.124235
0.577625	-0.113001
0.57775	-0.107383
0.577875	-0.109791
0.578	-0.0953461
0.578125	-0.111396
0.57825	-0.113001
0.578375	-0.105778
0.5785	-0.0929386
0.578625	-0.0849139
0.57875	-0.0929386
0.578875	-0.12584
0.579	-0.116211
0.579125	-0.13547
0.57925	-0.108186
0.579375	-0.0728767
0.5795	-0.0993585
0.579625	-0.175594
0.57975	-0.0961486
0.579875	-0.0945436
0.58	-0.0945436
0.580125	-0.0849139
0.58025	-0.104976
0.580375	-0.102568
0.5805	-0.115408
0.580625	-0.0873213
0.58075	-0.137877
0.580875	-0.096951
0.581	-0.11942
0.581125	-0.121025
0.58125	-0.109791
0.581375	-0.100161
0.5815	-0.106581
0.581625	-0.0961486
0.58175	-0.116211
0.581875	-0.0913337
0.582	-0.0889263
0.582125	-0.116211
0.58225	-0.0905312
0.582375	-0.101766
0.5825	-0.127445
0.582625	-0.0945436
0.58275	-0.104173
0.582875	-0.116211
0.583	-0.126643
0.583125	-0.113803
0.58325	-0.155532
0.583375	-0.125038
0.5835	-0.0929386
0.583625	-0.105778
0.58375	-0.0873213
0.583875	-0.154729
0.584	-0.123433
0.584125	-0.0825064
0.58425	-0.110593
0.584375	-0.0736792
0.5845	-0.114606
0.584625	-0.127445
0.58475	-0.12905
0.584875	-0.107383
0.585	-0.108988
0.585125	-0.109791
0.58525	-0.109791
0.585375	-0.137877
0.5855	-0.12905
0.585625	-0.117815
0.58575	-0.0889263
0.585875	-0.0696668
0.586	-0.108988
0.586125	-0.0825064
0.58625	-0.0953461
0.586375	-0.105778
0.5865	-0.137075
0.586625	-0.123433
0.58675	-0.115408
0.586875	-0.104976
0.587	-0.0961486
0.587125	-0.101766
0.58725	-0.0833089
0.587375	-0.081704
0.5875	-0.113803
0.587625	-0.102568
0.58775	-0.108988
0.587875	-0.0865188
0.588	-0.102568
0.588125	-0.0993585
0.58825	-0.0873213
0.588375	-0.102568
0.5885	-0.114606
0.588625	-0.110593
0.58875	-0.106581
0.588875	-0.127445
0.589	-0.136272
0.589125	-0.11942
0.58925	-0.0961486
0.589375	-0.107383
0.5895	-0.115408
0.589625	-0.111396
0.58975	-0.14831
0.589875	-0.117013
0.59	-0.0768891
0.590125	-0.0865188
0.59025	-0.105778
0.590375	-0.129853
0.5905	-0.100963
0.590625	-0.118618
0.59075	-0.0993585
0.590875	-0.116211
0.591	-0.124235
0.591125	-0.106581
0.59125	-0.0945436
0.591375	-0.12263
0.5915	-0.121025
0.591625	-0.113803
0.59175	-0.108988
0.591875	-0.114606
0.592	-0.0905312
0.592125	-0.0913337
0.59225	-0.14831
0.592375	-0.117013
0.5925	-0.140285
0.592625	-0.080099
0.59275	-0.136272
0.592875	-0.121025
0.593	-0.108988
0.593125	-0.102568
0.59325	-0.108988
0.593375	-0.134668
0.5935	-0.104173
0.593625	-0.0913337
0.59375	-0.108186
0.593875	-0.108988
0.594	-0.133865
0.594125	-0.0841114
0.59425	-0.141087
0.594375	-0.113803
0.5945	-0.113001
0.594625	-0.105778
0.59475	-0.108988
0.594875	-0.104173
0.595	-0.0833089
0.595125	-0.12584
0.59525	-0.106581
0.595375	-0.0937411
0.5955	-0.125038
0.595625	-0.12584
0.59575	-0.096951
0.595875	-0.100963
0.596	-0.13226
0.596125	-0.125038
0.59625	-0.128248
0.596375	-0.112198
0.5965	-0.0825064
0.596625	-0.12584
0.59675	-0.0897287
0.596875	-0.108988
0.597	-0.105778
0.597125	-0.115408
0.59725	-0.128248
0.597375	-0.0953461
0.5975	-0.129853
0.597625	-0.0841114
0.59775	-0.107383
0.597875	-0.0937411
0.598	-0.0792965
0.598125	-0.100161
0.59825	-0.105778
0.598375	-0.104173
0.5985	-0.096951
0.598625	-0.14189
0.59875	-0.1451
0.598875	-0.0993585
0.599	-0.102568
0.599125	-0.13547
0.59925	-0.0897287
0.599375	-0.120223
0.5995	-0.116211
0.599625	-0.117815
0.59975	-0.140285
0.599875	-0.102568
0.6	-0.103371
0.600125	-0.12584
0.60025	-0.117013
0.600375	-0.0977535
0.6005	-0.0977535
0.600625	-0.0993585
0.60075	-0.0825064
0.600875	-0.121025
0.601	-0.137877
0.601125	-0.117815
0.60125	-0.102568
0.601375	-0.101766
0.6015	-0.11942
0.601625	-0.098556
0.60175	-0.152322
0.601875	-0.12584
0.602	-0.110593
0.602125	-0.14189
0.60225	-0.142692
0.602375	-0.109791
0.6025	-0.081704
0.602625	-0.0977535
0.60275	-0.0841114
0.602875	-0.104976
0.603	-0.12263
0.603125	-0.115408
0.60325	-0.106581
0.603375	-0.0849139
0.6035	-0.114606
0.603625	-0.098556
0.60375	-0.106581
0.603875	-0.11942
0.604	-0.13547
0.604125	-0.12263
0.60425	-0.098556
0.604375	-0.129853
0.6045	-0.124235
0.604625	-0.098556
0.60475	-0.0913337
0.604875	-0.101766
0.605	-0.102568
0.605125	-0.120223
0.60525	-0.104976
0.605375	-0.0953461
0.6055	-0.1451
0.605625	-0.0993585
0.60575	-0.108988
0.605875	-0.103371
0.606	-0.114606
0.606125	-0.098556
0.60625	-0.0768891
0.606375	-0.126643
0.6065	-0.0897287
0.606625	-0.124235
0.60675	-0.113803
0.606875	-0.0993585
0.607	-0.100963
0.607125	-0.143495
0.60725	-0.124235
0.607375	-0.11942
0.6075	-0.107383
0.607625	-0.117013
0.60775	-0.0905312
0.607875	-0.0929386
0.608	-0.121828
0.608125	-0.114606
0.60825	-0.106581
0.608375	-0.105778
0.6085	-0.106581
0.608625	-0.121828
0.60875	-0.137075
0.608875	-0.110593
0.609	-0.0961486
0.609125	-0.12263
0.60925	-0.11942
0.609375	-0.0977535
0.6095	-0.123433
0.609625	-0.104976
0.60975	-0.100161
0.609875	-0.102568
0.61	-0.114606
0.610125	-0.14189
0.61025	-0.0913337
0.610375	-0.0921362
0.6105	-0.117013
0.610625	-0.096951
0.61075	-0.0929386
0.610875	-0.0953461
0.611	-0.0977535
0.611125	-0.106581
0.61125	-0.117815
0.611375	-0.0937411
0.6115	-0.0993585
0.611625	-0.0865188
0.61175	-0.0881238
0.611875	-0.110593
0.612	-0.117013
0.612125	-0.0905312
0.61225	-0.0937411
0.612375	-0.0921362
0.6125	-0.0720742
0.612625	-0.112198
0.61275	-0.118618
0.612875	-0.0945436
0.613	-0.116211
0.613125	-0.0849139
0.61325	-0.0937411
0.613375	-0.0825064
0.6135	-0.115408
0.613625	-0.109791
0.61375	-0.096951
0.613875	-0.116211
0.614	-0.134668
0.614125	-0.104173
0.61425	-0.123433
0.614375	-0.100963
0.6145	-0.110593
0.614625	-0.127445
0.61475	-0.100161
0.614875	-0.115408
0.615	-0.0905312
0.615125	-0.100161
0.61525	-0.0664569
0.615375	-0.136272
0.6155	-0.129853
0.615625	-0.117013
0.61575	-0.0993585
0.615875	-0.0921362
0.616	-0.0873213
0.616125	-0.0945436
0.61625	-0.11942
0.616375	-0.110593
0.6165	-0.118618
0.616625	-0.13868
0.61675	-0.165964
0.616875	-0.136272
0.617	-0.106581
0.617125	-0.101766
0.61725	-0.113001
0.617375	-0.0913337
0.6175	-0.0776916
0.617625	-0.106581
0.61775	-0.101766
0.617875	-0.112198
0.618	-0.113001
0.618125	-0.103371
0.61825	-0.0792965
0.618375	-0.111396
0.6185	-0.0945436
0.618625	-0.145902
0.61875	-0.147507
0.618875	-0.1451
0.619	-0.106581
0.619125	-0.100963
0.61925	-0.0760866
0.619375	-0.0913337
0.6195	-0.115408
0.619625	-0.110593
0.61975	-0.0897287
0.619875	-0.12263
0.62	-0.0921362
0.620125	-0.100161
0.62025	-0.107383
0.620375	-0.0961486
0.6205	-0.117013
0.620625	-0.107383
0.62075	-0.0993585
0.620875	-0.078494
0.621	-0.133063
0.621125	-0.129853
0.62125	-0.123433
0.621375	-0.112198
0.6215	-0.127445
0.621625	-0.0913337
0.62175	-0.124235
0.621875	-0.0993585
0.622	-0.121025
0.622125	-0.115408
0.62225	-0.117815
0.622375	-0.116211
0.6225	-0.111396
0.622625	-0.107383
0.62275	-0.155532
0.622875	-0.0953461
0.623	-0.104976
0.623125	-0.100963
0.62325	-0.13547
0.623375	-0.129853
0.6235	-0.123433
0.623625	-0.0921362
0.62375	-0.157137
0.623875	-0.12584
0.624	-0.111396
0.624125	-0.078494
0.62425	-0.137877
0.624375	-0.108186
0.6245	-0.105778
0.624625	-0.100963
0.62475	-0.100963
0.624875	-0.0953461
0.625	-0.121025
0.625125	-0.13226
0.62525	-0.0929386
0.625375	-0.106581
0.6255	-0.107383
0.625625	-0.0953461
0.62575	-0.106581
0.625875	-0.128248
0.626	-0.0712717
0.626125	-0.115408
0.62625	-0.102568
0.626375	-0.0993585
0.6265	-0.125038
0.626625	-0.149112
0.62675	-0.098556
0.626875	-0.102568
0.627	-0.128248
0.627125	-0.143495
0.62725	-0.128248
0.627375	-0.104173
0.6275	-0.100963
0.627625	-0.0857163
0.62775	-0.118618
0.627875	-0.14189
0.628	-0.0776916
0.628125	-0.121025
0.62825	-0.0937411
0.628375	-0.120223
0.6285	-0.101766
0.628625	-0.0873213
0.62875	-0.0768891
0.628875	-0.112198
0.629	-0.133865
0.629125	-0.107383
0.62925	-0.0841114
0.629375	-0.127445
0.6295	-0.104173
0.629625	-0.104976
0.62975	-0.112198
0.629875	-0.0913337
0.63	-0.0865188
0.630125	-0.0977535
0.63025	-0.104173
0.630375	-0.107383
0.6305	-0.0953461
0.630625	-0.105778
0.63075	-0.108988
0.630875	-0.114606
0.631	-0.113001
0.631125	-0.101766
0.63125	-0.117815
0.631375	-0.0825064
0.6315	-0.0833089
0.631625	-0.103371
0.63175	-0.112198
0.631875	-0.12905
0.632	-0.116211
0.632125	-0.0993585
0.63225	-0.0929386
0.632375	-0.104976
0.6325	-0.113803
0.632625	-0.128248
0.63275	-0.0993585
0.632875	-0.101766
0.633	-0.0913337
0.633125	-0.154729
0.63325	-0.104173
0.633375	-0.112198
0.6335	-0.114606
0.633625	-0.117013
0.63375	-0.134668
0.633875	-0.0889263
0.634	-0.115408
0.634125	-0.114606
0.63425	-0.117013
0.634375	-0.115408
0.6345	-0.1451
0.634625	-0.100963
0.63475	-0.124235
0.634875	-0.100963
0.635	-0.0993585
0.635125	-0.115408
0.63525	-0.0977535
0.635375	-0.113001
0.6355	-0.102568
0.635625	-0.108186
0.63575	-0.113803
0.635875	-0.130655
0.636	-0.137877
0.636125	-0.126643
0.63625	-0.0865188
0.636375	-0.0961486
0.6365	-0.0961486
0.636625	-0.0953461
0.63675	-0.137877
0.636875	-0.112198
0.637	-0.12584
0.637125	-0.130655
0.63725	-0.117815
0.637375	-0.105778
0.6375	-0.134668
0.637625	-0.105778
0.63775	-0.0833089
0.637875	-0.112198
0.638	-0.0905312
0.638125	-0.098556
0.63825	-0.14189
0.638375	-0.0913337
0.6385	-0.117013
0.638625	-0.100963
0.63875	-0.117013
0.638875	-0.104976
0.639	-0.14189
0.639125	-0.0977535
0.63925	-0.0977535
0.639375	-0.0961486
0.6395	-0.108186
0.639625	-0.155532
0.63975	-0.123433
0.639875	-0.108186
0.64	-0.0921362
0.640125	-0.107383
0.64025	-0.100161
0.640375	-0.0913337
0.6405	-0.12263
0.640625	-0.102568
0.64075	-0.101766
0.640875	-0.118618
0.641	-0.121025
0.641125	-0.112198
0.64125	-0.118618
0.641375	-0.0792965
0.6415	-0.0937411
0.641625	-0.0929386
0.64175	-0.109791
0.641875	-0.100161
0.642	-0.108186
0.642125	-0.0961486
0.64225	-0.153124
0.642375	-0.169977
0.6425	-0.104173
0.642625	-0.114606
0.64275	-0.0945436
0.642875	-0.0857163
0.643	-0.0945436
0.643125	-0.11942
0.64325	-0.117013
0.643375	-0.121025
0.6435	-0.108988
0.643625	-0.108988
0.64375	-0.096951
0.643875	-0.0929386
0.644	-0.129853
0.644125	-0.117013
0.64425	-0.106581
0.644375	-0.098556
0.6445	-0.111396
0.644625	-0.113803
0.64475	-0.105778
0.644875	-0.104976
0.645	-0.12263
0.645125	-0.113001
0.64525	-0.1451
0.645375	-0.113803
0.6455	-0.0945436
0.645625	-0.108988
0.64575	-0.102568
0.645875	-0.111396
0.646	-0.13868
0.646125	-0.0889263
0.64625	-0.0961486
0.646375	-0.096951
0.6465	-0.102568
0.646625	-0.14189
0.64675	-0.123433
0.646875	-0.0937411
0.647	-0.150717
0.647125	-0.115408
0.64725	-0.104976
0.647375	-0.111396
0.6475	-0.117013
0.647625	-0.0833089
0.64775	-0.107383
0.647875	-0.100161
0.648	-0.128248
0.648125	-0.127445
0.64825	-0.110593
0.648375	-0.112198
0.6485	-0.0929386
0.648625	-0.0752841
0.64875	-0.137877
0.648875	-0.108186
0.649	-0.124235
0.649125	-0.109791
0.64925	-0.0953461
0.649375	-0.116211
0.6495	-0.121828
0.649625	-0.105778
0.64975	-0.116211
0.649875	-0.111396
0.65	-0.105778
0.650125	-0.130655
0.65025	-0.12584
0.650375	-0.117815
0.6505	-0.117013
0.650625	-0.101766
0.65075	-0.124235
0.650875	-0.137877
0.651	-0.103371
0.651125	-0.117013
0.65125	-0.108988
0.651375	-0.145902
0.6515	-0.141087
0.651625	-0.127445
0.65175	-0.136272
0.651875	-0.115408
0.652	-0.0809015
0.652125	-0.0857163
0.65225	-0.140285
0.652375	-0.129853
0.6525	-0.171581
0.652625	-0.0937411
0.65275	-0.101766
0.652875	-0.118618
0.653	-0.152322
0.653125	-0.120223
0.65325	-0.117815
0.653375	-0.0937411
0.6535	-0.0873213
0.653625	-0.120223
0.65375	-0.118618
0.653875	-0.12263
0.654	-0.118618
0.654125	-0.0929386
0.65425	-0.100161
0.654375	-0.121025
0.6545	-0.15152
0.654625	-0.107383
0.65475	-0.140285
0.654875	-0.100963
0.655	-0.109791
0.655125	-0.131458
0.65525	-0.143495
0.655375	-0.096951
0.6555	-0.104173
0.655625	-0.113001
0.65575	-0.137075
0.655875	-0.161952
0.656	-0.113001
0.656125	-0.100161
0.65625	-0.103371
0.656375	-0.0993585
0.6565	-0.134668
0.656625	-0.0865188
0.65675	-0.123433
0.656875	-0.108186
0.657	-0.110593
0.657125	-0.113803
0.65725	-0.115408
0.657375	-0.114606
0.6575	-0.114606
0.657625	-0.115408
0.65775	-0.0961486
0.657875	-0.110593
0.658	-0.140285
0.658125	-0.130655
0.65825	-0.111396
0.658375	-0.113803
0.6585	-0.12905
0.658625	-0.136272
0.65875	-0.12263
0.658875	-0.103371
0.659	-0.107383
0.659125	-0.0865188
0.65925	-0.113803
0.659375	-0.11942
0.6595	-0.109791
0.659625	-0.11942
0.65975	-0.117013
0.659875	-0.133865
0.66	-0.124235
0.660125	-0.108186
0.66025	-0.112198
0.660375	-0.12584
0.6605	-0.100161
0.660625	-0.115408
0.66075	-0.12263
0.660875	-0.108988
0.661	-0.105778
0.661125	-0.113803
0.66125	-0.0937411
0.661375	-0.0921362
0.6615	-0.106581
0.661625	-0.113001
0.66175	-0.137075
0.661875	-0.143495
0.662	-0.110593
0.662125	-0.12584
0.66225	-0.125038
0.662375	-0.13547
0.6625	-0.121828
0.662625	-0.133063
0.66275	-0.113001
0.662875	-0.12263
0.663	-0.121025
0.663125	-0.0961486
0.66325	-0.0857163
0.663375	-0.12584
0.6635	-0.108988
0.663625	-0.12905
0.66375	-0.101766
0.663875	-0.108186
0.664	-0.11942
0.664125	-0.108988
0.66425	-0.106581
0.664375	-0.120223
0.6645	-0.112198
0.664625	-0.12584
0.66475	-0.128248
0.664875	-0.130655
0.665	-0.109791
0.665125	-0.134668
0.66525	-0.113001
0.665375	-0.0961486
0.6655	-0.0961486
0.665625	-0.112198
0.66575	-0.121025
0.665875	-0.107383
0.666	-0.13547
0.666125	-0.108988
0.66625	-0.102568
0.666375	-0.146705
0.6665	-0.117815
0.666625	-0.123433
0.66675	-0.106581
0.666875	-0.0953461
0.667	-0.107383
0.667125	-0.124235
0.66725	-0.117815
0.667375	-0.133063
0.6675	-0.0913337
0.667625	-0.0953461
0.66775	-0.129853
0.667875	-0.126643
0.668	-0.137075
0.668125	-0.125038
0.66825	-0.0865188
0.668375	-0.113001
0.6685	-0.12263
0.668625	-0.125038
0.66875	-0.101766
0.668875	-0.103371
0.669	-0.114606
0.669125	-0.134668
0.66925	-0.103371
0.669375	-0.0889263
0.6695	-0.096951
0.669625	-0.104976
0.66975	-0.110593
0.669875	-0.104173
0.67	-0.116211
0.670125	-0.131458
0.67025	-0.0977535
0.670375	-0.100963
0.6705	-0.0857163
0.670625	-0.145902
0.67075	-0.115408
0.670875	-0.0905312
0.671	-0.110593
0.671125	-0.081704
0.67125	-0.146705
0.671375	-0.14189
0.6715	-0.116211
0.671625	-0.0921362
0.67175	-0.100963
0.671875	-0.140285
0.672	-0.110593
0.672125	-0.110593
0.67225	-0.105778
0.672375	-0.128248
0.6725	-0.11942
0.672625	-0.100161
0.67275	-0.123433
0.672875	-0.113803
0.673	-0.111396
0.673125	-0.0704693
0.67325	-0.100161
0.673375	-0.108988
0.6735	-0.130655
0.673625	-0.117013
0.67375	-0.103371
0.673875	-0.134668
0.674	-0.0977535
0.674125	-0.136272
0.67425	-0.136272
0.674375	-0.129853
0.6745	-0.0953461
0.674625	-0.112198
0.67475	-0.161149
0.674875	-0.152322
0.675	-0.0945436
0.675125	-0.0833089
0.67525	-0.0913337
0.675375	-0.113001
0.6755	-0.127445
0.675625	-0.14831
0.67575	-0.133865
0.675875	-0.105778
0.676	-0.103371
0.676125	-0.0937411
0.67625	-0.121828
0.676375	-0.145902
0.6765	-0.117013
0.676625	-0.0905312
0.67675	-0.108186
0.676875	-0.11942
0.677	-0.125038
0.677125	-0.142692
0.67725	-0.104976
0.677375	-0.125038
0.6775	-0.120223
0.677625	-0.114606
0.67775	-0.128248
0.677875	-0.141087
0.678	-0.100161
0.678125	-0.117013
0.67825	-0.137877
0.678375	-0.141087
0.6785	-0.108186
0.678625	-0.133865
0.67875	-0.098556
0.678875	-0.0680618
0.679	-0.12905
0.679125	-0.100963
0.67925	-0.13226
0.679375	-0.0961486
0.6795	-0.0961486
0.679625	-0.120223
0.67975	-0.0961486
0.679875	-0.144297
0.68	-0.113001
0.680125	-0.117815
0.68025	-0.0873213
0.680375	-0.14189
0.6805	-0.121828
0.680625	-0.100963
0.68075	-0.110593
0.680875	-0.159544
0.681	-0.105778
0.681125	-0.111396
0.68125	-0.096951
0.681375	-0.113803
0.6815	-0.139482
0.681625	-0.0921362
0.68175	-0.13226
0.681875	-0.130655
0.682	-0.103371
0.682125	-0.108988
0.68225	-0.100963
0.682375	-0.111396
0.6825	-0.0977535
0.682625	-0.133865
0.68275	-0.11942
0.682875	-0.109791
0.683	-0.098556
0.683125	-0.128248
0.68325	-0.112198
0.683375	-0.125038
0.6835	-0.116211
0.683625	-0.109791
0.68375	-0.117013
0.683875	-0.0929386
0.684	-0.126643
0.684125	-0.117013
0.68425	-0.0993585
0.684375	-0.120223
0.6845	-0.096951
0.684625	-0.0841114
0.68475	-0.12584
0.684875	-0.108186
0.685	-0.096951
0.685125	-0.121025
0.68525	-0.0792965
0.685375	-0.111396
0.6855	-0.106581
0.685625	-0.129853
0.68575	-0.0929386
0.685875	-0.13547
0.686	-0.0857163
0.686125	-0.11942
0.68625	-0.115408
0.686375	-0.100963
0.6865	-0.0993585
0.686625	-0.121025
0.68675	-0.0881238
0.686875	-0.127445
0.687	-0.123433
0.687125	-0.104173
0.68725	-0.113001
0.687375	-0.0913337
0.6875	-0.100963
0.687625	-0.12584
0.68775	-0.103371
0.687875	-0.104976
0.688	-0.125038
0.688125	-0.123433
0.68825	-0.112198
0.688375	-0.110593
0.6885	-0.108988
0.688625	-0.0881238
0.68875	-0.110593
0.688875	-0.133865
0.689	-0.120223
0.689125	-0.134668
0.68925	-0.158742
0.689375	-0.0921362
0.6895	-0.113803
0.689625	-0.131458
0.68975	-0.107383
0.689875	-0.096951
0.69	-0.128248
0.690125	-0.096951
0.69025	-0.103371
0.690375	-0.0993585
0.6905	-0.12905
0.690625	-0.121025
0.69075	-0.117013
0.690875	-0.0865188
0.691	-0.104976
0.691125	-0.133063
0.69125	-0.115408
0.691375	-0.115408
0.6915	-0.109791
0.691625	-0.115408
0.69175	-0.106581
0.691875	-0.118618
0.692	-0.127445
0.692125	-0.111396
0.69225	-0.112198
0.692375	-0.0953461
0.6925	-0.143495
0.692625	-0.126643
0.69275	-0.110593
0.692875	-0.0977535
0.693	-0.0849139
0.693125	-0.110593
0.69325	-0.12905
0.693375	-0.123433
0.6935	-0.12905
0.693625	-0.102568
0.69375	-0.102568
0.693875	-0.127445
0.694	-0.146705
0.694125	-0.133865
0.69425	-0.12584
0.694375	-0.0945436
0.6945	-0.115408
0.694625	-0.129853
0.69475	-0.111396
0.694875	-0.140285
0.695	-0.111396
0.695125	-0.105778
0.69525	-0.126643
0.695375	-0.137075
0.6955	-0.0993585
0.695625	-0.098556
0.69575	-0.120223
0.695875	-0.104976
0.696	-0.116211
0.696125	-0.0937411
0.69625	-0.112198
0.696375	-0.104976
0.6965	-0.124235
0.696625	-0.127445
0.69675	-0.117013
0.696875	-0.108186
0.697	-0.105778
0.697125	-0.107383
0.69725	-0.104173
0.697375	-0.106581
0.6975	-0.12905
0.697625	-0.13226
0.69775	-0.128248
0.697875	-0.115408
0.698	-0.13547
0.698125	-0.134668
0.69825	-0.123433
0.698375	-0.105778
0.6985	-0.121025
0.698625	-0.109791
0.69875	-0.114606
0.698875	-0.156334
0.699	-0.145902
0.699125	-0.13547
0.69925	-0.110593
0.699375	-0.0945436
0.6995	-0.126643
0.699625	-0.108988
0.69975	-0.141087
0.699875	-0.117013
0.7	-0.12263
0.700125	-0.105778
0.70025	-0.121828
0.700375	-0.140285
0.7005	-0.152322
0.700625	-0.11942
0.70075	-0.117815
0.700875	-0.131458
0.701	-0.121828
0.701125	-0.121025
0.70125	-0.106581
0.701375	-0.116211
0.7015	-0.104173
0.701625	-0.116211
0.70175	-0.147507
0.701875	-0.116211
0.702	-0.117815
0.702125	-0.101766
0.70225	-0.0921362
0.702375	-0.13226
0.7025	-0.113803
0.702625	-0.117815
0.70275	-0.127445
0.702875	-0.111396
0.703	-0.100161
0.703125	-0.127445
0.70325	-0.114606
0.703375	-0.125038
0.7035	-0.14189
0.703625	-0.108988
0.70375	-0.102568
0.703875	-0.113803
0.704	-0.133063
0.704125	-0.130655
0.70425	-0.112198
0.704375	-0.121828
0.7045	-0.131458
0.704625	-0.118618
0.70475	-0.12263
0.704875	-0.13868
0.705	-0.137075
0.705125	-0.116211
0.70525	-0.142692
0.705375	-0.13547
0.7055	-0.0993585
0.705625	-0.0961486
0.70575	-0.139482
0.705875	-0.0921362
0.706	-0.13226
0.706125	-0.113803
0.70625	-0.121828
0.706375	-0.12584
0.7065	-0.109791
0.706625	-0.117815
0.70675	-0.114606
0.706875	-0.111396
0.707	-0.121025
0.707125	-0.106581
0.70725	-0.11942
0.707375	-0.128248
0.7075	-0.098556
0.707625	-0.137877
0.70775	-0.108988
0.707875	-0.113001
0.708	-0.104173
0.708125	-0.137877
0.70825	-0.124235
0.708375	-0.111396
0.7085	-0.105778
0.708625	-0.117013
0.70875	-0.123433
0.708875	-0.15152
0.709	-0.137877
0.709125	-0.12584
0.70925	-0.0921362
0.709375	-0.108186
0.7095	-0.162754
0.709625	-0.141087
0.70975	-0.139482
0.709875	-0.109791
0.71	-0.080099
0.710125	-0.13226
0.71025	-0.13868
0.710375	-0.152322
0.7105	-0.117013
0.710625	-0.155532
0.71075	-0.0897287
0.710875	-0.0953461
0.711	-0.12905
0.711125	-0.130655
0.71125	-0.0945436
0.711375	-0.104976
0.7115	-0.0937411
0.711625	-0.110593
0.71175	-0.139482
0.711875	-0.0945436
0.712	-0.0961486
0.712125	-0.0977535
0.71225	-0.12263
0.712375	-0.126643
0.7125	-0.109791
0.712625	-0.136272
0.71275	-0.112198
0.712875	-0.0809015
0.713	-0.114606
0.713125	-0.123433
0.71325	-0.115408
0.713375	-0.125038
0.7135	-0.105778
0.713625	-0.0945436
0.71375	-0.110593
0.713875	-0.144297
0.714	-0.100161
0.714125	-0.0897287
0.71425	-0.106581
0.714375	-0.133063
0.7145	-0.13868
0.714625	-0.107383
0.71475	-0.128248
0.714875	-0.125038
0.715	-0.0993585
0.715125	-0.114606
0.71525	-0.114606
0.715375	-0.117013
0.7155	-0.11942
0.715625	-0.128248
0.71575	-0.115408
0.715875	-0.131458
0.716	-0.114606
0.716125	-0.114606
0.71625	-0.102568
0.716375	-0.100963
0.7165	-0.125038
0.716625	-0.139482
0.71675	-0.0744817
0.716875	-0.0929386
0.717	-0.098556
0.717125	-0.104976
0.71725	-0.124235
0.717375	-0.0825064
0.7175	-0.107383
0.717625	-0.0961486
0.71775	-0.0873213
0.717875	-0.101766
0.718	-0.125038
0.718125	-0.124235
0.71825	-0.123433
0.718375	-0.109791
0.7185	-0.0897287
0.718625	-0.0953461
0.71875	-0.104173
0.718875	-0.115408
0.719	-0.104976
0.719125	-0.104173
0.71925	-0.121025
0.719375	-0.117815
0.7195	-0.110593
0.719625	-0.098556
0.71975	-0.0953461
0.719875	-0.101766
0.72	-0.0889263
0.720125	-0.152322
0.72025	-0.102568
0.720375	-0.0945436
0.7205	-0.0945436
0.720625	-0.113803
0.72075	-0.128248
0.720875	-0.121025
0.721	-0.106581
0.721125	-0.141087
0.72125	-0.130655
0.721375	-0.136272
0.7215	-0.0865188
0.721625	-0.101766
0.72175	-0.114606
0.721875	-0.11942
0.722	-0.12263
0.722125	-0.101766
0.72225	-0.106581
0.722375	-0.100161
0.7225	-0.130655
0.722625	-0.0897287
0.72275	-0.0704693
0.722875	-0.108988
0.723	-0.117013
0.723125	-0.104173
0.72325	-0.0865188
0.723375	-0.106581
0.7235	-0.112198
0.723625	-0.103371
0.72375	-0.104976
0.723875	-0.0873213
0.724	-0.104976
0.724125	-0.0752841
0.72425	-0.120223
0.724375	-0.137075
0.7245	-0.100161
0.724625	-0.100161
0.72475	-0.113001
0.724875	-0.0792965
0.725	-0.0945436
0.725125	-0.113001
0.72525	-0.117013
0.725375	-0.12905
0.7255	-0.120223
0.725625	-0.0792965
0.72575	-0.13547
0.725875	-0.118618
0.726	-0.0977535
0.726125	-0.121025
0.72625	-0.108186
0.726375	-0.111396
0.7265	-0.106581
0.726625	-0.113001
0.72675	-0.102568
0.726875	-0.110593
0.727	-0.100963
0.727125	-0.0889263
0.72725	-0.104976
0.727375	-0.108186
0.7275	-0.121828
0.727625	-0.121828
0.72775	-0.098556
0.727875	-0.104976
0.728	-0.118618
0.728125	-0.12263
0.72825	-0.13547
0.728375	-0.102568
0.7285	-0.0977535
0.728625	-0.098556
0.72875	-0.129853
0.728875	-0.100161
0.729	-0.0945436
0.729125	-0.112198
0.72925	-0.0953461
0.729375	-0.098556
0.7295	-0.130655
0.729625	-0.0881238
0.72975	-0.114606
0.729875	-0.0921362
0.73	-0.11942
0.730125	-0.112198
0.73025	-0.174791
0.730375	-0.116211
0.7305	-0.104173
0.730625	-0.0792965
0.73075	-0.096951
0.730875	-0.120223
0.731	-0.144297
0.731125	-0.118618
0.73125	-0.112198
0.731375	-0.0993585
0.7315	-0.128248
0.731625	-0.100963
0.73175	-0.113803
0.731875	-0.104976
0.732	-0.108186
0.732125	-0.129853
0.73225	-0.120223
0.732375	-0.111396
0.7325	-0.0905312
0.732625	-0.107383
0.73275	-0.0913337
0.732875	-0.116211
0.733	-0.098556
0.733125	-0.115408
0.73325	-0.167569
0.733375	-0.104173
0.7335	-0.0961486
0.733625	-0.111396
0.73375	-0.116211
0.733875	-0.116211
0.734	-0.114606
0.734125	-0.14831
0.73425	-0.130655
0.734375	-0.12263
0.7345	-0.12905
0.734625	-0.127445
0.73475	-0.0977535
0.734875	-0.120223
0.735	-0.141087
0.735125	-0.104173
0.73525	-0.117013
0.735375	-0.117815
0.7355	-0.0809015
0.735625	-0.098556
0.73575	-0.107383
0.735875	-0.0977535
0.736	-0.0921362
0.736125	-0.100161
0.73625	-0.0881238
0.736375	-0.098556
0.7365	-0.157137
0.736625	-0.116211
0.73675	-0.108186
0.736875	-0.128248
0.737	-0.14831
0.737125	-0.115408
0.73725	-0.115408
0.737375	-0.100161
0.7375	-0.14189
0.737625	-0.0921362
0.73775	-0.12584
0.737875	-0.113803
0.738	-0.11942
0.738125	-0.115408
0.73825	-0.100161
0.738375	-0.111396
0.7385	-0.128248
0.738625	-0.118618
0.73875	-0.126643
0.738875	-0.116211
0.739	-0.108186
0.739125	-0.121828
0.73925	-0.113001
0.739375	-0.107383
0.7395	-0.0993585
0.739625	-0.117013
0.73975	-0.0865188
0.739875	-0.096951
0.74	-0.137075
0.740125	-0.113001
0.74025	-0.134668
0.740375	-0.100161
0.7405	-0.0945436
0.740625	-0.100963
0.74075	-0.12263
0.740875	-0.149112
0.741	-0.13868
0.741125	-0.155532
0.74125	-0.0977535
0.741375	-0.11942
0.7415	-0.11942
0.741625	-0.100161
0.74175	-0.100963
0.741875	-0.108988
0.742	-0.117815
0.742125	-0.115408
0.74225	-0.106581
0.742375	-0.0937411
0.7425	-0.109791
0.742625	-0.106581
0.74275	-0.124235
0.742875	-0.104173
0.743	-0.113803
0.743125	-0.121828
0.74325	-0.111396
0.743375	-0.0881238
0.7435	-0.0849139
0.743625	-0.133063
0.74375	-0.118618
0.743875	-0.12905
0.744	-0.100161
0.744125	-0.133063
0.74425	-0.116211
0.744375	-0.0993585
0.7445	-0.100963
0.744625	-0.100161
0.74475	-0.115408
0.744875	-0.100161
0.745	-0.133865
0.745125	-0.100161
0.74525	-0.109791
0.745375	-0.113803
0.7455	-0.112198
0.745625	-0.0929386
0.74575	-0.12584
0.745875	-0.116211
0.746	-0.128248
0.746125	-0.130655
0.74625	-0.0977535
0.746375	-0.117815
0.7465	-0.124235
0.746625	-0.106581
0.74675	-0.117013
0.746875	-0.102568
0.747	-0.0937411
0.747125	-0.108988
0.74725	-0.104976
0.747375	-0.13226
0.7475	-0.12263
0.747625	-0.105778
0.74775	-0.105778
0.747875	-0.133865
0.748	-0.096951
0.748125	-0.0865188
0.74825	-0.112198
0.748375	-0.0881238
0.7485	-0.101766
0.748625	-0.129853
0.74875	-0.081704
0.748875	-0.131458
0.749	-0.098556
0.749125	-0.105778
0.74925	-0.12263
0.749375	-0.117815
0.7495	-0.15152
0.749625	-0.131458
0.74975	-0.0897287
0.749875	-0.101766
0.75	-0.096951
0.750125	-0.113803
0.75025	-0.0776916
0.750375	-0.124235
0.7505	-0.0865188
0.750625	-0.112198
0.75075	-0.113803
0.750875	-0.101766
0.751	-0.131458
0.751125	-0.1451
0.75125	-0.0913337
0.751375	-0.158742
0.7515	-0.158742
0.751625	-0.102568
0.75175	-0.110593
0.751875	-0.11942
0.752	-0.134668
0.752125	-0.0977535
0.75225	-0.110593
0.752375	-0.0993585
0.7525	-0.118618
0.752625	-0.103371
0.75275	-0.117013
0.752875	-0.0993585
0.753	-0.102568
0.753125	-0.118618
0.75325	-0.112198
0.753375	-0.108988
0.7535	-0.109791
0.753625	-0.134668
0.75375	-0.0953461
0.753875	-0.108988
0.754	-0.142692
0.754125	-0.154729
0.75425	-0.14831
0.754375	-0.133063
0.7545	-0.12905
0.754625	-0.13226
0.75475	-0.107383
0.754875	-0.131458
0.755	-0.107383
0.755125	-0.134668
0.75525	-0.128248
0.755375	-0.137075
0.7555	-0.11942
0.755625	-0.105778
0.75575	-0.100963
0.755875	-0.0953461
0.756	-0.121025
0.756125	-0.121828
0.75625	-0.107383
0.756375	-0.144297
0.7565	-0.113803
0.756625	-0.109791
0.75675	-0.133865
0.756875	-0.110593
0.757	-0.0881238
0.757125	-0.130655
0.75725	-0.116211
0.757375	-0.0881238
0.7575	-0.104976
0.757625	-0.104976
0.75775	-0.116211
0.757875	-0.136272
0.758	-0.0744817
0.758125	-0.109791
0.75825	-0.0897287
0.758375	-0.0993585
0.7585	-0.100963
0.758625	-0.0929386
0.75875	-0.108988
0.758875	-0.098556
0.759	-0.105778
0.759125	-0.108186
0.75925	-0.100963
0.759375	-0.104976
0.7595	-0.102568
0.759625	-0.118618
0.75975	-0.117815
0.759875	-0.114606
0.76	-0.140285
0.760125	-0.0993585
0.76025	-0.101766
0.760375	-0.123433
0.7605	-0.125038
0.760625	-0.117815
0.76075	-0.0993585
0.760875	-0.112198
0.761	-0.0672594
0.761125	-0.129853
0.76125	-0.124235
0.761375	-0.109791
0.7615	-0.096951
0.761625	-0.107383
0.76175	-0.104173
0.761875	-0.110593
0.762	-0.1451
0.762125	-0.116211
0.76225	-0.145902
0.762375	-0.080099
0.7625	-0.100963
0.762625	-0.125038
0.76275	-0.120223
0.762875	-0.0905312
0.763	-0.108988
0.763125	-0.106581
0.76325	-0.0921362
0.763375	-0.105778
0.7635	-0.0977535
0.763625	-0.108988
0.76375	-0.0728767
0.763875	-0.102568
0.764	-0.0921362
0.764125	-0.12584
0.76425	-0.0897287
0.764375	-0.117013
0.7645	-0.142692
0.764625	-0.109791
0.76475	-0.0953461
0.764875	-0.0897287
0.765	-0.0881238
0.765125	-0.104173
0.76525	-0.0776916
0.765375	-0.0881238
0.7655	-0.109791
0.765625	-0.118618
0.76575	-0.117815
0.765875	-0.106581
0.766	-0.0937411
0.766125	-0.102568
0.76625	-0.101766
0.766375	-0.0873213
0.7665	-0.100963
0.766625	-0.0953461
0.76675	-0.103371
0.766875	-0.114606
0.767	-0.105778
0.767125	-0.100161
0.76725	-0.096951
0.767375	-0.14189
0.7675	-0.105778
0.767625	-0.133063
0.76775	-0.108186
0.767875	-0.104976
0.768	-0.102568
0.768125	-0.0792965
0.76825	-0.0889263
0.768375	-0.118618
0.7685	-0.113803
0.768625	-0.0945436
0.76875	-0.147507
0.768875	-0.104976
0.769	-0.114606
0.769125	-0.123433
0.76925	-0.102568
0.769375	-0.0809015
0.7695	-0.0648519
0.769625	-0.134668
0.76975	-0.100963
0.769875	-0.109791
0.77	-0.0760866
0.770125	-0.096951
0.77025	-0.111396
0.770375	-0.124235
0.7705	-0.105778
0.770625	-0.102568
0.77075	-0.108186
0.770875	-0.117815
0.771	-0.101766
0.771125	-0.0977535
0.77125	-0.14189
0.771375	-0.174791
0.7715	-0.12263
0.771625	-0.0993585
0.77175	-0.0961486
0.771875	-0.114606
0.772	-0.0977535
0.772125	-0.104976
0.77225	-0.108186
0.772375	-0.0937411
0.7725	-0.115408
0.772625	-0.116211
0.77275	-0.111396
0.772875	-0.110593
0.773	-0.108186
0.773125	-0.100963
0.77325	-0.0921362
0.773375	-0.113001
0.7735	-0.105778
0.773625	-0.0897287
0.77375	-0.0768891
0.773875	-0.0953461
0.774	-0.0977535
0.774125	-0.0977535
0.77425	-0.13868
0.774375	-0.126643
0.7745	-0.0993585
0.774625	-0.115408
0.77475	-0.124235
0.774875	-0.0921362
0.775	-0.106581
0.775125	-0.13547
0.77525	-0.104173
0.775375	-0.133865
0.7755	-0.0873213
0.775625	-0.115408
0.77575	-0.109791
0.775875	-0.109791
0.776	-0.0977535
0.776125	-0.113001
0.77625	-0.0977535
0.776375	-0.0833089
0.7765	-0.117815
0.776625	-0.114606
0.77675	-0.12263
0.776875	-0.100963
0.777	-0.096951
0.777125	-0.158742
0.77725	-0.129853
0.777375	-0.0881238
0.7775	-0.115408
0.777625	-0.115408
0.77775	-0.108988
0.777875	-0.0833089
0.778	-0.0953461
0.778125	-0.0897287
0.77825	-0.111396
0.778375	-0.123433
0.7785	-0.0905312
0.778625	-0.113803
0.77875	-0.108988
0.778875	-0.0953461
0.779	-0.108988
0.779125	-0.100161
0.77925	-0.100161
0.779375	-0.111396
0.7795	-0.0905312
0.779625	-0.0905312
0.77975	-0.127445
0.779875	-0.112198
0.78	-0.105778
0.780125	-0.145902
0.78025	-0.081704
0.780375	-0.121025
0.7805	-0.118618
0.780625	-0.0929386
0.78075	-0.116211
0.780875	-0.128248
0.781	-0.106581
0.781125	-0.104976
0.78125	-0.0929386
0.781375	-0.124235
0.7815	-0.131458
0.781625	-0.11942
0.78175	-0.12263
0.781875	-0.13547
0.782	-0.109791
0.782125	-0.100963
0.78225	-0.0961486
0.782375	-0.14189
0.7825	-0.109791
0.782625	-0.0921362
0.78275	-0.108988
0.782875	-0.0921362
0.783	-0.0921362
0.783125	-0.096951
0.78325	-0.15152
0.783375	-0.0873213
0.7835	-0.139482
0.783625	-0.101766
0.78375	-0.114606
0.783875	-0.0921362
0.784	-0.131458
0.784125	-0.0953461
0.78425	-0.0993585
0.784375	-0.0929386
0.7845	-0.0897287
0.784625	-0.0889263
0.78475	-0.11942
0.784875	-0.101766
0.785	-0.0841114
0.785125	-0.098556
0.78525	-0.112198
0.785375	-0.105778
0.7855	-0.113803
0.785625	-0.123433
0.78575	-0.12584
0.785875	-0.0953461
0.786	-0.116211
0.786125	-0.111396
0.78625	-0.12263
0.786375	-0.0760866
0.7865	-0.143495
0.786625	-0.117013
0.78675	-0.116211
0.786875	-0.12584
0.787	-0.12263
0.787125	-0.0841114
0.78725	-0.120223
0.787375	-0.11942
0.7875	-0.149915
0.787625	-0.0937411
0.78775	-0.121025
0.787875	-0.139482
0.788	-0.107383
0.788125	-0.114606
0.78825	-0.106581
0.788375	-0.124235
0.7885	-0.13868
0.788625	-0.120223
0.78875	-0.0913337
0.788875	-0.163557
0.789	-0.107383
0.789125	-0.112198
0.78925	-0.0841114
0.789375	-0.116211
0.7895	-0.116211
0.789625	-0.121025
0.78975	-0.102568
0.789875	-0.109791
0.79	-0.106581
0.790125	-0.109791
0.79025	-0.104173
0.790375	-0.126643
0.7905	-0.110593
0.790625	-0.0921362
0.79075	-0.112198
0.790875	-0.111396
0.791	-0.121828
0.791125	-0.120223
0.79125	-0.0977535
0.791375	-0.0841114
0.7915	-0.0993585
0.791625	-0.108988
0.79175	-0.112198
0.791875	-0.0993585
0.792	-0.104976
0.792125	-0.0873213
0.79225	-0.0809015
0.792375	-0.123433
0.7925	-0.0993585
0.792625	-0.111396
0.79275	-0.0945436
0.792875	-0.115408
0.793	-0.0937411
0.793125	-0.116211
0.79325	-0.103371
0.793375	-0.100161
0.7935	-0.128248
0.793625	-0.0945436
0.79375	-0.100963
0.793875	-0.103371
0.794	-0.103371
0.794125	-0.115408
0.79425	-0.108988
0.794375	-0.108988
0.7945	-0.0921362
0.794625	-0.121025
0.79475	-0.121025
0.794875	-0.108186
0.795	-0.106581
0.795125	-0.105778
0.79525	-0.0857163
0.795375	-0.0905312
0.7955	-0.0849139
0.795625	-0.111396
0.79575	-0.128248
0.795875	-0.126643
0.796	-0.139482
0.796125	-0.120223
0.79625	-0.0841114
0.796375	-0.116211
0.7965	-0.0760866
0.796625	-0.105778
0.79675	-0.12584
0.796875	-0.153124
0.797	-0.117815
0.797125	-0.121025
0.79725	-0.0905312
0.797375	-0.123433
0.7975	-0.0849139
0.797625	-0.0857163
0.79775	-0.101766
0.797875	-0.0809015
0.798	-0.12584
0.798125	-0.12584
0.79825	-0.0865188
0.798375	-0.0873213
0.7985	-0.117013
0.798625	-0.123433
0.79875	-0.12263
0.798875	-0.111396
0.799	-0.123433
0.799125	-0.109791
0.79925	-0.0937411
0.799375	-0.113001
0.7995	-0.113001
0.799625	-0.0993585
0.79975	-0.0993585
0.799875	-0.0953461
0.8	-0.107383
0.800125	-0.113001
0.80025	-0.12584
0.800375	-0.0921362
0.8005	-0.0825064
0.800625	-0.110593
0.80075	-0.104173
0.800875	-0.0905312
0.801	-0.114606
0.801125	-0.0809015
0.80125	-0.115408
0.801375	-0.108186
0.8015	-0.109791
0.801625	-0.117013
0.80175	-0.0961486
0.801875	-0.0961486
0.802	-0.0752841
0.802125	-0.098556
0.80225	-0.0752841
0.802375	-0.0881238
0.8025	-0.0953461
0.802625	-0.104173
0.80275	-0.12905
0.802875	-0.100161
0.803	-0.0897287
0.803125	-0.12584
0.80325	-0.134668
0.803375	-0.12584
0.8035	-0.13226
0.803625	-0.105778
0.80375	-0.096951
0.803875	-0.117815
0.804	-0.109791
0.804125	-0.0977535
0.80425	-0.0865188
0.804375	-0.100161
0.8045	-0.123433
0.804625	-0.113803
0.80475	-0.115408
0.804875	-0.0881238
0.805	-0.0905312
0.805125	-0.112198
0.80525	-0.0937411
0.805375	-0.121025
0.8055	-0.0929386
0.805625	-0.129853
0.80575	-0.113001
0.805875	-0.107383
0.806	-0.104173
0.806125	-0.107383
0.80625	-0.142692
0.806375	-0.100963
0.8065	-0.102568
0.806625	-0.100161
0.80675	-0.098556
0.806875	-0.103371
0.807	-0.139482
0.807125	-0.0841114
0.80725	-0.0977535
0.807375	-0.103371
0.8075	-0.0913337
0.807625	-0.081704
0.80775	-0.0792965
0.807875	-0.0913337
0.808	-0.127445
0.808125	-0.0945436
0.80825	-0.12584
0.808375	-0.0913337
0.8085	-0.0937411
0.808625	-0.0833089
0.80875	-0.101766
0.808875	-0.128248
0.809	-0.0889263
0.809125	-0.107383
0.80925	-0.0913337
0.809375	-0.104173
0.8095	-0.137075
0.809625	-0.108988
0.80975	-0.100161
0.809875	-0.0881238
0.81	-0.104173
0.810125	-0.126643
0.81025	-0.124235
0.810375	-0.111396
0.8105	-0.113001
0.810625	-0.112198
0.81075	-0.145902
0.810875	-0.100963
0.811	-0.0977535
0.811125	-0.100161
0.81125	-0.0849139
0.811375	-0.126643
0.8115	-0.108186
0.811625	-0.100963
0.81175	-0.101766
0.811875	-0.118618
0.812	-0.100161
0.812125	-0.117815
0.81225	-0.121025
0.812375	-0.101766
0.8125	-0.0752841
0.812625	-0.106581
0.81275	-0.0945436
0.812875	-0.113803
0.813	-0.113001
0.813125	-0.0704693
0.81325	-0.0897287
0.813375	-0.110593
0.8135	-0.098556
0.813625	-0.114606
0.81375	-0.157939
0.813875	-0.098556
0.814	-0.096951
0.814125	-0.12905
0.81425	-0.117815
0.814375	-0.0760866
0.8145	-0.0897287
0.814625	-0.116211
0.81475	-0.121828
0.814875	-0.111396
0.815	-0.108988
0.815125	-0.129853
0.81525	-0.126643
0.815375	-0.100161
0.8155	-0.0961486
0.815625	-0.114606
0.81575	-0.113803
0.815875	-0.112198
0.816	-0.0993585
0.816125	-0.0961486
0.81625	-0.106581
0.816375	-0.121828
0.8165	-0.100161
0.816625	-0.114606
0.81675	-0.117815
0.816875	-0.149112
0.817	-0.108988
0.817125	-0.105778
0.81725	-0.0905312
0.817375	-0.144297
0.8175	-0.0937411
0.817625	-0.0873213
0.81775	-0.103371
0.817875	-0.120223
0.818	-0.112198
0.818125	-0.109791
0.81825	-0.100963
0.818375	-0.159544
0.8185	-0.104976
0.818625	-0.0776916
0.81875	-0.118618
0.818875	-0.110593
0.819	-0.0977535
0.819125	-0.126643
0.81925	-0.0945436
0.819375	-0.0945436
0.8195	-0.113001
0.819625	-0.0977535
0.81975	-0.123433
0.819875	-0.110593
0.82	-0.104173
0.820125	-0.108186
0.82025	-0.0937411
0.820375	-0.0841114
0.8205	-0.11942
0.820625	-0.139482
0.82075	-0.106581
0.820875	-0.142692
0.821	-0.098556
0.821125	-0.0873213
0.82125	-0.101766
0.821375	-0.0929386
0.8215	-0.096951
0.821625	-0.12905
0.82175	-0.0809015
0.821875	-0.103371
0.822	-0.108186
0.822125	-0.12905
0.82225	-0.13547
0.822375	-0.0961486
0.8225	-0.0953461
0.822625	-0.0833089
0.82275	-0.128248
0.822875	-0.114606
0.823	-0.115408
0.823125	-0.0953461
0.82325	-0.107383
0.823375	-0.100963
0.8235	-0.0921362
0.823625	-0.0841114
0.82375	-0.112198
0.823875	-0.120223
0.824	-0.0897287
0.824125	-0.0993585
0.82425	-0.104173
0.824375	-0.0977535
0.8245	-0.144297
0.824625	-0.098556
0.82475	-0.115408
0.824875	-0.113803
0.825	-0.104976
0.825125	-0.104173
0.82525	-0.11942
0.825375	-0.108186
0.8255	-0.100963
0.825625	-0.123433
0.82575	-0.131458
0.825875	-0.0865188
0.826	-0.0937411
0.826125	-0.143495
0.82625	-0.109791
0.826375	-0.0736792
0.8265	-0.113803
0.826625	-0.12263
0.82675	-0.12263
0.826875	-0.11942
0.827	-0.118618
0.827125	-0.130655
0.82725	-0.108988
0.827375	-0.102568
0.8275	-0.0993585
0.827625	-0.106581
0.82775	-0.137877
0.827875	-0.12263
0.828	-0.101766
0.828125	-0.126643
0.82825	-0.098556
0.828375	-0.133063
0.8285	-0.102568
0.828625	-0.100963
0.82875	-0.0913337
0.828875	-0.113803
0.829	-0.12905
0.829125	-0.0897287
0.82925	-0.114606
0.829375	-0.0961486
0.8295	-0.115408
0.829625	-0.096951
0.82975	-0.0945436
0.829875	-0.101766
0.83	-0.116211
0.830125	-0.113001
0.83025	-0.0929386
0.830375	-0.104976
0.8305	-0.117815
0.830625	-0.111396
0.83075	-0.127445
0.830875	-0.0937411
0.831	-0.104173
0.831125	-0.117013
0.83125	-0.118618
0.831375	-0.12584
0.8315	-0.121025
0.831625	-0.0961486
0.83175	-0.113803
0.831875	-0.109791
0.832	-0.113001
0.832125	-0.120223
0.83225	-0.105778
0.832375	-0.102568
0.8325	-0.110593
0.832625	-0.103371
0.83275	-0.11942
0.832875	-0.0993585
0.833	-0.100963
0.833125	-0.100963
0.83325	-0.080099
0.833375	-0.1451
0.8335	-0.121025
0.833625	-0.12263
0.83375	-0.0841114
0.833875	-0.128248
0.834	-0.111396
0.834125	-0.120223
0.83425	-0.0905312
0.834375	-0.115408
0.8345	-0.120223
0.834625	-0.0889263
0.83475	-0.112198
0.834875	-0.100161
0.835	-0.12584
0.835125	-0.104173
0.83525	-0.0961486
0.835375	-0.104976
0.8355	-0.112198
0.835625	-0.100161
0.83575	-0.110593
0.835875	-0.0881238
0.836	-0.129853
0.836125	-0.115408
0.83625	-0.106581
0.836375	-0.102568
0.8365	-0.106581
0.836625	-0.100161
0.83675	-0.104173
0.836875	-0.140285
0.837	-0.110593
0.837125	-0.106581
0.83725	-0.112198
0.837375	-0.0921362
0.8375	-0.129853
0.837625	-0.120223
0.83775	-0.156334
0.837875	-0.102568
0.838	-0.125038
0.838125	-0.129853
0.83825	-0.123433
0.838375	-0.113803
0.8385	-0.104173
0.838625	-0.133865
0.83875	-0.120223
0.838875	-0.101766
0.839	-0.100963
0.839125	-0.104173
0.83925	-0.104173
0.839375	-0.116211
0.8395	-0.104173
0.839625	-0.0905312
0.83975	-0.0857163
0.839875	-0.107383
0.84	-0.104976
0.840125	-0.0905312
0.84025	-0.106581
0.840375	-0.109791
0.8405	-0.0792965
0.840625	-0.139482
0.84075	-0.0937411
0.840875	-0.137877
0.841	-0.0937411
0.841125	-0.0736792
0.84125	-0.109791
0.841375	-0.080099
0.8415	-0.0929386
0.841625	-0.0913337
0.84175	-0.0977535
0.841875	-0.131458
0.842	-0.1451
0.842125	-0.109791
0.84225	-0.0921362
0.842375	-0.0624445
0.8425	-0.0744817
0.842625	-0.0841114
0.84275	-0.104173
0.842875	-0.101766
0.843	-0.12263
0.843125	-0.0865188
0.84325	-0.0953461
0.843375	-0.0929386
0.8435	-0.123433
0.843625	-0.096951
0.84375	-0.120223
0.843875	-0.0889263
0.844	-0.0889263
0.844125	-0.113803
0.84425	-0.102568
0.844375	-0.0881238
0.8445	-0.108186
0.844625	-0.100963
0.84475	-0.0977535
0.844875	-0.111396
0.845	-0.0776916
0.845125	-0.121025
0.84525	-0.0841114
0.845375	-0.108186
0.8455	-0.100963
0.845625	-0.100161
0.84575	-0.0833089
0.845875	-0.0945436
0.846	-0.0913337
0.846125	-0.0865188
0.84625	-0.107383
0.846375	-0.112198
0.8465	-0.0736792
0.846625	-0.118618
0.84675	-0.0993585
0.846875	-0.0961486
0.847	-0.113803
0.847125	-0.110593
0.84725	-0.100161
0.847375	-0.111396
0.8475	-0.0905312
0.847625	-0.098556
0.84775	-0.118618
0.847875	-0.0977535
0.848	-0.108988
0.848125	-0.104976
0.84825	-0.12263
0.848375	-0.0929386
0.8485	-0.108186
0.848625	-0.13868
0.84875	-0.14189
0.848875	-0.0961486
0.849	-0.107383
0.849125	-0.0873213
0.84925	-0.161149
0.849375	-0.114606
0.8495	-0.12263
0.849625	-0.117013
0.84975	-0.0961486
0.849875	-0.111396
0.85	-0.116211
0.850125	-0.106581
0.85025	-0.13868
0.850375	-0.129853
0.8505	-0.118618
0.850625	-0.108186
0.85075	-0.108186
0.850875	-0.113001
0.851	-0.110593
0.851125	-0.0841114
0.85125	-0.117815
0.851375	-0.110593
0.8515	-0.0833089
0.851625	-0.0857163
0.85175	-0.080099
0.851875	-0.143495
0.852	-0.126643
0.852125	-0.106581
0.85225	-0.110593
0.852375	-0.0905312
0.8525	-0.0913337
0.852625	-0.121025
0.85275	-0.13547
0.852875	-0.113001
0.853	-0.126643
0.853125	-0.0905312
0.85325	-0.13868
0.853375	-0.109791
0.8535	-0.109791
0.853625	-0.13226
0.85375	-0.0776916
0.853875	-0.0937411
0.854	-0.114606
0.854125	-0.103371
0.85425	-0.108988
0.854375	-0.0993585
0.8545	-0.12584
0.854625	-0.124235
0.85475	-0.169174
0.854875	-0.118618
0.855	-0.0873213
0.855125	-0.129853
0.85525	-0.098556
0.855375	-0.0760866
0.8555	-0.103371
0.855625	-0.0937411
0.85575	-0.102568
0.855875	-0.129853
0.856	-0.0945436
0.856125	-0.12584
0.85625	-0.124235
0.856375	-0.0849139
0.8565	-0.104173
0.856625	-0.12905
0.85675	-0.098556
0.856875	-0.108988
0.857	-0.114606
0.857125	-0.0704693
0.85725	-0.12584
0.857375	-0.12263
0.8575	-0.100161
0.857625	-0.131458
0.85775	-0.120223
0.857875	-0.108186
0.858	-0.14189
0.858125	-0.126643
0.85825	-0.105778
0.858375	-0.0768891
0.8585	-0.111396
0.858625	-0.110593
0.85875	-0.108186
0.858875	-0.0736792
0.859	-0.0953461
0.859125	-0.144297
0.85925	-0.118618
0.859375	-0.104173
0.8595	-0.101766
0.859625	-0.0873213
0.85975	-0.0929386
0.859875	-0.137075
0.86	-0.131458
0.860125	-0.112198
0.86025	-0.100161
0.860375	-0.104976
0.8605	-0.130655
0.860625	-0.0993585
0.86075	-0.12905
0.860875	-0.100963
0.861	-0.112198
0.861125	-0.123433
0.86125	-0.115408
0.861375	-0.121025
0.8615	-0.100161
0.861625	-0.112198
0.86175	-0.0929386
0.861875	-0.113803
0.862	-0.128248
0.862125	-0.0937411
0.86225	-0.129853
0.862375	-0.120223
0.8625	-0.120223
0.862625	-0.0865188
0.86275	-0.113001
0.862875	-0.100161
0.863	-0.107383
0.863125	-0.103371
0.86325	-0.109791
0.863375	-0.136272
0.8635	-0.0752841
0.863625	-0.0881238
0.86375	-0.14189
0.863875	-0.114606
0.864	-0.100963
0.864125	-0.0881238
0.86425	-0.12584
0.864375	-0.147507
0.8645	-0.129853
0.864625	-0.124235
0.86475	-0.110593
0.864875	-0.104976
0.865	-0.0881238
0.865125	-0.100161
0.86525	-0.0993585
0.865375	-0.0849139
0.8655	-0.123433
0.865625	-0.127445
0.86575	-0.126643
0.865875	-0.143495
0.866	-0.096951
0.866125	-0.104173
0.86625	-0.104173
0.866375	-0.108186
0.8665	-0.112198
0.866625	-0.113803
0.86675	-0.14189
0.866875	-0.096951
0.867	-0.0841114
0.867125	-0.0961486
0.86725	-0.131458
0.867375	-0.0736792
0.8675	-0.0809015
0.867625	-0.121025
0.86775	-0.121828
0.867875	-0.100963
0.868	-0.12905
0.868125	-0.117815
0.86825	-0.113001
0.868375	-0.100963
0.8685	-0.113001
0.868625	-0.100963
0.86875	-0.0929386
0.868875	-0.123433
0.869	-0.105778
0.869125	-0.153124
0.86925	-0.142692
0.869375	-0.110593
0.8695	-0.0961486
0.869625	-0.118618
0.86975	-0.104173
0.869875	-0.126643
0.87	-0.126643
0.870125	-0.12584
0.87025	-0.105778
0.870375	-0.0945436
0.8705	-0.0897287
0.870625	-0.133063
0.87075	-0.0961486
0.870875	-0.121828
0.871	-0.12263
0.871125	-0.098556
0.87125	-0.123433
0.871375	-0.121828
0.8715	-0.115408
0.871625	-0.121828
0.87175	-0.113803
0.871875	-0.0977535
0.872	-0.139482
0.872125	-0.125038
0.87225	-0.0977535
0.872375	-0.110593
0.8725	-0.106581
0.872625	-0.121828
0.87275	-0.108988
0.872875	-0.141087
0.873	-0.110593
0.873125	-0.0768891
0.87325	-0.100161
0.873375	-0.102568
0.8735	-0.12584
0.873625	-0.145902
0.87375	-0.125038
0.873875	-0.11942
0.874	-0.120223
0.874125	-0.110593
0.87425	-0.123433
0.874375	-0.115408
0.8745	-0.098556
0.874625	-0.120223
0.87475	-0.12584
0.874875	-0.115408
0.875	-0.104976
0.875125	-0.114606
0.87525	-0.108186
0.875375	-0.113001
0.8755	-0.101766
0.875625	-0.0913337
0.87575	-0.12584
0.875875	-0.100963
0.876	-0.115408
0.876125	-0.157939
0.87625	-0.126643
0.876375	-0.12584
0.8765	-0.0881238
0.876625	-0.106581
0.87675	-0.108186
0.876875	-0.101766
0.877	-0.136272
0.877125	-0.12905
0.87725	-0.0961486
0.877375	-0.153927
0.8775	-0.117815
0.877625	-0.106581
0.87775	-0.0977535
0.877875	-0.12263
0.878	-0.0905312
0.878125	-0.120223
0.87825	-0.096951
0.878375	-0.101766
0.8785	-0.125038
0.878625	-0.145902
0.87875	-0.0905312
0.878875	-0.107383
0.879	-0.118618
0.879125	-0.114606
0.87925	-0.133865
0.879375	-0.0921362
0.8795	-0.098556
0.879625	-0.104173
0.87975	-0.109791
0.879875	-0.113001
0.88	-0.130655
0.880125	-0.113001
0.88025	-0.121828
0.880375	-0.108186
0.8805	-0.113803
0.880625	-0.101766
0.88075	-0.0977535
0.880875	-0.114606
0.881	-0.106581
0.881125	-0.114606
0.88125	-0.120223
0.881375	-0.104976
0.8815	-0.0833089
0.881625	-0.133063
0.88175	-0.120223
0.881875	-0.13226
0.882	-0.113001
0.882125	-0.105778
0.88225	-0.13226
0.882375	-0.100161
0.8825	-0.0913337
0.882625	-0.116211
0.88275	-0.0937411
0.882875	-0.108186
0.883	-0.117815
0.883125	-0.113803
0.88325	-0.139482
0.883375	-0.110593
0.8835	-0.098556
0.883625	-0.0993585
0.88375	-0.120223
0.883875	-0.121025
0.884	-0.0857163
0.884125	-0.108988
0.88425	-0.109791
0.884375	-0.0913337
0.8845	-0.0897287
0.884625	-0.0945436
0.88475	-0.109791
0.884875	-0.104173
0.885	-0.129853
0.885125	-0.12584
0.88525	-0.104173
0.885375	-0.124235
0.8855	-0.120223
0.885625	-0.113803
0.88575	-0.113803
0.885875	-0.108186
0.886	-0.110593
0.886125	-0.0897287
0.88625	-0.080099
0.886375	-0.115408
0.8865	-0.0937411
0.886625	-0.112198
0.88675	-0.0977535
0.886875	-0.130655
0.887	-0.100161
0.887125	-0.117013
0.88725	-0.0929386
0.887375	-0.101766
0.8875	-0.096951
0.887625	-0.115408
0.88775	-0.128248
0.887875	-0.0953461
0.888	-0.126643
0.888125	-0.145902
0.88825	-0.106581
0.888375	-0.118618
0.8885	-0.115408
0.888625	-0.0809015
0.88875	-0.105778
0.888875	-0.11942
0.889	-0.101766
0.889125	-0.0961486
0.88925	-0.113803
0.889375	-0.0809015
0.8895	-0.0977535
0.889625	-0.110593
0.88975	-0.120223
0.889875	-0.0929386
0.89	-0.0849139
0.890125	-0.0953461
0.89025	-0.13547
0.890375	-0.0865188
0.8905	-0.104173
0.890625	-0.103371
0.89075	-0.098556
0.890875	-0.0921362
0.891	-0.113001
0.891125	-0.12263
0.89125	-0.0961486
0.891375	-0.0752841
0.8915	-0.110593
0.891625	-0.12584
0.89175	-0.12263
0.891875	-0.116211
0.892	-0.102568
0.892125	-0.0825064
0.89225	-0.100161
0.892375	-0.0905312
0.8925	-0.11942
0.892625	-0.120223
0.89275	-0.11942
0.892875	-0.0897287
0.893	-0.107383
0.893125	-0.109791
0.89325	-0.153927
0.893375	-0.113001
0.8935	-0.116211
0.893625	-0.12905
0.89375	-0.111396
0.893875	-0.121025
0.894	-0.115408
0.894125	-0.0889263
0.89425	-0.0889263
0.894375	-0.098556
0.8945	-0.109791
0.894625	-0.0849139
0.89475	-0.128248
0.894875	-0.105778
0.895	-0.096951
0.895125	-0.109791
0.89525	-0.137877
0.895375	-0.0905312
0.8955	-0.126643
0.895625	-0.0792965
0.89575	-0.118618
0.895875	-0.106581
0.896	-0.112198
0.896125	-0.0881238
0.89625	-0.0768891
0.896375	-0.121025
0.8965	-0.112198
0.896625	-0.120223
0.89675	-0.114606
0.896875	-0.117013
0.897	-0.12263
0.897125	-0.0873213
0.89725	-0.113803
0.897375	-0.109791
0.8975	-0.139482
0.897625	-0.100963
0.89775	-0.113803
0.897875	-0.116211
0.898	-0.103371
0.898125	-0.101766
0.89825	-0.113001
0.898375	-0.098556
0.8985	-0.0881238
0.898625	-0.0977535
0.89875	-0.13226
0.898875	-0.118618
0.899	-0.113001
0.899125	-0.12905
0.89925	-0.0873213
0.899375	-0.107383
0.8995	-0.145902
0.899625	-0.101766
0.89975	-0.13226
0.899875	-0.128248
0.9	-0.0897287
0.900125	-0.096951
0.90025	-0.098556
0.900375	-0.127445
0.9005	-0.118618
0.900625	-0.133063
0.90075	-0.120223
0.900875	-0.0881238
0.901	-0.114606
0.901125	-0.101766
0.90125	-0.126643
0.901375	-0.103371
0.9015	-0.12584
0.901625	-0.12905
0.90175	-0.0736792
0.901875	-0.100963
0.902	-0.11942
0.902125	-0.125038
0.90225	-0.110593
0.902375	-0.0833089
0.9025	-0.129853
0.902625	-0.0881238
0.90275	-0.078494
0.902875	-0.104173
0.903	-0.12905
0.903125	-0.12263
0.90325	-0.0897287
0.903375	-0.131458
0.9035	-0.113001
0.903625	-0.0857163
0.90375	-0.0921362
0.903875	-0.098556
0.904	-0.0937411
0.904125	-0.0993585
0.90425	-0.0929386
0.904375	-0.102568
0.9045	-0.12584
0.904625	-0.0953461
0.90475	-0.121828
0.904875	-0.096951
0.905	-0.131458
0.905125	-0.1451
0.90525	-0.106581
0.905375	-0.102568
0.9055	-0.142692
0.905625	-0.096951
0.90575	-0.113001
0.905875	-0.130655
0.906	-0.0929386
0.906125	-0.098556
0.90625	-0.0921362
0.906375	-0.109791
0.9065	-0.116211
0.906625	-0.121025
0.90675	-0.0945436
0.906875	-0.136272
0.907	-0.0841114
0.907125	-0.0937411
0.90725	-0.133865
0.907375	-0.113001
0.9075	-0.121025
0.907625	-0.0961486
0.90775	-0.140285
0.907875	-0.116211
0.908	-0.107383
0.908125	-0.118618
0.90825	-0.120223
0.908375	-0.107383
0.9085	-0.106581
0.908625	-0.136272
0.90875	-0.114606
0.908875	-0.0889263
0.909	-0.12584
0.909125	-0.121025
0.90925	-0.114606
0.909375	-0.144297
0.9095	-0.108186
0.909625	-0.0849139
0.90975	-0.12905
0.909875	-0.0961486
0.91	-0.113803
0.910125	-0.157137
0.91025	-0.137877
0.910375	-0.112198
0.9105	-0.110593
0.910625	-0.127445
0.91075	-0.109791
0.910875	-0.1451
0.911	-0.136272
0.911125	-0.0889263
0.91125	-0.107383
0.911375	-0.098556
0.9115	-0.111396
0.911625	-0.133063
0.91175	-0.108186
0.911875	-0.0977535
0.912	-0.109791
0.912125	-0.108186
0.91225	-0.124235
0.912375	-0.11942
0.9125	-0.101766
0.912625	-0.096951
0.91275	-0.134668
0.912875	-0.106581
0.913	-0.0921362
0.913125	-0.117815
0.91325	-0.11942
0.913375	-0.0937411
0.9135	-0.118618
0.913625	-0.11942
0.91375	-0.102568
0.913875	-0.111396
0.914	-0.116211
0.914125	-0.13547
0.91425	-0.123433
0.914375	-0.14189
0.9145	-0.137075
0.914625	-0.153927
0.91475	-0.114606
0.914875	-0.127445
0.915	-0.126643
0.915125	-0.101766
0.91525	-0.106581
0.915375	-0.127445
0.9155	-0.098556
0.915625	-0.113803
0.91575	-0.115408
0.915875	-0.111396
0.916	-0.141087
0.916125	-0.113001
0.91625	-0.111396
0.916375	-0.121025
0.9165	-0.118618
0.916625	-0.113001
0.91675	-0.109791
0.916875	-0.0776916
0.917	-0.0865188
0.917125	-0.0961486
0.91725	-0.121828
0.917375	-0.137075
0.9175	-0.12905
0.917625	-0.11942
0.91775	-0.096951
0.917875	-0.104173
0.918	-0.112198
0.918125	-0.12905
0.91825	-0.129853
0.918375	-0.125038
0.9185	-0.100963
0.918625	-0.112198
0.91875	-0.109791
0.918875	-0.0977535
0.919	-0.098556
0.919125	-0.0953461
0.91925	-0.100963
0.919375	-0.111396
0.9195	-0.116211
0.919625	-0.109791
0.91975	-0.143495
0.919875	-0.118618
0.92	-0.112198
0.920125	-0.0929386
0.92025	-0.120223
0.920375	-0.127445
0.9205	-0.104173
0.920625	-0.107383
0.92075	-0.108988
0.920875	-0.108186
0.921	-0.0961486
0.921125	-0.121828
0.92125	-0.0953461
0.921375	-0.107383
0.9215	-0.0953461
0.921625	-0.106581
0.92175	-0.101766
0.921875	-0.124235
0.922	-0.141087
0.922125	-0.0977535
0.92225	-0.104173
0.922375	-0.096951
0.9225	-0.0913337
0.922625	-0.125038
0.92275	-0.108988
0.922875	-0.100963
0.923	-0.137075
0.923125	-0.1451
0.92325	-0.101766
0.923375	-0.133865
0.9235	-0.133865
0.923625	-0.12584
0.92375	-0.098556
0.923875	-0.0792965
0.924	-0.0977535
0.924125	-0.0881238
0.92425	-0.123433
0.924375	-0.106581
0.9245	-0.104976
0.924625	-0.101766
0.92475	-0.096951
0.924875	-0.11942
0.925	-0.121025
0.925125	-0.0977535
0.92525	-0.117013
0.925375	-0.096951
0.9255	-0.116211
0.925625	-0.113803
0.92575	-0.101766
0.925875	-0.0945436
0.926	-0.11942
0.926125	-0.104173
0.92625	-0.103371
0.926375	-0.0993585
0.9265	-0.106581
0.926625	-0.114606
0.92675	-0.0921362
0.926875	-0.130655
0.927	-0.100963
0.927125	-0.110593
0.92725	-0.108988
0.927375	-0.0977535
0.9275	-0.131458
0.927625	-0.0704693
0.92775	-0.11942
0.927875	-0.0961486
0.928	-0.0929386
0.928125	-0.0849139
0.92825	-0.118618
0.928375	-0.102568
0.9285	-0.104173
0.928625	-0.104976
0.92875	-0.128248
0.928875	-0.109791
0.929	-0.0929386
0.929125	-0.104976
0.92925	-0.129853
0.929375	-0.0937411
0.9295	-0.123433
0.929625	-0.0841114
0.92975	-0.0937411
0.929875	-0.104173
0.93	-0.105778
0.930125	-0.0744817
0.93025	-0.0961486
0.930375	-0.128248
0.9305	-0.117013
0.930625	-0.096951
0.93075	-0.12263
0.930875	-0.0945436
0.931	-0.0857163
0.931125	-0.0873213
0.93125	-0.110593
0.931375	-0.117815
0.9315	-0.117013
0.931625	-0.0921362
0.93175	-0.0792965
0.931875	-0.139482
0.932	-0.117815
0.932125	-0.149915
0.93225	-0.113001
0.932375	-0.0993585
0.9325	-0.123433
0.932625	-0.109791
0.93275	-0.0921362
0.932875	-0.101766
0.933	-0.114606
0.933125	-0.11942
0.93325	-0.098556
0.933375	-0.0937411
0.9335	-0.115408
0.933625	-0.117815
0.93375	-0.105778
0.933875	-0.106581
0.934	-0.108988
0.934125	-0.108988
0.93425	-0.12905
0.934375	-0.161952
0.9345	-0.0921362
0.934625	-0.141087
0.93475	-0.0873213
0.934875	-0.103371
0.935	-0.110593
0.935125	-0.0865188
0.93525	-0.0945436
0.935375	-0.113803
0.9355	-0.096951
0.935625	-0.139482
0.93575	-0.111396
0.935875	-0.098556
0.936	-0.0841114
0.936125	-0.107383
0.93625	-0.0953461
0.936375	-0.104173
0.9365	-0.100963
0.936625	-0.0945436
0.93675	-0.120223
0.936875	-0.0889263
0.937	-0.100161
0.937125	-0.11942
0.93725	-0.107383
0.937375	-0.101766
0.9375	-0.124235
0.937625	-0.124235
0.93775	-0.0760866
0.937875	-0.104976
0.938	-0.0937411
0.938125	-0.0768891
0.93825	-0.128248
0.938375	-0.150717
0.9385	-0.096951
0.938625	-0.0921362
0.93875	-0.100963
0.938875	-0.124235
0.939	-0.113803
0.939125	-0.137075
0.93925	-0.0776916
0.939375	-0.0809015
0.9395	-0.0897287
0.939625	-0.106581
0.93975	-0.098556
0.939875	-0.0897287
0.94	-0.0873213
0.940125	-0.121828
0.94025	-0.117013
0.940375	-0.0825064
0.9405	-0.1451
0.940625	-0.123433
0.94075	-0.105778
0.940875	-0.121025
0.941	-0.114606
0.941125	-0.098556
0.94125	-0.145902
0.941375	-0.114606
0.9415	-0.126643
0.941625	-0.100963
0.94175	-0.110593
0.941875	-0.105778
0.942	-0.121828
0.942125	-0.0977535
0.94225	-0.0961486
0.942375	-0.118618
0.9425	-0.0993585
0.942625	-0.105778
0.94275	-0.13226
0.942875	-0.104976
0.943	-0.103371
0.943125	-0.103371
0.94325	-0.0881238
0.943375	-0.0905312
0.9435	-0.105778
0.943625	-0.0977535
0.94375	-0.098556
0.943875	-0.100963
0.944	-0.124235
0.944125	-0.0873213
0.94425	-0.137075
0.944375	-0.0905312
0.9445	-0.0881238
0.944625	-0.0873213
0.94475	-0.120223
0.944875	-0.100963
0.945	-0.096951
0.945125	-0.102568
0.94525	-0.13547
0.945375	-0.126643
0.9455	-0.0953461
0.945625	-0.100963
0.94575	-0.141087
0.945875	-0.100963
0.946	-0.0929386
0.946125	-0.143495
0.94625	-0.153927
0.946375	-0.105778
0.9465	-0.0768891
0.946625	-0.111396
0.94675	-0.0953461
0.946875	-0.130655
0.947	-0.126643
0.947125	-0.111396
0.94725	-0.113803
0.947375	-0.111396
0.9475	-0.0993585
0.947625	-0.103371
0.94775	-0.0897287
0.947875	-0.142692
0.948	-0.101766
0.948125	-0.0873213
0.94825	-0.11942
0.948375	-0.118618
0.9485	-0.149112
0.948625	-0.123433
0.94875	-0.0929386
0.948875	-0.121025
0.949	-0.131458
0.949125	-0.140285
0.94925	-0.103371
0.949375	-0.108186
0.9495	-0.123433
0.949625	-0.121025
0.94975	-0.113001
0.949875	-0.0913337
0.95	-0.113803
0.950125	-0.098556
0.95025	-0.100963
0.950375	-0.137877
0.9505	-0.105778
0.950625	-0.115408
0.95075	-0.12584
0.950875	-0.100963
0.951	-0.136272
0.951125	-0.104976
0.95125	-0.104976
0.951375	-0.111396
0.9515	-0.0945436
0.951625	-0.13226
0.95175	-0.0921362
0.951875	-0.0977535
0.952	-0.0977535
0.952125	-0.098556
0.95225	-0.104173
0.952375	-0.120223
0.9525	-0.112198
0.952625	-0.13226
0.95275	-0.115408
0.952875	-0.104173
0.953	-0.115408
0.953125	-0.113803
0.95325	-0.11942
0.953375	-0.108988
0.9535	-0.14189
0.953625	-0.0688643
0.95375	-0.124235
0.953875	-0.0921362
0.954	-0.12584
0.954125	-0.100963
0.95425	-0.107383
0.954375	-0.0937411
0.9545	-0.0913337
0.954625	-0.101766
0.95475	-0.121025
0.954875	-0.0993585
0.955	-0.116211
0.955125	-0.105778
0.95525	-0.104976
0.955375	-0.106581
0.9555	-0.112198
0.955625	-0.118618
0.95575	-0.131458
0.955875	-0.133063
0.956	-0.113803
0.956125	-0.123433
0.95625	-0.108988
0.956375	-0.104976
0.9565	-0.0849139
0.956625	-0.108988
0.95675	-0.118618
0.956875	-0.0857163
0.957	-0.0929386
0.957125	-0.113001
0.95725	-0.0945436
0.957375	-0.108988
0.9575	-0.0744817
0.957625	-0.116211
0.95775	-0.137075
0.957875	-0.120223
0.958	-0.0921362
0.958125	-0.0881238
0.95825	-0.13226
0.958375	-0.104173
0.9585	-0.140285
0.958625	-0.107383
0.95875	-0.142692
0.958875	-0.118618
0.959	-0.108186
0.959125	-0.139482
0.95925	-0.13547
0.959375	-0.104173
0.9595	-0.118618
0.959625	-0.108186
0.95975	-0.0905312
0.959875	-0.118618
0.96	-0.0977535
0.960125	-0.0704693
0.96025	-0.113803
0.960375	-0.112198
0.9605	-0.110593
0.960625	-0.107383
0.96075	-0.101766
0.960875	-0.116211
0.961	-0.0945436
0.961125	-0.113001
0.96125	-0.108988
0.961375	-0.100963
0.9615	-0.113001
0.961625	-0.104173
0.96175	-0.0937411
0.961875	-0.13226
0.962	-0.157137
0.962125	-0.109791
0.96225	-0.096951
0.962375	-0.098556
0.9625	-0.0744817
0.962625	-0.101766
0.96275	-0.123433
0.962875	-0.112198
0.963	-0.0768891
0.963125	-0.098556
0.96325	-0.113803
0.963375	-0.0897287
0.9635	-0.104173
0.963625	-0.116211
0.96375	-0.0833089
0.963875	-0.104173
0.964	-0.101766
0.964125	-0.100161
0.96425	-0.130655
0.964375	-0.1451
0.9645	-0.116211
0.964625	-0.0889263
0.96475	-0.123433
0.964875	-0.0752841
0.965	-0.124235
0.965125	-0.0841114
0.96525	-0.0752841
0.965375	-0.113803
0.9655	-0.121025
0.965625	-0.120223
0.96575	-0.107383
0.965875	-0.109791
0.966	-0.0921362
0.966125	-0.112198
0.96625	-0.108186
0.966375	-0.15152
0.9665	-0.0937411
0.966625	-0.109791
0.96675	-0.112198
0.966875	-0.11942
0.967	-0.107383
0.967125	-0.123433
0.96725	-0.136272
0.967375	-0.126643
0.9675	-0.107383
0.967625	-0.104173
0.96775	-0.0961486
0.967875	-0.11942
0.968	-0.0849139
0.968125	-0.081704
0.96825	-0.121828
0.968375	-0.113001
0.9685	-0.0953461
0.968625	-0.0993585
0.96875	-0.101766
0.968875	-0.0929386
0.969	-0.117815
0.969125	-0.110593
0.96925	-0.104976
0.969375	-0.0776916
0.9695	-0.106581
0.969625	-0.159544
0.96975	-0.123433
0.969875	-0.0977535
0.97	-0.123433
0.970125	-0.121025
0.97025	-0.0929386
0.970375	-0.101766
0.9705	-0.108988
0.970625	-0.13547
0.97075	-0.0648519
0.970875	-0.0849139
0.971	-0.0825064
0.971125	-0.0913337
0.97125	-0.110593
0.971375	-0.117013
0.9715	-0.0913337
0.971625	-0.113001
0.97175	-0.121828
0.971875	-0.111396
0.972	-0.128248
0.972125	-0.0993585
0.97225	-0.116211
0.972375	-0.104173
0.9725	-0.0977535
0.972625	-0.101766
0.97275	-0.0913337
0.972875	-0.109791
0.973	-0.143495
0.973125	-0.0897287
0.97325	-0.0768891
0.973375	-0.111396
0.9735	-0.110593
0.973625	-0.106581
0.97375	-0.0921362
0.973875	-0.110593
0.974	-0.12263
0.974125	-0.120223
0.97425	-0.105778
0.974375	-0.103371
0.9745	-0.103371
0.974625	-0.100963
0.97475	-0.0841114
0.974875	-0.100963
0.975	-0.0897287
0.975125	-0.134668
0.97525	-0.0768891
0.975375	-0.11942
0.9755	-0.13547
0.975625	-0.105778
0.97575	-0.120223
0.975875	-0.111396
0.976	-0.0792965
0.976125	-0.12263
0.97625	-0.121025
0.976375	-0.0849139
0.9765	-0.11942
0.976625	-0.107383
0.97675	-0.110593
0.976875	-0.126643
0.977	-0.116211
0.977125	-0.121828
0.97725	-0.125038
0.977375	-0.080099
0.9775	-0.105778
0.977625	-0.12905
0.97775	-0.112198
0.977875	-0.0897287
0.978	-0.0929386
0.978125	-0.102568
0.97825	-0.108186
0.978375	-0.108988
0.9785	-0.136272
0.978625	-0.0945436
0.97875	-0.100963
0.978875	-0.0921362
0.979	-0.116211
0.979125	-0.104173
0.97925	-0.103371
0.979375	-0.113001
0.9795	-0.0889263
0.979625	-0.081704
0.97975	-0.124235
0.979875	-0.0881238
0.98	-0.103371
0.980125	-0.113001
0.98025	-0.100161
0.980375	-0.0849139
0.9805	-0.157939
0.980625	-0.113001
0.98075	-0.117815
0.980875	-0.113803
0.981	-0.0889263
0.981125	-0.0688643
0.98125	-0.100963
0.981375	-0.0993585
0.9815	-0.109791
0.981625	-0.0905312
0.98175	-0.157939
0.981875	-0.0857163
0.982	-0.0889263
0.982125	-0.114606
0.98225	-0.153927
0.982375	-0.108186
0.9825	-0.0977535
0.982625	-0.0841114
0.98275	-0.141087
0.982875	-0.0977535
0.983	-0.0728767
0.983125	-0.081704
0.98325	-0.096951
0.983375	-0.13547
0.9835	-0.133865
0.983625	-0.0825064
0.98375	-0.109791
0.983875	-0.0873213
0.984	-0.0889263
0.984125	-0.111396
0.98425	-0.098556
0.984375	-0.0897287
0.9845	-0.110593
0.984625	-0.0881238
0.98475	-0.0857163
0.984875	-0.114606
0.985	-0.12584
0.985125	-0.0905312
0.98525	-0.121025
0.985375	-0.0937411
0.9855	-0.11942
0.985625	-0.139482
0.98575	-0.103371
0.985875	-0.115408
0.986	-0.0921362
0.986125	-0.098556
0.98625	-0.096951
0.986375	-0.12263
0.9865	-0.096951
0.986625	-0.0809015
0.98675	-0.0849139
0.986875	-0.0881238
0.987	-0.0792965
0.987125	-0.0897287
0.98725	-0.108186
0.987375	-0.104173
0.9875	-0.104976
0.987625	-0.0865188
0.98775	-0.127445
0.987875	-0.117815
0.988	-0.0945436
0.988125	-0.113803
0.98825	-0.141087
0.988375	-0.0961486
0.9885	-0.105778
0.988625	-0.0977535
0.98875	-0.101766
0.988875	-0.124235
0.989	-0.13226
0.989125	-0.108186
0.98925	-0.121025
0.989375	-0.0712717
0.9895	-0.0857163
0.989625	-0.0913337
0.98975	-0.0768891
0.989875	-0.0833089
0.99	-0.101766
0.990125	-0.12263
0.99025	-0.117815
0.990375	-0.108186
0.9905	-0.128248
0.990625	-0.136272
0.99075	-0.116211
0.990875	-0.0857163
0.991	-0.0809015
0.991125	-0.0849139
0.99125	-0.0760866
0.991375	-0.113001
0.9915	-0.126643
0.991625	-0.123433
0.99175	-0.105778
0.991875	-0.0953461
0.992	-0.128248
0.992125	-0.104173
0.99225	-0.0873213
0.992375	-0.109791
0.9925	-0.147507
0.992625	-0.0825064
0.99275	-0.133063
0.992875	-0.115408
0.993	-0.105778
0.993125	-0.0993585
0.99325	-0.0865188
0.993375	-0.100161
0.9935	-0.0913337
0.993625	-0.100161
0.99375	-0.108988
0.993875	-0.118618
0.994	-0.117013
0.994125	-0.103371
0.99425	-0.121025
0.994375	-0.124235
0.9945	-0.101766
0.994625	-0.115408
0.99475	-0.096951
0.994875	-0.098556
0.995	-0.13226
0.995125	-0.104173
0.99525	-0.114606
0.995375	-0.111396
0.9955	-0.109791
0.995625	-0.13868
0.99575	-0.113001
0.995875	-0.0945436
0.996	-0.126643
0.996125	-0.125038
0.99625	-0.126643
0.996375	-0.107383
0.9965	-0.155532
0.996625	-0.102568
0.99675	-0.134668
0.996875	-0.104173
0.997	-0.111396
0.997125	-0.108186
0.99725	-0.117815
0.997375	-0.108988
0.9975	-0.12263
0.997625	-0.100161
0.99775	-0.161149
0.997875	-0.113803
0.998	-0.130655
0.998125	-0.112198
0.99825	-0.101766
0.998375	-0.0953461
0.9985	-0.100963
0.998625	-0.123433
0.99875	-0.106581
0.998875	-0.116211
0.999	-0.101766
0.999125	-0.114606
0.99925	-0.13547
0.999375	-0.121828
0.9995	-0.105778
0.999625	-0.0961486
0.99975	-0.11942
0.999875	-0.126643
1	-0.0993585
1.000125	-0.120223
1.00025	-0.100161
1.000375	-0.107383
1.0005	-0.108988
1.000625	-0.114606
1.00075	-0.0945436
1.000875	-0.096951
1.001	-0.0889263
1.001125	-0.130655
1.00125	-0.141087
1.001375	-0.121025
1.0015	-0.126643
1.001625	-0.133063
1.00175	-0.142692
1.001875	-0.104173
1.002	-0.111396
1.002125	-0.115408
1.00225	-0.12263
1.002375	-0.0937411
1.0025	-0.110593
1.002625	-0.109791
1.00275	-0.15152
1.002875	-0.126643
1.003	-0.113803
1.003125	-0.14831
1.00325	-0.13868
1.003375	-0.149112
1.0035	-0.12584
1.003625	-0.112198
1.00375	-0.128248
1.003875	-0.0881238
1.004	-0.107383
1.004125	-0.145902
1.00425	-0.150717
1.004375	-0.12905
1.0045	-0.109791
1.004625	-0.113001
1.00475	-0.13868
1.004875	-0.133865
1.005	-0.106581
1.005125	-0.117815
1.00525	-0.105778
1.005375	-0.108186
1.0055	-0.098556
1.005625	-0.121025
1.00575	-0.11942
1.005875	-0.117815
1.006	-0.108988
1.006125	-0.110593
1.00625	-0.133865
1.006375	-0.13226
1.0065	-0.111396
1.006625	-0.103371
1.00675	-0.105778
1.006875	-0.113001
1.007	-0.0833089
1.007125	-0.104976
1.00725	-0.12905
1.007375	-0.110593
1.0075	-0.0889263
1.007625	-0.103371
1.00775	-0.115408
1.007875	-0.109791
1.008	-0.116211
1.008125	-0.15152
1.00825	-0.080099
1.008375	-0.126643
1.0085	-0.110593
1.008625	-0.106581
1.00875	-0.113803
1.008875	-0.128248
1.009	-0.0905312
1.009125	-0.0881238
1.00925	-0.104976
1.009375	-0.12584
1.0095	-0.102568
1.009625	-0.124235
1.00975	-0.115408
1.009875	-0.107383
1.01	-0.149112
1.010125	-0.105778
1.01025	-0.104976
1.010375	-0.123433
1.0105	-0.114606
1.010625	-0.113803
1.01075	-0.145902
1.010875	-0.100963
1.011	-0.13868
1.011125	-0.100161
1.01125	-0.104976
1.011375	-0.130655
1.0115	-0.115408
1.011625	-0.117815
1.01175	-0.133865
1.011875	-0.104976
1.012	-0.13226
1.012125	-0.112198
1.01225	-0.106581
1.012375	-0.136272
1.0125	-0.103371
1.012625	-0.105778
1.01275	-0.108988
1.012875	-0.127445
1.013	-0.120223
1.013125	-0.113001
1.01325	-0.0760866
1.013375	-0.0905312
1.0135	-0.133063
1.013625	-0.14189
1.01375	-0.110593
1.013875	-0.108988
1.014	-0.0953461
1.014125	-0.0945436
1.01425	-0.12905
1.014375	-0.13868
1.0145	-0.113001
1.014625	-0.124235
1.01475	-0.0937411
1.014875	-0.111396
1.015	-0.100161
1.015125	-0.108186
1.01525	-0.108186
1.015375	-0.106581
1.0155	-0.0881238
1.015625	-0.106581
1.01575	-0.113803
1.015875	-0.133063
1.016	-0.113001
1.016125	-0.137075
1.01625	-0.096951
1.016375	-0.109791
1.0165	-0.124235
1.016625	-0.114606
1.01675	-0.0977535
1.016875	-0.100161
1.017	-0.0913337
1.017125	-0.149112
1.01725	-0.110593
1.017375	-0.081704
1.0175	-0.103371
1.017625	-0.118618
1.01775	-0.111396
1.017875	-0.113001
1.018	-0.113803
1.018125	-0.0849139
1.01825	-0.0897287
1.018375	-0.110593
1.0185	-0.121025
1.018625	-0.11942
1.01875	-0.106581
1.018875	-0.104173
1.019	-0.109791
1.019125	-0.143495
1.01925	-0.108186
1.019375	-0.102568
1.0195	-0.126643
1.019625	-0.0889263
1.01975	-0.0921362
1.019875	-0.141087
1.02	-0.111396
1.020125	-0.116211
1.02025	-0.126643
1.020375	-0.125038
1.0205	-0.13226
1.020625	-0.13868
1.02075	-0.137075
1.020875	-0.143495
1.021	-0.102568
1.021125	-0.0953461
1.02125	-0.107383
1.021375	-0.108186
1.0215	-0.12263
1.021625	-0.103371
1.02175	-0.109791
1.021875	-0.145902
1.022	-0.114606
1.022125	-0.098556
1.02225	-0.108988
1.022375	-0.134668
1.0225	-0.112198
1.022625	-0.117013
1.02275	-0.118618
1.022875	-0.13226
1.023	-0.108186
1.023125	-0.0841114
1.02325	-0.133865
1.023375	-0.0905312
1.0235	-0.141087
1.023625	-0.121828
1.02375	-0.104173
1.023875	-0.0961486
1.024	-0.101766
1.024125	-0.100963
1.02425	-0.109791
1.024375	-0.0993585
1.0245	-0.0977535
1.024625	-0.105778
1.02475	-0.102568
1.024875	-0.137075
1.025	-0.108988
1.025125	-0.104976
1.02525	-0.106581
1.025375	-0.0849139
1.0255	-0.110593
1.025625	-0.0961486
1.02575	-0.128248
1.025875	-0.11942
1.026	-0.0889263
1.026125	-0.11942
1.02625	-0.106581
1.026375	-0.13226
1.0265	-0.0921362
1.026625	-0.104976
1.02675	-0.116211
1.026875	-0.105778
1.027	-0.11942
1.027125	-0.117013
1.02725	-0.106581
1.027375	-0.0889263
1.0275	-0.0792965
1.027625	-0.101766
1.02775	-0.131458
1.027875	-0.165964
1.028	-0.133063
1.028125	-0.0993585
1.02825	-0.102568
1.028375	-0.110593
1.0285	-0.113803
1.028625	-0.113803
1.02875	-0.130655
1.028875	-0.103371
1.029	-0.0977535
1.029125	-0.0961486
1.02925	-0.12584
1.029375	-0.127445
1.0295	-0.104173
1.029625	-0.096951
1.02975	-0.125038
1.029875	-0.113803
1.03	-0.136272
1.030125	-0.103371
1.03025	-0.118618
1.030375	-0.121828
1.0305	-0.118618
1.030625	-0.107383
1.03075	-0.147507
1.030875	-0.113803
1.031	-0.117815
1.031125	-0.0897287
1.03125	-0.116211
1.031375	-0.121828
1.0315	-0.11942
1.031625	-0.100963
1.03175	-0.0945436
1.031875	-0.108988
1.032	-0.128248
1.032125	-0.123433
1.03225	-0.114606
1.032375	-0.103371
1.0325	-0.134668
1.032625	-0.116211
1.03275	-0.145902
1.032875	-0.140285
1.033	-0.113001
1.033125	-0.0945436
1.03325	-0.124235
1.033375	-0.169174
1.0335	-0.131458
1.033625	-0.0993585
1.03375	-0.110593
1.033875	-0.108988
1.034	-0.133063
1.034125	-0.109791
1.03425	-0.137877
1.034375	-0.0929386
1.0345	-0.105778
1.034625	-0.120223
1.03475	-0.117013
1.034875	-0.129853
1.035	-0.108988
1.035125	-0.104173
1.03525	-0.0929386
1.035375	-0.0873213
1.0355	-0.101766
1.035625	-0.102568
1.03575	-0.121025
1.035875	-0.125038
1.036	-0.114606
1.036125	-0.0929386
1.03625	-0.120223
1.036375	-0.107383
1.0365	-0.120223
1.036625	-0.109791
1.03675	-0.081704
1.036875	-0.096951
1.037	-0.105778
1.037125	-0.117815
1.03725	-0.137877
1.037375	-0.126643
1.0375	-0.166767
1.037625	-0.123433
1.03775	-0.0953461
1.037875	-0.100963
1.038	-0.113803
1.038125	-0.108186
1.03825	-0.150717
1.038375	-0.115408
1.0385	-0.124235
1.038625	-0.118618
1.03875	-0.108186
1.038875	-0.113001
1.039	-0.111396
1.039125	-0.102568
1.03925	-0.12584
1.039375	-0.115408
1.0395	-0.127445
1.039625	-0.112198
1.03975	-0.120223
1.039875	-0.124235
1.04	-0.098556
1.040125	-0.127445
1.04025	-0.116211
1.040375	-0.117013
1.0405	-0.141087
1.040625	-0.118618
1.04075	-0.113803
1.040875	-0.113001
1.041	-0.109791
1.041125	-0.102568
1.04125	-0.121828
1.041375	-0.131458
1.0415	-0.134668
1.041625	-0.124235
1.04175	-0.13547
1.041875	-0.131458
1.042	-0.121025
1.042125	-0.108988
1.04225	-0.133063
1.042375	-0.0857163
1.0425	-0.128248
1.042625	-0.146705
1.04275	-0.117013
1.042875	-0.103371
1.043	-0.11942
1.043125	-0.100963
1.04325	-0.12905
1.043375	-0.137877
1.0435	-0.0953461
1.043625	-0.0720742
1.04375	-0.116211
1.043875	-0.0712717
1.044	-0.108988
1.044125	-0.126643
1.04425	-0.0977535
1.044375	-0.096951
1.0445	-0.107383
1.044625	-0.130655
1.04475	-0.129853
1.044875	-0.112198
1.045	-0.106581
1.045125	-0.0961486
1.04525	-0.101766
1.045375	-0.11942
1.0455	-0.104173
1.045625	-0.12263
1.04575	-0.107383
1.045875	-0.103371
1.046	-0.12584
1.046125	-0.12263
1.04625	-0.131458
1.046375	-0.12584
1.0465	-0.0873213
1.046625	-0.113001
1.04675	-0.113001
1.046875	-0.109791
1.047	-0.108988
1.047125	-0.111396
1.04725	-0.104976
1.047375	-0.11942
1.0475	-0.105778
1.047625	-0.12905
1.04775	-0.126643
1.047875	-0.113001
1.048	-0.0897287
1.048125	-0.124235
1.04825	-0.116211
1.048375	-0.131458
1.0485	-0.120223
1.048625	-0.116211
1.04875	-0.0889263
1.048875	-0.13868
1.049	-0.153927
1.049125	-0.0993585
1.04925	-0.12263
1.049375	-0.126643
1.0495	-0.0889263
1.049625	-0.114606
1.04975	-0.129853
1.049875	-0.102568
1.05	-0.144297
1.050125	-0.0905312
1.05025	-0.136272
1.050375	-0.137877
1.0505	-0.109791
1.050625	-0.0945436
1.05075	-0.103371
1.050875	-0.108988
1.051	-0.0993585
1.051125	-0.146705
1.05125	-0.133063
1.051375	-0.0945436
1.0515	-0.0913337
1.051625	-0.117815
1.05175	-0.160347
1.051875	-0.128248
1.052	-0.137877
1.052125	-0.108988
1.05225	-0.136272
1.052375	-0.133865
1.0525	-0.117013
1.052625	-0.127445
1.05275	-0.108186
1.052875	-0.102568
1.053	-0.0865188
1.053125	-0.124235
1.05325	-0.114606
1.053375	-0.157939
1.0535	-0.127445
1.053625	-0.124235
1.05375	-0.108186
1.053875	-0.127445
1.054	-0.13226
1.054125	-0.134668
1.05425	-0.116211
1.054375	-0.123433
1.0545	-0.170779
1.054625	-0.117815
1.05475	-0.136272
1.054875	-0.118618
1.055	-0.100963
1.055125	-0.116211
1.05525	-0.129853
1.055375	-0.108186
1.0555	-0.129853
1.055625	-0.0929386
1.05575	-0.13868
1.055875	-0.111396
1.056	-0.123433
1.056125	-0.123433
1.05625	-0.108186
1.056375	-0.100963
1.0565	-0.12905
1.056625	-0.102568
1.05675	-0.126643
1.056875	-0.121828
1.057	-0.115408
1.057125	-0.130655
1.05725	-0.12905
1.057375	-0.130655
1.0575	-0.115408
1.057625	-0.1451
1.05775	-0.140285
1.057875	-0.0857163
1.058	-0.103371
1.058125	-0.146705
1.05825	-0.12584
1.058375	-0.150717
1.0585	-0.113803
1.058625	-0.14189
1.05875	-0.14831
1.058875	-0.100963
1.059	-0.143495
1.059125	-0.121828
1.05925	-0.0873213
1.059375	-0.118618
1.0595	-0.121025
1.059625	-0.14831
1.05975	-0.143495
1.059875	-0.0977535
1.06	-0.117013
1.060125	-0.126643
1.06025	-0.136272
1.060375	-0.14189
1.0605	-0.0945436
1.060625	-0.0897287
1.06075	-0.0945436
1.060875	-0.108988
1.061	-0.12584
1.061125	-0.112198
1.06125	-0.113803
1.061375	-0.12584
1.0615	-0.0977535
1.061625	-0.166767
1.06175	-0.111396
1.061875	-0.0993585
1.062	-0.112198
1.062125	-0.113001
1.06225	-0.109791
1.062375	-0.126643
1.0625	-0.121025
1.062625	-0.136272
1.06275	-0.100963
1.062875	-0.101766
1.063	-0.105778
1.063125	-0.121025
1.06325	-0.123433
1.063375	-0.108186
1.0635	-0.118618
1.063625	-0.110593
1.06375	-0.111396
1.063875	-0.120223
1.064	-0.0792965
1.064125	-0.110593
1.06425	-0.102568
1.064375	-0.110593
1.0645	-0.123433
1.064625	-0.107383
1.06475	-0.108186
1.064875	-0.118618
1.065	-0.0953461
1.065125	-0.136272
1.06525	-0.0929386
1.065375	-0.100963
1.0655	-0.113803
1.065625	-0.104173
1.06575	-0.14831
1.065875	-0.113001
1.066	-0.116211
1.066125	-0.140285
1.06625	-0.100963
1.066375	-0.101766
1.0665	-0.130655
1.066625	-0.111396
1.06675	-0.154729
1.066875	-0.133063
1.067	-0.115408
1.067125	-0.137877
1.06725	-0.096951
1.067375	-0.117013
1.0675	-0.105778
1.067625	-0.105778
1.06775	-0.115408
1.067875	-0.114606
1.068	-0.180409
1.068125	-0.117815
1.06825	-0.116211
1.068375	-0.113001
1.0685	-0.114606
1.068625	-0.127445
1.06875	-0.105778
1.068875	-0.113803
1.069	-0.129853
1.069125	-0.106581
1.06925	-0.121025
1.069375	-0.108186
1.0695	-0.104976
1.069625	-0.107383
1.06975	-0.115408
1.069875	-0.109791
1.07	-0.109791
1.070125	-0.12263
1.07025	-0.109791
1.070375	-0.116211
1.0705	-0.129853
1.070625	-0.149112
1.07075	-0.0921362
1.070875	-0.0977535
1.071	-0.12905
1.071125	-0.114606
1.07125	-0.133063
1.071375	-0.102568
1.0715	-0.13226
1.071625	-0.112198
1.07175	-0.0752841
1.071875	-0.11942
1.072	-0.0744817
1.072125	-0.128248
1.07225	-0.124235
1.072375	-0.100161
1.0725	-0.100963
1.072625	-0.103371
1.07275	-0.150717
1.072875	-0.13226
1.073	-0.121025
1.073125	-0.100963
1.07325	-0.096951
1.073375	-0.113803
1.0735	-0.118618
1.073625	-0.133865
1.07375	-0.153927
1.073875	-0.113803
1.074	-0.118618
1.074125	-0.140285
1.07425	-0.12263
1.074375	-0.121025
1.0745	-0.115408
1.074625	-0.11942
1.07475	-0.113001
1.074875	-0.126643
1.075	-0.123433
1.075125	-0.118618
1.07525	-0.116211
1.075375	-0.098556
1.0755	-0.13547
1.075625	-0.121025
1.07575	-0.13868
1.075875	-0.125038
1.076	-0.130655
1.076125	-0.112198
1.07625	-0.124235
1.076375	-0.140285
1.0765	-0.133865
1.076625	-0.0897287
1.07675	-0.103371
1.076875	-0.0857163
1.077	-0.109791
1.077125	-0.113001
1.07725	-0.126643
1.077375	-0.0865188
1.0775	-0.121025
1.077625	-0.096951
1.07775	-0.104173
1.077875	-0.0881238
1.078	-0.127445
1.078125	-0.107383
1.07825	-0.0873213
1.078375	-0.12263
1.0785	-0.125038
1.078625	-0.103371
1.07875	-0.098556
1.078875	-0.0905312
1.079	-0.115408
1.079125	-0.103371
1.07925	-0.109791
1.079375	-0.100963
1.0795	-0.096951
1.079625	-0.133865
1.07975	-0.157137
1.079875	-0.13226
1.08	-0.114606
1.080125	-0.098556
1.08025	-0.0937411
1.080375	-0.143495
1.0805	-0.107383
1.080625	-0.115408
1.08075	-0.0929386
1.080875	-0.11942
1.081	-0.100963
1.081125	-0.113803
1.08125	-0.108186
1.081375	-0.1451
1.0815	-0.146705
1.081625	-0.114606
1.08175	-0.105778
1.081875	-0.121025
1.082	-0.124235
1.082125	-0.106581
1.08225	-0.098556
1.082375	-0.145902
1.0825	-0.096951
1.082625	-0.121025
1.08275	-0.0961486
1.082875	-0.121828
1.083	-0.101766
1.083125	-0.12905
1.08325	-0.109791
1.083375	-0.117815
1.0835	-0.109791
1.083625	-0.124235
1.08375	-0.0937411
1.083875	-0.0768891
1.084	-0.0937411
1.084125	-0.141087
1.08425	-0.106581
1.084375	-0.112198
1.0845	-0.113803
1.084625	-0.106581
1.08475	-0.096951
1.084875	-0.13868
1.085	-0.102568
1.085125	-0.106581
1.08525	-0.113803
1.085375	-0.108988
1.0855	-0.121025
1.085625	-0.105778
1.08575	-0.126643
1.085875	-0.080099
1.086	-0.0913337
1.086125	-0.121828
1.08625	-0.114606
1.086375	-0.0792965
1.0865	-0.108988
1.086625	-0.102568
1.08675	-0.150717
1.086875	-0.104173
1.087	-0.12584
1.087125	-0.0977535
1.08725	-0.100161
1.087375	-0.100963
1.0875	-0.0929386
1.087625	-0.133063
1.08775	-0.131458
1.087875	-0.0953461
1.088	-0.116211
1.088125	-0.13226
1.08825	-0.109791
1.088375	-0.12905
1.0885	-0.160347
1.088625	-0.117815
1.08875	-0.112198
1.088875	-0.0937411
1.089	-0.127445
1.089125	-0.114606
1.08925	-0.0889263
1.089375	-0.0961486
1.0895	-0.102568
1.089625	-0.108186
1.08975	-0.127445
1.089875	-0.096951
1.09	-0.126643
1.090125	-0.117013
1.09025	-0.112198
1.090375	-0.117815
1.0905	-0.117013
1.090625	-0.104976
1.09075	-0.124235
1.090875	-0.116211
1.091	-0.103371
1.091125	-0.105778
1.09125	-0.114606
1.091375	-0.118618
1.0915	-0.100161
1.091625	-0.12584
1.09175	-0.126643
1.091875	-0.157939
1.092	-0.0977535
1.092125	-0.0841114
1.09225	-0.106581
1.092375	-0.117815
1.0925	-0.098556
1.092625	-0.106581
1.09275	-0.111396
1.092875	-0.0833089
1.093	-0.0913337
1.093125	-0.121025
1.09325	-0.133865
1.093375	-0.105778
1.0935	-0.0857163
1.093625	-0.115408
1.09375	-0.111396
1.093875	-0.133865
1.094	-0.108988
1.094125	-0.144297
1.09425	-0.13547
1.094375	-0.128248
1.0945	-0.113803
1.094625	-0.108186
1.09475	-0.13547
1.094875	-0.169174
1.095	-0.108988
1.095125	-0.117815
1.09525	-0.131458
1.095375	-0.13226
1.0955	-0.15152
1.095625	-0.108988
1.09575	-0.117013
1.095875	-0.108186
1.096	-0.125038
1.096125	-0.108186
1.09625	-0.0977535
1.096375	-0.100963
1.0965	-0.0977535
1.096625	-0.108988
1.09675	-0.0889263
1.096875	-0.106581
1.097	-0.108186
1.097125	-0.104976
1.09725	-0.0953461
1.097375	-0.112198
1.0975	-0.098556
1.097625	-0.133063
1.09775	-0.098556
1.097875	-0.096951
1.098	-0.100161
1.098125	-0.106581
1.09825	-0.12263
1.098375	-0.121025
1.0985	-0.0881238
1.098625	-0.100161
1.09875	-0.101766
1.098875	-0.108186
1.099	-0.104976
1.099125	-0.113001
1.09925	-0.0977535
1.099375	-0.108186
1.0995	-0.0905312
1.099625	-0.144297
1.09975	-0.0945436
1.099875	-0.100161
1.1	-0.109791
1.100125	-0.124235
1.10025	-0.137075
1.100375	-0.125038
1.1005	-0.120223
1.100625	-0.0929386
1.10075	-0.126643
1.100875	-0.107383
1.101	-0.124235
1.101125	-0.0961486
1.10125	-0.121025
1.101375	-0.111396
1.1015	-0.117815
1.101625	-0.108186
1.10175	-0.0881238
1.101875	-0.130655
1.102	-0.121828
1.102125	-0.100963
1.10225	-0.12905
1.102375	-0.137075
1.1025	-0.111396
1.102625	-0.115408
1.10275	-0.0961486
1.102875	-0.104976
1.103	-0.117013
1.103125	-0.0921362
1.10325	-0.100161
1.103375	-0.12584
1.1035	-0.0937411
1.103625	-0.105778
1.10375	-0.136272
1.103875	-0.109791
1.104	-0.134668
1.104125	-0.112198
1.10425	-0.102568
1.104375	-0.0897287
1.1045	-0.142692
1.104625	-0.11942
1.10475	-0.12584
1.104875	-0.121025
1.105	-0.100963
1.105125	-0.0945436
1.10525	-0.126643
1.105375	-0.105778
1.1055	-0.110593
1.105625	-0.111396
1.10575	-0.114606
1.105875	-0.139482
1.106	-0.125038
1.106125	-0.096951
1.10625	-0.109791
1.106375	-0.112198
1.1065	-0.113001
1.106625	-0.098556
1.10675	-0.106581
1.106875	-0.111396
1.107	-0.121828
1.107125	-0.149112
1.10725	-0.120223
1.107375	-0.116211
1.1075	-0.108186
1.107625	-0.121828
1.10775	-0.108186
1.107875	-0.0945436
1.108	-0.133865
1.108125	-0.0809015
1.10825	-0.0905312
1.108375	-0.104976
1.1085	-0.118618
1.108625	-0.121025
1.10875	-0.152322
1.108875	-0.108988
1.109	-0.120223
1.109125	-0.126643
1.10925	-0.104173
1.109375	-0.111396
1.1095	-0.106581
1.109625	-0.100963
1.10975	-0.0921362
1.109875	-0.104976
1.11	-0.162754
1.110125	-0.12584
1.11025	-0.113803
1.110375	-0.100963
1.1105	-0.0720742
1.110625	-0.105778
1.11075	-0.112198
1.110875	-0.0873213
1.111	-0.108988
1.111125	-0.109791
1.11125	-0.13226
1.111375	-0.113001
1.1115	-0.14189
1.111625	-0.107383
1.11175	-0.0977535
1.111875	-0.117815
1.112	-0.104976
1.112125	-0.104173
1.11225	-0.102568
1.112375	-0.108186
1.1125	-0.103371
1.112625	-0.0849139
1.11275	-0.139482
1.112875	-0.109791
1.113	-0.133865
1.113125	-0.0792965
1.11325	-0.121025
1.113375	-0.0873213
1.1135	-0.107383
1.113625	-0.107383
1.11375	-0.125038
1.113875	-0.104173
1.114	-0.0921362
1.114125	-0.130655
1.11425	-0.0929386
1.114375	-0.13547
1.1145	-0.108186
1.114625	-0.113803
1.11475	-0.080099
1.114875	-0.113001
1.115	-0.12905
1.115125	-0.130655
1.11525	-0.103371
1.115375	-0.0744817
1.1155	-0.127445
1.115625	-0.096951
1.11575	-0.114606
1.115875	-0.123433
1.116	-0.107383
1.116125	-0.106581
1.11625	-0.12905
1.116375	-0.13226
1.1165	-0.0897287
1.116625	-0.118618
1.11675	-0.136272
1.116875	-0.106581
1.117	-0.12263
1.117125	-0.158742
1.11725	-0.109791
1.117375	-0.115408
1.1175	-0.107383
1.117625	-0.103371
1.11775	-0.104173
1.117875	-0.0961486
1.118	-0.0929386
1.118125	-0.0961486
1.11825	-0.131458
1.118375	-0.109791
1.1185	-0.128248
1.118625	-0.108186
1.11875	-0.157939
1.118875	-0.111396
1.119	-0.080099
1.119125	-0.078494
1.11925	-0.101766
1.119375	-0.157939
1.1195	-0.11942
1.119625	-0.111396
1.11975	-0.114606
1.119875	-0.0889263
1.12	-0.120223
1.120125	-0.107383
1.12025	-0.0841114
1.120375	-0.106581
1.1205	-0.0913337
1.120625	-0.105778
1.12075	-0.096951
1.120875	-0.0929386
1.121	-0.118618
1.121125	-0.117013
1.12125	-0.125038
1.121375	-0.118618
1.1215	-0.109791
1.121625	-0.121828
1.12175	-0.0993585
1.121875	-0.0977535
1.122	-0.121025
1.122125	-0.129853
1.12225	-0.0937411
1.122375	-0.107383
1.1225	-0.101766
1.122625	-0.0921362
1.12275	-0.096951
1.122875	-0.0937411
1.123	-0.098556
1.123125	-0.0929386
1.12325	-0.0857163
1.123375	-0.113803
1.1235	-0.133063
1.123625	-0.0929386
1.12375	-0.0849139
1.123875	-0.11942
1.124	-0.12905
1.124125	-0.101766
1.12425	-0.0929386
1.124375	-0.0993585
1.1245	-0.101766
1.124625	-0.0953461
1.12475	-0.0857163
1.124875	-0.131458
1.125	-0.096951
1.125125	-0.123433
1.12525	-0.112198
1.125375	-0.121828
1.1255	-0.107383
1.125625	-0.126643
1.12575	-0.104976
1.125875	-0.0953461
1.126	-0.0961486
1.126125	-0.0889263
1.12625	-0.13226
1.126375	-0.096951
1.1265	-0.12584
1.126625	-0.101766
1.12675	-0.121025
1.126875	-0.102568
1.127	-0.11942
1.127125	-0.0905312
1.12725	-0.109791
1.127375	-0.100161
1.1275	-0.111396
1.127625	-0.137877
1.12775	-0.105778
1.127875	-0.108988
1.128	-0.100161
1.128125	-0.109791
1.12825	-0.0953461
1.128375	-0.106581
1.1285	-0.12905
1.128625	-0.0961486
1.12875	-0.169174
1.128875	-0.104976
1.129	-0.112198
1.129125	-0.121025
1.12925	-0.0905312
1.129375	-0.104173
1.1295	-0.0945436
1.129625	-0.0953461
1.12975	-0.121828
1.129875	-0.107383
1.13	-0.105778
1.130125	-0.106581
1.13025	-0.114606
1.130375	-0.136272
1.1305	-0.114606
1.130625	-0.109791
1.13075	-0.102568
1.130875	-0.0809015
1.131	-0.12905
1.131125	-0.133063
1.13125	-0.113001
1.131375	-0.103371
1.1315	-0.121828
1.131625	-0.11942
1.13175	-0.127445
1.131875	-0.0921362
1.132	-0.0945436
1.132125	-0.100963
1.13225	-0.124235
1.132375	-0.113001
1.1325	-0.129853
1.132625	-0.137075
1.13275	-0.0897287
1.132875	-0.0656544
1.133	-0.149112
1.133125	-0.121025
1.13325	-0.120223
1.133375	-0.125038
1.1335	-0.103371
1.133625	-0.114606
1.13375	-0.121828
1.133875	-0.12584
1.134	-0.11942
1.134125	-0.110593
1.13425	-0.105778
1.134375	-0.0857163
1.1345	-0.133865
1.134625	-0.0889263
1.13475	-0.096951
1.134875	-0.0993585
1.135	-0.106581
1.135125	-0.149915
1.13525	-0.13547
1.135375	-0.0865188
1.1355	-0.127445
1.135625	-0.078494
1.13575	-0.106581
1.135875	-0.117013
1.136	-0.121828
1.136125	-0.139482
1.13625	-0.105778
1.136375	-0.0881238
1.1365	-0.129853
1.136625	-0.101766
1.13675	-0.107383
1.136875	-0.115408
1.137	-0.106581
1.137125	-0.0961486
1.13725	-0.134668
1.137375	-0.145902
1.1375	-0.114606
1.137625	-0.0921362
1.13775	-0.0792965
1.137875	-0.098556
1.138	-0.106581
1.138125	-0.100161
1.13825	-0.0849139
1.138375	-0.100161
1.1385	-0.12584
1.138625	-0.101766
1.13875	-0.0953461
1.138875	-0.147507
1.139	-0.105778
1.139125	-0.106581
1.13925	-0.100161
1.139375	-0.101766
1.1395	-0.110593
1.139625	-0.117815
1.13975	-0.121025
1.139875	-0.0961486
1.14	-0.108186
1.140125	-0.146705
1.14025	-0.117013
1.140375	-0.105778
1.1405	-0.101766
1.140625	-0.123433
1.14075	-0.100963
1.140875	-0.115408
1.141	-0.107383
1.141125	-0.113803
1.14125	-0.113001
1.141375	-0.105778
1.1415	-0.133865
1.141625	-0.107383
1.14175	-0.0953461
1.141875	-0.13868
1.142	-0.123433
1.142125	-0.0953461
1.14225	-0.102568
1.142375	-0.137075
1.1425	-0.105778
1.142625	-0.113803
1.14275	-0.0945436
1.142875	-0.0889263
1.143	-0.110593
1.143125	-0.113001
1.14325	-0.127445
1.143375	-0.144297
1.1435	-0.111396
1.143625	-0.124235
1.14375	-0.125038
1.143875	-0.12263
1.144	-0.108186
1.144125	-0.103371
1.14425	-0.129853
1.144375	-0.0953461
1.1445	-0.126643
1.144625	-0.14189
1.14475	-0.104976
1.144875	-0.108988
1.145	-0.113001
1.145125	-0.137075
1.14525	-0.0889263
1.145375	-0.104976
1.1455	-0.0921362
1.145625	-0.111396
1.14575	-0.101766
1.145875	-0.100161
1.146	-0.0993585
1.146125	-0.0776916
1.14625	-0.137877
1.146375	-0.0792965
1.1465	-0.134668
1.146625	-0.113803
1.14675	-0.0929386
1.146875	-0.114606
1.147	-0.0905312
1.147125	-0.126643
1.14725	-0.149915
1.147375	-0.121025
1.1475	-0.108988
1.147625	-0.12905
1.14775	-0.102568
1.147875	-0.114606
1.148	-0.096951
1.148125	-0.103371
1.14825	-0.101766
1.148375	-0.154729
1.1485	-0.125038
1.148625	-0.104976
1.14875	-0.131458
1.148875	-0.0961486
1.149	-0.188434
1.149125	-0.0993585
1.14925	-0.0881238
1.149375	-0.130655
1.1495	-0.110593
1.149625	-0.130655
1.14975	-0.105778
1.149875	-0.104173
1.15	-0.100161
1.150125	-0.115408
1.15025	-0.128248
1.150375	-0.111396
1.1505	-0.0993585
1.150625	-0.111396
1.15075	-0.0736792
1.150875	-0.115408
1.151	-0.104976
1.151125	-0.104976
1.15125	-0.168372
1.151375	-0.111396
1.1515	-0.12584
1.151625	-0.107383
1.15175	-0.096951
1.151875	-0.110593
1.152	-0.12263
1.152125	-0.118618
1.15225	-0.152322
1.152375	-0.0977535
1.1525	-0.103371
1.152625	-0.101766
1.15275	-0.121828
1.152875	-0.107383
1.153	-0.0961486
1.153125	-0.103371
1.15325	-0.0857163
1.153375	-0.0913337
1.1535	-0.0841114
1.153625	-0.116211
1.15375	-0.117815
1.153875	-0.127445
1.154	-0.096951
1.154125	-0.115408
1.15425	-0.116211
1.154375	-0.169174
1.1545	-0.104173
1.154625	-0.0857163
1.15475	-0.13547
1.154875	-0.108186
1.155	-0.120223
1.155125	-0.125038
1.15525	-0.161952
1.155375	-0.133063
1.1555	-0.113803
1.155625	-0.0977535
1.15575	-0.100161
1.155875	-0.100161
1.156	-0.13868
1.156125	-0.0809015
1.15625	-0.0897287
1.156375	-0.108186
1.1565	-0.125038
1.156625	-0.0953461
1.15675	-0.0849139
1.156875	-0.104173
1.157	-0.0760866
1.157125	-0.107383
1.15725	-0.123433
1.157375	-0.141087
1.1575	-0.103371
1.157625	-0.0921362
1.15775	-0.0825064
1.157875	-0.113001
1.158	-0.113001
1.158125	-0.125038
1.15825	-0.100161
1.158375	-0.101766
1.1585	-0.111396
1.158625	-0.0953461
1.15875	-0.13226
1.158875	-0.096951
1.159	-0.0760866
1.159125	-0.0776916
1.15925	-0.12905
1.159375	-0.106581
1.1595	-0.117013
1.159625	-0.0768891
1.15975	-0.103371
1.159875	-0.129853
1.16	-0.0905312
1.160125	-0.121025
1.16025	-0.0728767
1.160375	-0.121828
1.1605	-0.0760866
1.160625	-0.0945436
1.16075	-0.0889263
1.160875	-0.117815
1.161	-0.111396
1.161125	-0.108988
1.16125	-0.078494
1.161375	-0.104976
1.1615	-0.123433
1.161625	-0.109791
1.16175	-0.102568
1.161875	-0.0889263
1.162	-0.0688643
1.162125	-0.12584
1.16225	-0.108186
1.162375	-0.0792965
1.1625	-0.0977535
1.162625	-0.0752841
1.16275	-0.0897287
1.162875	-0.0857163
1.163	-0.111396
1.163125	-0.0841114
1.16325	-0.0809015
1.163375	-0.104173
1.1635	-0.0937411
1.163625	-0.0937411
1.16375	-0.0921362
1.163875	-0.0792965
1.164	-0.104976
1.164125	-0.133865
1.16425	-0.0905312
1.164375	-0.126643
1.1645	-0.0977535
1.164625	-0.0913337
1.16475	-0.0744817
1.164875	-0.0929386
1.165	-0.146705
1.165125	-0.13226
1.16525	-0.113001
1.165375	-0.124235
1.1655	-0.128248
1.165625	-0.133063
1.16575	-0.0921362
1.165875	-0.105778
1.166	-0.0889263
1.166125	-0.0897287
1.16625	-0.102568
1.166375	-0.0929386
1.1665	-0.0961486
1.166625	-0.124235
1.16675	-0.115408
1.166875	-0.078494
1.167	-0.0744817
1.167125	-0.104173
1.16725	-0.110593
1.167375	-0.103371
1.1675	-0.0849139
1.167625	-0.0993585
1.16775	-0.129853
1.167875	-0.118618
1.168	-0.105778
1.168125	-0.0825064
1.16825	-0.108988
1.168375	-0.0680618
1.1685	-0.0937411
1.168625	-0.103371
1.16875	-0.121828
1.168875	-0.108186
1.169	-0.0712717
1.169125	-0.113803
1.16925	-0.108186
1.169375	-0.102568
1.1695	-0.106581
1.169625	-0.113001
1.16975	-0.0913337
1.169875	-0.157137
1.17	-0.12263
1.170125	-0.110593
1.17025	-0.111396
1.170375	-0.100963
1.1705	-0.107383
1.170625	-0.136272
1.17075	-0.105778
1.170875	-0.103371
1.171	-0.121828
1.171125	-0.140285
1.17125	-0.106581
1.171375	-0.155532
1.1715	-0.11942
1.171625	-0.127445
1.17175	-0.0993585
1.171875	-0.0905312
1.172	-0.0889263
1.172125	-0.0953461
1.17225	-0.153124
1.172375	-0.11942
1.1725	-0.081704
1.172625	-0.113001
1.17275	-0.0696668
1.172875	-0.096951
1.173	-0.118618
1.173125	-0.12584
1.17325	-0.0889263
1.173375	-0.098556
1.1735	-0.0961486
1.173625	-0.116211
1.17375	-0.0857163
1.173875	-0.108186
1.174	-0.0792965
1.174125	-0.103371
1.17425	-0.136272
1.174375	-0.140285
1.1745	-0.134668
1.174625	-0.0881238
1.17475	-0.0897287
1.174875	-0.121828
1.175	-0.137877
1.175125	-0.0849139
1.17525	-0.126643
1.175375	-0.0881238
1.1755	-0.108988
1.175625	-0.142692
1.17575	-0.110593
1.175875	-0.105778
1.176	-0.098556
1.176125	-0.0953461
1.17625	-0.104173
1.176375	-0.134668
1.1765	-0.0953461
1.176625	-0.0977535
1.17675	-0.102568
1.176875	-0.0961486
1.177	-0.106581
1.177125	-0.126643
1.17725	-0.113001
1.177375	-0.117815
1.1775	-0.102568
1.177625	-0.144297
1.17775	-0.113803
1.177875	-0.114606
1.178	-0.107383
1.178125	-0.0937411
1.17825	-0.13226
1.178375	-0.0873213
1.1785	-0.126643
1.178625	-0.137075
1.17875	-0.0977535
1.178875	-0.117815
1.179	-0.128248
1.179125	-0.114606
1.17925	-0.0961486
1.179375	-0.118618
1.1795	-0.117815
1.179625	-0.078494
1.17975	-0.104976
1.179875	-0.0768891
1.18	-0.121828
1.180125	-0.098556
1.18025	-0.106581
1.180375	-0.0921362
1.1805	-0.102568
1.180625	-0.136272
1.18075	-0.100161
1.180875	-0.113803
1.181	-0.126643
1.181125	-0.104173
1.18125	-0.0792965
1.181375	-0.129853
1.1815	-0.12263
1.181625	-0.0897287
1.18175	-0.116211
1.181875	-0.0881238
1.182	-0.128248
1.182125	-0.0873213
1.18225	-0.117013
1.182375	-0.104173
1.1825	-0.126643
1.182625	-0.117013
1.18275	-0.0953461
1.182875	-0.112198
1.183	-0.096951
1.183125	-0.109791
1.18325	-0.0961486
1.183375	-0.117815
1.1835	-0.100161
1.183625	-0.139482
1.18375	-0.112198
1.183875	-0.130655
1.184	-0.108988
1.184125	-0.0776916
1.18425	-0.104976
1.184375	-0.0945436
1.1845	-0.117013
1.184625	-0.107383
1.18475	-0.113001
1.184875	-0.104976
1.185	-0.0993585
1.185125	-0.0809015
1.18525	-0.11942
1.185375	-0.0945436
1.1855	-0.116211
1.185625	-0.110593
1.18575	-0.0929386
1.185875	-0.0841114
1.186	-0.100963
1.186125	-0.0953461
1.18625	-0.113001
1.186375	-0.110593
1.1865	-0.12905
1.186625	-0.116211
1.18675	-0.108988
1.186875	-0.107383
1.187	-0.0889263
1.187125	-0.126643
1.18725	-0.103371
1.187375	-0.0945436
1.1875	-0.133063
1.187625	-0.109791
1.18775	-0.103371
1.187875	-0.0913337
1.188	-0.123433
1.188125	-0.115408
1.18825	-0.102568
1.188375	-0.100963
1.1885	-0.13868
1.188625	-0.101766
1.18875	-0.109791
1.188875	-0.106581
1.189	-0.101766
1.189125	-0.108186
1.18925	-0.0945436
1.189375	-0.0953461
1.1895	-0.104173
1.189625	-0.128248
1.18975	-0.0937411
1.189875	-0.110593
1.19	-0.11942
1.190125	-0.0905312
1.19025	-0.104173
1.190375	-0.116211
1.1905	-0.100963
1.190625	-0.096951
1.19075	-0.110593
1.190875	-0.127445
1.191	-0.13226
1.191125	-0.104173
1.19125	-0.125038
1.191375	-0.0937411
1.1915	-0.118618
1.191625	-0.101766
1.19175	-0.120223
1.191875	-0.12584
1.192	-0.104976
1.192125	-0.098556
1.19225	-0.104173
1.192375	-0.12263
1.1925	-0.0929386
1.192625	-0.0776916
1.19275	-0.142692
1.192875	-0.139482
1.193	-0.108186
1.193125	-0.121025
1.19325	-0.117013
1.193375	-0.081704
1.1935	-0.0929386
1.193625	-0.0760866
1.19375	-0.130655
1.193875	-0.134668
1.194	-0.114606
1.194125	-0.110593
1.19425	-0.0953461
1.194375	-0.0905312
1.1945	-0.116211
1.194625	-0.0961486
1.19475	-0.110593
1.194875	-0.107383
1.195	-0.121025
1.195125	-0.13226
1.19525	-0.0809015
1.195375	-0.118618
1.1955	-0.081704
1.195625	-0.131458
1.19575	-0.103371
1.195875	-0.0825064
1.196	-0.108186
1.196125	-0.0865188
1.19625	-0.0977535
1.196375	-0.098556
1.1965	-0.111396
1.196625	-0.0897287
1.19675	-0.108988
1.196875	-0.0720742
1.197	-0.0993585
1.197125	-0.107383
1.19725	-0.165964
1.197375	-0.0961486
1.1975	-0.0961486
1.197625	-0.13226
1.19775	-0.098556
1.197875	-0.1451
1.198	-0.0993585
1.198125	-0.0993585
1.19825	-0.106581
1.198375	-0.101766
1.1985	-0.0937411
1.198625	-0.124235
1.19875	-0.0913337
1.198875	-0.103371
1.199	-0.0833089
1.199125	-0.117013
1.19925	-0.117013
1.199375	-0.105778
1.1995	-0.113001
1.199625	-0.103371
1.19975	-0.0720742
1.199875	-0.0825064
1.2	-0.098556
1.200125	-0.141087
1.20025	-0.103371
1.200375	-0.081704
1.2005	-0.0897287
1.200625	-0.117013
1.20075	-0.116211
1.200875	-0.0913337
1.201	-0.100963
1.201125	-0.12905
1.20125	-0.0993585
1.201375	-0.11942
1.2015	-0.107383
1.201625	-0.116211
1.20175	-0.131458
1.201875	-0.0825064
1.202	-0.100161
1.202125	-0.0929386
1.20225	-0.0865188
1.202375	-0.0792965
1.2025	-0.0760866
1.202625	-0.103371
1.20275	-0.108988
1.202875	-0.109791
1.203	-0.109791
1.203125	-0.0953461
1.20325	-0.182014
1.203375	-0.126643
1.2035	-0.12584
1.203625	-0.114606
1.20375	-0.0921362
1.203875	-0.115408
1.204	-0.0825064
1.204125	-0.0841114
1.20425	-0.081704
1.204375	-0.098556
1.2045	-0.116211
1.204625	-0.105778
1.20475	-0.117013
1.204875	-0.0937411
1.205	-0.117815
1.205125	-0.125038
1.20525	-0.152322
1.205375	-0.102568
1.2055	-0.0929386
1.205625	-0.127445
1.20575	-0.0953461
1.205875	-0.108988
1.206	-0.102568
1.206125	-0.0921362
1.20625	-0.118618
1.206375	-0.100963
1.2065	-0.0889263
1.206625	-0.0792965
1.20675	-0.111396
1.206875	-0.0953461
1.207	-0.126643
1.207125	-0.105778
1.20725	-0.0929386
1.207375	-0.103371
1.2075	-0.104976
1.207625	-0.0881238
1.20775	-0.108186
1.207875	-0.0833089
1.208	-0.108988
1.208125	-0.102568
1.20825	-0.120223
1.208375	-0.109791
1.2085	-0.0873213
1.208625	-0.115408
1.20875	-0.117815
1.208875	-0.11942
1.209	-0.100161
1.209125	-0.129853
1.20925	-0.0953461
1.209375	-0.117815
1.2095	-0.0977535
1.209625	-0.0961486
1.20975	-0.154729
1.209875	-0.113001
1.21	-0.115408
1.210125	-0.137877
1.21025	-0.0841114
1.210375	-0.108988
1.2105	-0.098556
1.210625	-0.0833089
1.21075	-0.0977535
1.210875	-0.0977535
1.211	-0.117013
1.211125	-0.171581
1.21125	-0.108186
1.211375	-0.110593
1.2115	-0.108186
1.211625	-0.105778
1.21175	-0.0937411
1.211875	-0.080099
1.212	-0.13547
1.212125	-0.0993585
1.21225	-0.0889263
1.212375	-0.0889263
1.2125	-0.0841114
1.212625	-0.0945436
1.21275	-0.115408
1.212875	-0.0881238
1.213	-0.081704
1.213125	-0.12905
1.21325	-0.111396
1.213375	-0.0977535
1.2135	-0.126643
1.213625	-0.102568
1.21375	-0.145902
1.213875	-0.115408
1.214	-0.103371
1.214125	-0.113001
1.21425	-0.102568
1.214375	-0.127445
1.2145	-0.139482
1.214625	-0.105778
1.21475	-0.114606
1.214875	-0.0977535
1.215	-0.0881238
1.215125	-0.11942
1.21525	-0.100963
1.215375	-0.136272
1.2155	-0.104976
1.215625	-0.123433
1.21575	-0.080099
1.215875	-0.120223
1.216	-0.12584
1.216125	-0.142692
1.21625	-0.105778
1.216375	-0.098556
1.2165	-0.114606
1.216625	-0.081704
1.21675	-0.0913337
1.216875	-0.115408
1.217	-0.110593
1.217125	-0.110593
1.21725	-0.100161
1.217375	-0.129853
1.2175	-0.127445
1.217625	-0.178001
1.21775	-0.0760866
1.217875	-0.0993585
1.218	-0.134668
1.218125	-0.096951
1.21825	-0.125038
1.218375	-0.113803
1.2185	-0.128248
1.218625	-0.0905312
1.21875	-0.0913337
1.218875	-0.0857163
1.219	-0.104173
1.219125	-0.106581
1.21925	-0.107383
1.219375	-0.102568
1.2195	-0.109791
1.219625	-0.137075
1.21975	-0.0873213
1.219875	-0.0792965
1.22	-0.098556
1.220125	-0.078494
1.22025	-0.0873213
1.220375	-0.113803
1.2205	-0.104976
1.220625	-0.098556
1.22075	-0.0889263
1.220875	-0.102568
1.221	-0.124235
1.221125	-0.101766
1.22125	-0.0720742
1.221375	-0.123433
1.2215	-0.108988
1.221625	-0.0897287
1.22175	-0.104976
1.221875	-0.107383
1.222	-0.117013
