0.198125	-0.0126931
0.19825	-0.0134955
0.198375	-0.00948316
0.1985	-0.00627325
0.198625	-0.0191129
0.19875	-0.00868068
0.198875	-0.0191129
0.199	-0.014298
0.199125	-0.00868068
0.19925	-0.00627325
0.199375	-0.00868068
0.1995	-0.00868068
0.199625	-0.0191129
0.19975	-0.014298
0.199875	-0.00868068
0.2	-0.0118906
0.200125	-0.00868068
0.20025	-0.0167055
0.200375	-0.0134955
0.2005	-0.0134955
0.200625	-0.014298
0.20075	-0.015903
0.200875	-0.0167055
0.201	-0.0199154
0.201125	-0.0118906
0.20125	-0.0078782
0.201375	-0.00466829
0.2015	-0.0126931
0.201625	-0.00466829
0.20175	-0.0102856
0.201875	-0.0167055
0.202	-0.015903
0.202125	-0.0078782
0.20225	-0.0199154
0.202375	-0.0183104
0.2025	-0.0126931
0.202625	-0.0110881
0.20275	-0.0078782
0.202875	-0.00466829
0.203	-0.00868068
0.203125	-0.00707572
0.20325	-0.0110881
0.203375	-0.00868068
0.2035	-0.00948316
0.203625	-0.00868068
0.20375	-0.00306333
0.203875	-0.015903
0.204	-0.0126931
0.204125	-0.00386581
0.20425	-0.0151005
0.204375	-0.0167055
0.2045	-0.00707572
0.204625	-0.0191129
0.20475	-0.015903
0.204875	-0.0102856
0.205	-0.0175079
0.205125	-0.0078782
0.20525	-0.014298
0.205375	-0.0215203
0.2055	-0.0102856
0.205625	-0.00868068
0.20575	-0.0110881
0.205875	-0.0175079
0.206	-0.0126931
0.206125	-0.0134955
0.20625	-0.00547077
0.206375	-0.0126931
0.2065	-0.0078782
0.206625	0.000146578
0.20675	-0.00948316
0.206875	-0.0167055
0.207	-0.0102856
0.207125	-0.0134955
0.20725	-0.00707572
0.207375	-0.0126931
0.2075	-0.0134955
0.207625	-0.0231253
0.20775	-0.0102856
0.207875	0.000146578
0.208	-0.0134955
0.208125	-0.0207178
0.20825	-0.00868068
0.208375	-0.0134955
0.2085	-0.0118906
0.208625	-0.00547077
0.20875	-0.00547077
0.208875	-0.00306333
0.209	-0.0102856
0.209125	-0.015903
0.20925	-0.0207178
0.209375	-0.0118906
0.2095	-0.00707572
0.209625	-0.00707572
0.20975	-0.0223228
0.209875	-0.00306333
0.21	-0.00868068
0.210125	-0.00868068
0.21025	-0.0151005
0.210375	-0.00948316
0.2105	-0.015903
0.210625	-0.0118906
0.21075	-0.015903
0.210875	-0.00868068
0.211	-0.015903
0.211125	-0.015903
0.21125	-0.0102856
0.211375	-0.0078782
0.2115	-0.0183104
0.211625	-0.00386581
0.21175	-0.00145838
0.211875	-0.0118906
0.212	-0.0110881
0.212125	-0.0110881
0.21225	-0.0078782
0.212375	0.00255401
0.2125	-0.0199154
0.212625	-0.015903
0.21275	-0.015903
0.212875	-0.0215203
0.213	-0.00707572
0.213125	-0.00948316
0.21325	-0.00627325
0.213375	-0.0167055
0.2135	-0.0118906
0.213625	-0.0126931
0.21375	-0.00948316
0.213875	-0.00948316
0.214	-0.014298
0.214125	-0.0134955
0.21425	-0.0151005
0.214375	-0.00627325
0.2145	-0.0239278
0.214625	-0.0215203
0.21475	-0.014298
0.214875	-0.0078782
0.215	-0.0134955
0.215125	-0.00707572
0.21525	-0.00145838
0.215375	-0.0118906
0.2155	-0.015903
0.215625	-0.0191129
0.21575	-0.00627325
0.215875	-0.0191129
0.216	-0.015903
0.216125	-0.0118906
0.21625	-0.00707572
0.216375	-0.0118906
0.2165	-0.0102856
0.216625	-0.00386581
0.21675	-0.0078782
0.216875	-0.00868068
0.217	-0.00948316
0.217125	-0.0134955
0.21725	-0.0110881
0.217375	-0.00868068
0.2175	-0.00948316
0.217625	-0.00868068
0.21775	-0.0167055
0.217875	-0.015903
0.218	-0.00547077
0.218125	-0.00466829
0.21825	0.000146578
0.218375	-0.0134955
0.2185	-0.00627325
0.218625	-0.0199154
0.21875	-0.00948316
0.218875	-0.00547077
0.219	-0.0167055
0.219125	-0.00386581
0.21925	-0.014298
0.219375	-0.00868068
0.2195	-0.0126931
0.219625	-0.00948316
0.21975	-0.0118906
0.219875	-0.0175079
0.22	-0.00948316
0.220125	-0.0110881
0.22025	-0.014298
0.220375	-0.0078782
0.2205	-0.00948316
0.220625	-0.0118906
0.22075	-0.0231253
0.220875	-0.0207178
0.221	-0.0223228
0.221125	-0.0102856
0.22125	-0.00547077
0.221375	-0.0110881
0.2215	-0.015903
0.221625	-0.00386581
0.22175	-0.0126931
0.221875	-0.0183104
0.222	-0.0223228
0.222125	-0.0199154
0.22225	-0.0151005
0.222375	-0.0078782
0.2225	-0.014298
0.222625	-0.015903
0.22275	-0.0255327
0.222875	-0.0151005
0.223	-0.0167055
0.223125	-0.00627325
0.22325	-0.0167055
0.223375	-0.00627325
0.2235	-0.015903
0.223625	-0.0126931
0.22375	-0.0279402
0.223875	-0.0126931
0.224	-0.0118906
0.224125	-0.0078782
0.22425	-0.0110881
0.224375	-0.0191129
0.2245	-0.0231253
0.224625	-0.0183104
0.22475	-0.0134955
0.224875	-0.0110881
0.225	-0.0207178
0.225125	-0.0231253
0.22525	-0.0078782
0.225375	-0.0167055
0.2255	-0.0167055
0.225625	-0.0263352
0.22575	-0.0134955
0.225875	-0.0151005
0.226	-0.014298
0.226125	-0.00386581
0.22625	-0.0207178
0.226375	-0.0110881
0.2265	-0.0191129
0.226625	-0.0191129
0.22675	-0.00386581
0.226875	-0.0118906
0.227	-0.0167055
0.227125	-0.0110881
0.22725	-0.015903
0.227375	-0.00466829
0.2275	-0.00466829
0.227625	-0.015903
0.22775	-0.0134955
0.227875	-0.015903
0.228	-0.015903
0.228125	-0.015903
0.22825	-0.0102856
0.228375	-0.00707572
0.2285	-0.0126931
0.228625	-0.0199154
0.22875	-0.0102856
0.228875	-0.00868068
0.229	-0.0175079
0.229125	-0.0134955
0.22925	-0.00948316
0.229375	-0.0126931
0.2295	-0.0151005
0.229625	-0.0239278
0.22975	-0.0134955
0.229875	-0.0151005
0.23	-0.0126931
0.230125	-0.0102856
0.23025	-0.0175079
0.230375	-0.0134955
0.2305	-0.014298
0.230625	-0.014298
0.23075	-0.0118906
0.230875	-0.0175079
0.231	-0.0151005
0.231125	-0.0126931
0.23125	-0.0167055
0.231375	-0.0191129
0.2315	-0.00547077
0.231625	-0.00948316
0.23175	-0.0199154
0.231875	-0.00226086
0.232	-0.00466829
0.232125	-0.00547077
0.23225	-0.0183104
0.232375	-0.0175079
0.2325	-0.00948316
0.232625	-0.00306333
0.23275	-0.0134955
0.232875	-0.015903
0.233	-0.0207178
0.233125	-0.0126931
0.23325	-0.0118906
0.233375	-0.0118906
0.2335	-0.0167055
0.233625	-0.0151005
0.23375	-0.0110881
0.233875	-0.0126931
0.234	-0.0239278
0.234125	-0.0151005
0.23425	-0.0167055
0.234375	-0.0215203
0.2345	-0.015903
0.234625	-0.0078782
0.23475	-0.0102856
0.234875	-0.0118906
0.235	-0.0134955
0.235125	-0.014298
0.23525	-0.0231253
0.235375	-0.0223228
0.2355	-0.00627325
0.235625	-0.0167055
0.23575	-0.0118906
0.235875	-0.0126931
0.236	-0.0175079
0.236125	-0.0151005
0.23625	-0.00707572
0.236375	-0.00868068
0.2365	-0.0151005
0.236625	-0.0110881
0.23675	-0.0175079
0.236875	-0.00547077
0.237	-0.0191129
0.237125	-0.015903
0.23725	-0.0183104
0.237375	-0.0151005
0.2375	-0.0199154
0.237625	-0.0126931
0.23775	-0.0102856
0.237875	-0.0175079
0.238	-0.0126931
0.238125	-0.0151005
0.23825	-0.0223228
0.238375	-0.0175079
0.2385	-0.015903
0.238625	-0.0199154
0.23875	-0.0199154
0.238875	-0.0102856
0.239	-0.0199154
0.239125	-0.00948316
0.23925	-0.0134955
0.239375	-0.0247302
0.2395	-0.015903
0.239625	-0.0078782
0.23975	-0.015903
0.239875	-0.015903
0.24	-0.0231253
0.240125	-0.0151005
0.24025	-0.0118906
0.240375	-0.0255327
0.2405	-0.0102856
0.240625	-0.0078782
0.24075	-0.0167055
0.240875	-0.0118906
0.241	-0.00145838
0.241125	-0.0191129
0.24125	-0.0126931
0.241375	-0.00707572
0.2415	-0.00868068
0.241625	-0.00948316
0.24175	-0.014298
0.241875	-0.0126931
0.242	0.00335649
0.242125	-0.0167055
0.24225	-0.0215203
0.242375	-0.0175079
0.2425	-0.0118906
0.242625	-0.0151005
0.24275	-0.0110881
0.242875	-0.015903
0.243	-0.014298
0.243125	-0.0271377
0.24325	-0.0102856
0.243375	-0.0102856
0.2435	-0.00466829
0.243625	-0.00627325
0.24375	-0.0151005
0.243875	-0.0126931
0.244	-0.00226086
0.244125	-0.00627325
0.24425	-0.00466829
0.244375	-0.0110881
0.2445	-0.0223228
0.244625	-0.00868068
0.24475	-0.0231253
0.244875	-0.0151005
0.245	-0.015903
0.245125	-0.00226086
0.24525	-0.014298
0.245375	-0.0199154
0.2455	-0.00627325
0.245625	-0.0134955
0.24575	-0.0118906
0.245875	-0.0118906
0.246	-0.00707572
0.246125	-0.00948316
0.24625	-0.00868068
0.246375	-0.00948316
0.2465	-0.0167055
0.246625	-0.0191129
0.24675	-0.0126931
0.246875	-0.0191129
0.247	-0.00627325
0.247125	-0.00868068
0.24725	-0.0134955
0.247375	-0.0134955
0.2475	-0.0183104
0.247625	-0.0134955
0.24775	-0.00868068
0.247875	-0.0078782
0.248	-0.0118906
0.248125	-0.0102856
0.24825	-0.0118906
0.248375	-0.0118906
0.2485	-0.0078782
0.248625	-0.0126931
0.24875	-0.0134955
0.248875	-0.0134955
0.249	-0.00306333
0.249125	-0.00306333
0.24925	-0.0183104
0.249375	-0.0102856
0.2495	-0.0118906
0.249625	-0.0102856
0.24975	-0.00547077
0.249875	-0.00868068
0.25	-0.00948316
0.250125	-0.0151005
0.25025	-0.00466829
0.250375	-0.00868068
0.2505	-0.0102856
0.250625	-0.0134955
0.25075	-0.00547077
0.250875	-0.0191129
0.251	-0.00707572
0.251125	-0.0102856
0.25125	-0.014298
0.251375	-0.0118906
0.2515	-0.0215203
0.251625	-0.0078782
0.25175	-0.0167055
0.251875	-0.015903
0.252	-0.00466829
0.252125	-0.0078782
0.25225	-0.015903
0.252375	-0.0191129
0.2525	-0.00868068
0.252625	-0.00707572
0.25275	-0.0175079
0.252875	-0.0207178
0.253	-0.0102856
0.253125	-0.00948316
0.25325	-0.00868068
0.253375	-0.0078782
0.2535	-0.00948316
0.253625	-0.00547077
0.25375	-0.014298
0.253875	-0.0279402
0.254	-0.0118906
0.254125	-0.0006559
0.25425	-0.0167055
0.254375	-0.00948316
0.2545	-0.0102856
0.254625	-0.0110881
0.25475	-0.00386581
0.254875	-0.0207178
0.255	-0.0118906
0.255125	-0.00948316
0.25525	-0.0287426
0.255375	-0.0102856
0.2555	-0.0102856
0.255625	-0.00627325
0.25575	-0.0134955
0.255875	-0.014298
0.256	-0.00306333
0.256125	-0.00145838
0.25625	-0.015903
0.256375	-0.014298
0.2565	-0.015903
0.256625	-0.0167055
0.25675	-0.014298
0.256875	-0.0134955
0.257	-0.014298
0.257125	-0.00948316
0.25725	-0.0183104
0.257375	-0.0134955
0.2575	-0.0110881
0.257625	-0.00547077
0.25775	-0.0151005
0.257875	-0.0255327
0.258	-0.03436
0.258125	-0.0118906
0.25825	-0.0151005
0.258375	-0.0183104
0.2585	-0.00868068
0.258625	-0.0126931
0.25875	-0.0134955
0.258875	-0.00948316
0.259	-0.0078782
0.259125	-0.0207178
0.25925	-0.0151005
0.259375	-0.0102856
0.2595	-0.014298
0.259625	-0.00948316
0.25975	-0.0078782
0.259875	-0.0118906
0.26	-0.00948316
0.260125	-0.0183104
0.26025	-0.00627325
0.260375	-0.0118906
0.2605	-0.00627325
0.260625	-0.0231253
0.26075	-0.0102856
0.260875	-0.015903
0.261	-0.0126931
0.261125	-0.00868068
0.26125	-0.00948316
0.261375	-0.0078782
0.2615	-0.00868068
0.261625	-0.0134955
0.26175	-0.0118906
0.261875	-0.00868068
0.262	-0.0151005
0.262125	-0.0110881
0.26225	-0.0175079
0.262375	-0.0110881
0.2625	-0.0134955
0.262625	-0.0126931
0.26275	-0.00547077
0.262875	-0.0167055
0.263	-0.014298
0.263125	-0.0207178
0.26325	-0.00386581
0.263375	-0.032755
0.2635	-0.0126931
0.263625	-0.00948316
0.26375	-0.0110881
0.263875	-0.0199154
0.264	-0.0191129
0.264125	-0.00466829
0.26425	-0.0118906
0.264375	-0.00707572
0.2645	-0.0215203
0.264625	-0.015903
0.26475	-0.0078782
0.264875	-0.0078782
0.265	-0.0279402
0.265125	-0.014298
0.26525	-0.00948316
0.265375	-0.0151005
0.2655	-0.0102856
0.265625	-0.015903
0.26575	-0.00627325
0.265875	-0.0191129
0.266	-0.00547077
0.266125	-0.0102856
0.26625	-0.0102856
0.266375	-0.0078782
0.2665	-0.0078782
0.266625	-0.00707572
0.26675	-0.0199154
0.266875	-0.0078782
0.267	-0.0207178
0.267125	-0.014298
0.26725	-0.0118906
0.267375	-0.0151005
0.2675	-0.0078782
0.267625	-0.00707572
0.26775	-0.0102856
0.267875	-0.0102856
0.268	-0.0118906
0.268125	-0.0126931
0.26825	-0.00306333
0.268375	-0.00868068
0.2685	-0.00868068
0.268625	-0.00466829
0.26875	-0.014298
0.268875	-0.0207178
0.269	-0.0255327
0.269125	-0.0151005
0.26925	-0.0134955
0.269375	-0.0167055
0.2695	-0.0151005
0.269625	-0.0134955
0.26975	-0.00627325
0.269875	-0.00547077
0.27	-0.0183104
0.270125	-0.0118906
0.27025	-0.0175079
0.270375	-0.00306333
0.2705	-0.00948316
0.270625	-0.00707572
0.27075	-0.00386581
0.270875	-0.0078782
0.271	-0.0102856
0.271125	-0.0078782
0.27125	-0.00948316
0.271375	-0.0126931
0.2715	-0.00466829
0.271625	-0.0151005
0.27175	-0.0110881
0.271875	-0.0255327
0.272	-0.0110881
0.272125	-0.0102856
0.27225	-0.00627325
0.272375	-0.014298
0.2725	-0.00466829
0.272625	-0.0102856
0.27275	-0.0231253
0.272875	-0.0134955
0.273	-0.00868068
0.273125	-0.0167055
0.27325	-0.0134955
0.273375	-0.0078782
0.2735	-0.0102856
0.273625	-0.0102856
0.27375	-0.015903
0.273875	-0.00868068
0.274	-0.00868068
0.274125	-0.00466829
0.27425	-0.0134955
0.274375	-0.00145838
0.2745	-0.0102856
0.274625	-0.00547077
0.27475	-0.0295451
0.274875	-0.00707572
0.275	-0.0078782
0.275125	-0.0183104
0.27525	-0.0118906
0.275375	-0.015903
0.2755	-0.0006559
0.275625	-0.00547077
0.27575	-0.0151005
0.275875	-0.0167055
0.276	-0.0151005
0.276125	-0.014298
0.27625	-0.0118906
0.276375	-0.00627325
0.2765	-0.00627325
0.276625	-0.0199154
0.27675	-0.0102856
0.276875	-0.00627325
0.277	-0.00948316
0.277125	-0.00868068
0.27725	-0.0078782
0.277375	-0.00948316
0.2775	-0.0102856
0.277625	-0.00627325
0.27775	-0.00306333
0.277875	-0.00386581
0.278	-0.0167055
0.278125	-0.015903
0.27825	-0.0311501
0.278375	-0.0110881
0.2785	-0.00466829
0.278625	-0.0102856
0.27875	-0.00948316
0.278875	-0.0215203
0.279	-0.0126931
0.279125	-0.00547077
0.27925	-0.0223228
0.279375	-0.0151005
0.2795	-0.0191129
0.279625	-0.00948316
0.27975	-0.00386581
0.279875	-0.0167055
0.28	-0.0110881
0.280125	-0.0151005
0.28025	-0.0126931
0.280375	-0.0078782
0.2805	-0.0110881
0.280625	-0.00386581
0.28075	-0.0126931
0.280875	-0.0151005
0.281	-0.0199154
0.281125	-0.0191129
0.28125	-0.0134955
0.281375	-0.0223228
0.2815	-0.0110881
0.281625	-0.00868068
0.28175	-0.0207178
0.281875	-0.00547077
0.282	-0.0110881
0.282125	-0.0167055
0.28225	-0.0118906
0.282375	-0.00466829
0.2825	-0.00948316
0.282625	-0.0223228
0.28275	-0.0134955
0.282875	-0.0183104
0.283	-0.014298
0.283125	-0.014298
0.28325	-0.0199154
0.283375	-0.0223228
0.2835	-0.0118906
0.283625	-0.00547077
0.28375	-0.00627325
0.283875	-0.0223228
0.284	-0.0110881
0.284125	-0.0102856
0.28425	-0.0175079
0.284375	-0.0183104
0.2845	-0.0215203
0.284625	-0.0118906
0.28475	-0.00868068
0.284875	-0.0102856
0.285	-0.0118906
0.285125	-0.00627325
0.28525	-0.015903
0.285375	-0.0126931
0.2855	-0.0118906
0.285625	-0.00868068
0.28575	-0.0102856
0.285875	-0.015903
0.286	-0.014298
0.286125	-0.00868068
0.28625	-0.0134955
0.286375	-0.0239278
0.2865	-0.0102856
0.286625	-0.0118906
0.28675	-0.0151005
0.286875	-0.014298
0.287	-0.0151005
0.287125	-0.0151005
0.28725	-0.0175079
0.287375	-0.015903
0.2875	-0.0167055
0.287625	-0.0126931
0.28775	-0.0255327
0.287875	0.000146578
0.288	-0.0207178
0.288125	-0.0126931
0.28825	-0.00868068
0.288375	-0.0126931
0.2885	-0.0110881
0.288625	-0.0118906
0.28875	-0.0151005
0.288875	-0.0199154
0.289	-0.00948316
0.289125	-0.0110881
0.28925	-0.0078782
0.289375	-0.00466829
0.2895	-0.0118906
0.289625	-0.0102856
0.28975	-0.0102856
0.289875	-0.00707572
0.29	-0.0110881
0.290125	-0.0134955
0.29025	-0.0335575
0.290375	-0.0134955
0.2905	-0.0183104
0.290625	0.000949056
0.29075	-0.0351625
0.290875	-0.0183104
0.291	-0.0167055
0.291125	-0.00627325
0.29125	-0.015903
0.291375	-0.00466829
0.2915	-0.0134955
0.291625	-0.0151005
0.29175	-0.00868068
0.291875	-0.0134955
0.292	-0.0126931
0.292125	-0.0215203
0.29225	-0.0167055
0.292375	-0.0191129
0.2925	-0.00948316
0.292625	-0.00707572
0.29275	-0.00868068
0.292875	0.000146578
0.293	-0.0167055
0.293125	-0.015903
0.29325	-0.0134955
0.293375	-0.00466829
0.2935	-0.0078782
0.293625	0.000146578
0.29375	-0.0183104
0.293875	-0.00707572
0.294	-0.00707572
0.294125	-0.00868068
0.29425	-0.00226086
0.294375	-0.00547077
0.2945	-0.0110881
0.294625	-0.0078782
0.29475	-0.015903
0.294875	-0.0126931
0.295	0.00255401
0.295125	-0.0110881
0.29525	-0.0110881
0.295375	-0.0199154
0.2955	-0.0175079
0.295625	-0.00868068
0.29575	-0.0102856
0.295875	-0.0134955
0.296	-0.0102856
0.296125	0.000949056
0.29625	-0.0215203
0.296375	-0.0102856
0.2965	-0.0118906
0.296625	-0.0151005
0.29675	-0.015903
0.296875	-0.0078782
0.297	-0.0167055
0.297125	-0.0175079
0.29725	-0.014298
0.297375	-0.00547077
0.2975	-0.0167055
0.297625	-0.0215203
0.29775	-0.0126931
0.297875	-0.015903
0.298	-0.00466829
0.298125	-0.0126931
0.29825	-0.00627325
0.298375	-0.0263352
0.2985	-0.00707572
0.298625	-0.00386581
0.29875	-0.00868068
0.298875	-0.0126931
0.299	-0.00948316
0.299125	-0.0118906
0.29925	-0.00547077
0.299375	-0.00627325
0.2995	-0.0078782
0.299625	-0.0102856
0.29975	-0.0151005
0.299875	-0.0263352
0.3	-0.0167055
0.300125	-0.00948316
0.30025	-0.0118906
0.300375	-0.0191129
0.3005	-0.0134955
0.300625	-0.0183104
0.30075	-0.00948316
0.300875	-0.0118906
0.301	-0.0118906
0.301125	-0.0199154
0.30125	-0.0118906
0.301375	-0.00466829
0.3015	-0.0118906
0.301625	-0.0078782
0.30175	-0.00466829
0.301875	-0.0263352
0.302	-0.014298
0.302125	-0.03436
0.30225	-0.0126931
0.302375	-0.00948316
0.3025	-0.00627325
0.302625	-0.0175079
0.30275	-0.0126931
0.302875	-0.014298
0.303	-0.0167055
0.303125	-0.00868068
0.30325	-0.0183104
0.303375	-0.00627325
0.3035	-0.0110881
0.303625	-0.00707572
0.30375	-0.015903
0.303875	-0.0134955
0.304	-0.00547077
0.304125	-0.0102856
0.30425	-0.00707572
0.304375	-0.0078782
0.3045	-0.0295451
0.304625	-0.0078782
0.30475	-0.0118906
0.304875	-0.0175079
0.305	-0.0134955
0.305125	-0.0118906
0.30525	-0.0151005
0.305375	-0.0078782
0.3055	-0.014298
0.305625	-0.0102856
0.30575	-0.0223228
0.305875	-0.0207178
0.306	-0.00707572
0.306125	-0.00868068
0.30625	-0.0134955
0.306375	-0.0183104
0.3065	-0.014298
0.306625	-0.0231253
0.30675	-0.0102856
0.306875	-0.0191129
0.307	-0.0134955
0.307125	-0.0199154
0.30725	-0.014298
0.307375	-0.0118906
0.3075	-0.0102856
0.307625	-0.0134955
0.30775	-0.0134955
0.307875	-0.0126931
0.308	-0.00948316
0.308125	-0.0078782
0.30825	-0.0134955
0.308375	-0.0191129
0.3085	-0.00627325
0.308625	0.000146578
0.30875	-0.0126931
0.308875	-0.014298
0.309	-0.015903
0.309125	-0.0118906
0.30925	-0.0271377
0.309375	-0.00226086
0.3095	-0.00707572
0.309625	-0.0110881
0.30975	-0.00948316
0.309875	-0.00948316
0.31	-0.00627325
0.310125	-0.0351625
0.31025	0.000949056
0.310375	-0.0126931
0.3105	-0.0126931
0.310625	-0.0118906
0.31075	-0.0239278
0.310875	-0.014298
0.311	-0.0134955
0.311125	-0.0151005
0.31125	-0.00868068
0.311375	-0.0126931
0.3115	-0.0175079
0.311625	-0.0183104
0.31175	-0.0134955
0.311875	-0.00868068
0.312	-0.0110881
0.312125	-0.0102856
0.31225	-0.0175079
0.312375	-0.0118906
0.3125	-0.0126931
0.312625	-0.00948316
0.31275	-0.0126931
0.312875	-0.0207178
0.313	0.000949056
0.313125	-0.014298
0.31325	-0.00707572
0.313375	-0.00948316
0.3135	-0.00547077
0.313625	-0.0118906
0.31375	-0.00627325
0.313875	-0.00627325
0.314	-0.014298
0.314125	-0.00627325
0.31425	-0.00466829
0.314375	-0.00145838
0.3145	-0.0078782
0.314625	-0.0102856
0.31475	-0.00386581
0.314875	-0.00948316
0.315	-0.0247302
0.315125	-0.0199154
0.31525	-0.015903
0.315375	-0.015903
0.3155	-0.0134955
0.315625	-0.0126931
0.31575	-0.0078782
0.315875	-0.00868068
0.316	-0.0134955
0.316125	-0.00948316
0.31625	-0.0078782
0.316375	-0.00627325
0.3165	-0.00627325
0.316625	-0.0078782
0.31675	-0.0102856
0.316875	-0.0151005
0.317	-0.0191129
0.317125	-0.00627325
0.31725	-0.00386581
0.317375	-0.00868068
0.3175	-0.00306333
0.317625	-0.0191129
0.31775	-0.00948316
0.317875	-0.0199154
0.318	-0.0183104
0.318125	-0.00948316
0.31825	-0.0126931
0.318375	-0.0118906
0.3185	-0.00948316
0.318625	-0.00707572
0.31875	-0.00868068
0.318875	-0.0167055
0.319	-0.015903
0.319125	-0.00386581
0.31925	-0.014298
0.319375	-0.00707572
0.3195	-0.0126931
0.319625	-0.0118906
0.31975	-0.00627325
0.319875	-0.0118906
0.32	-0.0134955
0.320125	-0.0223228
0.32025	-0.015903
0.320375	-0.00868068
0.3205	-0.00547077
0.320625	-0.0102856
0.32075	-0.0191129
0.320875	-0.0126931
0.321	-0.0118906
0.321125	-0.0239278
0.32125	-0.0183104
0.321375	-0.00466829
0.3215	-0.00948316
0.321625	-0.0102856
0.32175	-0.00226086
0.321875	-0.0110881
0.322	-0.014298
0.322125	-0.015903
0.32225	-0.0175079
0.322375	-0.0151005
0.3225	-0.0167055
0.322625	-0.00868068
0.32275	-0.0102856
0.322875	-0.0151005
0.323	-0.0102856
0.323125	-0.0126931
0.32325	-0.0078782
0.323375	-0.015903
0.3235	-0.0110881
0.323625	-0.0134955
0.32375	-0.0102856
0.323875	-0.0134955
0.324	-0.0183104
0.324125	-0.0110881
0.32425	-0.0215203
0.324375	-0.0134955
0.3245	-0.0199154
0.324625	-0.015903
0.32475	-0.0126931
0.324875	-0.0151005
0.325	-0.0118906
0.325125	-0.0191129
0.32525	-0.0110881
0.325375	-0.00868068
0.3255	-0.0191129
0.325625	-0.0191129
0.32575	-0.0118906
0.325875	-0.0183104
0.326	-0.014298
0.326125	-0.0191129
0.32625	-0.0078782
0.326375	-0.0199154
0.3265	-0.0102856
0.326625	-0.0167055
0.32675	-0.0118906
0.326875	-0.014298
0.327	-0.0151005
0.327125	-0.0271377
0.32725	-0.0126931
0.327375	-0.0102856
0.3275	-0.015903
0.327625	-0.0183104
0.32775	-0.0215203
0.327875	-0.0183104
0.328	-0.0175079
0.328125	-0.00868068
0.32825	-0.0118906
0.328375	-0.014298
0.3285	-0.0118906
0.328625	-0.0134955
0.32875	-0.0151005
0.328875	-0.00948316
0.329	-0.015903
0.329125	-0.0183104
0.32925	-0.0118906
0.329375	-0.0167055
0.3295	-0.014298
0.329625	-0.0151005
0.32975	-0.00868068
0.329875	-0.0118906
0.33	-0.0134955
0.330125	-0.0078782
0.33025	-0.00948316
0.330375	-0.00868068
0.3305	-0.0126931
0.330625	-0.0126931
0.33075	-0.0247302
0.330875	-0.0183104
0.331	-0.014298
0.331125	-0.00868068
0.33125	-0.0191129
0.331375	-0.0183104
0.3315	-0.0167055
0.331625	-0.014298
0.33175	-0.0167055
0.331875	-0.0167055
0.332	-0.0151005
0.332125	-0.0167055
0.33225	-0.0183104
0.332375	-0.00948316
0.3325	-0.00627325
0.332625	-0.0126931
0.33275	-0.0134955
0.332875	-0.0167055
0.333	-0.0118906
0.333125	-0.0118906
0.33325	-0.0102856
0.333375	-0.014298
0.3335	-0.0151005
0.333625	-0.0110881
0.33375	-0.0287426
0.333875	-0.0134955
0.334	-0.0126931
0.334125	-0.00868068
0.33425	-0.015903
0.334375	-0.015903
0.3345	-0.0167055
0.334625	-0.00948316
0.33475	-0.0271377
0.334875	-0.015903
0.335	-0.0126931
0.335125	-0.0102856
0.33525	-0.0239278
0.335375	-0.00707572
0.3355	-0.00306333
0.335625	-0.00948316
0.33575	-0.0191129
0.335875	-0.00627325
0.336	-0.0110881
0.336125	-0.0167055
0.33625	-0.0102856
0.336375	-0.0151005
0.3365	-0.0078782
0.336625	-0.0102856
0.33675	-0.0151005
0.336875	-0.0118906
0.337	-0.0110881
0.337125	-0.0134955
0.33725	-0.0078782
0.337375	-0.0351625
0.3375	-0.0126931
0.337625	-0.0175079
0.33775	0.000949056
0.337875	-0.0110881
0.338	-0.00948316
0.338125	-0.00386581
0.33825	-0.00707572
0.338375	-0.0134955
0.3385	-0.0231253
0.338625	-0.0134955
0.33875	-0.0191129
0.338875	-0.0199154
0.339	-0.0223228
0.339125	-0.0183104
0.33925	-0.015903
0.339375	-0.0118906
0.3395	-0.0183104
0.339625	-0.0118906
0.33975	-0.00948316
0.339875	-0.00306333
0.34	-0.0078782
0.340125	-0.0167055
0.34025	-0.0078782
0.340375	-0.0102856
0.3405	-0.00707572
0.340625	-0.00868068
0.34075	-0.015903
0.340875	-0.00547077
0.341	-0.0078782
0.341125	-0.0175079
0.34125	-0.0215203
0.341375	-0.0255327
0.3415	-0.0247302
0.341625	-0.00868068
0.34175	-0.0110881
0.341875	-0.0199154
0.342	-0.00868068
0.342125	-0.0151005
0.34225	-0.0167055
0.342375	-0.0175079
0.3425	-0.015903
0.342625	-0.0118906
0.34275	-0.0207178
0.342875	-0.0183104
0.343	-0.0199154
0.343125	-0.00306333
0.34325	-0.00145838
0.343375	-0.0118906
0.3435	-0.014298
0.343625	-0.0215203
0.34375	-0.0175079
0.343875	-0.0102856
0.344	-0.0167055
0.344125	-0.00868068
0.34425	-0.0231253
0.344375	-0.00707572
0.3445	-0.0287426
0.344625	-0.0175079
0.34475	-0.0175079
0.344875	-0.00868068
0.345	-0.00948316
0.345125	-0.0207178
0.34525	-0.0183104
0.345375	-0.0110881
0.3455	-0.0215203
0.345625	-0.0207178
0.34575	-0.0078782
0.345875	-0.015903
0.346	-0.014298
0.346125	-0.0134955
0.34625	-0.0110881
0.346375	-0.00145838
0.3465	-0.0271377
0.346625	-0.014298
0.34675	-0.0110881
0.346875	-0.0102856
0.347	-0.00627325
0.347125	-0.00948316
0.34725	-0.0134955
0.347375	-0.015903
0.3475	-0.0102856
0.347625	-0.015903
0.34775	0.000146578
0.347875	-0.0134955
0.348	-0.0199154
0.348125	-0.00627325
0.34825	-0.0167055
0.348375	-0.0183104
0.3485	-0.0126931
0.348625	-0.0102856
0.34875	-0.0078782
0.348875	-0.015903
0.349	-0.00948316
0.349125	-0.0118906
0.34925	-0.00466829
0.349375	-0.00145838
0.3495	-0.015903
0.349625	-0.0118906
0.34975	-0.0134955
0.349875	-0.00707572
0.35	-0.00547077
0.350125	-0.0118906
0.35025	-0.00627325
0.350375	-0.015903
0.3505	-0.0078782
0.350625	-0.0207178
0.35075	-0.014298
0.350875	-0.014298
0.351	-0.014298
0.351125	-0.0110881
0.35125	-0.00948316
0.351375	-0.0110881
0.3515	-0.0102856
0.351625	-0.0199154
0.35175	-0.0118906
0.351875	-0.0151005
0.352	-0.0167055
0.352125	-0.0151005
0.35225	-0.015903
0.352375	-0.0215203
0.3525	-0.014298
0.352625	-0.00707572
0.35275	-0.0183104
0.352875	-0.00868068
0.353	-0.00627325
0.353125	-0.0078782
0.35325	-0.014298
0.353375	-0.0191129
0.3535	-0.0102856
0.353625	-0.0175079
0.35375	-0.00306333
0.353875	-0.00627325
0.354	-0.0110881
0.354125	-0.00707572
0.35425	-0.0006559
0.354375	-0.00306333
0.3545	-0.0110881
0.354625	-0.0175079
0.35475	-0.00948316
0.354875	-0.014298
0.355	-0.0151005
0.355125	-0.0078782
0.35525	-0.00627325
0.355375	-0.00948316
0.3555	-0.00547077
0.355625	-0.0207178
0.35575	-0.0102856
0.355875	-0.00707572
0.356	-0.0134955
0.356125	-0.0118906
0.35625	-0.015903
0.356375	-0.0110881
0.3565	-0.0183104
0.356625	-0.00948316
0.35675	-0.0110881
0.356875	-0.0247302
0.357	-0.0151005
0.357125	-0.0102856
0.35725	-0.0134955
0.357375	-0.0126931
0.3575	-0.0175079
0.357625	-0.0167055
0.35775	-0.0287426
0.357875	-0.0167055
0.358	-0.015903
0.358125	-0.015903
0.35825	-0.0191129
0.358375	-0.00948316
0.3585	-0.0118906
0.358625	-0.0271377
0.35875	-0.0110881
0.358875	-0.0134955
0.359	-0.0191129
0.359125	-0.0215203
0.35925	-0.0078782
0.359375	-0.0183104
0.3595	-0.0102856
0.359625	-0.0134955
0.35975	-0.015903
0.359875	-0.0110881
0.36	-0.0167055
0.360125	-0.00948316
0.36025	-0.00466829
0.360375	-0.0118906
0.3605	-0.0191129
0.360625	-0.0191129
0.36075	-0.015903
0.360875	-0.0102856
0.361	-0.015903
0.361125	-0.00868068
0.36125	-0.0118906
0.361375	-0.0126931
0.3615	-0.015903
0.361625	-0.0303476
0.36175	-0.0126931
0.361875	-0.0207178
0.362	-0.0191129
0.362125	-0.0151005
0.36225	-0.0134955
0.362375	-0.014298
0.3625	-0.0110881
0.362625	-0.0110881
0.36275	-0.0167055
0.362875	-0.00627325
0.363	-0.0223228
0.363125	-0.0223228
0.36325	-0.00306333
0.363375	-0.00868068
0.3635	-0.0335575
0.363625	-0.0110881
0.36375	-0.0183104
0.363875	-0.0239278
0.364	-0.0199154
0.364125	-0.0134955
0.36425	-0.0175079
0.364375	-0.0118906
0.3645	-0.0151005
0.364625	-0.00948316
0.36475	-0.0118906
0.364875	-0.015903
0.365	-0.0183104
0.365125	-0.0215203
0.36525	-0.0167055
0.365375	-0.0118906
0.3655	-0.0183104
0.365625	-0.0126931
0.36575	-0.0167055
0.365875	-0.0151005
0.366	-0.0175079
0.366125	-0.0110881
0.36625	-0.0199154
0.366375	-0.00627325
0.3665	-0.0271377
0.366625	-0.0255327
0.36675	-0.0102856
0.366875	-0.0078782
0.367	-0.00386581
0.367125	-0.0110881
0.36725	-0.0191129
0.367375	-0.014298
0.3675	-0.00948316
0.367625	-0.015903
0.36775	-0.0199154
0.367875	-0.0167055
0.368	-0.0167055
0.368125	-0.0110881
0.36825	-0.0118906
0.368375	-0.0102856
0.3685	-0.0207178
0.368625	-0.0118906
0.36875	-0.0118906
0.368875	-0.0078782
0.369	-0.0207178
0.369125	-0.015903
0.36925	-0.00627325
0.369375	-0.00707572
0.3695	-0.014298
0.369625	-0.0110881
0.36975	-0.0078782
0.369875	-0.0215203
0.37	-0.0126931
0.370125	-0.0167055
0.37025	-0.0126931
0.370375	-0.0175079
0.3705	-0.00627325
0.370625	-0.0078782
0.37075	-0.0191129
0.370875	-0.0319525
0.371	-0.00627325
0.371125	-0.0110881
0.37125	-0.00868068
0.371375	-0.0175079
0.3715	-0.0118906
0.371625	-0.0183104
0.37175	-0.00707572
0.371875	-0.014298
0.372	-0.00707572
0.372125	-0.0215203
0.37225	-0.0151005
0.372375	-0.0215203
0.3725	-0.0078782
0.372625	-0.0126931
0.37275	-0.0126931
0.372875	-0.00948316
0.373	-0.00948316
0.373125	-0.0151005
0.37325	-0.00466829
0.373375	-0.0078782
0.3735	-0.0167055
0.373625	-0.00707572
0.37375	-0.0191129
0.373875	-0.0167055
0.374	-0.0102856
0.374125	-0.014298
0.37425	-0.014298
0.374375	-0.0247302
0.3745	-0.015903
0.374625	-0.0151005
0.37475	-0.0207178
0.374875	-0.015903
0.375	-0.0134955
0.375125	-0.0167055
0.37525	-0.015903
0.375375	-0.0175079
0.3755	-0.00306333
0.375625	-0.00145838
0.37575	-0.00386581
0.375875	-0.00948316
0.376	-0.0223228
0.376125	-0.00547077
0.37625	-0.00707572
0.376375	-0.014298
0.3765	-0.0167055
0.376625	-0.0110881
0.37675	-0.0151005
0.376875	-0.00226086
0.377	-0.00948316
0.377125	-0.0110881
0.37725	-0.00868068
0.377375	-0.014298
0.3775	-0.0175079
0.377625	-0.00707572
0.37775	-0.0110881
0.377875	-0.0223228
0.378	-0.014298
0.378125	-0.0175079
0.37825	-0.0175079
0.378375	-0.0223228
0.3785	-0.0126931
0.378625	-0.0110881
0.37875	-0.0175079
0.378875	-0.014298
0.379	-0.00466829
0.379125	-0.0183104
0.37925	-0.00547077
0.379375	-0.014298
0.3795	-0.00868068
0.379625	-0.0102856
0.37975	-0.0151005
0.379875	-0.0110881
0.38	-0.0191129
0.380125	-0.00868068
0.38025	-0.015903
0.380375	-0.0207178
0.3805	-0.0102856
0.380625	-0.0134955
0.38075	-0.00868068
0.380875	-0.0126931
0.381	-0.0199154
0.381125	-0.0183104
0.38125	-0.014298
0.381375	-0.0263352
0.3815	-0.0223228
0.381625	-0.0126931
0.38175	-0.0311501
0.381875	-0.0223228
0.382	-0.0126931
0.382125	-0.0167055
0.38225	-0.0183104
0.382375	-0.0311501
0.3825	-0.015903
0.382625	-0.0110881
0.38275	-0.0207178
0.382875	-0.00707572
0.383	-0.00868068
0.383125	-0.0183104
0.38325	-0.0263352
0.383375	-0.0110881
0.3835	-0.00948316
0.383625	-0.00948316
0.38375	-0.0167055
0.383875	-0.0231253
0.384	-0.0223228
0.384125	-0.0134955
0.38425	-0.0175079
0.384375	-0.0191129
0.3845	-0.0199154
0.384625	-0.0167055
0.38475	-0.00948316
0.384875	-0.0167055
0.385	-0.00466829
0.385125	-0.0191129
0.38525	-0.0183104
0.385375	-0.0231253
0.3855	-0.014298
0.385625	-0.014298
0.38575	-0.00466829
0.385875	-0.0191129
0.386	-0.0199154
0.386125	-0.0183104
0.38625	-0.0134955
0.386375	-0.0191129
0.3865	-0.00386581
0.386625	-0.00707572
0.38675	-0.0247302
0.386875	-0.0247302
0.387	-0.0110881
0.387125	-0.00948316
0.38725	-0.014298
0.387375	-0.00948316
0.3875	-0.0102856
0.387625	-0.0183104
0.38775	-0.00627325
0.387875	-0.0191129
0.388	-0.0102856
0.388125	-0.00466829
0.38825	-0.0151005
0.388375	-0.0183104
0.3885	-0.0183104
0.388625	-0.00948316
0.38875	-0.0102856
0.388875	-0.00948316
0.389	-0.00466829
0.389125	-0.0271377
0.38925	-0.00627325
0.389375	-0.00948316
0.3895	-0.014298
0.389625	-0.0134955
0.38975	-0.015903
0.389875	-0.0207178
0.39	-0.00627325
0.390125	-0.0175079
0.39025	-0.0134955
0.390375	-0.00868068
0.3905	-0.0223228
0.390625	-0.00868068
0.39075	-0.0239278
0.390875	-0.00466829
0.391	-0.00707572
0.391125	-0.00466829
0.39125	-0.00627325
0.391375	-0.0078782
0.3915	-0.0102856
0.391625	-0.00948316
0.39175	-0.0110881
0.391875	-0.0134955
0.392	-0.00868068
0.392125	-0.014298
0.39225	-0.00868068
0.392375	-0.0006559
0.3925	-0.0151005
0.392625	-0.0078782
0.39275	-0.0279402
0.392875	-0.0078782
0.393	-0.0118906
0.393125	-0.00948316
0.39325	-0.0183104
0.393375	-0.0223228
0.3935	-0.0151005
0.393625	-0.0134955
0.39375	-0.0151005
0.393875	-0.0151005
0.394	-0.00948316
0.394125	-0.0199154
0.39425	-0.0134955
0.394375	-0.0078782
0.3945	-0.00386581
0.394625	-0.0118906
0.39475	-0.014298
0.394875	-0.0151005
0.395	-0.0151005
0.395125	-0.00547077
0.39525	-0.00386581
0.395375	-0.00466829
0.3955	-0.015903
0.395625	-0.0175079
0.39575	-0.014298
0.395875	-0.014298
0.396	-0.00627325
0.396125	-0.0175079
0.39625	-0.014298
0.396375	-0.0102856
0.3965	-0.0199154
0.396625	-0.0126931
0.39675	-0.0118906
0.396875	-0.0078782
0.397	-0.00948316
0.397125	-0.0199154
0.39725	-0.0110881
0.397375	-0.015903
0.3975	-0.0175079
0.397625	-0.015903
0.39775	-0.0151005
0.397875	-0.0110881
0.398	-0.0126931
0.398125	-0.0118906
0.39825	-0.00466829
0.398375	-0.0102856
0.3985	-0.0151005
0.398625	-0.0215203
0.39875	-0.0191129
0.398875	-0.0006559
0.399	-0.0126931
0.399125	-0.0134955
0.39925	-0.0175079
0.399375	-0.0102856
0.3995	-0.014298
0.399625	-0.0126931
0.39975	-0.0223228
0.399875	-0.0167055
0.4	-0.015903
0.400125	-0.0134955
0.40025	-0.0183104
0.400375	-0.0199154
0.4005	-0.0118906
0.400625	-0.0207178
0.40075	-0.0199154
0.400875	-0.015903
0.401	-0.0183104
0.401125	-0.0118906
0.40125	-0.0118906
0.401375	-0.014298
0.4015	-0.0102856
0.401625	-0.0191129
0.40175	-0.0255327
0.401875	-0.0118906
0.402	-0.0183104
0.402125	-0.0207178
0.40225	-0.0134955
0.402375	-0.0183104
0.4025	-0.014298
0.402625	-0.015903
0.40275	-0.00547077
0.402875	-0.00948316
0.403	-0.015903
0.403125	-0.0191129
0.40325	-0.0175079
0.403375	-0.0126931
0.4035	-0.0102856
0.403625	-0.0207178
0.40375	-0.0287426
0.403875	-0.015903
0.404	-0.0191129
0.404125	-0.0126931
0.40425	-0.0118906
0.404375	-0.0175079
0.4045	-0.0134955
0.404625	-0.0207178
0.40475	-0.0126931
0.404875	-0.0126931
0.405	-0.0183104
0.405125	-0.0175079
0.40525	-0.015903
0.405375	-0.014298
0.4055	-0.0102856
0.405625	-0.015903
0.40575	-0.014298
0.405875	-0.0239278
0.406	-0.014298
0.406125	-0.0207178
0.40625	-0.0247302
0.406375	-0.0078782
0.4065	-0.0175079
0.406625	-0.014298
0.40675	-0.0175079
0.406875	-0.00707572
0.407	-0.00707572
0.407125	-0.0078782
0.40725	-0.0199154
0.407375	-0.0134955
0.4075	-0.0118906
0.407625	-0.0110881
0.40775	-0.0191129
0.407875	-0.00466829
0.408	-0.0118906
0.408125	-0.0134955
0.40825	-0.014298
0.408375	-0.00868068
0.4085	-0.0118906
0.408625	-0.0118906
0.40875	-0.0215203
0.408875	-0.0102856
0.409	-0.00948316
0.409125	-0.00948316
0.40925	-0.0175079
0.409375	-0.0175079
0.4095	-0.0126931
0.409625	-0.0126931
0.40975	-0.0110881
0.409875	-0.0078782
0.41	-0.00868068
0.410125	-0.0118906
0.41025	-0.0295451
0.410375	-0.0134955
0.4105	-0.0126931
0.410625	-0.0183104
0.41075	-0.0118906
0.410875	-0.0215203
0.411	-0.00707572
0.411125	-0.0175079
0.41125	-0.014298
0.411375	-0.0102856
0.4115	-0.00386581
0.411625	-0.0118906
0.41175	-0.00948316
0.411875	-0.0215203
0.412	-0.0110881
0.412125	-0.00948316
0.41225	-0.0167055
0.412375	-0.0239278
0.4125	-0.0151005
0.412625	-0.0199154
0.41275	-0.0110881
0.412875	-0.0215203
0.413	-0.0167055
0.413125	-0.00306333
0.41325	-0.0118906
0.413375	-0.0199154
0.4135	-0.00547077
0.413625	-0.00707572
0.41375	-0.0078782
0.413875	-0.00948316
0.414	-0.0078782
0.414125	-0.00627325
0.41425	-0.00868068
0.414375	-0.0191129
0.4145	-0.0175079
0.414625	-0.0110881
0.41475	-0.0110881
0.414875	-0.0151005
0.415	-0.0151005
0.415125	-0.0102856
0.41525	-0.0191129
0.415375	-0.00627325
0.4155	-0.0110881
0.415625	-0.00386581
0.41575	-0.0231253
0.415875	-0.0118906
0.416	-0.0167055
0.416125	-0.0118906
0.41625	-0.0134955
0.416375	-0.014298
0.4165	-0.0134955
0.416625	-0.0102856
0.41675	-0.0078782
0.416875	-0.00627325
0.417	-0.0006559
0.417125	-0.0126931
0.41725	-0.0199154
0.417375	-0.0126931
0.4175	-0.0126931
0.417625	-0.0110881
0.41775	-0.0118906
0.417875	-0.0102856
0.418	-0.0078782
0.418125	-0.0175079
0.41825	-0.0183104
0.418375	-0.0175079
0.4185	-0.0110881
0.418625	-0.00948316
0.41875	-0.0239278
0.418875	-0.015903
0.419	-0.0126931
0.419125	-0.0110881
0.41925	-0.00627325
0.419375	-0.00226086
0.4195	-0.0134955
0.419625	-0.0255327
0.41975	-0.0126931
0.419875	-0.0078782
0.42	-0.00226086
0.420125	-0.0118906
0.42025	-0.0126931
0.420375	-0.0134955
0.4205	-0.0110881
0.420625	-0.00948316
0.42075	-0.0102856
0.420875	-0.0134955
0.421	-0.0255327
0.421125	-0.0199154
0.42125	-0.0175079
0.421375	-0.0126931
0.4215	-0.0134955
0.421625	-0.00466829
0.42175	-0.0110881
0.421875	-0.00627325
0.422	-0.0134955
0.422125	-0.014298
0.42225	-0.0126931
0.422375	-0.0110881
0.4225	-0.0215203
0.422625	-0.00547077
0.42275	-0.0175079
0.422875	-0.00868068
0.423	-0.0110881
0.423125	-0.0126931
0.42325	-0.0167055
0.423375	-0.0255327
0.4235	-0.0223228
0.423625	-0.00707572
0.42375	-0.00948316
0.423875	-0.0175079
0.424	-0.0110881
0.424125	-0.014298
0.42425	-0.00466829
0.424375	-0.0183104
0.4245	-0.0078782
0.424625	-0.015903
0.42475	-0.0151005
0.424875	-0.0102856
0.425	-0.0078782
0.425125	-0.00948316
0.42525	-0.0183104
0.425375	-0.0175079
0.4255	-0.0118906
0.425625	-0.0183104
0.42575	-0.0151005
0.425875	-0.00306333
0.426	-0.0279402
0.426125	-0.00707572
0.42625	-0.00306333
0.426375	-0.015903
0.4265	-0.0102856
0.426625	-0.00547077
0.42675	-0.0215203
0.426875	-0.0110881
0.427	-0.0151005
0.427125	-0.00948316
0.42725	-0.0006559
0.427375	-0.00948316
0.4275	-0.0151005
0.427625	-0.0102856
0.42775	-0.0191129
0.427875	-0.0006559
0.428	-0.014298
0.428125	-0.00868068
0.42825	-0.0078782
0.428375	-0.00707572
0.4285	-0.0078782
0.428625	-0.0231253
0.42875	-0.00226086
0.428875	-0.0151005
0.429	-0.0239278
0.429125	-0.0110881
0.42925	-0.0183104
0.429375	-0.0134955
0.4295	-0.00707572
0.429625	-0.0167055
0.42975	-0.0175079
0.429875	-0.0199154
0.43	-0.0110881
0.430125	-0.00707572
0.43025	-0.0102856
0.430375	-0.0078782
0.4305	-0.0118906
0.430625	-0.0126931
0.43075	-0.015903
0.430875	-0.00707572
0.431	-0.00868068
0.431125	-0.0167055
0.43125	-0.0239278
0.431375	-0.015903
0.4315	-0.0126931
0.431625	-0.0102856
0.43175	-0.0311501
0.431875	-0.015903
0.432	-0.0199154
0.432125	-0.00627325
0.43225	-0.00306333
0.432375	-0.014298
0.4325	-0.0199154
0.432625	-0.015903
0.43275	-0.0215203
0.432875	-0.0134955
0.433	-0.0215203
0.433125	-0.0102856
0.43325	-0.00306333
0.433375	-0.015903
0.4335	-0.0207178
0.433625	-0.0151005
0.43375	-0.0134955
0.433875	-0.0151005
0.434	-0.00627325
0.434125	-0.0239278
0.43425	-0.0303476
0.434375	-0.00868068
0.4345	-0.0151005
0.434625	-0.0175079
0.43475	-0.0078782
0.434875	-0.014298
0.435	-0.00306333
0.435125	-0.0134955
0.43525	-0.00627325
0.435375	-0.0167055
0.4355	-0.0183104
0.435625	-0.0151005
0.43575	-0.0167055
0.435875	-0.00707572
0.436	-0.0167055
0.436125	-0.0110881
0.43625	-0.0167055
0.436375	-0.00948316
0.4365	-0.0223228
0.436625	-0.0199154
0.43675	-0.0134955
0.436875	-0.0126931
0.437	-0.0110881
0.437125	-0.0134955
0.43725	-0.00868068
0.437375	-0.0118906
0.4375	-0.0207178
0.437625	-0.0078782
0.43775	-0.0175079
0.437875	-0.00868068
0.438	-0.0134955
0.438125	-0.0126931
0.43825	-0.00547077
0.438375	-0.00948316
0.4385	-0.0207178
0.438625	-0.0102856
0.43875	-0.0110881
0.438875	-0.00948316
0.439	-0.0151005
0.439125	-0.00948316
0.43925	-0.0151005
0.439375	-0.0223228
0.4395	-0.0118906
0.439625	-0.014298
0.43975	-0.0191129
0.439875	-0.00868068
0.44	-0.0126931
0.440125	-0.0207178
0.44025	-0.00707572
0.440375	-0.0078782
0.4405	-0.0175079
0.440625	-0.015903
0.44075	-0.00306333
0.440875	-0.00466829
0.441	-0.015903
0.441125	-0.015903
0.44125	-0.0247302
0.441375	-0.0134955
0.4415	-0.0151005
0.441625	-0.0126931
0.44175	-0.00145838
0.441875	-0.00707572
0.442	-0.0151005
0.442125	-0.0126931
0.44225	-0.00547077
0.442375	-0.00547077
0.4425	-0.0199154
0.442625	-0.00868068
0.44275	-0.0134955
0.442875	-0.014298
0.443	-0.0151005
0.443125	-0.00948316
0.44325	-0.0078782
0.443375	-0.0102856
0.4435	-0.0102856
0.443625	-0.0151005
0.44375	-0.00547077
0.443875	-0.0126931
0.444	-0.0191129
0.444125	-0.0167055
0.44425	-0.0078782
0.444375	-0.00948316
0.4445	-0.0110881
0.444625	-0.0215203
0.44475	-0.00868068
0.444875	-0.0199154
0.445	-0.0102856
0.445125	-0.0319525
0.44525	-0.0215203
0.445375	-0.00627325
0.4455	-0.0167055
0.445625	-0.0151005
0.44575	-0.0134955
0.445875	-0.00948316
0.446	-0.0078782
0.446125	-0.0231253
0.44625	-0.0126931
0.446375	-0.00707572
0.4465	-0.00627325
0.446625	-0.0118906
0.44675	-0.0183104
0.446875	-0.0126931
0.447	-0.0231253
0.447125	-0.0102856
0.44725	-0.0118906
0.447375	-0.00868068
0.4475	-0.00386581
0.447625	-0.0183104
0.44775	-0.00868068
0.447875	-0.00707572
0.448	-0.00226086
0.448125	-0.00627325
0.44825	-0.0175079
0.448375	-0.0263352
0.4485	-0.0134955
0.448625	-0.0078782
0.44875	-0.00627325
0.448875	-0.00466829
0.449	-0.0126931
0.449125	-0.014298
0.44925	-0.0207178
0.449375	-0.00707572
0.4495	-0.0134955
0.449625	-0.0151005
0.44975	-0.00948316
0.449875	-0.014298
0.45	-0.0151005
0.450125	-0.0078782
0.45025	-0.0215203
0.450375	-0.0102856
0.4505	-0.00948316
0.450625	-0.00948316
0.45075	0.000146578
0.450875	-0.00707572
0.451	-0.0175079
0.451125	-0.0102856
0.45125	-0.0167055
0.451375	-0.00386581
0.4515	-0.0102856
0.451625	-0.00707572
0.45175	-0.0134955
0.451875	-0.0207178
0.452	-0.0118906
0.452125	-0.0199154
0.45225	-0.0126931
0.452375	-0.0118906
0.4525	-0.0134955
0.452625	-0.014298
0.45275	-0.0110881
0.452875	-0.014298
0.453	-0.014298
0.453125	-0.0167055
0.45325	-0.0191129
0.453375	-0.0102856
0.4535	-0.0271377
0.453625	-0.0183104
0.45375	-0.0255327
0.453875	-0.014298
0.454	-0.00627325
0.454125	-0.014298
0.45425	-0.00868068
0.454375	-0.00868068
0.4545	-0.0134955
0.454625	-0.014298
0.45475	-0.00226086
0.454875	-0.0247302
0.455	-0.0110881
0.455125	-0.0223228
0.45525	-0.0134955
0.455375	-0.0006559
0.4555	-0.0191129
0.455625	-0.015903
0.45575	-0.0134955
0.455875	-0.0191129
0.456	-0.00547077
0.456125	-0.0126931
0.45625	-0.0118906
0.456375	-0.0255327
0.4565	-0.00707572
0.456625	-0.0102856
0.45675	-0.00868068
0.456875	-0.0134955
0.457	-0.0126931
0.457125	-0.0183104
0.45725	-0.00948316
0.457375	-0.0118906
0.4575	-0.00627325
0.457625	-0.0134955
0.45775	-0.0110881
0.457875	-0.0102856
0.458	0.00335649
0.458125	-0.0110881
0.45825	-0.0167055
0.458375	-0.00707572
0.4585	-0.0167055
0.458625	-0.0126931
0.45875	-0.0006559
0.458875	-0.00547077
0.459	-0.0110881
0.459125	-0.0183104
0.45925	-0.0167055
0.459375	-0.0295451
0.4595	-0.00868068
0.459625	-0.0118906
0.45975	-0.00707572
0.459875	-0.0126931
0.46	-0.0191129
0.460125	-0.0207178
0.46025	-0.00948316
0.460375	-0.015903
0.4605	-0.0191129
0.460625	-0.0118906
0.46075	-0.0207178
0.460875	-0.0110881
0.461	-0.00868068
0.461125	-0.0118906
0.46125	-0.0175079
0.461375	-0.0183104
0.4615	-0.0151005
0.461625	-0.0078782
0.46175	-0.00627325
0.461875	-0.0183104
0.462	-0.014298
0.462125	-0.0126931
0.46225	-0.015903
0.462375	-0.00707572
0.4625	-0.015903
0.462625	-0.0151005
0.46275	-0.0110881
0.462875	-0.014298
0.463	-0.00948316
0.463125	-0.0078782
0.46325	-0.0102856
0.463375	-0.00868068
0.4635	-0.0126931
0.463625	-0.0110881
0.46375	-0.0303476
0.463875	-0.0183104
0.464	-0.0126931
0.464125	-0.0239278
0.46425	-0.015903
0.464375	-0.015903
0.4645	-0.0151005
0.464625	-0.0151005
0.46475	-0.00386581
0.464875	-0.00627325
0.465	-0.0102856
0.465125	-0.015903
0.46525	-0.0102856
0.465375	-0.0295451
0.4655	-0.0134955
0.465625	-0.015903
0.46575	-0.0102856
0.465875	-0.0102856
0.466	-0.0126931
0.466125	-0.00707572
0.46625	-0.0110881
0.466375	-0.0175079
0.4665	-0.0151005
0.466625	-0.00868068
0.46675	-0.0078782
0.466875	-0.00707572
0.467	-0.0134955
0.467125	-0.0126931
0.46725	-0.015903
0.467375	-0.0118906
0.4675	-0.0118906
0.467625	-0.0207178
0.46775	-0.0151005
0.467875	-0.0134955
0.468	-0.0126931
0.468125	-0.0078782
0.46825	-0.00226086
0.468375	-0.0183104
0.4685	-0.0110881
0.468625	-0.00948316
0.46875	-0.0102856
0.468875	-0.0110881
0.469	-0.00948316
0.469125	-0.014298
0.46925	-0.0118906
0.469375	-0.00547077
0.4695	-0.00868068
0.469625	-0.0151005
0.46975	-0.0247302
0.469875	-0.00948316
0.47	-0.00145838
0.470125	-0.00868068
0.47025	-0.0102856
0.470375	-0.015903
0.4705	-0.0102856
0.470625	-0.0110881
0.47075	-0.0102856
0.470875	-0.0126931
0.471	-0.00627325
0.471125	-0.0102856
0.47125	-0.0183104
0.471375	-0.0078782
0.4715	-0.0134955
0.471625	-0.00547077
0.47175	0.000949056
0.471875	-0.0102856
0.472	-0.00547077
0.472125	-0.0134955
0.47225	-0.0167055
0.472375	-0.0231253
0.4725	-0.0183104
0.472625	-0.0183104
0.47275	-0.0102856
0.472875	-0.0255327
0.473	-0.014298
0.473125	-0.0118906
0.47325	-0.0191129
0.473375	-0.0183104
0.4735	-0.0118906
0.473625	-0.00547077
0.47375	-0.0239278
0.473875	-0.00948316
0.474	-0.00948316
0.474125	-0.0191129
0.47425	-0.0126931
0.474375	-0.0118906
0.4745	-0.00226086
0.474625	-0.0110881
0.47475	-0.0151005
0.474875	-0.0134955
0.475	-0.0167055
0.475125	-0.00948316
0.47525	-0.0134955
0.475375	-0.00868068
0.4755	-0.00707572
0.475625	-0.0151005
0.47575	-0.0118906
0.475875	-0.0078782
0.476	-0.00306333
0.476125	-0.0183104
0.47625	-0.0207178
0.476375	-0.0247302
0.4765	-0.0183104
0.476625	-0.00868068
0.47675	-0.0078782
0.476875	-0.0231253
0.477	-0.00868068
0.477125	-0.0126931
0.47725	-0.0167055
0.477375	-0.0319525
0.4775	-0.00466829
0.477625	-0.0078782
0.47775	-0.0175079
0.477875	-0.0191129
0.478	-0.0199154
0.478125	-0.00948316
0.47825	-0.00948316
0.478375	-0.0167055
0.4785	-0.0231253
0.478625	-0.00707572
0.47875	-0.0167055
0.478875	-0.0175079
0.479	-0.0118906
0.479125	-0.0118906
0.47925	-0.014298
0.479375	-0.0183104
0.4795	-0.00707572
0.479625	-0.014298
0.47975	-0.014298
0.479875	-0.0110881
0.48	-0.0319525
0.480125	-0.00386581
0.48025	-0.0134955
0.480375	-0.0151005
0.4805	-0.0110881
0.480625	-0.0191129
0.48075	-0.0167055
0.480875	-0.0247302
0.481	-0.0191129
0.481125	-0.00868068
0.48125	-0.0175079
0.481375	-0.0118906
0.4815	-0.0151005
0.481625	-0.015903
0.48175	-0.00948316
0.481875	-0.0126931
0.482	-0.0126931
0.482125	-0.0118906
0.48225	-0.014298
0.482375	-0.0110881
0.4825	-0.0126931
0.482625	-0.014298
0.48275	-0.0207178
0.482875	-0.0231253
0.483	-0.0191129
0.483125	-0.0207178
0.48325	-0.0118906
0.483375	-0.015903
0.4835	-0.0295451
0.483625	-0.0191129
0.48375	-0.0126931
0.483875	-0.0102856
0.484	-0.0118906
0.484125	-0.015903
0.48425	-0.0247302
0.484375	-0.0175079
0.4845	-0.0175079
0.484625	-0.0191129
0.48475	-0.00306333
0.484875	-0.0134955
0.485	-0.0126931
0.485125	-0.0126931
0.48525	-0.0110881
0.485375	-0.00547077
0.4855	-0.015903
0.485625	-0.00948316
0.48575	-0.015903
0.485875	-0.0134955
0.486	-0.0110881
0.486125	-0.0134955
0.48625	-0.0175079
0.486375	-0.0183104
0.4865	-0.00547077
0.486625	-0.0118906
0.48675	-0.0247302
0.486875	-0.0175079
0.487	-0.0134955
0.487125	-0.00466829
0.48725	-0.0175079
0.487375	-0.0110881
0.4875	-0.0126931
0.487625	-0.0118906
0.48775	-0.0102856
0.487875	-0.0126931
0.488	-0.00627325
0.488125	-0.00466829
0.48825	-0.0175079
0.488375	-0.0255327
0.4885	-0.0319525
0.488625	-0.0223228
0.48875	-0.00627325
0.488875	-0.0078782
0.489	-0.00627325
0.489125	-0.0118906
0.48925	-0.0078782
0.489375	-0.00868068
0.4895	-0.00466829
0.489625	-0.0102856
0.48975	-0.0126931
0.489875	-0.0078782
0.49	-0.00868068
0.490125	-0.0126931
0.49025	-0.0110881
0.490375	-0.0175079
0.4905	-0.0118906
0.490625	-0.0134955
0.49075	-0.00547077
0.490875	-0.0126931
0.491	-0.014298
0.491125	-0.00948316
0.49125	-0.0167055
0.491375	-0.0167055
0.4915	-0.0102856
0.491625	-0.00466829
0.49175	-0.0118906
0.491875	-0.014298
0.492	-0.00868068
0.492125	-0.0134955
0.49225	-0.0175079
0.492375	-0.00386581
0.4925	-0.0118906
0.492625	-0.014298
0.49275	-0.0118906
0.492875	-0.0191129
0.493	-0.0078782
0.493125	-0.00386581
0.49325	-0.0134955
0.493375	-0.0110881
0.4935	-0.0199154
0.493625	-0.0151005
0.49375	-0.0399773
0.493875	-0.00707572
0.494	-0.015903
0.494125	-0.0215203
0.49425	-0.00868068
0.494375	-0.0118906
0.4945	-0.0118906
0.494625	-0.00226086
0.49475	-0.00306333
0.494875	-0.00386581
0.495	-0.0183104
0.495125	-0.00707572
0.49525	-0.0102856
0.495375	-0.0199154
0.4955	-0.0151005
0.495625	-0.015903
0.49575	-0.014298
0.495875	-0.0102856
0.496	-0.0110881
0.496125	-0.0167055
0.49625	-0.0183104
0.496375	-0.0263352
0.4965	-0.00627325
0.496625	0.000949056
0.49675	-0.0151005
0.496875	-0.0151005
0.497	-0.0134955
0.497125	-0.014298
0.49725	-0.0126931
0.497375	-0.0255327
0.4975	-0.00466829
0.497625	-0.0110881
0.49775	-0.0118906
0.497875	-0.00627325
0.498	-0.0183104
0.498125	-0.0110881
0.49825	-0.0231253
0.498375	-0.0183104
0.4985	-0.0151005
0.498625	-0.0110881
0.49875	-0.00306333
0.498875	-0.0118906
0.499	-0.014298
0.499125	-0.00868068
0.49925	-0.0118906
0.499375	-0.0126931
0.4995	-0.0110881
0.499625	-0.0110881
0.49975	-0.00948316
0.499875	-0.00226086
0.5	-0.0199154
0.500125	-0.0134955
0.50025	-0.0207178
0.500375	-0.0199154
0.5005	-0.0271377
0.500625	-0.0118906
0.50075	-0.0223228
0.500875	-0.0134955
0.501	-0.0134955
0.501125	-0.0167055
0.50125	-0.0183104
0.501375	-0.0175079
0.5015	-0.0126931
0.501625	-0.014298
0.50175	-0.00306333
0.501875	-0.0078782
0.502	-0.0183104
0.502125	-0.00948316
0.50225	-0.0231253
0.502375	-0.00868068
0.5025	-0.00547077
0.502625	-0.0231253
0.50275	-0.0167055
0.502875	-0.014298
0.503	-0.00707572
0.503125	-0.0134955
0.50325	-0.015903
0.503375	-0.0102856
0.5035	-0.0183104
0.503625	-0.00868068
0.50375	-0.00948316
0.503875	-0.00868068
0.504	-0.0199154
0.504125	-0.0118906
0.50425	-0.0215203
0.504375	-0.0167055
0.5045	-0.0175079
0.504625	-0.00868068
0.50475	-0.0215203
0.504875	-0.0223228
0.505	-0.0207178
0.505125	-0.014298
0.50525	-0.0167055
0.505375	-0.0118906
0.5055	-0.0102856
0.505625	-0.0175079
0.50575	-0.0110881
0.505875	-0.0110881
0.506	-0.00466829
0.506125	-0.0175079
0.50625	-0.0191129
0.506375	-0.0247302
0.5065	-0.015903
0.506625	-0.0207178
0.50675	-0.015903
0.506875	-0.0110881
0.507	-0.0207178
0.507125	-0.0239278
0.50725	-0.0110881
0.507375	-0.0271377
0.5075	-0.0191129
0.507625	-0.00868068
0.50775	-0.0215203
0.507875	-0.0207178
0.508	-0.014298
0.508125	-0.00707572
0.50825	-0.0006559
0.508375	-0.0126931
0.5085	-0.014298
0.508625	-0.00707572
0.50875	-0.0183104
0.508875	-0.00386581
0.509	-0.015903
0.509125	-0.0102856
0.50925	-0.00948316
0.509375	-0.0102856
0.5095	-0.0183104
0.509625	-0.0110881
0.50975	-0.00707572
0.509875	-0.0167055
0.51	-0.0102856
0.510125	-0.0175079
0.51025	-0.0126931
0.510375	-0.0118906
0.5105	-0.0215203
0.510625	-0.00868068
0.51075	-0.00707572
0.510875	-0.0151005
0.511	-0.0118906
0.511125	-0.0175079
0.51125	-0.014298
0.511375	-0.0118906
0.5115	-0.0151005
0.511625	-0.0134955
0.51175	-0.0126931
0.511875	-0.00868068
0.512	-0.00948316
0.512125	-0.0215203
0.51225	-0.00547077
0.512375	-0.00306333
0.5125	-0.00386581
0.512625	-0.0231253
0.51275	-0.014298
0.512875	-0.0118906
0.513	-0.00547077
0.513125	-0.00306333
0.51325	-0.0175079
0.513375	-0.0263352
0.5135	-0.0167055
0.513625	-0.014298
0.51375	-0.0118906
0.513875	-0.00868068
0.514	-0.014298
0.514125	-0.015903
0.51425	-0.0215203
0.514375	-0.0102856
0.5145	-0.00306333
0.514625	-0.0078782
0.51475	-0.0263352
0.514875	-0.0151005
0.515	-0.00948316
0.515125	-0.0102856
0.51525	-0.00868068
0.515375	-0.00868068
0.5155	-0.014298
0.515625	-0.015903
0.51575	-0.00707572
0.515875	-0.00948316
0.516	-0.0134955
0.516125	-0.0126931
0.51625	-0.00547077
0.516375	-0.0102856
0.5165	-0.00868068
0.516625	-0.014298
0.51675	-0.00627325
0.516875	-0.0102856
0.517	-0.0078782
0.517125	-0.0118906
0.51725	-0.015903
0.517375	-0.0134955
0.5175	-0.00707572
0.517625	-0.0175079
0.51775	-0.014298
0.517875	-0.0199154
0.518	-0.0110881
0.518125	-0.0199154
0.51825	-0.0118906
0.518375	-0.0102856
0.5185	-0.0134955
0.518625	-0.00386581
0.51875	-0.00948316
0.518875	-0.00868068
0.519	-0.0078782
0.519125	-0.0151005
0.51925	-0.0110881
0.519375	-0.0126931
0.5195	-0.00226086
0.519625	-0.00627325
0.51975	-0.0110881
0.519875	-0.0175079
0.52	-0.00868068
0.520125	-0.0110881
0.52025	-0.0151005
0.520375	-0.0151005
0.5205	-0.0207178
0.520625	-0.0134955
0.52075	-0.00627325
0.520875	-0.0110881
0.521	-0.00707572
0.521125	-0.0126931
0.52125	-0.0126931
0.521375	-0.0215203
0.5215	-0.0134955
0.521625	-0.0215203
0.52175	-0.0078782
0.521875	-0.0191129
0.522	-0.0175079
0.522125	-0.00547077
0.52225	-0.0102856
0.522375	-0.0255327
0.5225	-0.0118906
0.522625	-0.0175079
0.52275	-0.0183104
0.522875	-0.0110881
0.523	-0.0134955
0.523125	-0.0167055
0.52325	-0.00868068
0.523375	-0.00707572
0.5235	-0.0183104
0.523625	-0.00948316
0.52375	-0.00948316
0.523875	-0.0126931
0.524	-0.00948316
0.524125	-0.0118906
0.52425	-0.0118906
0.524375	-0.0126931
0.5245	-0.0134955
0.524625	-0.0102856
0.52475	-0.0223228
0.524875	-0.0247302
0.525	-0.00627325
0.525125	-0.0167055
0.52525	-0.00707572
0.525375	-0.0239278
0.5255	-0.00627325
0.525625	-0.0102856
0.52575	-0.0175079
0.525875	-0.0126931
0.526	-0.0110881
0.526125	-0.00868068
0.52625	-0.0207178
0.526375	-0.0118906
0.5265	-0.014298
0.526625	-0.014298
0.52675	-0.0126931
0.526875	-0.00948316
0.527	-0.014298
0.527125	-0.00547077
0.52725	-0.0118906
0.527375	-0.0167055
0.5275	-0.0118906
0.527625	-0.0078782
0.52775	-0.00627325
0.527875	-0.0191129
0.528	-0.0167055
0.528125	-0.0102856
0.52825	-0.0078782
0.528375	-0.015903
0.5285	-0.00948316
0.528625	-0.0126931
0.52875	-0.0134955
0.528875	-0.00466829
0.529	-0.00868068
0.529125	-0.00948316
0.52925	-0.0126931
0.529375	-0.0311501
0.5295	-0.0118906
0.529625	-0.00386581
0.52975	-0.0191129
0.529875	-0.0134955
0.53	-0.0191129
0.530125	-0.0118906
0.53025	-0.0078782
0.530375	-0.0006559
0.5305	-0.0102856
0.530625	-0.014298
0.53075	-0.0134955
0.530875	-0.015903
0.531	-0.00627325
0.531125	-0.0151005
0.53125	-0.0126931
0.531375	-0.0167055
0.5315	-0.0126931
0.531625	-0.0110881
0.53175	-0.00868068
0.531875	-0.0118906
0.532	-0.00948316
0.532125	-0.0151005
0.53225	-0.00627325
0.532375	-0.0126931
0.5325	-0.00948316
0.532625	-0.0110881
0.53275	-0.0118906
0.532875	-0.015903
0.533	-0.014298
0.533125	-0.0110881
0.53325	-0.015903
0.533375	-0.0118906
0.5335	-0.0215203
0.533625	-0.0199154
0.53375	-0.00627325
0.533875	-0.00948316
0.534	-0.0118906
0.534125	-0.015903
0.53425	-0.0126931
0.534375	-0.00868068
0.5345	-0.00466829
0.534625	-0.0126931
0.53475	-0.0110881
0.534875	-0.00627325
0.535	-0.0151005
0.535125	-0.00707572
0.53525	-0.0102856
0.535375	-0.0167055
0.5355	-0.0247302
0.535625	-0.0126931
0.53575	-0.00466829
0.535875	-0.00707572
0.536	-0.0102856
0.536125	-0.0126931
0.53625	-0.00386581
0.536375	-0.015903
0.5365	-0.015903
0.536625	-0.00627325
0.53675	-0.0247302
0.536875	-0.0279402
0.537	-0.0118906
0.537125	-0.0126931
0.53725	-0.0078782
0.537375	-0.00627325
0.5375	-0.00466829
0.537625	-0.0126931
0.53775	-0.00386581
0.537875	-0.0110881
0.538	-0.0118906
0.538125	-0.0102856
0.53825	-0.0207178
0.538375	-0.00547077
0.5385	-0.0207178
0.538625	-0.0191129
0.53875	-0.0118906
0.538875	-0.014298
0.539	-0.0175079
0.539125	-0.00868068
0.53925	-0.0223228
0.539375	-0.014298
0.5395	-0.014298
0.539625	-0.00386581
0.53975	-0.0134955
0.539875	-0.0223228
0.54	-0.0078782
0.540125	-0.0199154
0.54025	-0.0207178
0.540375	-0.0247302
0.5405	-0.0078782
0.540625	-0.0175079
0.54075	-0.0110881
0.540875	-0.0134955
0.541	-0.0175079
0.541125	-0.00547077
0.54125	-0.0102856
0.541375	-0.0134955
0.5415	-0.014298
0.541625	-0.0151005
0.54175	-0.0126931
0.541875	-0.0118906
0.542	-0.00627325
0.542125	-0.0134955
0.54225	-0.0134955
0.542375	-0.0183104
0.5425	-0.0078782
0.542625	-0.0118906
0.54275	-0.0223228
0.542875	-0.0151005
0.543	-0.014298
0.543125	-0.0215203
0.54325	-0.00948316
0.543375	-0.0191129
0.5435	-0.0151005
0.543625	-0.0134955
0.54375	-0.0118906
0.543875	-0.0239278
0.544	-0.00948316
0.544125	-0.0175079
0.54425	-0.015903
0.544375	-0.00948316
0.5445	-0.0215203
0.544625	-0.014298
0.54475	-0.0134955
0.544875	-0.00868068
0.545	-0.0102856
0.545125	-0.0191129
0.54525	-0.0102856
0.545375	-0.0175079
0.5455	-0.0151005
0.545625	-0.0199154
0.54575	-0.0239278
0.545875	-0.0167055
0.546	-0.0126931
0.546125	-0.0191129
0.54625	-0.0118906
0.546375	-0.0151005
0.5465	-0.0102856
0.546625	-0.0239278
0.54675	-0.00707572
0.546875	-0.0207178
0.547	-0.0151005
0.547125	-0.014298
0.54725	-0.0134955
0.547375	-0.015903
0.5475	-0.014298
0.547625	-0.0102856
0.54775	-0.0151005
0.547875	-0.00386581
0.548	-0.0191129
0.548125	-0.0191129
0.54825	-0.00306333
0.548375	-0.0167055
0.5485	-0.0118906
0.548625	-0.00868068
0.54875	-0.00868068
0.548875	-0.00948316
0.549	-0.0102856
0.549125	-0.0167055
0.54925	-0.00948316
0.549375	-0.00948316
0.5495	-0.0175079
0.549625	-0.0134955
0.54975	-0.00948316
0.549875	-0.00868068
0.55	-0.0118906
0.550125	-0.0134955
0.55025	-0.00547077
0.550375	-0.00948316
0.5505	-0.0151005
0.550625	-0.0126931
0.55075	-0.0191129
0.550875	-0.00627325
0.551	-0.0126931
0.551125	-0.0126931
0.55125	-0.0126931
0.551375	-0.0118906
0.5515	-0.015903
0.551625	-0.0199154
0.55175	-0.0191129
0.551875	-0.0110881
0.552	-0.0118906
0.552125	-0.0167055
0.55225	-0.0167055
0.552375	-0.00948316
0.5525	-0.00707572
0.552625	-0.014298
0.55275	-0.0183104
0.552875	-0.0118906
0.553	-0.0231253
0.553125	-0.0102856
0.55325	-0.00707572
0.553375	-0.00547077
0.5535	-0.0118906
0.553625	-0.0191129
0.55375	-0.0183104
0.553875	-0.03436
0.554	-0.0223228
0.554125	-0.0167055
0.55425	-0.0175079
0.554375	-0.0134955
0.5545	-0.015903
0.554625	-0.0102856
0.55475	-0.00868068
0.554875	-0.00948316
0.555	-0.0110881
0.555125	-0.0207178
0.55525	-0.014298
0.555375	-0.0279402
0.5555	-0.0006559
0.555625	-0.0118906
0.55575	-0.014298
0.555875	-0.014298
0.556	-0.014298
0.556125	-0.014298
0.55625	-0.0167055
0.556375	-0.0134955
0.5565	-0.0126931
0.556625	-0.00547077
0.55675	-0.0191129
0.556875	-0.00948316
0.557	-0.015903
0.557125	-0.0134955
0.55725	-0.0167055
0.557375	-0.0118906
0.5575	-0.0239278
0.557625	-0.0118906
0.55775	-0.0126931
0.557875	-0.0118906
0.558	-0.0215203
0.558125	-0.0167055
0.55825	-0.0167055
0.558375	-0.0151005
0.5585	-0.00707572
0.558625	-0.0118906
0.55875	-0.0102856
0.558875	-0.00948316
0.559	-0.0279402
0.559125	-0.0110881
0.55925	-0.0134955
0.559375	-0.0151005
0.5595	-0.0215203
0.559625	-0.0279402
0.55975	-0.0078782
0.559875	-0.0151005
0.56	-0.0183104
0.560125	-0.0287426
0.56025	-0.0199154
0.560375	-0.0126931
0.5605	-0.0126931
0.560625	-0.0126931
0.56075	-0.03436
0.560875	-0.015903
0.561	-0.00627325
0.561125	-0.00547077
0.56125	-0.0110881
0.561375	-0.0215203
0.5615	-0.014298
0.561625	-0.0134955
0.56175	-0.0167055
0.561875	-0.0118906
0.562	-0.0118906
0.562125	-0.0151005
0.56225	-0.0110881
0.562375	-0.0151005
0.5625	-0.0175079
0.562625	-0.0151005
0.56275	-0.0175079
0.562875	-0.0167055
0.563	-0.00948316
0.563125	-0.0263352
0.56325	-0.0102856
0.563375	-0.0134955
0.5635	-0.0183104
0.563625	-0.00868068
0.56375	-0.0134955
0.563875	-0.0215203
0.564	-0.0110881
0.564125	-0.0207178
0.56425	-0.0199154
0.564375	-0.0215203
0.5645	-0.0207178
0.564625	-0.0191129
0.56475	-0.00226086
0.564875	-0.0151005
0.565	-0.0175079
0.565125	-0.0151005
0.56525	-0.0134955
0.565375	-0.0167055
0.5655	-0.00707572
0.565625	-0.0110881
0.56575	-0.0134955
0.565875	-0.0134955
0.566	-0.0167055
0.566125	-0.0078782
0.56625	-0.0110881
0.566375	-0.015903
0.5665	-0.015903
0.566625	-0.0239278
0.56675	-0.0078782
0.566875	-0.00306333
0.567	-0.00707572
0.567125	-0.0151005
0.56725	-0.0191129
0.567375	-0.0271377
0.5675	-0.0271377
0.567625	-0.014298
0.56775	-0.014298
0.567875	-0.0151005
0.568	-0.015903
0.568125	-0.0151005
0.56825	-0.0199154
0.568375	-0.0134955
0.5685	-0.0102856
0.568625	-0.0183104
0.56875	-0.00868068
0.568875	-0.0279402
0.569	-0.0191129
0.569125	-0.00707572
0.56925	-0.0191129
0.569375	-0.0199154
0.5695	-0.0102856
0.569625	-0.0134955
0.56975	-0.00868068
0.569875	-0.0006559
0.57	-0.0110881
0.570125	-0.0175079
0.57025	-0.0183104
0.570375	-0.0126931
0.5705	-0.00707572
0.570625	-0.014298
0.57075	-0.0175079
0.570875	-0.015903
0.571	-0.0110881
0.571125	-0.0126931
0.57125	-0.00547077
0.571375	-0.0263352
0.5715	-0.0102856
0.571625	-0.015903
0.57175	-0.0126931
0.571875	-0.00948316
0.572	-0.00948316
0.572125	-0.00547077
0.57225	-0.0110881
0.572375	-0.0134955
0.5725	-0.00868068
0.572625	-0.00627325
0.57275	-0.0078782
0.572875	-0.00547077
0.573	-0.0126931
0.573125	-0.00547077
0.57325	-0.0126931
0.573375	-0.0102856
0.5735	-0.0151005
0.573625	-0.0151005
0.57375	-0.0175079
0.573875	-0.0126931
0.574	-0.0207178
0.574125	-0.0207178
0.57425	-0.0151005
0.574375	-0.0183104
0.5745	-0.0126931
0.574625	-0.0110881
0.57475	-0.00466829
0.574875	-0.0207178
0.575	-0.0110881
0.575125	-0.014298
0.57525	-0.0199154
0.575375	-0.015903
0.5755	-0.014298
0.575625	-0.0223228
0.57575	-0.0175079
0.575875	-0.0207178
0.576	-0.00948316
0.576125	-0.00868068
0.57625	-0.0151005
0.576375	-0.0199154
0.5765	-0.0199154
0.576625	-0.0126931
0.57675	-0.0134955
0.576875	-0.0239278
0.577	-0.00868068
0.577125	-0.0167055
0.57725	-0.0167055
0.577375	-0.0215203
0.5775	-0.0078782
0.577625	-0.014298
0.57775	-0.0078782
0.577875	-0.0151005
0.578	-0.0223228
0.578125	-0.0223228
0.57825	-0.0110881
0.578375	-0.0134955
0.5785	-0.0078782
0.578625	-0.0078782
0.57875	-0.0215203
0.578875	-0.0134955
0.579	-0.0134955
0.579125	-0.00948316
0.57925	-0.015903
0.579375	-0.0191129
0.5795	-0.0207178
0.579625	-0.0134955
0.57975	-0.0199154
0.579875	-0.0151005
0.58	-0.0191129
0.580125	-0.0191129
0.58025	-0.0126931
0.580375	-0.0207178
0.5805	-0.00948316
0.580625	-0.0151005
0.58075	-0.0183104
0.580875	-0.0223228
0.581	-0.0167055
0.581125	-0.0110881
0.58125	-0.00226086
0.581375	-0.015903
0.5815	-0.0191129
0.581625	-0.0175079
0.58175	-0.00627325
0.581875	-0.00868068
0.582	-0.00948316
0.582125	-0.0151005
0.58225	-0.0175079
0.582375	-0.0134955
0.5825	-0.00948316
0.582625	-0.0126931
0.58275	-0.00948316
0.582875	-0.0239278
0.583	-0.0191129
0.583125	-0.0102856
0.58325	-0.0175079
0.583375	-0.0126931
0.5835	-0.00868068
0.583625	-0.0167055
0.58375	-0.0110881
0.583875	-0.0102856
0.584	-0.0151005
0.584125	-0.0167055
0.58425	-0.015903
0.584375	-0.00868068
0.5845	-0.0199154
0.584625	-0.0078782
0.58475	-0.00948316
0.584875	-0.0126931
0.585	-0.014298
0.585125	-0.0126931
0.58525	-0.014298
0.585375	-0.0118906
0.5855	-0.0118906
0.585625	-0.0183104
0.58575	-0.00547077
0.585875	-0.0134955
0.586	-0.0118906
0.586125	-0.0006559
0.58625	-0.00547077
0.586375	-0.00948316
0.5865	-0.0134955
0.586625	-0.0175079
0.58675	-0.0102856
0.586875	-0.00948316
0.587	-0.00547077
0.587125	-0.00627325
0.58725	-0.0118906
0.587375	-0.0175079
0.5875	-0.0102856
0.587625	-0.00707572
0.58775	-0.0175079
0.587875	-0.0183104
0.588	-0.0175079
0.588125	-0.0151005
0.58825	-0.0110881
0.588375	-0.0126931
0.5885	-0.0207178
0.588625	-0.00547077
0.58875	-0.0255327
0.588875	-0.0167055
0.589	-0.00948316
0.589125	-0.00868068
0.58925	-0.0175079
0.589375	-0.00707572
0.5895	-0.00707572
0.589625	-0.00386581
0.58975	-0.0102856
0.589875	-0.015903
0.59	-0.00868068
0.590125	-0.014298
0.59025	-0.0110881
0.590375	-0.00707572
0.5905	-0.0287426
0.590625	-0.0110881
0.59075	-0.015903
0.590875	-0.00386581
0.591	-0.0078782
0.591125	-0.00948316
0.59125	-0.0102856
0.591375	-0.014298
0.5915	-0.0255327
0.591625	-0.0126931
0.59175	-0.0207178
0.591875	-0.0118906
0.592	-0.0215203
0.592125	-0.0183104
0.59225	-0.0231253
0.592375	-0.015903
0.5925	-0.0215203
0.592625	-0.0167055
0.59275	-0.0134955
0.592875	-0.0110881
0.593	-0.014298
0.593125	-0.00547077
0.59325	-0.00627325
0.593375	-0.00868068
0.5935	-0.0199154
0.593625	-0.00868068
0.59375	-0.0151005
0.593875	-0.0102856
0.594	-0.0126931
0.594125	-0.0167055
0.59425	-0.0126931
0.594375	-0.00226086
0.5945	-0.00948316
0.594625	-0.00627325
0.59475	-0.0118906
0.594875	-0.014298
0.595	-0.0110881
0.595125	-0.0110881
0.59525	-0.0118906
0.595375	-0.0167055
0.5955	-0.0118906
0.595625	-0.0207178
0.59575	-0.0126931
0.595875	-0.0118906
0.596	-0.0118906
0.596125	-0.0199154
0.59625	-0.0126931
0.596375	-0.0110881
0.5965	-0.0167055
0.596625	-0.014298
0.59675	-0.0078782
0.596875	-0.015903
0.597	-0.0231253
0.597125	-0.0110881
0.59725	-0.014298
0.597375	-0.0102856
0.5975	-0.015903
0.597625	-0.0183104
0.59775	-0.0134955
0.597875	-0.0102856
0.598	-0.0215203
0.598125	-0.0247302
0.59825	-0.0175079
0.598375	-0.0239278
0.5985	-0.0215203
0.598625	-0.00707572
0.59875	-0.0102856
0.598875	-0.0183104
0.599	-0.0223228
0.599125	-0.0167055
0.59925	-0.015903
0.599375	-0.0279402
0.5995	-0.0167055
0.599625	-0.00948316
0.59975	-0.0183104
0.599875	-0.0151005
0.6	-0.0134955
0.600125	-0.0126931
0.60025	-0.0134955
0.600375	-0.00868068
0.6005	-0.0215203
0.600625	-0.0175079
0.60075	-0.0126931
0.600875	-0.00948316
0.601	-0.0263352
0.601125	-0.00868068
0.60125	-0.015903
0.601375	-0.0078782
0.6015	-0.0183104
0.601625	-0.0199154
0.60175	-0.0215203
0.601875	-0.0239278
0.602	-0.0118906
0.602125	-0.0126931
0.60225	-0.0167055
0.602375	-0.0118906
0.6025	-0.0175079
0.602625	-0.0126931
0.60275	-0.0126931
0.602875	-0.014298
0.603	-0.0102856
0.603125	-0.0175079
0.60325	-0.0207178
0.603375	-0.0175079
0.6035	-0.0247302
0.603625	-0.00948316
0.60375	-0.014298
0.603875	-0.0239278
0.604	-0.0183104
0.604125	-0.0102856
0.60425	-0.032755
0.604375	-0.00868068
0.6045	-0.0134955
0.604625	-0.0167055
0.60475	-0.0110881
0.604875	-0.0480021
0.605	-0.015903
0.605125	-0.0126931
0.60525	-0.0199154
0.605375	-0.0207178
0.6055	-0.0191129
0.605625	-0.0231253
0.60575	-0.00948316
0.605875	-0.0102856
0.606	-0.00948316
0.606125	-0.0191129
0.60625	-0.0175079
0.606375	-0.00386581
0.6065	-0.0151005
0.606625	-0.0110881
0.60675	-0.00948316
0.606875	-0.0102856
0.607	-0.0102856
0.607125	-0.0134955
0.60725	-0.00948316
0.607375	-0.0134955
0.6075	-0.0255327
0.607625	-0.0110881
0.60775	-0.0167055
0.607875	-0.0183104
0.608	-0.0126931
0.608125	-0.0199154
0.60825	-0.0231253
0.608375	-0.0199154
0.6085	-0.0151005
0.608625	-0.0175079
0.60875	-0.00948316
0.608875	-0.0191129
0.609	-0.0118906
0.609125	-0.0295451
0.60925	-0.0118906
0.609375	-0.0191129
0.6095	-0.014298
0.609625	-0.0271377
0.60975	-0.0118906
0.609875	-0.0126931
0.61	-0.00707572
0.610125	-0.0126931
0.61025	-0.0134955
0.610375	-0.0335575
0.6105	-0.0110881
0.610625	-0.00226086
0.61075	-0.0126931
0.610875	-0.00707572
0.611	-0.00948316
0.611125	-0.0118906
0.61125	-0.0110881
0.611375	-0.0078782
0.6115	-0.0175079
0.611625	-0.0126931
0.61175	-0.0151005
0.611875	-0.0126931
0.612	-0.0078782
0.612125	-0.0126931
0.61225	-0.0175079
0.612375	-0.014298
0.6125	-0.0263352
0.612625	-0.0134955
0.61275	-0.0118906
0.612875	-0.0110881
0.613	-0.0118906
0.613125	-0.0134955
0.61325	-0.00547077
0.613375	-0.0078782
0.6135	-0.00627325
0.613625	-0.0118906
0.61375	-0.0191129
0.613875	-0.0151005
0.614	-0.014298
0.614125	-0.00466829
0.61425	-0.00466829
0.614375	-0.0151005
0.6145	-0.015903
0.614625	-0.00386581
0.61475	-0.00948316
0.614875	-0.0134955
0.615	-0.0078782
0.615125	-0.014298
0.61525	-0.0110881
0.615375	-0.0110881
0.6155	-0.00948316
0.615625	-0.014298
0.61575	-0.0078782
0.615875	-0.00948316
0.616	-0.0183104
0.616125	-0.0078782
0.61625	-0.0319525
0.616375	-0.0078782
0.6165	-0.00547077
0.616625	-0.0126931
0.61675	-0.0207178
0.616875	-0.0175079
0.617	-0.014298
0.617125	-0.015903
0.61725	-0.0134955
0.617375	-0.0078782
0.6175	-0.014298
0.617625	-0.0223228
0.61775	-0.0118906
0.617875	-0.0175079
0.618	-0.0199154
0.618125	-0.0255327
0.61825	-0.014298
0.618375	-0.0118906
0.6185	-0.0335575
0.618625	-0.0215203
0.61875	-0.0110881
0.618875	-0.0134955
0.619	-0.014298
0.619125	-0.015903
0.61925	-0.00948316
0.619375	-0.00948316
0.6195	-0.0102856
0.619625	-0.0151005
0.61975	-0.0118906
0.619875	-0.0151005
0.62	-0.0126931
0.620125	-0.0175079
0.62025	-0.014298
0.620375	-0.00948316
0.6205	-0.00707572
0.620625	-0.0207178
0.62075	-0.00868068
0.620875	-0.00707572
0.621	-0.0199154
0.621125	-0.0110881
0.62125	-0.014298
0.621375	-0.0126931
0.6215	-0.0134955
0.621625	-0.0126931
0.62175	-0.0126931
0.621875	-0.0191129
0.622	-0.00948316
0.622125	-0.00707572
0.62225	-0.0078782
0.622375	-0.0191129
0.6225	-0.0175079
0.622625	-0.00868068
0.62275	-0.00547077
0.622875	-0.00627325
0.623	-0.0102856
0.623125	-0.0231253
0.62325	-0.0167055
0.623375	-0.0110881
0.6235	-0.0191129
0.623625	-0.0118906
0.62375	-0.0183104
0.623875	-0.0247302
0.624	-0.0102856
0.624125	-0.0102856
0.62425	-0.0134955
0.624375	-0.015903
0.6245	-0.0167055
0.624625	-0.0199154
0.62475	-0.0175079
0.624875	-0.0167055
0.625	-0.0110881
0.625125	-0.015903
0.62525	-0.014298
0.625375	-0.0167055
0.6255	-0.0118906
0.625625	-0.0126931
0.62575	-0.00386581
0.625875	-0.00948316
0.626	-0.0118906
0.626125	-0.00707572
0.62625	-0.0078782
0.626375	-0.0078782
0.6265	-0.0183104
0.626625	-0.0151005
0.62675	-0.0078782
0.626875	-0.0118906
0.627	-0.00466829
0.627125	-0.0110881
0.62725	-0.00547077
0.627375	-0.0199154
0.6275	-0.00707572
0.627625	-0.00707572
0.62775	-0.00707572
0.627875	-0.0078782
0.628	-0.0118906
0.628125	-0.0183104
0.62825	-0.0175079
0.628375	-0.00547077
0.6285	-0.00547077
0.628625	-0.0134955
0.62875	-0.0110881
0.628875	-0.0239278
0.629	-0.0102856
0.629125	-0.0110881
0.62925	-0.00707572
0.629375	-0.0126931
0.6295	-0.00547077
0.629625	-0.014298
0.62975	-0.00868068
0.629875	-0.00948316
0.63	-0.0167055
0.630125	-0.0118906
0.63025	-0.014298
0.630375	-0.00948316
0.6305	-0.00466829
0.630625	-0.0215203
0.63075	-0.00707572
0.630875	-0.0126931
0.631	-0.0134955
0.631125	-0.00306333
0.63125	-0.014298
0.631375	-0.014298
0.6315	-0.0110881
0.631625	-0.014298
0.63175	-0.0183104
0.631875	-0.0078782
0.632	-0.0102856
0.632125	-0.015903
0.63225	-0.014298
0.632375	-0.0287426
0.6325	-0.00306333
0.632625	-0.0239278
0.63275	-0.0175079
0.632875	-0.0118906
0.633	-0.00627325
0.633125	-0.0102856
0.63325	-0.0167055
0.633375	-0.0118906
0.6335	-0.0134955
0.633625	-0.00547077
0.63375	-0.0151005
0.633875	-0.00627325
0.634	-0.0151005
0.634125	-0.0134955
0.63425	-0.0199154
0.634375	-0.0126931
0.6345	-0.0151005
0.634625	-0.00707572
0.63475	-0.00145838
0.634875	-0.0207178
0.635	-0.00868068
0.635125	-0.0110881
0.63525	-0.0134955
0.635375	-0.0175079
0.6355	-0.014298
0.635625	-0.0102856
0.63575	-0.00948316
0.635875	-0.0102856
0.636	-0.00868068
0.636125	-0.0118906
0.63625	-0.0215203
0.636375	-0.0110881
0.6365	-0.00707572
0.636625	-0.014298
0.63675	-0.00948316
0.636875	-0.00627325
0.637	-0.00948316
0.637125	-0.00627325
0.63725	-0.00707572
0.637375	-0.0134955
0.6375	-0.00868068
0.637625	-0.0118906
0.63775	-0.0239278
0.637875	-0.00306333
0.638	-0.0102856
0.638125	-0.0102856
0.63825	-0.00948316
0.638375	-0.0134955
0.6385	-0.015903
0.638625	-0.0102856
0.63875	-0.0078782
0.638875	-0.00868068
0.639	-0.0255327
0.639125	-0.0134955
0.63925	-0.0199154
0.639375	-0.00948316
0.6395	-0.0118906
0.639625	-0.0167055
0.63975	-0.0134955
0.639875	-0.0255327
0.64	-0.0102856
0.640125	-0.00868068
0.64025	-0.00466829
0.640375	-0.0223228
0.6405	-0.0126931
0.640625	-0.0151005
0.64075	-0.0126931
0.640875	-0.015903
0.641	-0.0078782
0.641125	-0.0110881
0.64125	-0.0223228
0.641375	-0.0134955
0.6415	-0.0175079
0.641625	-0.015903
0.64175	-0.0126931
0.641875	-0.0134955
0.642	-0.0191129
0.642125	-0.0191129
0.64225	-0.00547077
0.642375	-0.00868068
0.6425	-0.00386581
0.642625	-0.0151005
0.64275	-0.0078782
0.642875	-0.0183104
0.643	-0.0110881
0.643125	-0.0167055
0.64325	-0.0191129
0.643375	-0.014298
0.6435	-0.015903
0.643625	-0.00868068
0.64375	-0.0118906
0.643875	-0.00386581
0.644	-0.0207178
0.644125	-0.00868068
0.64425	-0.0118906
0.644375	-0.015903
0.6445	-0.0102856
0.644625	-0.014298
0.64475	-0.0126931
0.644875	-0.0167055
0.645	-0.0175079
0.645125	-0.0271377
0.64525	-0.0183104
0.645375	-0.0134955
0.6455	-0.00386581
0.645625	-0.0118906
0.64575	-0.0102856
0.645875	-0.0151005
0.646	-0.0303476
0.646125	-0.0207178
0.64625	-0.0175079
0.646375	-0.0110881
0.6465	-0.0126931
0.646625	-0.00547077
0.64675	-0.0223228
0.646875	-0.0231253
0.647	-0.0167055
0.647125	-0.0207178
0.64725	-0.00627325
0.647375	-0.0183104
0.6475	-0.0102856
0.647625	-0.0199154
0.64775	-0.0247302
0.647875	-0.0110881
0.648	-0.0151005
0.648125	-0.0102856
0.64825	-0.0207178
0.648375	-0.0126931
0.6485	-0.00386581
0.648625	-0.015903
0.64875	-0.00466829
0.648875	-0.0215203
0.649	-0.0151005
0.649125	-0.0199154
0.64925	-0.0110881
0.649375	-0.00948316
0.6495	-0.0223228
0.649625	-0.0134955
0.64975	-0.014298
0.649875	-0.0126931
0.65	-0.0311501
0.650125	-0.0126931
0.65025	-0.0110881
0.650375	-0.00306333
0.6505	-0.0239278
0.650625	-0.0183104
0.65075	-0.0151005
0.650875	-0.00547077
0.651	-0.00868068
0.651125	-0.00627325
0.65125	-0.014298
0.651375	-0.0118906
0.6515	-0.0175079
0.651625	-0.0110881
0.65175	-0.00547077
0.651875	-0.0110881
0.652	-0.0134955
0.652125	-0.0102856
0.65225	-0.00948316
0.652375	-0.00386581
0.6525	-0.0279402
0.652625	-0.0110881
0.65275	-0.0151005
0.652875	-0.00868068
0.653	-0.00547077
0.653125	-0.00627325
0.65325	-0.0110881
0.653375	-0.0167055
0.6535	-0.0175079
0.653625	-0.00306333
0.65375	-0.0183104
0.653875	-0.00868068
0.654	-0.00707572
0.654125	-0.0118906
0.65425	-0.0110881
0.654375	-0.0151005
0.6545	-0.0239278
0.654625	-0.0151005
0.65475	-0.0167055
0.654875	-0.0247302
0.655	-0.0118906
0.655125	-0.00547077
0.65525	-0.00547077
0.655375	-0.014298
0.6555	-0.015903
0.655625	-0.00948316
0.65575	-0.015903
0.655875	-0.0118906
0.656	-0.0223228
0.656125	-0.015903
0.65625	-0.0151005
0.656375	-0.014298
0.6565	-0.0118906
0.656625	-0.0134955
0.65675	-0.0183104
0.656875	-0.0167055
0.657	-0.0239278
0.657125	-0.0110881
0.65725	-0.00707572
0.657375	-0.0118906
0.6575	-0.00948316
0.657625	-0.0167055
0.65775	-0.0191129
0.657875	-0.0134955
0.658	-0.00948316
0.658125	-0.00868068
0.65825	-0.00868068
0.658375	-0.032755
0.6585	-0.0126931
0.658625	-0.0183104
0.65875	-0.0110881
0.658875	-0.00948316
0.659	-0.0134955
0.659125	-0.0207178
0.65925	-0.0239278
0.659375	-0.015903
0.6595	-0.0078782
0.659625	-0.015903
0.65975	-0.0167055
0.659875	-0.0126931
0.66	-0.0102856
0.660125	-0.00466829
0.66025	-0.0167055
0.660375	-0.0102856
0.6605	-0.00948316
0.660625	-0.0151005
0.66075	-0.0239278
0.660875	-0.0078782
0.661	-0.00868068
0.661125	-0.0118906
0.66125	-0.0231253
0.661375	-0.0078782
0.6615	-0.0110881
0.661625	-0.00948316
0.66175	-0.0078782
0.661875	-0.0134955
0.662	-0.0126931
0.662125	-0.0191129
0.66225	-0.0102856
0.662375	-0.0110881
0.6625	-0.0102856
0.662625	-0.0118906
0.66275	-0.0126931
0.662875	-0.00707572
0.663	-0.00466829
0.663125	-0.0118906
0.66325	-0.0191129
0.663375	-0.00707572
0.6635	-0.015903
0.663625	-0.00306333
0.66375	-0.0191129
0.663875	-0.0126931
0.664	-0.0102856
0.664125	-0.0078782
0.66425	-0.015903
0.664375	-0.0207178
0.6645	-0.0102856
0.664625	-0.0102856
0.66475	-0.00868068
0.664875	-0.0207178
0.665	-0.00627325
0.665125	-0.0126931
0.66525	-0.00948316
0.665375	-0.0151005
0.6655	-0.0191129
0.665625	-0.00948316
0.66575	-0.0151005
0.665875	-0.0110881
0.666	-0.00707572
0.666125	-0.0207178
0.66625	-0.0078782
0.666375	-0.00707572
0.6665	-0.00145838
0.666625	-0.00627325
0.66675	-0.0183104
0.666875	-0.0110881
0.667	-0.0295451
0.667125	-0.0134955
0.66725	-0.00868068
0.667375	-0.0215203
0.6675	-0.0118906
0.667625	-0.0215203
0.66775	-0.0078782
0.667875	-0.00948316
0.668	-0.0167055
0.668125	-0.00627325
0.66825	-0.0102856
0.668375	-0.0126931
0.6685	-0.0118906
0.668625	-0.0167055
0.66875	-0.0134955
0.668875	-0.0247302
0.669	-0.0078782
0.669125	-0.015903
0.66925	-0.00868068
0.669375	-0.00627325
0.6695	-0.0102856
0.669625	-0.0151005
0.66975	-0.00466829
0.669875	-0.0183104
0.67	-0.0183104
0.670125	-0.0078782
0.67025	-0.0102856
0.670375	-0.0207178
0.6705	-0.0191129
0.670625	-0.0102856
0.67075	-0.0118906
0.670875	-0.00948316
0.671	-0.0102856
0.671125	-0.0167055
0.67125	-0.0199154
0.671375	-0.0247302
0.6715	-0.0134955
0.671625	-0.0118906
0.67175	-0.00466829
0.671875	-0.0191129
0.672	-0.0207178
0.672125	-0.014298
0.67225	-0.0167055
0.672375	-0.0078782
0.6725	-0.00547077
0.672625	-0.0102856
0.67275	-0.0126931
0.672875	-0.014298
0.673	-0.00306333
0.673125	-0.00707572
0.67325	-0.0215203
0.673375	-0.00948316
0.6735	-0.0078782
0.673625	-0.0078782
0.67375	-0.014298
0.673875	-0.00306333
0.674	-0.0126931
0.674125	-0.00466829
0.67425	-0.0118906
0.674375	-0.0207178
0.6745	-0.00627325
0.674625	-0.00466829
0.67475	-0.00627325
0.674875	-0.0078782
0.675	-0.0199154
0.675125	-0.0151005
0.67525	-0.0151005
0.675375	-0.00466829
0.6755	-0.0183104
0.675625	-0.014298
0.67575	-0.0191129
0.675875	-0.0151005
0.676	-0.00707572
0.676125	-0.0110881
0.67625	-0.015903
0.676375	-0.0223228
0.6765	-0.014298
0.676625	-0.0118906
0.67675	-0.015903
0.676875	-0.0167055
0.677	-0.0231253
0.677125	-0.0102856
0.67725	-0.00226086
0.677375	-0.0223228
0.6775	-0.0134955
0.677625	-0.0078782
0.67775	-0.0239278
0.677875	-0.0110881
0.678	0.000146578
0.678125	-0.0134955
0.67825	-0.0279402
0.678375	-0.00868068
0.6785	-0.0183104
0.678625	-0.0110881
0.67875	-0.0175079
0.678875	-0.0134955
0.679	-0.0367674
0.679125	-0.0102856
0.67925	-0.0118906
0.679375	-0.0175079
0.6795	-0.0126931
0.679625	-0.015903
0.67975	-0.0199154
0.679875	-0.0102856
0.68	-0.0110881
0.680125	-0.0110881
0.68025	-0.00868068
0.680375	-0.00707572
0.6805	-0.0151005
0.680625	-0.00868068
0.68075	-0.00868068
0.680875	-0.0126931
0.681	-0.0191129
0.681125	-0.0151005
0.68125	-0.0134955
0.681375	-0.00226086
0.6815	-0.00948316
0.681625	-0.0110881
0.68175	-0.0126931
0.681875	-0.0118906
0.682	-0.0102856
0.682125	-0.0175079
0.68225	-0.0110881
0.682375	-0.00707572
0.6825	-0.0110881
0.682625	-0.0167055
0.68275	-0.0175079
0.682875	-0.00627325
0.683	-0.0110881
0.683125	-0.0183104
0.68325	-0.0118906
0.683375	-0.015903
0.6835	-0.0247302
0.683625	-0.0102856
0.68375	-0.0151005
0.683875	-0.0175079
0.684	-0.0215203
0.684125	-0.015903
0.68425	-0.0110881
0.684375	-0.0239278
0.6845	-0.0183104
0.684625	-0.0183104
0.68475	-0.0207178
0.684875	-0.0199154
0.685	-0.015903
0.685125	-0.0231253
0.68525	-0.0199154
0.685375	-0.0175079
0.6855	-0.0271377
0.685625	-0.0175079
0.68575	-0.0151005
0.685875	-0.0151005
0.686	-0.0199154
0.686125	-0.0199154
0.68625	-0.00948316
0.686375	-0.0191129
0.6865	-0.0102856
0.686625	-0.0078782
0.68675	-0.00948316
0.686875	-0.00948316
0.687	-0.0110881
0.687125	-0.00627325
0.68725	-0.014298
0.687375	-0.00948316
0.6875	-0.0134955
0.687625	-0.0126931
0.68775	-0.0151005
0.687875	-0.00948316
0.688	-0.00386581
0.688125	-0.014298
0.68825	-0.0118906
0.688375	-0.0151005
0.6885	-0.015903
0.688625	-0.0118906
0.68875	-0.00226086
0.688875	-0.0102856
0.689	-0.0287426
0.689125	-0.014298
0.68925	-0.00868068
0.689375	-0.0199154
0.6895	-0.0134955
0.689625	-0.0167055
0.68975	-0.0151005
0.689875	-0.0151005
0.69	-0.0126931
0.690125	-0.0118906
0.69025	-0.0183104
0.690375	-0.0351625
0.6905	-0.0078782
0.690625	-0.0126931
0.69075	-0.014298
0.690875	-0.00868068
0.691	-0.014298
0.691125	-0.0223228
0.69125	-0.0215203
0.691375	-0.00868068
0.6915	-0.0110881
0.691625	-0.0263352
0.69175	-0.0167055
0.691875	-0.0167055
0.692	-0.0110881
0.692125	-0.00386581
0.69225	-0.0167055
0.692375	-0.0175079
0.6925	-0.0279402
0.692625	-0.0207178
0.69275	-0.0151005
0.692875	-0.0151005
0.693	-0.00707572
0.693125	-0.0207178
0.69325	-0.0151005
0.693375	-0.0175079
0.6935	-0.0263352
0.693625	-0.0151005
0.69375	-0.0215203
0.693875	-0.0134955
0.694	-0.0078782
0.694125	-0.0078782
0.69425	-0.0231253
0.694375	-0.00868068
0.6945	-0.0078782
0.694625	-0.0118906
0.69475	-0.00707572
0.694875	-0.0175079
0.695	-0.0175079
0.695125	-0.0078782
0.69525	-0.0126931
0.695375	-0.0126931
0.6955	-0.0295451
0.695625	-0.0167055
0.69575	-0.00868068
0.695875	-0.014298
0.696	-0.0102856
0.696125	-0.0183104
0.69625	-0.0110881
0.696375	-0.00948316
0.6965	-0.0118906
0.696625	-0.014298
0.69675	-0.0151005
0.696875	-0.0167055
0.697	-0.0255327
0.697125	-0.0167055
0.69725	-0.0102856
0.697375	-0.014298
0.6975	-0.0102856
0.697625	-0.0126931
0.69775	-0.0134955
0.697875	-0.0134955
0.698	-0.0167055
0.698125	-0.0134955
0.69825	-0.0167055
0.698375	-0.0231253
0.6985	-0.0191129
0.698625	-0.0183104
0.69875	-0.0175079
0.698875	-0.0078782
0.699	-0.0223228
0.699125	-0.0271377
0.69925	-0.0110881
0.699375	-0.014298
0.6995	-0.014298
0.699625	-0.0223228
0.69975	-0.0255327
0.699875	-0.0231253
0.7	-0.0110881
0.700125	-0.0110881
0.70025	-0.0175079
0.700375	-0.0199154
0.7005	-0.0199154
0.700625	-0.0134955
0.70075	-0.0199154
0.700875	-0.0151005
0.701	-0.00948316
0.701125	-0.0231253
0.70125	-0.0167055
0.701375	-0.0191129
0.7015	-0.0134955
0.701625	-0.0110881
0.70175	-0.0118906
0.701875	-0.0199154
0.702	-0.00868068
0.702125	-0.0110881
0.70225	-0.00948316
0.702375	-0.014298
0.7025	-0.0118906
0.702625	-0.0126931
0.70275	-0.0126931
0.702875	-0.0247302
0.703	-0.0167055
0.703125	-0.0239278
0.70325	-0.0183104
0.703375	-0.0110881
0.7035	-0.0263352
0.703625	-0.0175079
0.70375	-0.014298
0.703875	-0.0239278
0.704	-0.00707572
0.704125	-0.0175079
0.70425	-0.0118906
0.704375	-0.015903
0.7045	-0.014298
0.704625	-0.0287426
0.70475	-0.0199154
0.704875	-0.015903
0.705	-0.0167055
0.705125	-0.0199154
0.70525	-0.0231253
0.705375	-0.0215203
0.7055	-0.0199154
0.705625	-0.0110881
0.70575	-0.0183104
0.705875	-0.0118906
0.706	-0.0126931
0.706125	-0.0167055
0.70625	-0.014298
0.706375	-0.0078782
0.7065	-0.0126931
0.706625	-0.0199154
0.70675	-0.0191129
0.706875	-0.0167055
0.707	-0.0126931
0.707125	-0.00627325
0.70725	-0.0102856
0.707375	-0.00948316
0.7075	-0.015903
0.707625	-0.0175079
0.70775	-0.0134955
0.707875	-0.0126931
0.708	-0.00306333
0.708125	-0.0118906
0.70825	-0.0199154
0.708375	-0.0191129
0.7085	-0.0110881
0.708625	-0.00948316
0.70875	-0.014298
0.708875	-0.0118906
0.709	-0.0167055
0.709125	-0.0175079
0.70925	-0.00627325
0.709375	-0.0151005
0.7095	-0.0271377
0.709625	-0.0134955
0.70975	-0.0207178
0.709875	-0.014298
0.71	-0.0110881
0.710125	-0.0134955
0.71025	-0.014298
0.710375	-0.0207178
0.7105	-0.0078782
0.710625	-0.00707572
0.71075	-0.00948316
0.710875	-0.0231253
0.711	-0.00868068
0.711125	-0.0191129
0.71125	-0.0110881
0.711375	-0.0134955
0.7115	-0.0102856
0.711625	-0.00547077
0.71175	-0.00868068
0.711875	-0.0151005
0.712	-0.0239278
0.712125	-0.0199154
0.71225	-0.00948316
0.712375	-0.0134955
0.7125	-0.00868068
0.712625	-0.015903
0.71275	-0.00466829
0.712875	-0.00627325
0.713	-0.00707572
0.713125	-0.0078782
0.71325	-0.0118906
0.713375	-0.0183104
0.7135	-0.0110881
0.713625	-0.0151005
0.71375	-0.0126931
0.713875	-0.00868068
0.714	-0.015903
0.714125	-0.0175079
0.71425	-0.0078782
0.714375	-0.00948316
0.7145	-0.0126931
0.714625	-0.015903
0.71475	-0.0078782
0.714875	-0.0175079
0.715	-0.0175079
0.715125	-0.0151005
0.71525	-0.0215203
0.715375	-0.0191129
0.7155	-0.0134955
0.715625	-0.0175079
0.71575	-0.00707572
0.715875	-0.0110881
0.716	-0.0199154
0.716125	-0.0151005
0.71625	-0.0183104
0.716375	-0.0151005
0.7165	-0.0126931
0.716625	-0.00386581
0.71675	-0.015903
0.716875	-0.0263352
0.717	-0.0167055
0.717125	-0.0175079
0.71725	-0.014298
0.717375	-0.00948316
0.7175	-0.0223228
0.717625	-0.015903
0.71775	-0.0126931
0.717875	-0.00466829
0.718	-0.0239278
0.718125	-0.0199154
0.71825	-0.00306333
0.718375	-0.0207178
0.7185	-0.0151005
0.718625	-0.00948316
0.71875	-0.00707572
0.718875	-0.0175079
0.719	-0.0183104
0.719125	-0.00948316
0.71925	-0.00627325
0.719375	-0.00707572
0.7195	-0.015903
0.719625	-0.0151005
0.71975	-0.0167055
0.719875	-0.0110881
0.72	-0.0134955
0.720125	-0.0167055
0.72025	-0.0134955
0.720375	-0.0118906
0.7205	-0.0183104
0.720625	-0.0167055
0.72075	-0.0078782
0.720875	-0.0118906
0.721	-0.0110881
0.721125	-0.0175079
0.72125	-0.014298
0.721375	-0.00948316
0.7215	-0.0126931
0.721625	-0.0151005
0.72175	-0.0263352
0.721875	-0.0247302
0.722	-0.0110881
0.722125	-0.00627325
0.72225	-0.0167055
0.722375	-0.00627325
0.7225	-0.0223228
0.722625	-0.015903
0.72275	-0.0078782
0.722875	-0.0110881
0.723	-0.00948316
0.723125	-0.0183104
0.72325	-0.0118906
0.723375	-0.00547077
0.7235	-0.0078782
0.723625	-0.0134955
0.72375	-0.0199154
0.723875	-0.0110881
0.724	-0.0078782
0.724125	-0.0118906
0.72425	-0.00466829
0.724375	-0.0126931
0.7245	-0.0279402
0.724625	-0.0231253
0.72475	-0.015903
0.724875	-0.0102856
0.725	-0.0126931
0.725125	-0.0110881
0.72525	-0.0191129
0.725375	-0.0126931
0.7255	-0.00948316
0.725625	-0.0183104
0.72575	-0.014298
0.725875	-0.0110881
0.726	-0.00868068
0.726125	-0.0167055
0.72625	-0.015903
0.726375	-0.00226086
0.7265	-0.00627325
0.726625	-0.00627325
0.72675	-0.00627325
0.726875	-0.0191129
0.727	-0.00386581
0.727125	-0.00868068
0.72725	-0.0175079
0.727375	-0.0110881
0.7275	-0.015903
0.727625	-0.0167055
0.72775	-0.0231253
0.727875	-0.00627325
0.728	-0.0279402
0.728125	-0.015903
0.72825	-0.00707572
0.728375	-0.0126931
0.7285	-0.00707572
0.728625	-0.00627325
0.72875	-0.00868068
0.728875	-0.00868068
0.729	-0.0215203
0.729125	-0.0183104
0.72925	-0.00466829
0.729375	-0.0110881
0.7295	-0.0287426
0.729625	-0.0110881
0.72975	-0.00547077
0.729875	-0.00627325
0.73	-0.0126931
0.730125	-0.0102856
0.73025	-0.0175079
0.730375	-0.0118906
0.7305	-0.0151005
0.730625	-0.0110881
0.73075	-0.00707572
0.730875	-0.0191129
0.731	-0.0151005
0.731125	-0.00948316
0.73125	-0.0207178
0.731375	-0.0167055
0.7315	-0.014298
0.731625	-0.0215203
0.73175	-0.014298
0.731875	-0.00868068
0.732	-0.00547077
0.732125	-0.0151005
0.73225	-0.00466829
0.732375	-0.0118906
0.7325	-0.0110881
0.732625	-0.00145838
0.73275	-0.00707572
0.732875	-0.0078782
0.733	-0.0134955
0.733125	-0.00948316
0.73325	-0.00868068
0.733375	-0.0247302
0.7335	-0.0367674
0.733625	-0.015903
0.73375	-0.0102856
0.733875	-0.00948316
0.734	-0.0126931
0.734125	-0.00948316
0.73425	-0.032755
0.734375	-0.00226086
0.7345	-0.00226086
0.734625	-0.00948316
0.73475	-0.0223228
0.734875	-0.00707572
0.735	-0.00466829
0.735125	-0.0126931
0.73525	-0.0167055
0.735375	-0.0183104
0.7355	-0.0215203
0.735625	-0.0110881
0.73575	-0.00145838
0.735875	-0.00868068
0.736	-0.00547077
0.736125	-0.00466829
0.73625	-0.0191129
0.736375	-0.0215203
0.7365	-0.0006559
0.736625	-0.00547077
0.73675	-0.0183104
0.736875	-0.00948316
0.737	-0.00948316
0.737125	-0.0151005
0.73725	-0.0255327
0.737375	-0.0134955
0.7375	-0.0118906
0.737625	-0.0078782
0.73775	-0.0118906
0.737875	-0.00868068
0.738	-0.0110881
0.738125	-0.00145838
0.73825	-0.00466829
0.738375	-0.0183104
0.7385	-0.0175079
0.738625	-0.00707572
0.73875	-0.0078782
0.738875	-0.015903
0.739	-0.0279402
0.739125	-0.0102856
0.73925	-0.0102856
0.739375	-0.0183104
0.7395	-0.0110881
0.739625	-0.0207178
0.73975	-0.00948316
0.739875	-0.0118906
0.74	-0.00145838
0.740125	-0.0078782
0.74025	-0.00547077
0.740375	-0.0151005
0.7405	-0.015903
0.740625	-0.0151005
0.74075	-0.00707572
0.740875	-0.0118906
0.741	-0.0199154
0.741125	-0.0126931
0.74125	-0.0078782
0.741375	-0.0102856
0.7415	-0.00707572
0.741625	-0.0118906
0.74175	-0.015903
0.741875	-0.03436
0.742	-0.0134955
0.742125	-0.0134955
0.74225	-0.0191129
0.742375	-0.014298
0.7425	-0.0102856
0.742625	-0.0223228
0.74275	-0.00948316
0.742875	-0.00948316
0.743	-0.0134955
0.743125	-0.0167055
0.74325	-0.015903
0.743375	-0.0118906
0.7435	-0.0110881
0.743625	-0.0118906
0.74375	-0.00868068
0.743875	-0.00868068
0.744	-0.0102856
0.744125	-0.0126931
0.74425	-0.0110881
0.744375	-0.015903
0.7445	-0.0118906
0.744625	-0.015903
0.74475	-0.0110881
0.744875	-0.0102856
0.745	-0.014298
0.745125	-0.00868068
0.74525	-0.0134955
0.745375	-0.0118906
0.7455	-0.0183104
0.745625	-0.0102856
0.74575	-0.00948316
0.745875	-0.0239278
0.746	-0.00868068
0.746125	-0.015903
0.74625	-0.0134955
0.746375	-0.00306333
0.7465	-0.00627325
0.746625	-0.00627325
0.74675	-0.0102856
0.746875	-0.0151005
0.747	-0.00306333
0.747125	-0.0126931
0.74725	-0.0134955
0.747375	-0.0151005
0.7475	-0.0126931
0.747625	-0.0110881
0.74775	-0.00627325
0.747875	-0.00306333
0.748	-0.00707572
0.748125	-0.0279402
0.74825	-0.0247302
0.748375	-0.0126931
0.7485	-0.00547077
0.748625	-0.0102856
0.74875	-0.0134955
0.748875	-0.0134955
0.749	-0.00868068
0.749125	-0.0199154
0.74925	-0.015903
0.749375	-0.0191129
0.7495	-0.0287426
0.749625	-0.00948316
0.74975	-0.00707572
0.749875	-0.0134955
0.75	-0.0078782
0.750125	-0.00707572
0.75025	-0.00627325
0.750375	-0.0183104
0.7505	-0.00868068
0.750625	-0.00466829
0.75075	-0.0151005
0.750875	-0.014298
0.751	-0.00627325
0.751125	-0.00707572
0.75125	-0.0126931
0.751375	-0.0191129
0.7515	-0.00868068
0.751625	-0.0102856
0.75175	-0.00386581
0.751875	-0.0078782
0.752	-0.0006559
0.752125	-0.0078782
0.75225	-0.0151005
0.752375	-0.00707572
0.7525	-0.0118906
0.752625	-0.00868068
0.75275	-0.0126931
0.752875	-0.0167055
0.753	-0.00948316
0.753125	-0.0199154
0.75325	-0.00707572
0.753375	-0.00306333
0.7535	-0.0151005
0.753625	-0.00627325
0.75375	-0.0207178
0.753875	-0.0223228
0.754	-0.014298
0.754125	-0.00627325
0.75425	-0.0110881
0.754375	-0.00707572
0.7545	-0.0110881
0.754625	-0.0078782
0.75475	-0.00868068
0.754875	-0.00306333
0.755	-0.00627325
0.755125	-0.00627325
0.75525	-0.00547077
0.755375	-0.0134955
0.7555	-0.0151005
0.755625	-0.00868068
0.75575	-0.0126931
0.755875	-0.00547077
0.756	-0.0078782
0.756125	-0.00466829
0.75625	-0.00627325
0.756375	-0.00627325
0.7565	-0.00145838
0.756625	-0.0118906
0.75675	-0.00948316
0.756875	-0.00386581
0.757	-0.0110881
0.757125	-0.0215203
0.75725	-0.0126931
0.757375	-0.0134955
0.7575	-0.00547077
0.757625	-0.00948316
0.75775	-0.00145838
0.757875	-0.014298
0.758	-0.0134955
0.758125	-0.0102856
0.75825	-0.0151005
0.758375	-0.0175079
0.7585	-0.0175079
0.758625	-0.0175079
0.75875	-0.00547077
0.758875	-0.00868068
0.759	-0.00306333
0.759125	-0.0110881
0.75925	-0.0102856
0.759375	-0.0191129
0.7595	-0.0110881
0.759625	-0.00868068
0.75975	-0.00386581
0.759875	-0.0151005
0.76	-0.015903
0.760125	-0.0118906
0.76025	-0.0102856
0.760375	-0.0102856
0.7605	-0.00948316
0.760625	-0.00627325
0.76075	-0.00386581
0.760875	-0.0110881
0.761	0.000949056
0.761125	-0.00868068
0.76125	-0.0126931
0.761375	-0.0118906
0.7615	-0.00868068
0.761625	-0.0118906
0.76175	-0.00948316
0.761875	-0.00948316
0.762	-0.00627325
0.762125	-0.00466829
0.76225	-0.0126931
0.762375	-0.00868068
0.7625	-0.0102856
0.762625	-0.0078782
0.76275	-0.00226086
0.762875	-0.015903
0.763	-0.0102856
0.763125	-0.0118906
0.76325	-0.00627325
0.763375	-0.00466829
0.7635	-0.0151005
0.763625	-0.014298
0.76375	-0.0215203
0.763875	-0.0231253
0.764	-0.0102856
0.764125	-0.0110881
0.76425	-0.014298
0.764375	-0.0126931
0.7645	-0.0167055
0.764625	-0.0207178
0.76475	-0.00948316
0.764875	-0.0118906
0.765	-0.0134955
0.765125	-0.0207178
0.76525	-0.0223228
0.765375	-0.0126931
0.7655	-0.014298
0.765625	-0.0126931
0.76575	-0.0263352
0.765875	-0.0134955
0.766	-0.0183104
0.766125	-0.00707572
0.76625	-0.00707572
0.766375	-0.0078782
0.7665	-0.014298
0.766625	-0.0191129
0.76675	-0.00948316
0.766875	-0.00627325
0.767	-0.00948316
0.767125	-0.0215203
0.76725	-0.0151005
0.767375	-0.015903
0.7675	-0.0110881
0.767625	-0.00868068
0.76775	-0.014298
0.767875	-0.015903
0.768	-0.0126931
0.768125	-0.014298
0.76825	-0.0134955
0.768375	-0.0078782
0.7685	-0.00868068
0.768625	-0.0102856
0.76875	-0.0167055
0.768875	-0.0183104
0.769	-0.0126931
0.769125	-0.00707572
0.76925	-0.0110881
0.769375	-0.0319525
0.7695	-0.0134955
0.769625	-0.00948316
0.76975	-0.00948316
0.769875	-0.0110881
0.77	-0.0126931
0.770125	-0.015903
0.77025	-0.0126931
0.770375	-0.0134955
0.7705	-0.0110881
0.770625	-0.015903
0.77075	-0.0215203
0.770875	-0.015903
0.771	-0.014298
0.771125	-0.015903
0.77125	-0.00948316
0.771375	-0.015903
0.7715	-0.0215203
0.771625	-0.014298
0.77175	-0.0167055
0.771875	-0.0102856
0.772	-0.0167055
0.772125	-0.0110881
0.77225	-0.0175079
0.772375	-0.00226086
0.7725	-0.0126931
0.772625	-0.0126931
0.77275	-0.0118906
0.772875	-0.0287426
0.773	-0.0167055
0.773125	-0.00948316
0.77325	-0.00306333
0.773375	-0.0110881
0.7735	-0.0118906
0.773625	-0.00707572
0.77375	-0.014298
0.773875	-0.0126931
0.774	-0.0126931
0.774125	-0.00226086
0.77425	-0.00466829
0.774375	-0.0118906
0.7745	-0.0151005
0.774625	-0.00948316
0.77475	-0.0110881
0.774875	-0.00627325
0.775	-0.0215203
0.775125	-0.0102856
0.77525	-0.0239278
0.775375	-0.0175079
0.7755	-0.0191129
0.775625	-0.00627325
0.77575	-0.0134955
0.775875	-0.0207178
0.776	-0.0207178
0.776125	-0.0151005
0.77625	-0.0239278
0.776375	-0.0271377
0.7765	-0.0191129
0.776625	-0.0110881
0.77675	-0.015903
0.776875	-0.015903
0.777	-0.0215203
0.777125	-0.0215203
0.77725	-0.0118906
0.777375	-0.0078782
0.7775	-0.0175079
0.777625	-0.0134955
0.77775	-0.015903
0.777875	-0.0126931
0.778	-0.00547077
0.778125	-0.00306333
0.77825	-0.0183104
0.778375	-0.014298
0.7785	-0.0134955
0.778625	-0.0134955
0.77875	-0.015903
0.778875	-0.0126931
0.779	-0.00707572
0.779125	-0.0215203
0.77925	-0.0335575
0.779375	-0.0167055
0.7795	-0.0167055
0.779625	-0.0231253
0.77975	-0.0126931
0.779875	-0.0118906
0.78	-0.0102856
0.780125	-0.0231253
0.78025	-0.0175079
0.780375	-0.00466829
0.7805	-0.0175079
0.780625	-0.00386581
0.78075	-0.014298
0.780875	-0.00868068
0.781	-0.0183104
0.781125	-0.00627325
0.78125	-0.00386581
0.781375	-0.0134955
0.7815	-0.0118906
0.781625	-0.014298
0.78175	-0.015903
0.781875	-0.014298
0.782	-0.0199154
0.782125	-0.0134955
0.78225	-0.0102856
0.782375	-0.0167055
0.7825	-0.0151005
0.782625	-0.0102856
0.78275	-0.0102856
0.782875	-0.0223228
0.783	-0.0207178
0.783125	-0.0167055
0.78325	-0.00707572
0.783375	-0.0167055
0.7835	-0.00948316
0.783625	-0.0151005
0.78375	-0.0151005
0.783875	-0.0118906
0.784	-0.00868068
0.784125	-0.0151005
0.78425	-0.015903
0.784375	-0.0207178
0.7845	-0.0223228
0.784625	-0.0215203
0.78475	-0.014298
0.784875	-0.00868068
0.785	-0.00547077
0.785125	-0.0199154
0.78525	-0.0247302
0.785375	-0.00306333
0.7855	-0.0175079
0.785625	-0.00868068
0.78575	-0.00948316
0.785875	-0.0102856
0.786	-0.00868068
0.786125	-0.00627325
0.78625	-0.0118906
0.786375	-0.00466829
0.7865	-0.00868068
0.786625	-0.014298
0.78675	-0.0118906
0.786875	-0.00948316
0.787	-0.0102856
0.787125	-0.00547077
0.78725	-0.00948316
0.787375	-0.00466829
0.7875	-0.0175079
0.787625	-0.015903
0.78775	-0.00547077
0.787875	-0.0247302
0.788	-0.00627325
0.788125	-0.00627325
0.78825	-0.0126931
0.788375	-0.0134955
0.7885	-0.0215203
0.788625	-0.0247302
0.78875	-0.0102856
0.788875	-0.00948316
0.789	-0.0231253
0.789125	-0.0102856
0.78925	-0.0134955
0.789375	-0.00948316
0.7895	-0.014298
0.789625	-0.0102856
0.78975	-0.00547077
0.789875	-0.00547077
0.79	-0.0151005
0.790125	-0.0223228
0.79025	-0.00948316
0.790375	-0.00466829
0.7905	-0.014298
0.790625	-0.0078782
0.79075	-0.00466829
0.790875	-0.0110881
0.791	-0.014298
0.791125	-0.0110881
0.79125	-0.00707572
0.791375	-0.0110881
0.7915	-0.0118906
0.791625	-0.0151005
0.79175	-0.0167055
0.791875	-0.0151005
0.792	-0.0102856
0.792125	-0.0078782
0.79225	-0.0151005
0.792375	-0.014298
0.7925	-0.0151005
0.792625	-0.0118906
0.79275	-0.00948316
0.792875	-0.00948316
0.793	-0.0118906
0.793125	-0.0183104
0.79325	-0.0118906
0.793375	-0.0102856
0.7935	-0.0191129
0.793625	-0.0126931
0.79375	-0.0183104
0.793875	-0.0126931
0.794	-0.00707572
0.794125	-0.0175079
0.79425	-0.0199154
0.794375	-0.0134955
0.7945	-0.0191129
0.794625	-0.0118906
0.79475	-0.0151005
0.794875	-0.0134955
0.795	-0.00466829
0.795125	-0.00547077
0.79525	-0.0110881
0.795375	-0.0151005
0.7955	-0.0134955
0.795625	-0.015903
0.79575	-0.0118906
0.795875	-0.0110881
0.796	-0.0134955
0.796125	-0.00948316
0.79625	-0.00306333
0.796375	-0.0199154
0.7965	-0.0134955
0.796625	-0.0110881
0.79675	-0.00868068
0.796875	-0.0078782
0.797	-0.014298
0.797125	-0.0102856
0.79725	-0.0175079
0.797375	-0.014298
0.7975	-0.0183104
0.797625	-0.0239278
0.79775	-0.0151005
0.797875	-0.0126931
0.798	-0.0183104
0.798125	-0.00868068
0.79825	-0.0102856
0.798375	-0.0199154
0.7985	-0.00145838
0.798625	-0.014298
0.79875	-0.0102856
0.798875	-0.0126931
0.799	-0.0126931
0.799125	-0.00466829
0.79925	-0.015903
0.799375	-0.0134955
0.7995	-0.0247302
0.799625	-0.0126931
0.79975	0.00175153
0.799875	-0.00627325
0.8	-0.0118906
0.800125	-0.00306333
0.80025	-0.0175079
0.800375	-0.0126931
0.8005	-0.00627325
0.800625	0.000949056
0.80075	-0.0102856
0.800875	-0.00948316
0.801	-0.0110881
0.801125	-0.0102856
0.80125	-0.0279402
0.801375	-0.0006559
0.8015	-0.015903
0.801625	-0.0215203
0.80175	-0.0215203
0.801875	-0.0199154
0.802	-0.00627325
0.802125	-0.00226086
0.80225	-0.0207178
0.802375	0.000949056
0.8025	-0.0191129
0.802625	-0.0223228
0.80275	-0.0134955
0.802875	-0.0167055
0.803	-0.015903
0.803125	-0.0167055
0.80325	-0.00547077
0.803375	-0.0167055
0.8035	-0.00547077
0.803625	-0.0175079
0.80375	-0.0183104
0.803875	-0.0151005
0.804	-0.0199154
0.804125	-0.014298
0.80425	-0.015903
0.804375	-0.0199154
0.8045	-0.0231253
0.804625	-0.0126931
0.80475	-0.0239278
0.804875	-0.0118906
0.805	-0.00466829
0.805125	-0.0167055
0.80525	-0.0271377
0.805375	-0.0110881
0.8055	-0.0151005
0.805625	-0.00948316
0.80575	-0.00707572
0.805875	-0.00868068
0.806	-0.0151005
0.806125	-0.0199154
0.80625	-0.0151005
0.806375	-0.0175079
0.8065	-0.00627325
0.806625	-0.0287426
0.80675	-0.0110881
0.806875	-0.014298
0.807	-0.00547077
0.807125	-0.014298
0.80725	-0.0110881
0.807375	-0.0151005
0.8075	-0.0239278
0.807625	-0.0183104
0.80775	-0.015903
0.807875	-0.00226086
0.808	-0.0102856
0.808125	-0.0207178
0.80825	-0.0231253
0.808375	-0.0263352
0.8085	-0.0191129
0.808625	-0.0110881
0.80875	-0.0207178
0.808875	-0.0183104
0.809	-0.0167055
0.809125	-0.0102856
0.80925	-0.0078782
0.809375	-0.0175079
0.8095	-0.00707572
0.809625	-0.0126931
0.80975	-0.0118906
0.809875	-0.0118906
0.81	-0.0110881
0.810125	-0.00868068
0.81025	-0.00466829
0.810375	-0.0351625
0.8105	-0.0167055
0.810625	-0.0134955
0.81075	-0.014298
0.810875	-0.0231253
0.811	-0.0151005
0.811125	-0.0118906
0.81125	-0.0175079
0.811375	-0.0183104
0.8115	-0.00948316
0.811625	-0.0126931
0.81175	-0.0134955
0.811875	-0.0183104
0.812	-0.00948316
0.812125	-0.0223228
0.81225	-0.00386581
0.812375	-0.0118906
0.8125	-0.0151005
0.812625	-0.0207178
0.81275	-0.0247302
0.812875	-0.0191129
0.813	-0.00948316
0.813125	-0.0134955
0.81325	-0.0151005
0.813375	-0.00948316
0.8135	-0.014298
0.813625	-0.0247302
0.81375	-0.00627325
0.813875	-0.0126931
0.814	-0.00547077
0.814125	-0.00868068
0.81425	-0.0199154
0.814375	-0.0126931
0.8145	-0.015903
0.814625	-0.0151005
0.81475	-0.00948316
0.814875	-0.00868068
0.815	-0.0110881
0.815125	-0.00627325
0.81525	-0.00868068
0.815375	-0.0175079
0.8155	-0.00948316
0.815625	-0.0151005
0.81575	-0.0183104
0.815875	-0.0118906
0.816	-0.00948316
0.816125	-0.0191129
0.81625	-0.0118906
0.816375	-0.00386581
0.8165	-0.0151005
0.816625	-0.0191129
0.81675	-0.0134955
0.816875	-0.0078782
0.817	-0.0110881
0.817125	-0.0110881
0.81725	-0.0207178
0.817375	-0.0102856
0.8175	-0.0102856
0.817625	-0.0078782
0.81775	-0.00707572
0.817875	-0.00868068
0.818	-0.00226086
0.818125	-0.0110881
0.81825	-0.0078782
0.818375	-0.00948316
0.8185	-0.00707572
0.818625	-0.00547077
0.81875	-0.0110881
0.818875	-0.015903
0.819	-0.0175079
0.819125	-0.0126931
0.81925	-0.0102856
0.819375	-0.00868068
0.8195	-0.0118906
0.819625	-0.0151005
0.81975	-0.0126931
0.819875	-0.0134955
0.82	-0.0102856
0.820125	-0.0175079
0.82025	-0.0247302
0.820375	-0.014298
0.8205	-0.00627325
0.820625	-0.0078782
0.82075	-0.00868068
0.820875	-0.00466829
0.821	-0.0167055
0.821125	-0.0183104
0.82125	-0.0167055
0.821375	-0.0078782
0.8215	-0.00547077
0.821625	-0.015903
0.82175	-0.0134955
0.821875	-0.0134955
0.822	-0.0191129
0.822125	-0.0239278
0.82225	-0.015903
0.822375	-0.0110881
0.8225	-0.0167055
0.822625	-0.0134955
0.82275	-0.00948316
0.822875	-0.00948316
0.823	-0.00948316
0.823125	-0.0175079
0.82325	-0.0126931
0.823375	-0.0151005
0.8235	-0.00707572
0.823625	-0.00868068
0.82375	-0.015903
0.823875	-0.0078782
0.824	-0.014298
0.824125	-0.0118906
0.82425	-0.0167055
0.824375	-0.014298
0.8245	-0.0223228
0.824625	-0.00868068
0.82475	-0.0134955
0.824875	-0.0110881
0.825	-0.00948316
0.825125	-0.014298
0.82525	-0.0102856
0.825375	-0.0207178
0.8255	-0.0191129
0.825625	-0.00707572
0.82575	-0.00627325
0.825875	-0.0199154
0.826	-0.0423848
0.826125	-0.0199154
0.82625	-0.0110881
0.826375	-0.0102856
0.8265	-0.0126931
0.826625	-0.015903
0.82675	-0.0271377
0.826875	-0.0126931
0.827	-0.0183104
0.827125	-0.0102856
0.82725	-0.0102856
0.827375	-0.00627325
0.8275	-0.0126931
0.827625	-0.00948316
0.82775	-0.00868068
0.827875	-0.0110881
0.828	-0.0167055
0.828125	-0.0199154
0.82825	-0.0110881
0.828375	-0.0126931
0.8285	-0.0191129
0.828625	-0.0118906
0.82875	-0.0151005
0.828875	-0.00707572
0.829	-0.0183104
0.829125	-0.00948316
0.82925	-0.00306333
0.829375	-0.00466829
0.8295	-0.0078782
0.829625	-0.00948316
0.82975	-0.0215203
0.829875	-0.0231253
0.83	-0.0126931
0.830125	-0.0078782
0.83025	-0.0223228
0.830375	-0.00547077
0.8305	-0.0199154
0.830625	-0.00948316
0.83075	-0.0175079
0.830875	-0.00707572
0.831	-0.0151005
0.831125	-0.0126931
0.83125	-0.00547077
0.831375	-0.0078782
0.8315	-0.015903
0.831625	-0.0126931
0.83175	-0.0215203
0.831875	-0.00547077
0.832	-0.0183104
0.832125	-0.0102856
0.83225	-0.0167055
0.832375	-0.0151005
0.8325	-0.0078782
0.832625	-0.00868068
0.83275	-0.00627325
0.832875	-0.00547077
0.833	-0.014298
0.833125	-0.0239278
0.83325	-0.0102856
0.833375	-0.0191129
0.8335	-0.0110881
0.833625	-0.0126931
0.83375	-0.0183104
0.833875	-0.0199154
0.834	-0.0175079
0.834125	-0.00948316
0.83425	0.000949056
0.834375	-0.00145838
0.8345	-0.0167055
0.834625	-0.00707572
0.83475	-0.0134955
0.834875	-0.0151005
0.835	-0.015903
0.835125	-0.015903
0.83525	-0.0078782
0.835375	-0.0118906
0.8355	-0.0175079
0.835625	-0.0175079
0.83575	-0.0118906
0.835875	-0.00948316
0.836	-0.0183104
0.836125	-0.0151005
0.83625	-0.0126931
0.836375	-0.0102856
0.8365	-0.00948316
0.836625	-0.00466829
0.83675	-0.014298
0.836875	-0.0126931
0.837	-0.0167055
0.837125	-0.015903
0.83725	-0.0134955
0.837375	-0.014298
0.8375	-0.0102856
0.837625	-0.00868068
0.83775	-0.0102856
0.837875	-0.0126931
0.838	-0.00948316
0.838125	-0.0006559
0.83825	-0.0199154
0.838375	-0.0118906
0.8385	-0.00547077
0.838625	-0.00707572
0.83875	-0.00868068
0.838875	-0.0102856
0.839	-0.0110881
0.839125	-0.014298
0.83925	-0.0110881
0.839375	-0.00306333
0.8395	-0.0183104
0.839625	-0.0167055
0.83975	-0.0223228
0.839875	-0.0167055
0.84	-0.00466829
0.840125	-0.0102856
0.84025	-0.0191129
0.840375	-0.0151005
0.8405	-0.0215203
0.840625	-0.0078782
0.84075	-0.0134955
0.840875	-0.0199154
0.841	-0.0167055
0.841125	-0.00707572
0.84125	-0.0215203
0.841375	-0.0078782
0.8415	-0.00868068
0.841625	-0.0110881
0.84175	-0.0215203
0.841875	-0.0126931
0.842	-0.0223228
0.842125	-0.0078782
0.84225	-0.00707572
0.842375	-0.0167055
0.8425	-0.0151005
0.842625	-0.0126931
0.84275	-0.0191129
0.842875	-0.00948316
0.843	-0.0118906
0.843125	-0.0239278
0.84325	-0.0183104
0.843375	-0.0239278
0.8435	-0.0126931
0.843625	-0.0167055
0.84375	-0.00868068
0.843875	-0.0175079
0.844	-0.0167055
0.844125	-0.0134955
0.84425	-0.0118906
0.844375	-0.0134955
0.8445	-0.0118906
0.844625	-0.0151005
0.84475	-0.0255327
0.844875	-0.0183104
0.845	-0.0183104
0.845125	-0.0134955
0.84525	-0.0231253
0.845375	-0.0126931
0.8455	-0.0078782
0.845625	-0.0231253
0.84575	-0.0199154
0.845875	-0.0239278
0.846	-0.00547077
0.846125	-0.0151005
0.84625	-0.0191129
0.846375	-0.0110881
0.8465	-0.0118906
0.846625	-0.00466829
0.84675	-0.0167055
0.846875	-0.0134955
0.847	-0.00547077
0.847125	-0.0126931
0.84725	-0.0102856
0.847375	-0.0110881
0.8475	-0.0207178
0.847625	-0.0199154
0.84775	-0.00868068
0.847875	-0.0134955
0.848	-0.0110881
0.848125	-0.0102856
0.84825	-0.0126931
0.848375	-0.0126931
0.8485	-0.00547077
0.848625	-0.015903
0.84875	-0.0078782
0.848875	-0.0167055
0.849	-0.0167055
0.849125	-0.00868068
0.84925	-0.00868068
0.849375	-0.00547077
0.8495	-0.015903
0.849625	-0.0167055
0.84975	-0.00707572
0.849875	-0.00948316
0.85	0.000146578
0.850125	-0.00627325
0.85025	-0.014298
0.850375	-0.0118906
0.8505	-0.0175079
0.850625	-0.0134955
0.85075	-0.00948316
0.850875	-0.00386581
0.851	-0.0175079
0.851125	-0.0134955
0.85125	-0.0167055
0.851375	-0.00547077
0.8515	-0.0126931
0.851625	-0.0191129
0.85175	-0.0118906
0.851875	-0.0118906
0.852	-0.0078782
0.852125	-0.0126931
0.85225	-0.0102856
0.852375	-0.0102856
0.8525	-0.00226086
0.852625	-0.0191129
0.85275	-0.0118906
0.852875	-0.00948316
0.853	-0.014298
0.853125	-0.0078782
0.85325	-0.0126931
0.853375	-0.0102856
0.8535	-0.015903
0.853625	-0.00386581
0.85375	-0.0126931
0.853875	-0.00386581
0.854	-0.0183104
0.854125	-0.0110881
0.85425	-0.00868068
0.854375	-0.0118906
0.8545	-0.0231253
0.854625	-0.0102856
0.85475	-0.0110881
0.854875	-0.00466829
0.855	-0.00226086
0.855125	-0.00386581
0.85525	-0.0199154
0.855375	-0.0167055
0.8555	-0.00707572
0.855625	-0.0167055
0.85575	-0.0191129
0.855875	-0.0078782
0.856	-0.00948316
0.856125	-0.00145838
0.85625	-0.0118906
0.856375	-0.00948316
0.8565	-0.00547077
0.856625	-0.00948316
0.85675	-0.015903
0.856875	-0.015903
0.857	-0.0134955
0.857125	-0.0134955
0.85725	-0.0231253
0.857375	0.00255401
0.8575	-0.00948316
0.857625	-0.00868068
0.85775	-0.0247302
0.857875	-0.0102856
0.858	-0.00627325
0.858125	-0.00948316
0.85825	-0.00868068
0.858375	-0.00868068
0.8585	-0.0191129
0.858625	-0.00226086
0.85875	-0.00386581
0.858875	-0.00948316
0.859	-0.0167055
0.859125	-0.0110881
0.85925	-0.014298
0.859375	-0.0223228
0.8595	-0.0118906
0.859625	-0.00948316
0.85975	-0.0175079
0.859875	-0.014298
0.86	-0.0110881
0.860125	-0.00868068
0.86025	-0.00306333
0.860375	-0.0151005
0.8605	-0.0151005
0.860625	-0.0167055
0.86075	-0.0102856
0.860875	-0.0110881
0.861	-0.0078782
0.861125	-0.0167055
0.86125	-0.0183104
0.861375	-0.0134955
0.8615	-0.00547077
0.861625	-0.00627325
0.86175	-0.00948316
0.861875	-0.0134955
0.862	-0.00386581
0.862125	-0.0239278
0.86225	-0.0102856
0.862375	-0.00145838
0.8625	-0.00466829
0.862625	-0.0078782
0.86275	-0.014298
0.862875	-0.014298
0.863	-0.0175079
0.863125	-0.0118906
0.86325	-0.0118906
0.863375	-0.00386581
0.8635	-0.0078782
0.863625	-0.0126931
0.86375	-0.0175079
0.863875	-0.0255327
0.864	-0.0134955
0.864125	-0.0223228
0.86425	-0.00707572
0.864375	-0.0175079
0.8645	-0.0102856
0.864625	-0.0151005
0.86475	-0.0126931
0.864875	-0.0134955
0.865	-0.0151005
0.865125	-0.0279402
0.86525	-0.0175079
0.865375	-0.0223228
0.8655	-0.0151005
0.865625	-0.0118906
0.86575	-0.015903
0.865875	-0.0151005
0.866	-0.0134955
0.866125	-0.0134955
0.86625	-0.0183104
0.866375	-0.0126931
0.8665	-0.015903
0.866625	-0.0263352
0.86675	-0.0134955
0.866875	-0.0118906
0.867	-0.0126931
0.867125	-0.00386581
0.86725	-0.0175079
0.867375	-0.00868068
0.8675	-0.00707572
0.867625	-0.0223228
0.86775	-0.0167055
0.867875	-0.00627325
0.868	-0.0102856
0.868125	-0.0110881
0.86825	-0.00707572
0.868375	-0.0207178
0.8685	-0.0134955
0.868625	-0.0126931
0.86875	-0.00868068
0.868875	-0.0175079
0.869	-0.014298
0.869125	-0.0110881
0.86925	-0.0183104
0.869375	-0.0118906
0.8695	-0.0102856
0.869625	-0.0110881
0.86975	-0.0118906
0.869875	-0.0134955
0.87	-0.00868068
0.870125	-0.0118906
0.87025	-0.00707572
0.870375	-0.0255327
0.8705	-0.0134955
0.870625	-0.0391748
0.87075	-0.0167055
0.870875	-0.0110881
0.871	-0.00868068
0.871125	-0.00386581
0.87125	-0.0102856
0.871375	-0.0183104
0.8715	-0.0078782
0.871625	-0.00948316
0.87175	-0.0102856
0.871875	-0.0126931
0.872	-0.0134955
0.872125	-0.0215203
0.87225	-0.0118906
0.872375	-0.0102856
0.8725	-0.00707572
0.872625	-0.0078782
0.87275	-0.0078782
0.872875	-0.0126931
0.873	-0.0118906
0.873125	-0.00145838
0.87325	-0.00466829
0.873375	-0.0183104
0.8735	-0.0110881
0.873625	-0.0102856
0.87375	-0.0151005
0.873875	-0.0102856
0.874	-0.0199154
0.874125	-0.00868068
0.87425	-0.0215203
0.874375	-0.0239278
0.8745	-0.00627325
0.874625	-0.00466829
0.87475	-0.00466829
0.874875	-0.0207178
0.875	-0.0126931
0.875125	-0.014298
0.87525	-0.00948316
0.875375	-0.00707572
0.8755	-0.00868068
0.875625	-0.00948316
0.87575	-0.0263352
0.875875	-0.015903
0.876	-0.0134955
0.876125	-0.0102856
0.87625	-0.0134955
0.876375	-0.0223228
0.8765	-0.0110881
0.876625	-0.00547077
0.87675	-0.0207178
0.876875	-0.00627325
0.877	-0.0118906
0.877125	-0.0175079
0.87725	-0.0126931
0.877375	-0.0191129
0.8775	-0.0134955
0.877625	-0.00547077
0.87775	-0.015903
0.877875	-0.0191129
0.878	-0.0223228
0.878125	-0.0215203
0.87825	-0.00547077
0.878375	-0.00466829
0.8785	-0.0183104
0.878625	-0.0199154
0.87875	-0.00306333
0.878875	-0.0126931
0.879	-0.00466829
0.879125	-0.00707572
0.87925	-0.0126931
0.879375	-0.0183104
0.8795	-0.0134955
0.879625	-0.0118906
0.87975	-0.00386581
0.879875	-0.0231253
0.88	-0.0167055
0.880125	-0.0118906
0.88025	-0.0134955
0.880375	-0.0110881
0.8805	-0.00868068
0.880625	-0.0110881
0.88075	-0.0126931
0.880875	-0.0167055
0.881	-0.0118906
0.881125	-0.00627325
0.88125	-0.0078782
0.881375	-0.0118906
0.8815	-0.0151005
0.881625	-0.00306333
0.88175	-0.0191129
0.881875	-0.00386581
0.882	-0.0118906
0.882125	-0.0102856
0.88225	-0.0134955
0.882375	-0.0303476
0.8825	-0.0118906
0.882625	-0.00868068
0.88275	-0.0207178
0.882875	-0.00707572
0.883	-0.0175079
0.883125	-0.00868068
0.88325	-0.0199154
0.883375	-0.0134955
0.8835	-0.0118906
0.883625	-0.0215203
0.88375	-0.0279402
0.883875	-0.0183104
0.884	-0.0183104
0.884125	-0.014298
0.88425	-0.0223228
0.884375	-0.0263352
0.8845	-0.0191129
0.884625	-0.0239278
0.88475	-0.0167055
0.884875	-0.0118906
0.885	-0.015903
0.885125	-0.00868068
0.88525	-0.0167055
0.885375	-0.0102856
0.8855	-0.0183104
0.885625	-0.0078782
0.88575	-0.014298
0.885875	-0.00466829
0.886	-0.0134955
0.886125	-0.014298
0.88625	-0.0110881
0.886375	-0.00868068
0.8865	-0.0118906
0.886625	-0.0151005
0.88675	-0.014298
0.886875	-0.0215203
0.887	-0.0231253
0.887125	-0.014298
0.88725	-0.0110881
0.887375	-0.00948316
0.8875	-0.0126931
0.887625	-0.015903
0.88775	-0.00948316
0.887875	-0.014298
0.888	-0.0207178
0.888125	-0.0183104
0.88825	-0.015903
0.888375	-0.0183104
0.8885	-0.0118906
0.888625	-0.00145838
0.88875	-0.00948316
0.888875	-0.0134955
0.889	-0.0110881
0.889125	-0.015903
0.88925	-0.0078782
0.889375	-0.014298
0.8895	-0.0191129
0.889625	-0.0126931
0.88975	-0.0175079
0.889875	-0.0126931
0.89	-0.0183104
0.890125	-0.00226086
0.89025	-0.0207178
0.890375	-0.0215203
0.8905	-0.0207178
0.890625	-0.0126931
0.89075	0.000949056
0.890875	-0.00707572
0.891	-0.0247302
0.891125	-0.0175079
0.89125	-0.0215203
0.891375	-0.0223228
0.8915	-0.0375699
0.891625	-0.00707572
0.89175	-0.00868068
0.891875	-0.00707572
0.892	-0.0102856
0.892125	-0.0102856
0.89225	-0.014298
0.892375	-0.0118906
0.8925	-0.0118906
0.892625	-0.0134955
0.89275	-0.00627325
0.892875	-0.00466829
0.893	-0.0134955
0.893125	-0.014298
0.89325	-0.0126931
0.893375	-0.0078782
0.8935	-0.0167055
0.893625	-0.0126931
0.89375	-0.0006559
0.893875	-0.00547077
0.894	-0.015903
0.894125	-0.00466829
0.89425	-0.0263352
0.894375	-0.014298
0.8945	-0.00627325
0.894625	-0.0319525
0.89475	-0.0215203
0.894875	-0.00547077
0.895	-0.00707572
0.895125	-0.00145838
0.89525	-0.0175079
0.895375	-0.0102856
0.8955	-0.0151005
0.895625	-0.015903
0.89575	-0.015903
0.895875	-0.0151005
0.896	-0.0078782
0.896125	-0.00707572
0.89625	-0.0215203
0.896375	-0.0191129
0.8965	-0.00707572
0.896625	-0.0191129
0.89675	-0.0078782
0.896875	-0.0175079
0.897	-0.0102856
0.897125	-0.0183104
0.89725	-0.0118906
0.897375	-0.0102856
0.8975	-0.0191129
0.897625	-0.0126931
0.89775	-0.0151005
0.897875	-0.0199154
0.898	-0.00466829
0.898125	-0.00707572
0.89825	-0.00707572
0.898375	-0.0175079
0.8985	-0.015903
0.898625	-0.0102856
0.89875	-0.0134955
0.898875	-0.015903
0.899	-0.00948316
0.899125	-0.0134955
0.89925	-0.0134955
0.899375	-0.00707572
0.8995	-0.0118906
0.899625	-0.00386581
0.89975	-0.0191129
0.899875	-0.0110881
0.9	-0.0207178
0.900125	-0.0199154
0.90025	-0.0078782
0.900375	-0.0134955
0.9005	-0.00226086
0.900625	-0.00948316
0.90075	-0.00306333
0.900875	-0.0126931
0.901	-0.0102856
0.901125	-0.0134955
0.90125	-0.0126931
0.901375	-0.014298
0.9015	-0.00868068
0.901625	-0.0175079
0.90175	-0.00145838
0.901875	-0.00627325
0.902	-0.0191129
0.902125	-0.0167055
0.90225	-0.0151005
0.902375	-0.0134955
0.9025	-0.00226086
0.902625	-0.0126931
0.90275	-0.00707572
0.902875	-0.0118906
0.903	-0.0255327
0.903125	-0.00948316
0.90325	-0.00948316
0.903375	-0.0102856
0.9035	-0.00868068
0.903625	-0.00145838
0.90375	-0.0078782
0.903875	-0.0126931
0.904	-0.014298
0.904125	-0.00948316
0.90425	-0.0151005
0.904375	-0.0167055
0.9045	-0.00466829
0.904625	-0.00948316
0.90475	-0.00547077
0.904875	-0.0118906
0.905	-0.0199154
0.905125	-0.0151005
0.90525	-0.0118906
0.905375	-0.0199154
0.9055	-0.0078782
0.905625	-0.014298
0.90575	-0.014298
0.905875	-0.00547077
0.906	-0.0110881
0.906125	-0.0191129
0.90625	-0.0078782
0.906375	-0.0078782
0.9065	-0.0223228
0.906625	-0.0126931
0.90675	-0.0167055
0.906875	-0.00466829
0.907	-0.00466829
0.907125	-0.015903
0.90725	-0.0078782
0.907375	-0.00948316
0.9075	-0.0126931
0.907625	-0.0110881
0.90775	-0.0151005
0.907875	-0.0199154
0.908	-0.0191129
0.908125	-0.0110881
0.90825	-0.0239278
0.908375	-0.0110881
0.9085	-0.032755
0.908625	-0.0167055
0.90875	-0.0110881
0.908875	-0.00868068
0.909	-0.0255327
0.909125	-0.00386581
0.90925	-0.00466829
0.909375	-0.0151005
0.9095	-0.0191129
0.909625	-0.0078782
0.90975	-0.0110881
0.909875	-0.0134955
0.91	-0.00868068
0.910125	-0.0118906
0.91025	-0.0151005
0.910375	-0.0078782
0.9105	-0.00707572
0.910625	-0.00707572
0.91075	-0.0199154
0.910875	-0.00868068
0.911	-0.0215203
0.911125	-0.00868068
0.91125	-0.0191129
0.911375	-0.00466829
0.9115	-0.0134955
0.911625	-0.014298
0.91175	-0.00948316
0.911875	-0.0175079
0.912	-0.0223228
0.912125	-0.00948316
0.91225	-0.0167055
0.912375	-0.015903
0.9125	-0.00868068
0.912625	-0.0191129
0.91275	-0.0151005
0.912875	-0.0167055
0.913	-0.00868068
0.913125	-0.014298
0.91325	-0.0191129
0.913375	-0.0110881
0.9135	-0.0191129
0.913625	-0.00226086
0.91375	-0.0134955
0.913875	-0.0183104
0.914	-0.0151005
0.914125	-0.0110881
0.91425	-0.00226086
0.914375	-0.015903
0.9145	-0.0239278
0.914625	-0.015903
0.91475	-0.0255327
0.914875	-0.00466829
0.915	-0.0102856
0.915125	-0.0118906
0.91525	-0.0175079
0.915375	-0.0134955
0.9155	-0.0078782
0.915625	-0.015903
0.91575	-0.0118906
0.915875	-0.00466829
0.916	-0.0134955
0.916125	-0.00627325
0.91625	-0.014298
0.916375	-0.0118906
0.9165	-0.0126931
0.916625	-0.0118906
0.91675	-0.00466829
0.916875	-0.0134955
0.917	-0.0126931
0.917125	-0.0078782
0.91725	-0.00627325
0.917375	-0.0126931
0.9175	-0.0167055
0.917625	-0.00547077
0.91775	-0.0175079
0.917875	-0.0231253
0.918	0.000949056
0.918125	-0.0167055
0.91825	-0.014298
0.918375	-0.00868068
0.9185	-0.0078782
0.918625	-0.00707572
0.91875	-0.00466829
0.918875	-0.0118906
0.919	-0.0126931
0.919125	-0.014298
0.91925	-0.0134955
0.919375	-0.0102856
0.9195	-0.0223228
0.919625	-0.0231253
0.91975	-0.0167055
0.919875	-0.0151005
0.92	-0.0191129
0.920125	-0.0199154
0.92025	-0.0118906
0.920375	-0.0110881
0.9205	-0.0102856
0.920625	-0.0110881
0.92075	-0.0134955
0.920875	-0.0175079
0.921	-0.0167055
0.921125	-0.0175079
0.92125	-0.0199154
0.921375	-0.0151005
0.9215	-0.0078782
0.921625	-0.0126931
0.92175	-0.0110881
0.921875	-0.0126931
0.922	-0.0126931
0.922125	-0.0078782
0.92225	-0.00948316
0.922375	-0.0207178
0.9225	-0.015903
0.922625	-0.0199154
0.92275	-0.0118906
0.922875	-0.0303476
0.923	-0.014298
0.923125	-0.015903
0.92325	-0.0110881
0.923375	-0.0151005
0.9235	-0.0126931
0.923625	-0.00627325
0.92375	-0.0126931
0.923875	-0.0118906
0.924	-0.0102856
0.924125	-0.0191129
0.92425	-0.0239278
0.924375	-0.00306333
0.9245	-0.015903
0.924625	-0.00948316
0.92475	-0.0239278
0.924875	-0.0118906
0.925	-0.014298
0.925125	-0.00306333
0.92525	-0.0311501
0.925375	-0.015903
0.9255	-0.0151005
0.925625	-0.0102856
0.92575	-0.0006559
0.925875	-0.0223228
0.926	-0.0207178
0.926125	-0.014298
0.92625	-0.00627325
0.926375	-0.0223228
0.9265	-0.0078782
0.926625	-0.00868068
0.92675	-0.0134955
0.926875	-0.0191129
0.927	-0.00707572
0.927125	-0.0175079
0.92725	-0.00868068
0.927375	-0.0247302
0.9275	-0.0183104
0.927625	-0.014298
0.92775	-0.015903
0.927875	-0.00868068
0.928	-0.00627325
0.928125	-0.0078782
0.92825	-0.0199154
0.928375	-0.0151005
0.9285	-0.0151005
0.928625	-0.0134955
0.92875	-0.0102856
0.928875	-0.00948316
0.929	-0.0247302
0.929125	-0.0102856
0.92925	-0.014298
0.929375	-0.0118906
0.9295	-0.0110881
0.929625	-0.0255327
0.92975	-0.00707572
0.929875	-0.0167055
0.93	-0.014298
0.930125	-0.00547077
0.93025	-0.0102856
0.930375	-0.0215203
0.9305	-0.0134955
0.930625	-0.0151005
0.93075	-0.0207178
0.930875	-0.0006559
0.931	-0.0167055
0.931125	-0.0167055
0.93125	-0.0110881
0.931375	-0.0126931
0.9315	-0.0239278
0.931625	-0.00707572
0.93175	-0.015903
0.931875	-0.0207178
0.932	-0.0199154
0.932125	-0.0078782
0.93225	-0.0118906
0.932375	-0.0167055
0.9325	-0.0223228
0.932625	-0.014298
0.93275	-0.0006559
0.932875	-0.0134955
0.933	-0.0167055
0.933125	-0.0183104
0.93325	-0.0134955
0.933375	-0.0167055
0.9335	-0.0102856
0.933625	-0.0102856
0.93375	-0.0126931
0.933875	-0.0126931
0.934	-0.0110881
0.934125	-0.015903
0.93425	-0.0110881
0.934375	-0.00466829
0.9345	-0.0078782
0.934625	-0.00948316
0.93475	-0.0223228
0.934875	-0.0279402
0.935	-0.0151005
0.935125	-0.0151005
0.93525	-0.0191129
0.935375	-0.0110881
0.9355	-0.015903
0.935625	-0.0134955
0.93575	-0.00627325
0.935875	-0.0207178
0.936	-0.0215203
0.936125	-0.014298
0.93625	-0.0183104
0.936375	-0.0239278
0.9365	-0.00627325
0.936625	-0.0118906
0.93675	-0.0175079
0.936875	-0.0118906
0.937	-0.0134955
0.937125	-0.00386581
0.93725	-0.0134955
0.937375	-0.00948316
0.9375	-0.015903
0.937625	-0.0247302
0.93775	-0.014298
0.937875	-0.0231253
0.938	-0.0199154
0.938125	-0.0110881
0.93825	-0.0118906
0.938375	-0.0167055
0.9385	-0.0191129
0.938625	-0.0207178
0.93875	-0.0175079
0.938875	-0.0207178
0.939	-0.0215203
0.939125	-0.0110881
0.93925	-0.0151005
0.939375	-0.0102856
0.9395	-0.00707572
0.939625	-0.0151005
0.93975	-0.00948316
0.939875	-0.00547077
0.94	-0.0102856
0.940125	-0.00306333
0.94025	-0.00226086
0.940375	-0.00707572
0.9405	-0.0191129
0.940625	-0.0110881
0.94075	-0.00948316
0.940875	-0.00627325
0.941	-0.00627325
0.941125	-0.00948316
0.94125	-0.00948316
0.941375	-0.0191129
0.9415	-0.0102856
0.941625	-0.0134955
0.94175	-0.0102856
0.941875	-0.0175079
0.942	-0.0102856
0.942125	-0.0191129
0.94225	-0.0110881
0.942375	-0.014298
0.9425	-0.00386581
0.942625	-0.0134955
0.94275	-0.0167055
0.942875	-0.0167055
0.943	-0.015903
0.943125	-0.0126931
0.94325	-0.0102856
0.943375	-0.00627325
0.9435	-0.0167055
0.943625	-0.00707572
0.94375	-0.0183104
0.943875	-0.0102856
0.944	-0.0287426
0.944125	-0.0118906
0.94425	-0.0183104
0.944375	-0.0183104
0.9445	-0.0078782
0.944625	-0.00948316
0.94475	-0.0102856
0.944875	-0.0151005
0.945	-0.014298
0.945125	-0.00547077
0.94525	-0.0078782
0.945375	-0.00627325
0.9455	-0.0102856
0.945625	-0.0167055
0.94575	-0.0126931
0.945875	-0.014298
0.946	-0.0102856
0.946125	-0.0151005
0.94625	-0.0110881
0.946375	-0.0151005
0.9465	-0.0207178
0.946625	-0.014298
0.94675	-0.00948316
0.946875	-0.00868068
0.947	-0.0134955
0.947125	-0.0078782
0.94725	-0.00948316
0.947375	-0.0102856
0.9475	-0.00948316
0.947625	-0.0263352
0.94775	-0.0223228
0.947875	-0.0175079
0.948	-0.0287426
0.948125	-0.0151005
0.94825	-0.0175079
0.948375	-0.0126931
0.9485	-0.0247302
0.948625	-0.00627325
0.94875	-0.0110881
0.948875	-0.0110881
0.949	-0.0126931
0.949125	-0.0134955
0.94925	-0.0078782
0.949375	-0.0078782
0.9495	-0.0175079
0.949625	-0.00868068
0.94975	-0.0134955
0.949875	-0.00627325
0.95	-0.015903
0.950125	-0.0151005
0.95025	-0.014298
0.950375	-0.014298
0.9505	-0.0175079
0.950625	-0.0199154
0.95075	-0.0191129
0.950875	-0.0078782
0.951	-0.0134955
0.951125	-0.00306333
0.95125	-0.0134955
0.951375	-0.0319525
0.9515	-0.0134955
0.951625	-0.0167055
0.95175	0.000146578
0.951875	-0.0118906
0.952	-0.0175079
0.952125	-0.00466829
0.95225	-0.00868068
0.952375	-0.0175079
0.9525	-0.0199154
0.952625	-0.0175079
0.95275	-0.0118906
0.952875	-0.014298
0.953	-0.0110881
0.953125	-0.0167055
0.95325	-0.0006559
0.953375	-0.0151005
0.9535	-0.0271377
0.953625	-0.015903
0.95375	-0.00948316
0.953875	-0.0183104
0.954	-0.00386581
0.954125	-0.014298
0.95425	-0.00707572
0.954375	-0.00627325
0.9545	-0.00627325
0.954625	-0.015903
0.95475	-0.0078782
0.954875	-0.0078782
0.955	-0.00547077
0.955125	-0.00547077
0.95525	-0.00386581
0.955375	-0.0110881
0.9555	-0.00466829
0.955625	-0.015903
0.95575	-0.0126931
0.955875	-0.0231253
0.956	-0.00466829
0.956125	-0.00868068
0.95625	-0.0199154
0.956375	-0.0199154
0.9565	-0.00948316
0.956625	0.000146578
0.95675	-0.00707572
0.956875	-0.00386581
0.957	-0.0247302
0.957125	-0.014298
0.95725	-0.0207178
0.957375	-0.00707572
0.9575	-0.00627325
0.957625	-0.014298
0.95775	-0.00386581
0.957875	-0.0175079
0.958	-0.0102856
0.958125	-0.0078782
0.95825	-0.0183104
0.958375	-0.00948316
0.9585	-0.0078782
0.958625	-0.0207178
0.95875	-0.0118906
0.958875	-0.0078782
0.959	-0.00707572
0.959125	-0.0118906
0.95925	-0.0175079
0.959375	-0.0151005
0.9595	-0.0191129
0.959625	-0.0102856
0.95975	-0.014298
0.959875	-0.0134955
0.96	-0.0110881
0.960125	-0.0126931
0.96025	-0.0295451
0.960375	-0.00868068
0.9605	-0.00948316
0.960625	-0.0167055
0.96075	-0.0078782
0.960875	-0.0102856
0.961	-0.00386581
0.961125	-0.0006559
0.96125	-0.00627325
0.961375	-0.0223228
0.9615	-0.0199154
0.961625	-0.0175079
0.96175	-0.00226086
0.961875	-0.0102856
0.962	-0.0126931
0.962125	-0.0183104
0.96225	-0.0118906
0.962375	-0.0118906
0.9625	-0.00948316
0.962625	-0.0110881
0.96275	-0.0191129
0.962875	-0.0118906
0.963	-0.015903
0.963125	-0.0110881
0.96325	-0.0110881
0.963375	-0.0351625
0.9635	-0.0102856
0.963625	-0.0167055
0.96375	-0.0110881
0.963875	-0.00145838
0.964	-0.0102856
0.964125	-0.0102856
0.96425	-0.00868068
0.964375	-0.0183104
0.9645	-0.00948316
0.964625	-0.014298
0.96475	-0.014298
0.964875	-0.0126931
0.965	-0.0118906
0.965125	-0.0126931
0.96525	-0.0191129
0.965375	-0.0167055
0.9655	-0.0110881
0.965625	-0.00707572
0.96575	-0.0167055
0.965875	-0.0247302
0.966	-0.015903
0.966125	-0.0078782
0.96625	-0.0118906
0.966375	-0.0134955
0.9665	-0.0102856
0.966625	-0.00145838
0.96675	-0.014298
0.966875	-0.00466829
0.967	-0.0134955
0.967125	-0.0167055
0.96725	-0.00868068
0.967375	-0.014298
0.9675	-0.0118906
0.967625	-0.00868068
0.96775	-0.0199154
0.967875	-0.0118906
0.968	-0.00386581
0.968125	-0.0078782
0.96825	-0.00226086
0.968375	-0.0110881
0.9685	-0.014298
0.968625	-0.00547077
0.96875	-0.0279402
0.968875	-0.00145838
0.969	-0.00466829
0.969125	-0.0167055
0.96925	-0.00386581
0.969375	-0.0126931
0.9695	-0.0102856
0.969625	-0.00466829
0.96975	-0.0231253
0.969875	-0.0199154
0.97	-0.0102856
0.970125	-0.00948316
0.97025	-0.0151005
0.970375	-0.0118906
0.9705	-0.0102856
0.970625	-0.00547077
0.97075	-0.0167055
0.970875	-0.0183104
0.971	-0.0223228
0.971125	-0.00627325
0.97125	-0.0078782
0.971375	-0.00306333
0.9715	-0.0102856
0.971625	-0.0102856
0.97175	-0.00948316
0.971875	-0.0247302
0.972	-0.00868068
0.972125	-0.0247302
0.97225	-0.0199154
0.972375	-0.015903
0.9725	-0.00547077
0.972625	-0.0167055
0.97275	-0.00868068
0.972875	-0.0102856
0.973	-0.0118906
0.973125	-0.00627325
0.97325	-0.0183104
0.973375	-0.0239278
0.9735	-0.0191129
0.973625	-0.00547077
0.97375	-0.0215203
0.973875	-0.0175079
0.974	-0.0134955
0.974125	-0.0110881
0.97425	-0.0110881
0.974375	-0.00627325
0.9745	-0.0126931
0.974625	-0.00948316
0.97475	-0.0118906
0.974875	-0.00948316
0.975	-0.0134955
0.975125	-0.00707572
0.97525	-0.0118906
0.975375	-0.0110881
0.9755	-0.0134955
0.975625	-0.00547077
0.97575	-0.0118906
0.975875	-0.0006559
0.976	-0.0102856
0.976125	-0.0134955
0.97625	-0.0247302
0.976375	-0.0231253
0.9765	-0.014298
0.976625	-0.0126931
0.97675	-0.00868068
0.976875	-0.00868068
0.977	-0.00948316
0.977125	-0.014298
0.97725	-0.0183104
0.977375	-0.0207178
0.9775	-0.0078782
0.977625	-0.00627325
0.97775	-0.0110881
0.977875	-0.00386581
0.978	-0.015903
0.978125	-0.00868068
0.97825	-0.0118906
0.978375	-0.00226086
0.9785	-0.0126931
0.978625	-0.0078782
0.97875	-0.0110881
0.978875	-0.014298
0.979	-0.0231253
0.979125	-0.0110881
0.97925	-0.0110881
0.979375	-0.0118906
0.9795	-0.0151005
0.979625	-0.015903
0.97975	-0.014298
0.979875	-0.00707572
0.98	-0.00948316
0.980125	-0.00627325
0.98025	-0.015903
0.980375	-0.00627325
0.9805	-0.014298
0.980625	-0.00948316
0.98075	-0.0175079
0.980875	-0.0102856
0.981	-0.00868068
0.981125	-0.00627325
0.98125	-0.00868068
0.981375	-0.0215203
0.9815	-0.0134955
0.981625	-0.0118906
0.98175	-0.0191129
0.981875	-0.0110881
0.982	-0.0126931
0.982125	-0.0110881
0.98225	-0.0183104
0.982375	-0.0078782
0.9825	-0.0126931
0.982625	-0.00547077
0.98275	-0.0102856
0.982875	-0.0134955
0.983	-0.00868068
0.983125	-0.0215203
0.98325	-0.014298
0.983375	-0.0207178
0.9835	-0.00627325
0.983625	-0.0102856
0.98375	-0.0078782
0.983875	-0.0151005
0.984	-0.0102856
0.984125	-0.0175079
0.98425	-0.0078782
0.984375	-0.0191129
0.9845	-0.0183104
0.984625	-0.0134955
0.98475	-0.0215203
0.984875	-0.0118906
0.985	-0.0191129
0.985125	-0.0078782
0.98525	-0.0247302
0.985375	-0.0134955
0.9855	-0.0134955
0.985625	-0.00868068
0.98575	-0.00627325
0.985875	-0.0271377
0.986	-0.0151005
0.986125	-0.015903
0.98625	-0.00707572
0.986375	-0.014298
0.9865	-0.0134955
0.986625	-0.0167055
0.98675	-0.014298
0.986875	-0.0102856
0.987	-0.00466829
0.987125	-0.00226086
0.98725	-0.00145838
0.987375	-0.0175079
0.9875	-0.0191129
0.987625	-0.00948316
0.98775	-0.014298
0.987875	-0.0134955
0.988	-0.0078782
0.988125	-0.0134955
0.98825	-0.00707572
0.988375	-0.0118906
0.9885	-0.0110881
0.988625	-0.0118906
0.98875	-0.0199154
0.988875	-0.0335575
0.989	-0.0110881
0.989125	-0.0118906
0.98925	-0.00306333
0.989375	-0.0078782
0.9895	-0.00868068
0.989625	-0.00627325
0.98975	-0.014298
0.989875	-0.015903
0.99	-0.00547077
0.990125	-0.0102856
0.99025	-0.0167055
0.990375	-0.0102856
0.9905	-0.00868068
0.990625	-0.0151005
0.99075	-0.0078782
0.990875	-0.014298
0.991	-0.0134955
0.991125	-0.0078782
0.99125	-0.0151005
0.991375	-0.00707572
0.9915	-0.00948316
0.991625	-0.014298
0.99175	-0.015903
0.991875	-0.0134955
0.992	-0.014298
0.992125	-0.015903
0.99225	-0.0110881
0.992375	-0.0078782
0.9925	-0.0199154
0.992625	-0.0199154
0.99275	-0.014298
0.992875	-0.00226086
0.993	-0.015903
0.993125	-0.0263352
0.99325	-0.015903
0.993375	-0.00386581
0.9935	-0.00707572
0.993625	-0.014298
0.99375	-0.0102856
0.993875	-0.0191129
0.994	-0.0167055
0.994125	-0.00466829
0.99425	0.00175153
0.994375	-0.0126931
0.9945	-0.00948316
0.994625	-0.00868068
0.99475	-0.0110881
0.994875	-0.0199154
0.995	-0.0126931
0.995125	-0.0151005
0.99525	-0.015903
0.995375	-0.00707572
0.9955	-0.0078782
0.995625	-0.0183104
0.99575	-0.0126931
0.995875	-0.0102856
0.996	-0.0199154
0.996125	-0.0118906
0.99625	-0.014298
0.996375	-0.015903
0.9965	-0.00868068
0.996625	-0.00707572
0.99675	-0.0199154
0.996875	-0.0118906
0.997	-0.0183104
0.997125	-0.00306333
0.99725	-0.015903
0.997375	-0.0134955
0.9975	-0.0191129
0.997625	-0.00948316
0.99775	-0.0078782
0.997875	-0.00386581
0.998	-0.0126931
0.998125	-0.00948316
0.99825	-0.0118906
0.998375	-0.0126931
0.9985	-0.0215203
0.998625	-0.0078782
0.99875	-0.0151005
0.998875	-0.0167055
0.999	-0.0175079
0.999125	-0.0167055
0.99925	-0.0183104
0.999375	-0.00547077
0.9995	-0.014298
0.999625	-0.014298
0.99975	-0.0126931
0.999875	-0.0118906
1	-0.0078782
1.000125	-0.0134955
1.00025	-0.00707572
1.000375	-0.0126931
1.0005	-0.0126931
1.000625	-0.0175079
1.00075	-0.0126931
1.000875	-0.0102856
1.001	-0.0175079
1.001125	-0.0191129
1.00125	-0.0183104
1.001375	-0.0167055
1.0015	-0.0167055
1.001625	-0.00627325
1.00175	-0.0223228
1.001875	-0.00948316
1.002	-0.0151005
1.002125	-0.00306333
1.00225	-0.0110881
1.002375	-0.00948316
1.0025	-0.00948316
1.002625	-0.0183104
1.00275	-0.00627325
1.002875	-0.00868068
1.003	-0.0191129
1.003125	-0.015903
1.00325	-0.0167055
1.003375	-0.00868068
1.0035	-0.0110881
1.003625	-0.0118906
1.00375	-0.0167055
1.003875	-0.0126931
1.004	-0.0110881
1.004125	-0.0126931
1.00425	-0.014298
1.004375	-0.0175079
1.0045	-0.0239278
1.004625	-0.0231253
1.00475	-0.0175079
1.004875	-0.0118906
1.005	-0.0126931
1.005125	-0.0134955
1.00525	-0.0151005
1.005375	-0.015903
1.0055	-0.015903
1.005625	-0.0191129
1.00575	-0.0126931
1.005875	-0.0134955
1.006	-0.0151005
1.006125	-0.0110881
1.00625	-0.014298
1.006375	-0.00627325
1.0065	-0.0126931
1.006625	-0.0134955
1.00675	-0.0199154
1.006875	-0.00627325
1.007	-0.00707572
1.007125	-0.00707572
1.00725	-0.00627325
1.007375	-0.00868068
1.0075	-0.0126931
1.007625	-0.0118906
1.00775	-0.00868068
1.007875	-0.0102856
1.008	-0.00707572
1.008125	-0.00948316
1.00825	-0.014298
1.008375	-0.00707572
1.0085	-0.0102856
1.008625	-0.0207178
1.00875	-0.0126931
1.008875	-0.0191129
1.009	-0.00707572
1.009125	-0.00466829
1.00925	-0.0078782
1.009375	-0.0118906
1.0095	-0.0126931
1.009625	-0.0311501
1.00975	-0.0215203
1.009875	-0.0167055
1.01	-0.014298
1.010125	-0.0110881
1.01025	-0.00547077
1.010375	-0.0191129
1.0105	-0.014298
1.010625	-0.00707572
1.01075	-0.014298
1.010875	-0.0134955
1.011	-0.0167055
1.011125	-0.0167055
1.01125	-0.015903
1.011375	-0.0126931
1.0115	-0.0271377
1.011625	-0.0151005
1.01175	-0.0134955
1.011875	-0.0118906
1.012	-0.0255327
1.012125	-0.00386581
1.01225	-0.0167055
1.012375	-0.0102856
1.0125	-0.0134955
1.012625	-0.0102856
1.01275	-0.0110881
1.012875	-0.014298
1.013	-0.0126931
1.013125	-0.015903
1.01325	-0.0175079
1.013375	-0.0175079
1.0135	-0.00627325
1.013625	-0.0231253
1.01375	-0.0110881
1.013875	-0.00868068
1.014	-0.0167055
1.014125	-0.0167055
1.01425	-0.00868068
1.014375	-0.00868068
1.0145	-0.0102856
1.014625	-0.0263352
1.01475	-0.0110881
1.014875	-0.0191129
1.015	-0.0118906
1.015125	-0.0078782
1.01525	-0.0215203
1.015375	-0.0151005
1.0155	-0.0183104
1.015625	-0.0126931
1.01575	-0.0078782
1.015875	-0.0110881
1.016	-0.0247302
1.016125	-0.0102856
1.01625	-0.015903
1.016375	-0.0126931
1.0165	-0.0078782
1.016625	-0.0223228
1.01675	-0.015903
1.016875	-0.014298
1.017	-0.0151005
1.017125	-0.0183104
1.01725	-0.0102856
1.017375	-0.0151005
1.0175	-0.00466829
1.017625	-0.00948316
1.01775	-0.0207178
1.017875	-0.0199154
1.018	-0.0110881
1.018125	-0.014298
1.01825	-0.0134955
1.018375	-0.0175079
1.0185	-0.0078782
1.018625	-0.0134955
1.01875	-0.0255327
1.018875	-0.0223228
1.019	-0.0175079
1.019125	-0.00306333
1.01925	-0.0110881
1.019375	-0.0183104
1.0195	-0.00948316
1.019625	-0.0102856
1.01975	-0.0167055
1.019875	-0.00466829
1.02	-0.0134955
1.020125	-0.00466829
1.02025	-0.0263352
1.020375	-0.0118906
1.0205	-0.00868068
1.020625	-0.00868068
1.02075	-0.014298
1.020875	-0.0134955
1.021	-0.0110881
1.021125	-0.00868068
1.02125	-0.00306333
1.021375	-0.0167055
1.0215	-0.0110881
1.021625	-0.00627325
1.02175	-0.0199154
1.021875	-0.014298
1.022	-0.00386581
1.022125	-0.00466829
1.02225	-0.0126931
1.022375	-0.0167055
1.0225	-0.0191129
1.022625	-0.0175079
1.02275	-0.014298
1.022875	-0.0118906
1.023	-0.014298
1.023125	-0.0183104
1.02325	-0.0167055
1.023375	-0.0175079
1.0235	-0.0118906
1.023625	-0.00707572
1.02375	-0.0078782
1.023875	-0.0175079
1.024	-0.0247302
1.024125	-0.0167055
1.02425	-0.0078782
1.024375	-0.0175079
1.0245	-0.0126931
1.024625	-0.0151005
1.02475	-0.00868068
1.024875	-0.0151005
1.025	-0.00466829
1.025125	-0.00948316
1.02525	-0.00627325
1.025375	-0.0110881
1.0255	-0.0078782
1.025625	-0.0126931
1.02575	-0.00948316
1.025875	-0.00226086
1.026	-0.0126931
1.026125	-0.0126931
1.02625	-0.0183104
1.026375	-0.0199154
1.0265	-0.0110881
1.026625	-0.0167055
1.02675	-0.0199154
1.026875	-0.015903
1.027	-0.0118906
1.027125	-0.014298
1.02725	-0.00868068
1.027375	-0.0078782
1.0275	-0.0207178
1.027625	-0.0231253
1.02775	-0.00547077
1.027875	-0.00627325
1.028	-0.0134955
1.028125	-0.00868068
1.02825	-0.0191129
1.028375	-0.0239278
1.0285	-0.00707572
1.028625	-0.00707572
1.02875	-0.0110881
1.028875	-0.00627325
1.029	-0.0102856
1.029125	-0.0102856
1.02925	-0.0118906
1.029375	-0.0102856
1.0295	-0.00386581
1.029625	-0.0078782
1.02975	-0.0134955
1.029875	-0.0102856
1.03	-0.00868068
1.030125	-0.0126931
1.03025	0.00175153
1.030375	-0.0078782
1.0305	-0.0118906
1.030625	-0.00948316
1.03075	-0.0110881
1.030875	-0.0207178
1.031	-0.00707572
1.031125	-0.0078782
1.03125	-0.0110881
1.031375	-0.0167055
1.0315	-0.0110881
1.031625	-0.015903
1.03175	-0.0126931
1.031875	-0.0167055
1.032	-0.00627325
1.032125	-0.0151005
1.03225	-0.0247302
1.032375	0.000949056
1.0325	-0.0126931
1.032625	-0.014298
1.03275	-0.0126931
1.032875	-0.0102856
1.033	-0.0319525
1.033125	-0.00627325
1.03325	-0.0102856
1.033375	-0.0191129
1.0335	-0.015903
1.033625	-0.00306333
1.03375	-0.0191129
1.033875	-0.0118906
1.034	-0.00948316
1.034125	-0.0207178
1.03425	-0.0078782
1.034375	-0.0167055
1.0345	-0.0223228
1.034625	-0.0118906
1.03475	-0.0151005
1.034875	-0.0134955
1.035	-0.0287426
1.035125	-0.0183104
1.03525	-0.0126931
1.035375	-0.015903
1.0355	-0.014298
1.035625	-0.0110881
1.03575	-0.0102856
1.035875	-0.0110881
1.036	-0.00386581
1.036125	-0.00868068
1.03625	-0.014298
1.036375	-0.00627325
1.0365	-0.0279402
1.036625	-0.014298
1.03675	-0.00547077
1.036875	-0.0118906
1.037	-0.0175079
1.037125	-0.015903
1.03725	-0.0134955
1.037375	-0.0126931
1.0375	-0.0110881
1.037625	-0.0102856
1.03775	-0.00948316
1.037875	-0.0167055
1.038	-0.0175079
1.038125	-0.00547077
1.03825	-0.0134955
1.038375	-0.0118906
1.0385	-0.0126931
1.038625	-0.0151005
1.03875	-0.0126931
1.038875	-0.00948316
1.039	-0.00466829
1.039125	-0.0167055
1.03925	-0.0118906
1.039375	-0.0110881
1.0395	-0.00707572
1.039625	-0.00868068
1.03975	-0.0319525
1.039875	-0.0134955
1.04	-0.00627325
1.040125	-0.0167055
1.04025	-0.0078782
1.040375	-0.0110881
1.0405	-0.0110881
1.040625	-0.0110881
1.04075	-0.0207178
1.040875	-0.0167055
1.041	-0.0078782
1.041125	-0.0118906
1.04125	-0.0199154
1.041375	-0.0134955
1.0415	-0.00386581
1.041625	-0.015903
1.04175	-0.00868068
1.041875	-0.00948316
1.042	-0.0183104
1.042125	-0.0207178
1.04225	-0.0191129
1.042375	-0.00868068
1.0425	-0.0110881
1.042625	-0.0134955
1.04275	-0.014298
1.042875	-0.0207178
1.043	-0.0102856
1.043125	-0.00466829
1.04325	-0.0110881
1.043375	-0.0151005
1.0435	-0.0126931
1.043625	-0.0110881
1.04375	-0.0110881
1.043875	-0.0118906
1.044	-0.0151005
1.044125	-0.0199154
1.04425	-0.0279402
1.044375	-0.0207178
1.0445	-0.0118906
1.044625	-0.0183104
1.04475	-0.0134955
1.044875	-0.0167055
1.045	-0.00868068
1.045125	-0.0223228
1.04525	-0.0167055
1.045375	-0.00948316
1.0455	-0.00627325
1.045625	-0.0134955
1.04575	-0.0167055
1.045875	-0.0126931
1.046	-0.0134955
1.046125	-0.00547077
1.04625	-0.0183104
1.046375	-0.0183104
1.0465	-0.0175079
1.046625	-0.0126931
1.04675	-0.00627325
1.046875	-0.0134955
1.047	-0.015903
1.047125	-0.0175079
1.04725	-0.0151005
1.047375	-0.0167055
1.0475	-0.0118906
1.047625	-0.0126931
1.04775	-0.0239278
1.047875	-0.0175079
1.048	-0.0239278
1.048125	-0.0134955
1.04825	-0.0102856
1.048375	-0.00707572
1.0485	-0.014298
1.048625	-0.0110881
1.04875	-0.0126931
1.048875	-0.00627325
1.049	-0.00948316
1.049125	-0.0175079
1.04925	-0.014298
1.049375	-0.0303476
1.0495	-0.0118906
1.049625	-0.0183104
1.04975	-0.014298
1.049875	-0.0102856
1.05	-0.0134955
1.050125	-0.0183104
1.05025	-0.0006559
1.050375	-0.0118906
1.0505	-0.0134955
1.050625	-0.0151005
1.05075	-0.0191129
1.050875	-0.0078782
1.051	-0.0118906
1.051125	-0.0126931
1.05125	-0.0118906
1.051375	-0.00707572
1.0515	-0.0191129
1.051625	-0.00707572
1.05175	-0.0223228
1.051875	-0.0207178
1.052	-0.0110881
1.052125	-0.0134955
1.05225	-0.0215203
1.052375	-0.0175079
1.0525	-0.00948316
1.052625	-0.00627325
1.05275	-0.00707572
1.052875	-0.015903
1.053	-0.0078782
1.053125	-0.0407798
1.05325	-0.0255327
1.053375	-0.0183104
1.0535	-0.0102856
1.053625	-0.0078782
1.05375	-0.0118906
1.053875	-0.00627325
1.054	-0.0110881
1.054125	-0.00145838
1.05425	0.00415897
1.054375	-0.0191129
1.0545	-0.0215203
1.054625	-0.0006559
1.05475	-0.0287426
1.054875	-0.00547077
1.055	-0.00627325
1.055125	-0.00948316
1.05525	-0.0110881
1.055375	-0.0118906
1.0555	-0.0199154
1.055625	-0.0110881
1.05575	-0.00868068
1.055875	-0.00707572
1.056	-0.0151005
1.056125	-0.0078782
1.05625	-0.014298
1.056375	-0.0151005
1.0565	-0.00948316
1.056625	-0.0134955
1.05675	-0.0175079
1.056875	-0.0191129
1.057	-0.0167055
1.057125	-0.00868068
1.05725	-0.0215203
1.057375	-0.00547077
1.0575	-0.0102856
1.057625	-0.0255327
1.05775	-0.0134955
1.057875	-0.0215203
1.058	-0.0167055
1.058125	-0.015903
1.05825	-0.0110881
1.058375	-0.0126931
1.0585	-0.0175079
1.058625	-0.0183104
1.05875	-0.015903
1.058875	-0.00948316
1.059	0.00175153
1.059125	-0.014298
1.05925	-0.0134955
1.059375	-0.0215203
1.0595	-0.0151005
1.059625	-0.0102856
1.05975	-0.0247302
1.059875	-0.0110881
1.06	-0.00948316
1.060125	-0.0199154
1.06025	-0.0102856
1.060375	-0.0118906
1.0605	-0.0199154
1.060625	-0.00627325
1.06075	-0.0183104
1.060875	-0.0151005
1.061	-0.0102856
1.061125	-0.00707572
1.06125	-0.0151005
1.061375	-0.0110881
1.0615	-0.0175079
1.061625	-0.0295451
1.06175	-0.0006559
1.061875	-0.00707572
1.062	-0.0126931
1.062125	-0.0118906
1.06225	-0.0223228
1.062375	-0.0134955
1.0625	-0.0110881
1.062625	-0.00627325
1.06275	-0.00547077
1.062875	-0.0399773
1.063	-0.00707572
1.063125	-0.0102856
1.06325	-0.00547077
1.063375	-0.00948316
1.0635	-0.0118906
1.063625	-0.0175079
1.06375	-0.00547077
1.063875	-0.0151005
1.064	-0.0078782
1.064125	-0.014298
1.06425	-0.0183104
1.064375	-0.0279402
1.0645	-0.0126931
1.064625	-0.00948316
1.06475	-0.014298
1.064875	-0.0126931
1.065	-0.00948316
1.065125	-0.0223228
1.06525	-0.015903
1.065375	-0.0110881
1.0655	-0.0126931
1.065625	-0.0167055
1.06575	-0.0134955
1.065875	-0.0126931
1.066	-0.0126931
1.066125	-0.00547077
1.06625	-0.015903
1.066375	-0.0167055
1.0665	-0.0199154
1.066625	-0.00707572
1.06675	-0.0126931
1.066875	-0.0191129
1.067	-0.0126931
1.067125	-0.0167055
1.06725	-0.014298
1.067375	-0.00466829
1.0675	-0.0118906
1.067625	-0.014298
1.06775	-0.0078782
1.067875	-0.00547077
1.068	-0.0110881
1.068125	-0.0110881
1.06825	-0.0118906
1.068375	-0.0078782
1.0685	-0.0263352
1.068625	-0.0110881
1.06875	-0.0126931
1.068875	-0.00306333
1.069	-0.0078782
1.069125	-0.0102856
1.06925	-0.00707572
1.069375	-0.0167055
1.0695	-0.00868068
1.069625	-0.00306333
1.06975	-0.0295451
1.069875	-0.0183104
1.07	-0.0078782
1.070125	-0.0118906
1.07025	-0.0110881
1.070375	-0.00707572
1.0705	-0.0110881
1.070625	-0.0167055
1.07075	-0.00707572
1.070875	-0.0231253
1.071	-0.0151005
1.071125	-0.0110881
1.07125	-0.0006559
1.071375	-0.00547077
1.0715	-0.0126931
1.071625	-0.00386581
1.07175	-0.00627325
1.071875	-0.00547077
1.072	-0.0263352
1.072125	-0.0134955
1.07225	-0.0151005
1.072375	-0.00627325
1.0725	-0.0215203
1.072625	-0.0110881
1.07275	-0.0271377
1.072875	-0.0183104
1.073	-0.00868068
1.073125	0.000146578
1.07325	-0.00627325
1.073375	-0.014298
1.0735	-0.0110881
1.073625	-0.0183104
1.07375	-0.00547077
1.073875	-0.00707572
1.074	-0.00386581
1.074125	-0.0231253
1.07425	-0.014298
1.074375	-0.00948316
1.0745	-0.015903
1.074625	-0.00868068
1.07475	-0.0191129
1.074875	-0.0151005
1.075	-0.0126931
1.075125	-0.0078782
1.07525	-0.0126931
1.075375	-0.00868068
1.0755	-0.0191129
1.075625	-0.0215203
1.07575	-0.0118906
1.075875	-0.00547077
1.076	-0.0183104
1.076125	-0.0134955
1.07625	-0.014298
1.076375	-0.0255327
1.0765	-0.00627325
1.076625	-0.0134955
1.07675	-0.014298
1.076875	-0.014298
1.077	-0.0078782
1.077125	-0.0175079
1.07725	-0.0223228
1.077375	-0.014298
1.0775	-0.0102856
1.077625	-0.0151005
1.07775	-0.0126931
1.077875	-0.0126931
1.078	-0.0110881
1.078125	-0.0207178
1.07825	-0.00627325
1.078375	-0.0126931
1.0785	-0.0118906
1.078625	-0.0223228
1.07875	-0.015903
1.078875	-0.0126931
1.079	-0.00948316
1.079125	-0.0167055
1.07925	-0.0134955
1.079375	-0.0118906
1.0795	-0.0183104
1.079625	-0.0199154
1.07975	-0.0110881
1.079875	-0.0110881
1.08	-0.014298
1.080125	-0.00948316
1.08025	-0.0102856
1.080375	-0.0191129
1.0805	-0.015903
1.080625	-0.00868068
1.08075	-0.0134955
1.080875	-0.0207178
1.081	-0.00948316
1.081125	-0.0110881
1.08125	-0.00868068
1.081375	-0.0151005
1.0815	-0.0102856
1.081625	-0.0191129
1.08175	-0.0167055
1.081875	-0.00868068
1.082	-0.0118906
1.082125	-0.0167055
1.08225	-0.0199154
1.082375	-0.014298
1.0825	-0.0126931
1.082625	-0.014298
1.08275	-0.0102856
1.082875	-0.0215203
1.083	-0.0151005
1.083125	-0.014298
1.08325	-0.0151005
1.083375	-0.0126931
1.0835	-0.015903
1.083625	-0.0151005
1.08375	-0.0255327
1.083875	-0.00547077
1.084	-0.00868068
1.084125	-0.0199154
1.08425	-0.0151005
1.084375	-0.0078782
1.0845	-0.0199154
1.084625	-0.0255327
1.08475	-0.0126931
1.084875	-0.0175079
1.085	-0.014298
1.085125	-0.0078782
1.08525	-0.0175079
1.085375	-0.015903
1.0855	-0.0231253
1.085625	-0.00627325
1.08575	-0.0151005
1.085875	-0.0239278
1.086	-0.0006559
1.086125	-0.0110881
1.08625	-0.0110881
1.086375	-0.0183104
1.0865	-0.0102856
1.086625	-0.00868068
1.08675	-0.0126931
1.086875	-0.00627325
1.087	-0.014298
1.087125	-0.015903
1.08725	-0.0183104
1.087375	-0.00386581
1.0875	-0.0134955
1.087625	-0.0191129
1.08775	-0.0199154
1.087875	-0.0199154
1.088	-0.014298
1.088125	-0.0207178
1.08825	-0.00868068
1.088375	-0.0199154
1.0885	-0.00627325
1.088625	-0.0167055
1.08875	-0.0151005
1.088875	-0.0118906
1.089	-0.0271377
1.089125	-0.00948316
1.08925	-0.0295451
1.089375	-0.0110881
1.0895	-0.00386581
1.089625	-0.0110881
1.08975	-0.0102856
1.089875	-0.00868068
1.09	-0.0167055
1.090125	-0.0110881
1.09025	-0.00306333
1.090375	0.000949056
1.0905	-0.0199154
1.090625	-0.0175079
1.09075	-0.0110881
1.090875	-0.0134955
1.091	-0.0231253
1.091125	-0.0110881
1.09125	-0.00868068
1.091375	-0.00707572
1.0915	-0.014298
1.091625	-0.00547077
1.09175	-0.0175079
1.091875	-0.0231253
1.092	-0.0207178
1.092125	-0.014298
1.09225	-0.0167055
1.092375	-0.014298
1.0925	-0.0151005
1.092625	-0.0215203
1.09275	-0.0215203
1.092875	-0.00868068
1.093	-0.0078782
1.093125	-0.0006559
1.09325	-0.0078782
1.093375	-0.00948316
1.0935	-0.0175079
1.093625	-0.00868068
1.09375	-0.00948316
1.093875	-0.00145838
1.094	-0.00948316
1.094125	-0.0151005
1.09425	-0.0110881
1.094375	-0.00226086
1.0945	-0.0078782
1.094625	-0.0118906
1.09475	-0.0311501
1.094875	-0.0183104
1.095	-0.015903
1.095125	-0.0118906
1.09525	-0.00868068
1.095375	-0.0126931
1.0955	0.000146578
1.095625	-0.0126931
1.09575	-0.015903
1.095875	-0.00868068
1.096	-0.0126931
1.096125	-0.0167055
1.09625	-0.0215203
1.096375	-0.00627325
1.0965	-0.0110881
1.096625	-0.0175079
1.09675	-0.0175079
1.096875	-0.014298
1.097	-0.0102856
1.097125	-0.0319525
1.09725	-0.00707572
1.097375	-0.0183104
1.0975	-0.00226086
1.097625	-0.0175079
1.09775	-0.0126931
1.097875	-0.0126931
1.098	-0.00466829
1.098125	0.000949056
1.09825	-0.0102856
1.098375	-0.0118906
1.0985	-0.0191129
1.098625	-0.0207178
1.09875	-0.00466829
1.098875	-0.00948316
1.099	-0.014298
1.099125	-0.0175079
1.09925	-0.0191129
1.099375	-0.00627325
1.0995	-0.0215203
1.099625	-0.0118906
1.09975	-0.0183104
1.099875	-0.00948316
1.1	-0.0126931
1.100125	-0.0207178
1.10025	-0.00948316
1.100375	-0.014298
1.1005	-0.00868068
1.100625	-0.0126931
1.10075	-0.00466829
1.100875	-0.0191129
1.101	-0.0078782
1.101125	-0.0134955
1.10125	-0.0311501
1.101375	-0.0102856
1.1015	-0.0102856
1.101625	-0.00707572
1.10175	-0.0102856
1.101875	0.000949056
1.102	-0.015903
1.102125	-0.0215203
1.10225	-0.00948316
1.102375	-0.00547077
1.1025	-0.0102856
1.102625	-0.0183104
1.10275	-0.0175079
1.102875	-0.00948316
1.103	-0.0126931
1.103125	-0.00466829
1.10325	-0.0167055
1.103375	-0.0134955
1.1035	-0.0118906
1.103625	-0.0183104
1.10375	0.000146578
1.103875	-0.0102856
1.104	-0.0151005
1.104125	-0.0191129
1.10425	-0.00868068
1.104375	-0.0110881
1.1045	-0.015903
1.104625	-0.00386581
1.10475	-0.00948316
1.104875	-0.0151005
1.105	-0.00948316
1.105125	-0.0199154
1.10525	-0.0399773
1.105375	-0.00707572
1.1055	-0.0223228
1.105625	-0.0199154
1.10575	-0.00868068
1.105875	-0.00386581
1.106	-0.014298
1.106125	-0.00948316
1.10625	-0.0118906
1.106375	-0.0118906
1.1065	-0.00466829
1.106625	-0.00145838
1.10675	-0.0110881
1.106875	-0.0118906
1.107	-0.0126931
1.107125	-0.015903
1.10725	-0.00386581
1.107375	-0.0175079
1.1075	-0.0110881
1.107625	-0.00466829
1.10775	-0.0118906
1.107875	-0.0151005
1.108	-0.00226086
1.108125	-0.0102856
1.10825	-0.0191129
1.108375	-0.0110881
1.1085	-0.0311501
1.108625	-0.0134955
1.10875	-0.0078782
1.108875	-0.00306333
1.109	-0.0175079
1.109125	-0.0134955
1.10925	-0.0167055
1.109375	-0.00868068
1.1095	-0.0102856
1.109625	-0.00627325
1.10975	-0.0102856
1.109875	-0.0167055
1.11	-0.0110881
1.110125	-0.015903
1.11025	-0.0134955
1.110375	-0.0110881
1.1105	-0.014298
1.110625	-0.015903
1.11075	-0.0151005
1.110875	-0.0191129
1.111	-0.0175079
1.111125	-0.0102856
1.11125	-0.00707572
1.111375	-0.0110881
1.1115	-0.0255327
1.111625	-0.0110881
1.11175	-0.00547077
1.111875	-0.00466829
1.112	-0.00948316
1.112125	-0.0126931
1.11225	-0.0126931
1.112375	-0.0167055
1.1125	-0.00547077
1.112625	-0.0126931
1.11275	-0.00868068
1.112875	-0.0118906
1.113	-0.0102856
1.113125	-0.0239278
1.11325	-0.015903
1.113375	-0.014298
1.1135	-0.0151005
1.113625	-0.0134955
1.11375	-0.0175079
1.113875	0.000146578
1.114	-0.00386581
1.114125	-0.0151005
1.11425	-0.0102856
1.114375	-0.0279402
1.1145	-0.0279402
1.114625	-0.00868068
1.11475	-0.0134955
1.114875	-0.0183104
1.115	-0.0078782
1.115125	-0.0110881
1.11525	-0.0126931
1.115375	-0.0118906
1.1155	-0.00948316
1.115625	-0.0151005
1.11575	-0.014298
1.115875	-0.0167055
1.116	-0.00948316
1.116125	-0.0151005
1.11625	-0.00868068
1.116375	-0.00547077
1.1165	-0.00948316
1.116625	-0.0078782
1.11675	-0.00707572
1.116875	-0.0175079
1.117	-0.0078782
1.117125	-0.00707572
1.11725	-0.00547077
1.117375	-0.014298
1.1175	0.000949056
1.117625	-0.00386581
1.11775	-0.0175079
1.117875	-0.00627325
1.118	-0.00707572
1.118125	-0.0078782
1.11825	-0.00547077
1.118375	-0.015903
1.1185	-0.0118906
1.118625	-0.0102856
1.11875	-0.0102856
1.118875	-0.0118906
1.119	-0.00868068
1.119125	-0.0126931
1.11925	-0.014298
1.119375	-0.0118906
1.1195	-0.0118906
1.119625	-0.0110881
1.11975	-0.0175079
1.119875	-0.0110881
1.12	-0.0102856
1.120125	-0.0151005
1.12025	-0.0118906
1.120375	-0.00145838
1.1205	-0.0126931
1.120625	-0.0110881
1.12075	-0.0078782
1.120875	-0.0126931
1.121	-0.00547077
1.121125	-0.00306333
1.12125	-0.0134955
1.121375	-0.0126931
1.1215	-0.0126931
1.121625	-0.0102856
1.12175	-0.00145838
1.121875	-0.015903
1.122	-0.0175079
1.122125	-0.00948316
1.12225	-0.015903
1.122375	-0.00547077
1.1225	-0.0126931
1.122625	-0.0175079
1.12275	-0.00868068
1.122875	-0.0151005
1.123	-0.0175079
1.123125	-0.0126931
1.12325	-0.00707572
1.123375	-0.0118906
1.1235	-0.0175079
1.123625	-0.0134955
1.12375	-0.0078782
1.123875	-0.0191129
1.124	-0.00868068
1.124125	-0.0126931
1.12425	-0.0151005
1.124375	-0.0102856
1.1245	-0.0126931
1.124625	-0.0183104
1.12475	-0.014298
1.124875	-0.0102856
1.125	-0.0118906
1.125125	-0.0287426
1.12525	-0.00466829
1.125375	-0.00547077
1.1255	-0.0183104
1.125625	-0.0223228
1.12575	-0.00547077
1.125875	-0.00868068
1.126	-0.0447922
1.126125	-0.0199154
1.12625	-0.0191129
1.126375	-0.00306333
1.1265	-0.032755
1.126625	-0.0167055
1.12675	-0.0151005
1.126875	-0.0110881
1.127	-0.00466829
1.127125	-0.00948316
1.12725	-0.0126931
1.127375	-0.00868068
1.1275	-0.00868068
1.127625	-0.00466829
1.12775	-0.00948316
1.127875	-0.00948316
1.128	-0.0215203
1.128125	-0.0110881
1.12825	-0.00466829
1.128375	-0.00466829
1.1285	-0.0126931
1.128625	-0.0110881
1.12875	-0.00707572
1.128875	-0.0110881
1.129	-0.00386581
1.129125	-0.00948316
1.12925	-0.00868068
1.129375	-0.00868068
1.1295	-0.00948316
1.129625	0.00175153
1.12975	-0.0078782
1.129875	-0.0255327
1.13	-0.0175079
1.130125	-0.0134955
1.13025	-0.0102856
1.130375	-0.00627325
1.1305	0.000949056
1.130625	-0.0078782
1.13075	-0.014298
1.130875	-0.00466829
1.131	-0.0078782
1.131125	-0.00226086
1.13125	0.000146578
1.131375	-0.0167055
1.1315	-0.0183104
1.131625	-0.00868068
1.13175	-0.00707572
1.131875	-0.0126931
1.132	-0.00707572
1.132125	-0.015903
1.13225	-0.0110881
1.132375	-0.014298
1.1325	-0.0118906
1.132625	-0.00386581
1.13275	-0.00466829
1.132875	-0.0126931
1.133	-0.00547077
1.133125	-0.0199154
1.13325	-0.00707572
1.133375	-0.0118906
1.1335	-0.00707572
1.133625	-0.0151005
1.13375	-0.0102856
1.133875	-0.0102856
1.134	-0.00948316
1.134125	-0.014298
1.13425	-0.00868068
1.134375	-0.0183104
1.1345	-0.0183104
1.134625	-0.0151005
1.13475	-0.00466829
1.134875	-0.0102856
1.135	-0.0102856
1.135125	-0.0183104
1.13525	-0.00226086
1.135375	-0.00868068
1.1355	-0.00547077
1.135625	-0.00868068
1.13575	-0.0110881
1.135875	-0.0191129
1.136	-0.014298
1.136125	-0.015903
1.13625	-0.0134955
1.136375	-0.00547077
1.1365	-0.0167055
1.136625	-0.015903
1.13675	-0.00707572
1.136875	-0.00547077
1.137	-0.015903
1.137125	-0.00386581
1.13725	-0.015903
1.137375	-0.0199154
1.1375	-0.00547077
1.137625	-0.0110881
1.13775	-0.0175079
1.137875	-0.0151005
1.138	-0.0167055
1.138125	-0.0134955
1.13825	-0.0102856
1.138375	-0.0118906
1.1385	-0.00627325
1.138625	-0.0175079
1.13875	-0.0191129
1.138875	-0.015903
1.139	-0.00948316
1.139125	-0.0118906
1.13925	-0.014298
1.139375	-0.0110881
1.1395	-0.0102856
1.139625	-0.0078782
1.13975	-0.0078782
1.139875	-0.00547077
1.14	-0.00547077
1.140125	-0.00948316
1.14025	-0.0167055
1.140375	-0.0126931
1.1405	-0.0126931
1.140625	-0.0191129
1.14075	-0.0126931
1.140875	-0.0151005
1.141	-0.00627325
1.141125	-0.00466829
1.14125	-0.00707572
1.141375	-0.0110881
1.1415	-0.00948316
1.141625	-0.0118906
1.14175	-0.0247302
1.141875	-0.0134955
1.142	-0.00627325
1.142125	-0.014298
1.14225	-0.015903
1.142375	-0.00868068
1.1425	-0.0231253
1.142625	-0.00386581
1.14275	-0.0134955
1.142875	-0.0215203
1.143	-0.0118906
1.143125	-0.00868068
1.14325	-0.00948316
1.143375	-0.0118906
1.1435	-0.0078782
1.143625	-0.0167055
1.14375	-0.0126931
1.143875	-0.0263352
1.144	-0.0183104
1.144125	-0.0110881
1.14425	-0.0151005
1.144375	-0.0167055
1.1445	-0.00948316
1.144625	-0.0207178
1.14475	-0.0199154
1.144875	-0.0078782
1.145	-0.0151005
1.145125	-0.0191129
1.14525	-0.0167055
1.145375	-0.00868068
1.1455	-0.014298
1.145625	-0.0118906
1.14575	-0.014298
1.145875	-0.00627325
1.146	-0.0078782
1.146125	-0.0078782
1.14625	-0.00627325
1.146375	-0.0239278
1.1465	-0.0102856
1.146625	-0.0126931
1.14675	-0.0134955
1.146875	-0.00868068
1.147	-0.0199154
1.147125	-0.0110881
1.14725	-0.0231253
1.147375	-0.014298
1.1475	-0.0078782
1.147625	-0.015903
1.14775	-0.0183104
1.147875	-0.0175079
1.148	-0.0183104
1.148125	-0.0207178
1.14825	-0.014298
1.148375	-0.0102856
1.1485	-0.0102856
1.148625	-0.0199154
1.14875	-0.0199154
1.148875	-0.0134955
1.149	-0.015903
1.149125	-0.014298
1.14925	-0.00707572
1.149375	-0.014298
1.1495	-0.00868068
1.149625	-0.0167055
1.14975	-0.00226086
1.149875	-0.00948316
1.15	-0.0151005
1.150125	-0.0175079
1.15025	-0.0175079
1.150375	-0.015903
1.1505	-0.0118906
1.150625	-0.0134955
1.15075	0.000146578
1.150875	-0.0223228
1.151	-0.0151005
1.151125	-0.014298
1.15125	-0.014298
1.151375	-0.0191129
1.1515	-0.014298
1.151625	-0.0175079
1.15175	-0.0175079
1.151875	-0.0134955
1.152	-0.0078782
1.152125	-0.0134955
1.15225	-0.015903
1.152375	-0.0102856
1.1525	-0.0118906
1.152625	-0.0118906
1.15275	-0.0183104
1.152875	-0.0110881
1.153	-0.0263352
1.153125	-0.032755
1.15325	-0.0167055
1.153375	-0.015903
1.1535	-0.0239278
1.153625	-0.00226086
1.15375	-0.0078782
1.153875	-0.0102856
1.154	-0.00466829
1.154125	0.00255401
1.15425	-0.00466829
1.154375	-0.00466829
1.1545	-0.0110881
1.154625	-0.0175079
1.15475	-0.0151005
1.154875	-0.0102856
1.155	-0.015903
1.155125	-0.00386581
1.15525	-0.0118906
1.155375	-0.0199154
1.1555	-0.0359649
1.155625	-0.0207178
1.15575	-0.014298
1.155875	-0.0175079
1.156	-0.0183104
1.156125	-0.014298
1.15625	-0.0151005
1.156375	-0.0110881
1.1565	-0.00948316
1.156625	-0.0110881
1.15675	-0.0118906
1.156875	-0.0167055
1.157	-0.00948316
1.157125	-0.0078782
1.15725	-0.0215203
1.157375	-0.014298
1.1575	-0.0110881
1.157625	-0.0110881
1.15775	-0.0110881
1.157875	-0.0247302
1.158	0.000146578
1.158125	-0.00627325
1.15825	-0.00948316
1.158375	-0.00306333
1.1585	-0.00627325
1.158625	-0.0151005
1.15875	-0.0110881
1.158875	-0.0102856
1.159	-0.0078782
1.159125	-0.0175079
1.15925	-0.00145838
1.159375	-0.00707572
1.1595	-0.0110881
1.159625	-0.00627325
1.15975	-0.0102856
1.159875	-0.00627325
1.16	-0.0247302
1.160125	-0.00707572
1.16025	-0.0126931
1.160375	-0.00547077
1.1605	-0.0110881
1.160625	-0.0110881
1.16075	-0.00948316
1.160875	-0.00707572
1.161	-0.00627325
1.161125	-0.00948316
1.16125	-0.00627325
1.161375	-0.00466829
1.1615	-0.00226086
1.161625	-0.00627325
1.16175	-0.0078782
1.161875	-0.0151005
1.162	-0.00707572
1.162125	-0.00547077
1.16225	-0.00386581
1.162375	-0.0175079
1.1625	-0.0110881
1.162625	-0.00868068
1.16275	-0.0199154
1.162875	-0.0263352
1.163	-0.0078782
1.163125	-0.0118906
1.16325	-0.014298
1.163375	-0.0199154
1.1635	-0.0175079
1.163625	-0.00145838
1.16375	-0.0078782
1.163875	-0.0167055
1.164	-0.00948316
1.164125	-0.00868068
1.16425	-0.0078782
1.164375	-0.014298
1.1645	-0.0134955
1.164625	-0.0134955
1.16475	-0.0167055
1.164875	-0.0223228
1.165	-0.00868068
1.165125	-0.0175079
1.16525	-0.0006559
1.165375	-0.00868068
1.1655	-0.00306333
1.165625	-0.00466829
1.16575	-0.0078782
1.165875	-0.0102856
1.166	-0.00306333
1.166125	-0.0126931
1.16625	-0.00386581
1.166375	-0.014298
1.1665	0.00175153
1.166625	-0.015903
1.16675	-0.0175079
1.166875	-0.0102856
1.167	-0.00466829
1.167125	-0.00707572
1.16725	-0.00948316
1.167375	-0.0199154
1.1675	-0.0167055
1.167625	-0.0239278
1.16775	-0.0102856
1.167875	-0.0110881
1.168	-0.0102856
1.168125	-0.00627325
1.16825	-0.00948316
1.168375	-0.0078782
1.1685	-0.0126931
1.168625	-0.00707572
1.16875	-0.00386581
1.168875	-0.0110881
1.169	-0.0110881
1.169125	-0.00868068
1.16925	-0.00386581
1.169375	-0.0126931
1.1695	-0.0199154
1.169625	-0.00466829
1.16975	-0.00948316
1.169875	-0.00707572
1.17	-0.014298
1.170125	-0.00868068
1.17025	-0.00466829
1.170375	-0.0247302
1.1705	-0.0183104
1.170625	-0.0126931
1.17075	0.00415897
1.170875	-0.0175079
1.171	-0.00627325
1.171125	-0.00868068
1.17125	-0.0102856
1.171375	-0.00226086
1.1715	-0.00386581
1.171625	-0.0199154
1.17175	-0.014298
1.171875	-0.00627325
1.172	-0.0078782
1.172125	-0.0311501
1.17225	-0.00466829
1.172375	-0.00466829
1.1725	-0.0102856
1.172625	-0.00948316
1.17275	-0.00547077
1.172875	-0.0078782
1.173	-0.00306333
1.173125	-0.00948316
1.17325	-0.0110881
1.173375	-0.0126931
1.1735	0.00335649
1.173625	-0.00145838
1.17375	-0.0102856
1.173875	-0.0134955
1.174	-0.0199154
1.174125	-0.0110881
1.17425	-0.00547077
1.174375	-0.0134955
1.1745	-0.0006559
1.174625	-0.0078782
1.17475	-0.0191129
1.174875	-0.0239278
1.175	-0.0126931
1.175125	-0.0151005
1.17525	-0.0102856
1.175375	-0.00306333
1.1755	-0.0134955
1.175625	-0.0175079
1.17575	-0.0118906
1.175875	-0.00707572
1.176	-0.0167055
1.176125	-0.00386581
1.17625	-0.0151005
1.176375	-0.0006559
1.1765	-0.00466829
1.176625	-0.0191129
1.17675	-0.00386581
1.176875	-0.0110881
1.177	-0.0151005
1.177125	-0.00547077
1.17725	-0.00948316
1.177375	-0.0134955
1.1775	-0.0078782
1.177625	-0.00948316
1.17775	-0.00627325
1.177875	-0.00868068
1.178	-0.0118906
1.178125	-0.00547077
1.17825	-0.0215203
1.178375	-0.00868068
1.1785	-0.00306333
1.178625	-0.0134955
1.17875	-0.0215203
1.178875	-0.0231253
1.179	-0.015903
1.179125	-0.014298
1.17925	-0.00627325
1.179375	-0.00707572
1.1795	-0.0102856
1.179625	-0.0102856
1.17975	-0.0118906
1.179875	-0.00306333
1.18	-0.0175079
1.180125	-0.0110881
1.18025	-0.00466829
1.180375	-0.0175079
1.1805	-0.0118906
1.180625	-0.0006559
1.18075	-0.0102856
1.180875	-0.0102856
1.181	-0.0118906
1.181125	-0.0110881
1.18125	-0.00868068
1.181375	-0.00868068
1.1815	-0.0126931
1.181625	-0.0247302
1.18175	-0.0126931
1.181875	-0.0110881
1.182	-0.014298
1.182125	-0.0118906
1.18225	-0.00306333
1.182375	-0.0134955
1.1825	-0.00547077
1.182625	-0.0118906
1.18275	-0.00868068
1.182875	-0.00868068
1.183	-0.00707572
1.183125	-0.0175079
1.18325	-0.015903
1.183375	-0.00707572
1.1835	-0.032755
1.183625	-0.00386581
1.18375	-0.00948316
1.183875	-0.014298
1.184	-0.00707572
1.184125	-0.0102856
1.18425	-0.00948316
1.184375	-0.0151005
1.1845	-0.00707572
1.184625	-0.0175079
1.18475	-0.0231253
1.184875	-0.0247302
1.185	-0.0118906
1.185125	-0.0102856
1.18525	-0.0175079
1.185375	-0.0167055
1.1855	-0.0151005
1.185625	-0.00868068
1.18575	-0.0110881
1.185875	-0.0078782
1.186	-0.0134955
1.186125	-0.014298
1.18625	-0.014298
1.186375	-0.0167055
1.1865	-0.00707572
1.186625	-0.0102856
1.18675	-0.0151005
1.186875	-0.0199154
1.187	-0.00386581
1.187125	-0.014298
1.18725	-0.0118906
1.187375	-0.014298
1.1875	-0.0167055
1.187625	-0.0102856
1.18775	-0.0191129
1.187875	-0.00547077
1.188	-0.0118906
1.188125	-0.014298
1.18825	-0.0183104
1.188375	-0.00948316
1.1885	-0.00547077
1.188625	-0.0102856
1.18875	-0.00868068
1.188875	-0.0231253
1.189	-0.00868068
1.189125	-0.0118906
1.18925	-0.0134955
1.189375	-0.0078782
1.1895	-0.0134955
1.189625	-0.0239278
1.18975	-0.0102856
1.189875	-0.0191129
1.19	-0.0102856
1.190125	-0.014298
1.19025	-0.0102856
1.190375	-0.0167055
1.1905	-0.0134955
1.190625	-0.014298
1.19075	-0.00868068
1.190875	-0.00466829
1.191	-0.0183104
1.191125	-0.0151005
1.19125	-0.00627325
1.191375	-0.00948316
1.1915	-0.00948316
1.191625	-0.0151005
1.19175	-0.0151005
1.191875	-0.00306333
1.192	-0.00707572
1.192125	-0.00226086
1.19225	-0.0126931
1.192375	-0.0118906
1.1925	-0.0118906
1.192625	-0.00466829
1.19275	-0.00386581
1.192875	-0.00627325
1.193	-0.0078782
1.193125	-0.00868068
1.19325	-0.00466829
1.193375	-0.0102856
1.1935	-0.0110881
1.193625	0.00175153
1.19375	-0.0223228
1.193875	-0.0102856
1.194	-0.00948316
1.194125	-0.0078782
1.19425	-0.0102856
1.194375	-0.00466829
1.1945	-0.0118906
1.194625	-0.0151005
1.19475	-0.00547077
1.194875	-0.00386581
1.195	-0.00386581
1.195125	-0.0126931
1.19525	-0.00627325
1.195375	-0.0118906
1.1955	-0.00466829
1.195625	-0.00547077
1.19575	0.000949056
1.195875	-0.0134955
1.196	-0.0175079
1.196125	-0.00627325
1.19625	-0.0102856
1.196375	-0.0110881
1.1965	-0.0118906
1.196625	-0.0134955
1.19675	-0.00547077
1.196875	-0.00948316
1.197	-0.0151005
1.197125	-0.0110881
1.19725	-0.0102856
1.197375	-0.00707572
1.1975	-0.00948316
1.197625	-0.0151005
1.19775	-0.00466829
1.197875	-0.00226086
1.198	-0.0215203
1.198125	-0.014298
1.19825	-0.00466829
1.198375	-0.00627325
1.1985	-0.0102856
1.198625	-0.00707572
1.19875	-0.0151005
1.198875	-0.0126931
1.199	-0.00707572
1.199125	-0.0110881
1.19925	-0.0118906
1.199375	-0.0367674
1.1995	-0.0110881
1.199625	-0.00547077
1.19975	0.000949056
1.199875	-0.00868068
1.2	-0.0118906
1.200125	-0.0199154
1.20025	-0.0102856
1.200375	-0.00627325
1.2005	-0.00466829
1.200625	-0.00707572
1.20075	-0.0078782
1.200875	-0.0271377
1.201	-0.014298
1.201125	-0.0151005
1.20125	-0.0183104
1.201375	-0.00868068
1.2015	-0.0126931
1.201625	-0.00547077
1.20175	-0.0126931
1.201875	-0.014298
1.202	-0.0102856
1.202125	-0.014298
1.20225	-0.0295451
1.202375	-0.0126931
1.2025	-0.0191129
1.202625	0.000146578
1.20275	-0.0215203
1.202875	-0.0118906
1.203	-0.015903
1.203125	-0.00948316
1.20325	-0.015903
1.203375	-0.0199154
1.2035	-0.0207178
1.203625	-0.0175079
1.20375	-0.0239278
1.203875	-0.0151005
1.204	-0.0118906
1.204125	-0.0247302
1.20425	-0.014298
1.204375	-0.014298
1.2045	-0.00948316
1.204625	-0.00386581
1.20475	-0.00868068
1.204875	-0.014298
1.205	-0.015903
1.205125	-0.0215203
1.20525	-0.00868068
1.205375	-0.00707572
1.2055	-0.00868068
1.205625	-0.0151005
1.20575	-0.00707572
1.205875	-0.0126931
1.206	0.00255401
1.206125	-0.0167055
1.20625	-0.00466829
1.206375	-0.0287426
1.2065	-0.015903
1.206625	-0.0078782
1.20675	-0.00627325
1.206875	-0.00145838
1.207	-0.0102856
1.207125	-0.00547077
1.20725	-0.014298
1.207375	-0.00226086
1.2075	-0.0207178
1.207625	-0.00386581
1.20775	-0.0134955
1.207875	-0.0126931
1.208	-0.00868068
1.208125	-0.00868068
1.20825	-0.0118906
1.208375	-0.00868068
1.2085	-0.00386581
1.208625	-0.0118906
1.20875	-0.0183104
1.208875	-0.0118906
1.209	0.000949056
1.209125	-0.00868068
1.20925	-0.0102856
1.209375	-0.0102856
1.2095	-0.0102856
1.209625	-0.0151005
1.20975	-0.0151005
1.209875	-0.0110881
1.21	-0.0126931
1.210125	-0.0215203
1.21025	-0.0126931
1.210375	-0.00226086
1.2105	-0.0118906
1.210625	-0.0134955
1.21075	-0.0134955
1.210875	-0.0191129
1.211	-0.0191129
1.211125	-0.014298
1.21125	-0.0134955
1.211375	-0.015903
1.2115	-0.0126931
1.211625	-0.0223228
1.21175	-0.0078782
1.211875	-0.00948316
1.212	-0.0215203
1.212125	-0.0102856
1.21225	-0.0134955
1.212375	-0.0118906
1.2125	-0.0287426
1.212625	-0.00707572
1.21275	-0.0102856
1.212875	-0.0102856
1.213	-0.0191129
1.213125	-0.0102856
1.21325	-0.0078782
1.213375	-0.00466829
1.2135	-0.0134955
1.213625	-0.0151005
1.21375	-0.0183104
1.213875	-0.00466829
1.214	-0.0118906
1.214125	-0.00707572
1.21425	-0.00948316
1.214375	-0.015903
1.2145	-0.00707572
1.214625	-0.00627325
1.21475	-0.0231253
1.214875	-0.00948316
1.215	-0.0078782
1.215125	-0.0110881
1.21525	-0.0118906
1.215375	-0.00948316
1.2155	-0.0078782
1.215625	-0.00948316
1.21575	-0.0191129
1.215875	-0.0118906
1.216	-0.0134955
1.216125	-0.0078782
1.21625	-0.0110881
1.216375	-0.014298
1.2165	-0.0223228
1.216625	-0.0126931
1.21675	-0.0078782
1.216875	-0.00868068
1.217	-0.0102856
1.217125	-0.00868068
1.21725	-0.0118906
1.217375	-0.0110881
1.2175	-0.014298
1.217625	-0.0134955
1.21775	-0.0175079
1.217875	-0.0126931
1.218	-0.0078782
1.218125	-0.0191129
1.21825	-0.014298
1.218375	-0.00145838
1.2185	-0.0110881
1.218625	-0.0118906
1.21875	-0.0110881
1.218875	-0.00948316
1.219	-0.0215203
1.219125	-0.0102856
1.21925	-0.0151005
1.219375	-0.0215203
1.2195	-0.0175079
1.219625	-0.00547077
1.21975	-0.0110881
1.219875	-0.0191129
1.22	-0.0183104
1.220125	-0.00948316
1.22025	-0.0183104
1.220375	-0.0110881
1.2205	-0.00627325
1.220625	-0.00868068
1.22075	-0.00868068
1.220875	-0.0167055
1.221	-0.0102856
1.221125	0.00335649
1.22125	-0.0199154
1.221375	-0.0191129
1.2215	-0.00868068
1.221625	-0.0126931
1.22175	-0.015903
1.221875	-0.00868068
1.222	-0.00707572
